file,true,pred_top1,confidence,pred_top5,correct_top1,correct_top5
wheaten_terrier_107,wheaten_terrier,wheaten_terrier,0.63311446,"wheaten_terrier, havanese, scottish_terrier, great_pyrenees, english_cocker_spaniel",True,True
Russian_Blue_24,Russian_Blue,Russian_Blue,0.5258845,"Russian_Blue, British_Shorthair, Bombay, scottish_terrier, Egyptian_Mau",True,True
pug_81,pug,havanese,0.2806412,"havanese, great_pyrenees, scottish_terrier, japanese_chin, pug",False,True
boxer_144,boxer,basset_hound,0.76625437,"basset_hound, beagle, boxer, american_pit_bull_terrier, shiba_inu",False,True
British_Shorthair_154,British_Shorthair,Russian_Blue,0.69831455,"Russian_Blue, British_Shorthair, Sphynx, Bombay, Egyptian_Mau",False,True
pug_109,pug,pug,0.7866708,"pug, chihuahua, Sphynx, Bengal, american_bulldog",True,True
leonberger_127,leonberger,leonberger,0.86922294,"leonberger, keeshond, staffordshire_bull_terrier, boxer, newfoundland",True,True
Siamese_154,Siamese,Siamese,0.2813658,"Siamese, Ragdoll, Birman, Sphynx, chihuahua",True,True
keeshond_157,keeshond,keeshond,0.9454341,"keeshond, havanese, leonberger, scottish_terrier, japanese_chin",True,True
Ragdoll_224,Ragdoll,Ragdoll,0.43142253,"Ragdoll, Persian, shiba_inu, Abyssinian, Maine_Coon",True,True
boxer_79,boxer,miniature_pinscher,0.38533327,"miniature_pinscher, boxer, chihuahua, Abyssinian, shiba_inu",False,True
english_setter_97,english_setter,havanese,0.19117455,"havanese, great_pyrenees, english_cocker_spaniel, saint_bernard, wheaten_terrier",False,False
newfoundland_188,newfoundland,newfoundland,0.25889224,"newfoundland, english_cocker_spaniel, scottish_terrier, havanese, staffordshire_bull_terrier",True,True
american_pit_bull_terrier_32,american_pit_bull_terrier,boxer,0.17476934,"boxer, staffordshire_bull_terrier, english_cocker_spaniel, american_pit_bull_terrier, pug",False,True
Bengal_83,Bengal,Bengal,0.4010999,"Bengal, miniature_pinscher, boxer, Abyssinian, chihuahua",True,True
pomeranian_136,pomeranian,shiba_inu,0.5920401,"shiba_inu, pomeranian, chihuahua, american_pit_bull_terrier, beagle",False,True
Bengal_186,Bengal,Bengal,0.8418349,"Bengal, Maine_Coon, english_setter, american_pit_bull_terrier, chihuahua",True,True
Ragdoll_63,Ragdoll,Ragdoll,0.41538438,"Ragdoll, Birman, chihuahua, Siamese, pug",True,True
great_pyrenees_197,great_pyrenees,great_pyrenees,0.36605138,"great_pyrenees, havanese, japanese_chin, keeshond, pomeranian",True,True
Sphynx_87,Sphynx,american_pit_bull_terrier,0.1876177,"american_pit_bull_terrier, boxer, american_bulldog, beagle, basset_hound",False,False
yorkshire_terrier_169,yorkshire_terrier,shiba_inu,0.38839477,"shiba_inu, american_pit_bull_terrier, chihuahua, yorkshire_terrier, boxer",False,True
great_pyrenees_12,great_pyrenees,great_pyrenees,0.7640265,"great_pyrenees, samoyed, wheaten_terrier, american_pit_bull_terrier, american_bulldog",True,True
beagle_26,beagle,saint_bernard,0.52584034,"saint_bernard, japanese_chin, beagle, american_bulldog, american_pit_bull_terrier",False,True
english_cocker_spaniel_173,english_cocker_spaniel,english_setter,0.35319397,"english_setter, english_cocker_spaniel, american_pit_bull_terrier, wheaten_terrier, havanese",False,True
wheaten_terrier_45,wheaten_terrier,havanese,0.5211542,"havanese, wheaten_terrier, english_setter, english_cocker_spaniel, yorkshire_terrier",False,True
english_setter_193,english_setter,english_setter,0.5360817,"english_setter, english_cocker_spaniel, havanese, saint_bernard, american_pit_bull_terrier",True,True
beagle_197,beagle,saint_bernard,0.35298422,"saint_bernard, basset_hound, beagle, boxer, american_bulldog",False,True
japanese_chin_49,japanese_chin,japanese_chin,0.7456062,"japanese_chin, saint_bernard, american_bulldog, pug, english_setter",True,True
Bengal_85,Bengal,Bengal,0.44354925,"Bengal, american_pit_bull_terrier, chihuahua, miniature_pinscher, Maine_Coon",True,True
american_pit_bull_terrier_56,american_pit_bull_terrier,american_pit_bull_terrier,0.22249076,"american_pit_bull_terrier, beagle, shiba_inu, basset_hound, boxer",True,True
keeshond_5,keeshond,keeshond,0.9822871,"keeshond, Birman, leonberger, Ragdoll, Siamese",True,True
newfoundland_49,newfoundland,newfoundland,0.98882186,"newfoundland, scottish_terrier, leonberger, staffordshire_bull_terrier, english_cocker_spaniel",True,True
Bengal_65,Bengal,Bengal,0.99189925,"Bengal, Maine_Coon, Abyssinian, yorkshire_terrier, miniature_pinscher",True,True
Birman_74,Birman,Birman,0.48628744,"Birman, Ragdoll, Siamese, Persian, keeshond",True,True
Siamese_249,Siamese,Birman,0.67486084,"Birman, Siamese, Ragdoll, japanese_chin, keeshond",False,True
Maine_Coon_87,Maine_Coon,german_shorthaired,0.23005827,"german_shorthaired, english_cocker_spaniel, english_setter, havanese, Egyptian_Mau",False,False
english_cocker_spaniel_125,english_cocker_spaniel,wheaten_terrier,0.5200886,"wheaten_terrier, Maine_Coon, american_pit_bull_terrier, yorkshire_terrier, Persian",False,False
Abyssinian_158,Abyssinian,Abyssinian,0.21013825,"Abyssinian, Maine_Coon, Ragdoll, Persian, Sphynx",True,True
Birman_60,Birman,Birman,0.7394966,"Birman, Siamese, Ragdoll, keeshond, chihuahua",True,True
saint_bernard_93,saint_bernard,staffordshire_bull_terrier,0.41033164,"staffordshire_bull_terrier, boxer, saint_bernard, american_pit_bull_terrier, basset_hound",False,True
yorkshire_terrier_64,yorkshire_terrier,yorkshire_terrier,0.96930605,"yorkshire_terrier, leonberger, miniature_pinscher, scottish_terrier, english_cocker_spaniel",True,True
pomeranian_88,pomeranian,shiba_inu,0.6609857,"shiba_inu, pomeranian, beagle, american_pit_bull_terrier, chihuahua",False,True
japanese_chin_171,japanese_chin,japanese_chin,0.7332196,"japanese_chin, havanese, pomeranian, keeshond, Ragdoll",True,True
Ragdoll_138,Ragdoll,Birman,0.7059237,"Birman, Siamese, Ragdoll, japanese_chin, keeshond",False,True
Russian_Blue_156,Russian_Blue,Russian_Blue,0.53913236,"Russian_Blue, keeshond, British_Shorthair, Siamese, Bombay",True,True
Sphynx_76,Sphynx,Sphynx,0.7300331,"Sphynx, Abyssinian, chihuahua, Siamese, miniature_pinscher",True,True
Russian_Blue_119,Russian_Blue,german_shorthaired,0.67459196,"german_shorthaired, Bengal, boxer, american_pit_bull_terrier, Egyptian_Mau",False,False
Abyssinian_71,Abyssinian,miniature_pinscher,0.2955768,"miniature_pinscher, Abyssinian, Bengal, shiba_inu, boxer",False,True
Birman_5,Birman,Bengal,0.70447385,"Bengal, Maine_Coon, english_setter, yorkshire_terrier, Abyssinian",False,False
Birman_183,Birman,Birman,0.9032163,"Birman, Siamese, Ragdoll, keeshond, pomeranian",True,True
japanese_chin_74,japanese_chin,japanese_chin,0.98579234,"japanese_chin, saint_bernard, beagle, Ragdoll, Birman",True,True
Birman_90,Birman,Birman,0.5813315,"Birman, Siamese, Ragdoll, keeshond, chihuahua",True,True
shiba_inu_203,shiba_inu,beagle,0.31778368,"beagle, chihuahua, shiba_inu, american_pit_bull_terrier, boxer",False,True
Persian_261,Persian,Persian,0.23513204,"Persian, Ragdoll, Maine_Coon, pomeranian, japanese_chin",True,True
german_shorthaired_28,german_shorthaired,german_shorthaired,0.35179776,"german_shorthaired, staffordshire_bull_terrier, newfoundland, english_cocker_spaniel, boxer",True,True
British_Shorthair_175,British_Shorthair,Egyptian_Mau,0.53252476,"Egyptian_Mau, Russian_Blue, British_Shorthair, Bengal, Maine_Coon",False,True
Siamese_35,Siamese,Siamese,0.7363538,"Siamese, Birman, Ragdoll, Bombay, Sphynx",True,True
saint_bernard_138,saint_bernard,saint_bernard,0.8150772,"saint_bernard, basset_hound, beagle, japanese_chin, boxer",True,True
scottish_terrier_42,scottish_terrier,scottish_terrier,0.7488682,"scottish_terrier, newfoundland, german_shorthaired, staffordshire_bull_terrier, wheaten_terrier",True,True
american_pit_bull_terrier_65,american_pit_bull_terrier,chihuahua,0.14030342,"chihuahua, english_setter, pug, american_pit_bull_terrier, Maine_Coon",False,True
english_setter_111,english_setter,american_pit_bull_terrier,0.4763356,"american_pit_bull_terrier, american_bulldog, staffordshire_bull_terrier, german_shorthaired, British_Shorthair",False,False
japanese_chin_67,japanese_chin,japanese_chin,0.831215,"japanese_chin, saint_bernard, leonberger, english_cocker_spaniel, havanese",True,True
Birman_66,Birman,Siamese,0.3953802,"Siamese, chihuahua, Birman, Ragdoll, japanese_chin",False,True
leonberger_116,leonberger,leonberger,0.5018301,"leonberger, havanese, wheaten_terrier, yorkshire_terrier, english_cocker_spaniel",True,True
havanese_108,havanese,wheaten_terrier,0.818962,"wheaten_terrier, havanese, great_pyrenees, Persian, scottish_terrier",False,True
shiba_inu_57,shiba_inu,shiba_inu,0.71058106,"shiba_inu, pomeranian, chihuahua, american_pit_bull_terrier, beagle",True,True
yorkshire_terrier_18,yorkshire_terrier,leonberger,0.34936097,"leonberger, newfoundland, yorkshire_terrier, havanese, keeshond",False,True
wheaten_terrier_47,wheaten_terrier,wheaten_terrier,0.5940376,"wheaten_terrier, havanese, keeshond, Persian, english_setter",True,True
Bombay_105,Bombay,Bombay,0.86854595,"Bombay, scottish_terrier, Siamese, Russian_Blue, British_Shorthair",True,True
shiba_inu_13,shiba_inu,Abyssinian,0.28825325,"Abyssinian, Bengal, american_pit_bull_terrier, boxer, Maine_Coon",False,False
Egyptian_Mau_96,Egyptian_Mau,Egyptian_Mau,0.9743868,"Egyptian_Mau, Bengal, Maine_Coon, Sphynx, pug",True,True
keeshond_87,keeshond,Russian_Blue,0.2778499,"Russian_Blue, Bombay, Abyssinian, Siamese, Sphynx",False,False
yorkshire_terrier_1,yorkshire_terrier,pomeranian,0.2059609,"pomeranian, japanese_chin, havanese, chihuahua, yorkshire_terrier",False,True
english_cocker_spaniel_191,english_cocker_spaniel,wheaten_terrier,0.17725302,"wheaten_terrier, american_pit_bull_terrier, shiba_inu, pomeranian, chihuahua",False,False
British_Shorthair_57,British_Shorthair,British_Shorthair,0.6928587,"British_Shorthair, Russian_Blue, Abyssinian, Sphynx, Maine_Coon",True,True
great_pyrenees_39,great_pyrenees,american_bulldog,0.29877537,"american_bulldog, samoyed, great_pyrenees, american_pit_bull_terrier, chihuahua",False,True
leonberger_45,leonberger,newfoundland,0.3818619,"newfoundland, scottish_terrier, english_cocker_spaniel, havanese, staffordshire_bull_terrier",False,False
chihuahua_145,chihuahua,chihuahua,0.36667866,"chihuahua, american_pit_bull_terrier, pug, shiba_inu, american_bulldog",True,True
Birman_105,Birman,Birman,0.6865993,"Birman, Siamese, Ragdoll, japanese_chin, keeshond",True,True
japanese_chin_181,japanese_chin,japanese_chin,0.47799593,"japanese_chin, staffordshire_bull_terrier, leonberger, yorkshire_terrier, english_cocker_spaniel",True,True
Russian_Blue_179,Russian_Blue,Russian_Blue,0.80007416,"Russian_Blue, British_Shorthair, Sphynx, Abyssinian, Egyptian_Mau",True,True
basset_hound_95,basset_hound,american_pit_bull_terrier,0.25954038,"american_pit_bull_terrier, boxer, staffordshire_bull_terrier, miniature_pinscher, basset_hound",False,True
pug_147,pug,pug,0.9535012,"pug, american_bulldog, staffordshire_bull_terrier, chihuahua, american_pit_bull_terrier",True,True
boxer_18,boxer,american_bulldog,0.19234839,"american_bulldog, english_setter, great_pyrenees, saint_bernard, english_cocker_spaniel",False,False
miniature_pinscher_194,miniature_pinscher,chihuahua,0.2988377,"chihuahua, miniature_pinscher, Siamese, staffordshire_bull_terrier, pug",False,True
Maine_Coon_58,Maine_Coon,Maine_Coon,0.6805063,"Maine_Coon, Egyptian_Mau, english_setter, wheaten_terrier, Persian",True,True
Bombay_29,Bombay,Bombay,0.50491655,"Bombay, miniature_pinscher, boxer, Sphynx, Siamese",True,True
Ragdoll_260,Ragdoll,Ragdoll,0.28618857,"Ragdoll, samoyed, japanese_chin, Birman, american_bulldog",True,True
shiba_inu_106,shiba_inu,beagle,0.37991995,"beagle, shiba_inu, chihuahua, american_pit_bull_terrier, pomeranian",False,True
pomeranian_134,pomeranian,pomeranian,0.9183772,"pomeranian, shiba_inu, Ragdoll, chihuahua, japanese_chin",True,True
beagle_9,beagle,beagle,0.6429721,"beagle, saint_bernard, basset_hound, boxer, american_pit_bull_terrier",True,True
shiba_inu_118,shiba_inu,Egyptian_Mau,0.7075937,"Egyptian_Mau, german_shorthaired, wheaten_terrier, english_setter, shiba_inu",False,True
newfoundland_176,newfoundland,newfoundland,0.5305237,"newfoundland, wheaten_terrier, Persian, scottish_terrier, great_pyrenees",True,True
samoyed_38,samoyed,samoyed,0.29599568,"samoyed, pomeranian, Ragdoll, great_pyrenees, shiba_inu",True,True
leonberger_125,leonberger,leonberger,0.8829898,"leonberger, pomeranian, keeshond, wheaten_terrier, newfoundland",True,True
Persian_107,Persian,keeshond,0.3393746,"keeshond, Ragdoll, Maine_Coon, Persian, havanese",False,True
samoyed_120,samoyed,samoyed,0.46338665,"samoyed, great_pyrenees, Persian, Ragdoll, wheaten_terrier",True,True
great_pyrenees_31,great_pyrenees,great_pyrenees,0.5316286,"great_pyrenees, havanese, wheaten_terrier, english_setter, english_cocker_spaniel",True,True
wheaten_terrier_144,wheaten_terrier,wheaten_terrier,0.45446196,"wheaten_terrier, scottish_terrier, yorkshire_terrier, english_cocker_spaniel, havanese",True,True
newfoundland_167,newfoundland,boxer,0.12262907,"boxer, german_shorthaired, newfoundland, english_cocker_spaniel, american_pit_bull_terrier",False,True
miniature_pinscher_90,miniature_pinscher,miniature_pinscher,0.307659,"miniature_pinscher, Abyssinian, chihuahua, boxer, Sphynx",True,True
saint_bernard_90,saint_bernard,saint_bernard,0.506593,"saint_bernard, american_bulldog, great_pyrenees, american_pit_bull_terrier, japanese_chin",True,True
scottish_terrier_104,scottish_terrier,Bombay,0.1406661,"Bombay, Siamese, scottish_terrier, chihuahua, Sphynx",False,True
japanese_chin_17,japanese_chin,japanese_chin,0.6441382,"japanese_chin, saint_bernard, english_cocker_spaniel, english_setter, american_bulldog",True,True
Persian_62,Persian,Maine_Coon,0.60604113,"Maine_Coon, Persian, wheaten_terrier, Bengal, Abyssinian",False,True
english_setter_120,english_setter,great_pyrenees,0.51618576,"great_pyrenees, samoyed, British_Shorthair, wheaten_terrier, american_bulldog",False,False
english_cocker_spaniel_81,english_cocker_spaniel,english_setter,0.4782611,"english_setter, english_cocker_spaniel, german_shorthaired, wheaten_terrier, american_pit_bull_terrier",False,True
Siamese_167,Siamese,Siamese,0.49154565,"Siamese, chihuahua, miniature_pinscher, Sphynx, Birman",True,True
samoyed_4,samoyed,samoyed,0.8634426,"samoyed, pomeranian, Persian, Ragdoll, Birman",True,True
boxer_59,boxer,american_bulldog,0.8341006,"american_bulldog, american_pit_bull_terrier, saint_bernard, staffordshire_bull_terrier, beagle",False,False
keeshond_68,keeshond,Persian,0.3449337,"Persian, Maine_Coon, keeshond, Ragdoll, scottish_terrier",False,True
chihuahua_198,chihuahua,american_bulldog,0.611287,"american_bulldog, american_pit_bull_terrier, chihuahua, beagle, Sphynx",False,True
japanese_chin_139,japanese_chin,japanese_chin,0.786743,"japanese_chin, havanese, saint_bernard, english_setter, pug",True,True
chihuahua_21,chihuahua,Maine_Coon,0.3321698,"Maine_Coon, Ragdoll, Persian, Abyssinian, shiba_inu",False,False
newfoundland_80,newfoundland,newfoundland,0.8360028,"newfoundland, leonberger, english_cocker_spaniel, scottish_terrier, staffordshire_bull_terrier",True,True
Bengal_46,Bengal,Bengal,0.9583699,"Bengal, Abyssinian, Maine_Coon, miniature_pinscher, Egyptian_Mau",True,True
beagle_81,beagle,saint_bernard,0.55290216,"saint_bernard, beagle, american_bulldog, american_pit_bull_terrier, basset_hound",False,True
shiba_inu_206,shiba_inu,shiba_inu,0.42880398,"shiba_inu, american_pit_bull_terrier, pomeranian, beagle, chihuahua",True,True
miniature_pinscher_49,miniature_pinscher,chihuahua,0.45133543,"chihuahua, shiba_inu, Sphynx, Abyssinian, miniature_pinscher",False,True
Sphynx_80,Sphynx,Sphynx,0.7947328,"Sphynx, Abyssinian, Siamese, Russian_Blue, chihuahua",True,True
samoyed_23,samoyed,samoyed,0.87494785,"samoyed, great_pyrenees, pomeranian, Persian, Ragdoll",True,True
samoyed_148,samoyed,samoyed,0.563993,"samoyed, great_pyrenees, american_bulldog, japanese_chin, pomeranian",True,True
yorkshire_terrier_82,yorkshire_terrier,yorkshire_terrier,0.9236246,"yorkshire_terrier, leonberger, havanese, keeshond, chihuahua",True,True
wheaten_terrier_198,wheaten_terrier,havanese,0.36582243,"havanese, wheaten_terrier, Persian, Maine_Coon, english_setter",False,True
boxer_178,boxer,pug,0.22196881,"pug, boxer, american_pit_bull_terrier, staffordshire_bull_terrier, english_cocker_spaniel",False,True
english_cocker_spaniel_49,english_cocker_spaniel,english_cocker_spaniel,0.28727087,"english_cocker_spaniel, english_setter, german_shorthaired, saint_bernard, basset_hound",True,True
yorkshire_terrier_86,yorkshire_terrier,yorkshire_terrier,0.47735476,"yorkshire_terrier, wheaten_terrier, havanese, english_cocker_spaniel, english_setter",True,True
pomeranian_77,pomeranian,pomeranian,0.6035316,"pomeranian, shiba_inu, great_pyrenees, samoyed, american_pit_bull_terrier",True,True
english_setter_70,english_setter,saint_bernard,0.6311222,"saint_bernard, basset_hound, boxer, german_shorthaired, beagle",False,False
Egyptian_Mau_18,Egyptian_Mau,Bengal,0.3287274,"Bengal, Egyptian_Mau, Maine_Coon, chihuahua, american_pit_bull_terrier",False,True
english_cocker_spaniel_17,english_cocker_spaniel,english_setter,0.7209761,"english_setter, english_cocker_spaniel, wheaten_terrier, yorkshire_terrier, german_shorthaired",False,True
Bombay_61,Bombay,Bombay,0.90781224,"Bombay, scottish_terrier, newfoundland, staffordshire_bull_terrier, Siamese",True,True
Ragdoll_261,Ragdoll,Ragdoll,0.5796679,"Ragdoll, Birman, Siamese, pomeranian, japanese_chin",True,True
scottish_terrier_107,scottish_terrier,wheaten_terrier,0.72904736,"wheaten_terrier, scottish_terrier, Persian, great_pyrenees, havanese",False,True
pomeranian_175,pomeranian,pomeranian,0.5434294,"pomeranian, yorkshire_terrier, leonberger, english_cocker_spaniel, wheaten_terrier",True,True
american_pit_bull_terrier_166,american_pit_bull_terrier,german_shorthaired,0.6787017,"german_shorthaired, english_setter, english_cocker_spaniel, pug, staffordshire_bull_terrier",False,False
Bombay_114,Bombay,Bengal,0.19069704,"Bengal, Egyptian_Mau, Maine_Coon, Abyssinian, Sphynx",False,False
havanese_7,havanese,havanese,0.61016315,"havanese, wheaten_terrier, scottish_terrier, keeshond, Persian",True,True
beagle_65,beagle,beagle,0.55888563,"beagle, shiba_inu, chihuahua, basset_hound, american_pit_bull_terrier",True,True
Bombay_154,Bombay,Bombay,0.9706214,"Bombay, Siamese, scottish_terrier, Russian_Blue, miniature_pinscher",True,True
Abyssinian_182,Abyssinian,Abyssinian,0.47533545,"Abyssinian, Maine_Coon, Bengal, Persian, Sphynx",True,True
staffordshire_bull_terrier_61,staffordshire_bull_terrier,german_shorthaired,0.66727525,"german_shorthaired, staffordshire_bull_terrier, scottish_terrier, english_cocker_spaniel, Egyptian_Mau",False,True
beagle_112,beagle,pug,0.28702006,"pug, boxer, chihuahua, beagle, american_pit_bull_terrier",False,True
saint_bernard_28,saint_bernard,saint_bernard,0.5211892,"saint_bernard, japanese_chin, beagle, american_bulldog, american_pit_bull_terrier",True,True
Maine_Coon_16,Maine_Coon,english_setter,0.67264676,"english_setter, english_cocker_spaniel, german_shorthaired, Bengal, american_pit_bull_terrier",False,False
havanese_61,havanese,havanese,0.53964245,"havanese, english_setter, english_cocker_spaniel, japanese_chin, wheaten_terrier",True,True
beagle_192,beagle,beagle,0.38312766,"beagle, basset_hound, boxer, chihuahua, miniature_pinscher",True,True
samoyed_133,samoyed,samoyed,0.38230157,"samoyed, pomeranian, great_pyrenees, Ragdoll, Persian",True,True
saint_bernard_59,saint_bernard,american_pit_bull_terrier,0.21967505,"american_pit_bull_terrier, american_bulldog, saint_bernard, great_pyrenees, beagle",False,True
Abyssinian_22,Abyssinian,Abyssinian,0.92395115,"Abyssinian, Maine_Coon, Bengal, miniature_pinscher, american_pit_bull_terrier",True,True
Bombay_33,Bombay,Siamese,0.41688284,"Siamese, Ragdoll, Birman, Bombay, Russian_Blue",False,True
american_pit_bull_terrier_97,american_pit_bull_terrier,boxer,0.22945468,"boxer, american_pit_bull_terrier, miniature_pinscher, chihuahua, shiba_inu",False,True
english_setter_137,english_setter,english_cocker_spaniel,0.6733568,"english_cocker_spaniel, english_setter, havanese, pug, staffordshire_bull_terrier",False,True
miniature_pinscher_132,miniature_pinscher,miniature_pinscher,0.47396314,"miniature_pinscher, boxer, basset_hound, chihuahua, beagle",True,True
Ragdoll_161,Ragdoll,Ragdoll,0.65475744,"Ragdoll, Birman, chihuahua, pug, samoyed",True,True
staffordshire_bull_terrier_98,staffordshire_bull_terrier,staffordshire_bull_terrier,0.16488078,"staffordshire_bull_terrier, chihuahua, miniature_pinscher, american_pit_bull_terrier, Siamese",True,True
pomeranian_97,pomeranian,samoyed,0.5493923,"samoyed, great_pyrenees, wheaten_terrier, British_Shorthair, shiba_inu",False,False
chihuahua_188,chihuahua,chihuahua,0.30006975,"chihuahua, Sphynx, american_pit_bull_terrier, beagle, american_bulldog",True,True
miniature_pinscher_120,miniature_pinscher,miniature_pinscher,0.28595224,"miniature_pinscher, boxer, Bengal, german_shorthaired, basset_hound",True,True
pug_104,pug,pug,0.79727614,"pug, american_bulldog, american_pit_bull_terrier, chihuahua, beagle",True,True
japanese_chin_141,japanese_chin,saint_bernard,0.35713577,"saint_bernard, japanese_chin, american_bulldog, american_pit_bull_terrier, beagle",False,True
Russian_Blue_68,Russian_Blue,Russian_Blue,0.53093183,"Russian_Blue, British_Shorthair, Bombay, keeshond, Siamese",True,True
german_shorthaired_85,german_shorthaired,german_shorthaired,0.66484374,"german_shorthaired, basset_hound, staffordshire_bull_terrier, boxer, english_cocker_spaniel",True,True
wheaten_terrier_166,wheaten_terrier,wheaten_terrier,0.49562016,"wheaten_terrier, Persian, havanese, Maine_Coon, english_cocker_spaniel",True,True
beagle_51,beagle,beagle,0.4520939,"beagle, american_pit_bull_terrier, basset_hound, boxer, chihuahua",True,True
english_cocker_spaniel_151,english_cocker_spaniel,chihuahua,0.2115136,"chihuahua, yorkshire_terrier, english_cocker_spaniel, Bengal, english_setter",False,True
miniature_pinscher_48,miniature_pinscher,miniature_pinscher,0.50205606,"miniature_pinscher, staffordshire_bull_terrier, boxer, leonberger, american_pit_bull_terrier",True,True
havanese_145,havanese,scottish_terrier,0.55234,"scottish_terrier, newfoundland, english_cocker_spaniel, havanese, Bombay",False,True
american_pit_bull_terrier_142,american_pit_bull_terrier,great_pyrenees,0.25552344,"great_pyrenees, pomeranian, american_pit_bull_terrier, shiba_inu, samoyed",False,True
Ragdoll_81,Ragdoll,Ragdoll,0.49195743,"Ragdoll, Birman, Siamese, Persian, pomeranian",True,True
yorkshire_terrier_150,yorkshire_terrier,american_pit_bull_terrier,0.26050383,"american_pit_bull_terrier, wheaten_terrier, shiba_inu, chihuahua, pomeranian",False,False
havanese_164,havanese,scottish_terrier,0.2909197,"scottish_terrier, newfoundland, wheaten_terrier, german_shorthaired, american_pit_bull_terrier",False,False
samoyed_186,samoyed,great_pyrenees,0.4093057,"great_pyrenees, samoyed, english_setter, american_bulldog, japanese_chin",False,True
scottish_terrier_155,scottish_terrier,german_shorthaired,0.35209563,"german_shorthaired, english_cocker_spaniel, Egyptian_Mau, scottish_terrier, Bengal",False,True
Siamese_194,Siamese,Ragdoll,0.45943466,"Ragdoll, Birman, Siamese, Sphynx, samoyed",False,True
beagle_39,beagle,beagle,0.5583564,"beagle, basset_hound, saint_bernard, boxer, american_pit_bull_terrier",True,True
havanese_63,havanese,havanese,0.83682567,"havanese, wheaten_terrier, scottish_terrier, great_pyrenees, english_setter",True,True
Siamese_100,Siamese,Birman,0.48742002,"Birman, Siamese, Ragdoll, chihuahua, keeshond",False,True
staffordshire_bull_terrier_144,staffordshire_bull_terrier,staffordshire_bull_terrier,0.7087317,"staffordshire_bull_terrier, american_pit_bull_terrier, american_bulldog, german_shorthaired, chihuahua",True,True
Bengal_152,Bengal,Egyptian_Mau,0.37291306,"Egyptian_Mau, Bengal, Maine_Coon, Abyssinian, english_setter",False,True
Ragdoll_101,Ragdoll,samoyed,0.31569698,"samoyed, pomeranian, Ragdoll, Birman, Persian",False,True
german_shorthaired_37,german_shorthaired,german_shorthaired,0.26997185,"german_shorthaired, boxer, american_bulldog, staffordshire_bull_terrier, american_pit_bull_terrier",True,True
pomeranian_37,pomeranian,american_pit_bull_terrier,0.3433728,"american_pit_bull_terrier, shiba_inu, beagle, pomeranian, chihuahua",False,True
saint_bernard_190,saint_bernard,american_bulldog,0.6408804,"american_bulldog, staffordshire_bull_terrier, american_pit_bull_terrier, pug, great_pyrenees",False,False
havanese_100,havanese,wheaten_terrier,0.2788873,"wheaten_terrier, english_cocker_spaniel, havanese, english_setter, great_pyrenees",False,True
german_shorthaired_67,german_shorthaired,german_shorthaired,0.25001267,"german_shorthaired, staffordshire_bull_terrier, american_pit_bull_terrier, english_cocker_spaniel, boxer",True,True
Persian_95,Persian,Persian,0.51213527,"Persian, Ragdoll, Maine_Coon, samoyed, keeshond",True,True
staffordshire_bull_terrier_57,staffordshire_bull_terrier,scottish_terrier,0.35375524,"scottish_terrier, Bombay, pug, Egyptian_Mau, havanese",False,False
boxer_19,boxer,staffordshire_bull_terrier,0.40907523,"staffordshire_bull_terrier, boxer, german_shorthaired, american_pit_bull_terrier, Bombay",False,True
german_shorthaired_31,german_shorthaired,german_shorthaired,0.6245977,"german_shorthaired, american_pit_bull_terrier, staffordshire_bull_terrier, boxer, basset_hound",True,True
Bengal_62,Bengal,Bengal,0.21643306,"Bengal, shiba_inu, wheaten_terrier, german_shorthaired, english_cocker_spaniel",True,True
Bombay_176,Bombay,Bombay,0.987318,"Bombay, scottish_terrier, Siamese, miniature_pinscher, newfoundland",True,True
Maine_Coon_205,Maine_Coon,Maine_Coon,0.67440873,"Maine_Coon, Persian, wheaten_terrier, yorkshire_terrier, Bengal",True,True
yorkshire_terrier_69,yorkshire_terrier,yorkshire_terrier,0.9145694,"yorkshire_terrier, english_cocker_spaniel, Maine_Coon, leonberger, Bengal",True,True
pug_3,pug,pug,0.8352212,"pug, american_bulldog, japanese_chin, Ragdoll, saint_bernard",True,True
chihuahua_55,chihuahua,miniature_pinscher,0.7948611,"miniature_pinscher, chihuahua, boxer, shiba_inu, american_pit_bull_terrier",False,True
german_shorthaired_167,german_shorthaired,boxer,0.4633729,"boxer, basset_hound, german_shorthaired, beagle, american_pit_bull_terrier",False,True
pomeranian_109,pomeranian,pomeranian,0.4777635,"pomeranian, samoyed, great_pyrenees, Ragdoll, Birman",True,True
shiba_inu_132,shiba_inu,shiba_inu,0.4682947,"shiba_inu, chihuahua, Sphynx, Abyssinian, beagle",True,True
Ragdoll_57,Ragdoll,Ragdoll,0.28835753,"Ragdoll, chihuahua, Sphynx, shiba_inu, Birman",True,True
pug_74,pug,miniature_pinscher,0.5921439,"miniature_pinscher, boxer, beagle, staffordshire_bull_terrier, basset_hound",False,False
shiba_inu_198,shiba_inu,pomeranian,0.20844936,"pomeranian, shiba_inu, chihuahua, japanese_chin, beagle",False,True
British_Shorthair_278,British_Shorthair,British_Shorthair,0.6869147,"British_Shorthair, Russian_Blue, Bombay, Siamese, Ragdoll",True,True
miniature_pinscher_180,miniature_pinscher,Sphynx,0.2077836,"Sphynx, american_pit_bull_terrier, miniature_pinscher, Abyssinian, chihuahua",False,True
Russian_Blue_116,Russian_Blue,British_Shorthair,0.5171041,"British_Shorthair, Russian_Blue, keeshond, Ragdoll, Siamese",False,True
Persian_172,Persian,Maine_Coon,0.4043962,"Maine_Coon, Bengal, Ragdoll, Egyptian_Mau, chihuahua",False,False
shiba_inu_134,shiba_inu,shiba_inu,0.9751408,"shiba_inu, beagle, pomeranian, chihuahua, miniature_pinscher",True,True
american_pit_bull_terrier_187,american_pit_bull_terrier,german_shorthaired,0.39516363,"german_shorthaired, pug, boxer, staffordshire_bull_terrier, english_cocker_spaniel",False,False
pomeranian_25,pomeranian,samoyed,0.54710174,"samoyed, great_pyrenees, Ragdoll, pomeranian, Persian",False,True
Bengal_151,Bengal,Bengal,0.5472469,"Bengal, Egyptian_Mau, Maine_Coon, english_setter, german_shorthaired",True,True
Ragdoll_164,Ragdoll,Ragdoll,0.3999241,"Ragdoll, Persian, Maine_Coon, Sphynx, samoyed",True,True
newfoundland_196,newfoundland,keeshond,0.17814614,"keeshond, newfoundland, leonberger, scottish_terrier, Bombay",False,True
Egyptian_Mau_111,Egyptian_Mau,Maine_Coon,0.39606443,"Maine_Coon, Egyptian_Mau, Persian, Abyssinian, Ragdoll",False,True
japanese_chin_4,japanese_chin,japanese_chin,0.72688663,"japanese_chin, saint_bernard, havanese, english_cocker_spaniel, english_setter",True,True
keeshond_23,keeshond,keeshond,0.9995283,"keeshond, Birman, leonberger, Siamese, Ragdoll",True,True
leonberger_30,leonberger,wheaten_terrier,0.42618215,"wheaten_terrier, havanese, english_cocker_spaniel, newfoundland, leonberger",False,True
leonberger_91,leonberger,leonberger,0.3581485,"leonberger, newfoundland, yorkshire_terrier, english_cocker_spaniel, boxer",True,True
Abyssinian_87,Abyssinian,Abyssinian,0.8963496,"Abyssinian, British_Shorthair, Russian_Blue, Maine_Coon, Sphynx",True,True
american_bulldog_32,american_bulldog,Sphynx,0.6098094,"Sphynx, chihuahua, american_pit_bull_terrier, american_bulldog, beagle",False,True
scottish_terrier_62,scottish_terrier,scottish_terrier,0.33905417,"scottish_terrier, english_cocker_spaniel, havanese, german_shorthaired, pug",True,True
english_setter_172,english_setter,english_setter,0.48736617,"english_setter, wheaten_terrier, english_cocker_spaniel, american_pit_bull_terrier, Maine_Coon",True,True
newfoundland_172,newfoundland,scottish_terrier,0.374479,"scottish_terrier, newfoundland, english_cocker_spaniel, yorkshire_terrier, Bombay",False,True
american_bulldog_167,american_bulldog,Sphynx,0.43177092,"Sphynx, chihuahua, Abyssinian, Bombay, Russian_Blue",False,False
beagle_184,beagle,miniature_pinscher,0.5168373,"miniature_pinscher, chihuahua, Bombay, boxer, Abyssinian",False,False
Persian_49,Persian,Persian,0.5491906,"Persian, Maine_Coon, Ragdoll, pomeranian, japanese_chin",True,True
leonberger_86,leonberger,yorkshire_terrier,0.6251706,"yorkshire_terrier, english_cocker_spaniel, Maine_Coon, leonberger, wheaten_terrier",False,True
japanese_chin_18,japanese_chin,japanese_chin,0.20326726,"japanese_chin, Ragdoll, Siamese, Maine_Coon, Persian",True,True
Sphynx_141,Sphynx,Sphynx,0.5221136,"Sphynx, Siamese, chihuahua, Bombay, Russian_Blue",True,True
wheaten_terrier_115,wheaten_terrier,wheaten_terrier,0.5467518,"wheaten_terrier, Maine_Coon, Persian, havanese, english_setter",True,True
boxer_93,boxer,pug,0.23013923,"pug, boxer, beagle, american_bulldog, basset_hound",False,True
samoyed_126,samoyed,american_bulldog,0.28072268,"american_bulldog, american_pit_bull_terrier, chihuahua, beagle, saint_bernard",False,False
Russian_Blue_106,Russian_Blue,British_Shorthair,0.6539048,"British_Shorthair, Russian_Blue, Abyssinian, american_pit_bull_terrier, american_bulldog",False,True
Ragdoll_42,Ragdoll,Ragdoll,0.7280649,"Ragdoll, Birman, Siamese, keeshond, Persian",True,True
Russian_Blue_170,Russian_Blue,Russian_Blue,0.64053494,"Russian_Blue, British_Shorthair, staffordshire_bull_terrier, scottish_terrier, german_shorthaired",True,True
newfoundland_82,newfoundland,newfoundland,0.6431957,"newfoundland, scottish_terrier, english_cocker_spaniel, yorkshire_terrier, Bombay",True,True
chihuahua_137,chihuahua,chihuahua,0.24631703,"chihuahua, american_bulldog, pug, Ragdoll, american_pit_bull_terrier",True,True
boxer_196,boxer,boxer,0.7754795,"boxer, basset_hound, leonberger, miniature_pinscher, english_cocker_spaniel",True,True
Persian_68,Persian,Persian,0.5480404,"Persian, wheaten_terrier, Maine_Coon, pomeranian, havanese",True,True
american_bulldog_96,american_bulldog,staffordshire_bull_terrier,0.3161967,"staffordshire_bull_terrier, american_pit_bull_terrier, american_bulldog, boxer, chihuahua",False,True
British_Shorthair_149,British_Shorthair,British_Shorthair,0.25173286,"British_Shorthair, Ragdoll, samoyed, great_pyrenees, keeshond",True,True
saint_bernard_46,saint_bernard,japanese_chin,0.9691111,"japanese_chin, saint_bernard, english_setter, Ragdoll, leonberger",False,True
Bombay_100,Bombay,Bombay,0.94876844,"Bombay, scottish_terrier, Siamese, miniature_pinscher, Abyssinian",True,True
shiba_inu_147,shiba_inu,Sphynx,0.39596403,"Sphynx, chihuahua, shiba_inu, american_pit_bull_terrier, Abyssinian",False,True
pomeranian_101,pomeranian,pomeranian,0.9666082,"pomeranian, shiba_inu, Birman, leonberger, japanese_chin",True,True
scottish_terrier_185,scottish_terrier,havanese,0.34201103,"havanese, great_pyrenees, Persian, wheaten_terrier, Ragdoll",False,False
Abyssinian_210,Abyssinian,Abyssinian,0.60552126,"Abyssinian, Maine_Coon, Bengal, Persian, shiba_inu",True,True
havanese_28,havanese,havanese,0.62328017,"havanese, english_setter, english_cocker_spaniel, leonberger, yorkshire_terrier",True,True
shiba_inu_156,shiba_inu,japanese_chin,0.63598865,"japanese_chin, pomeranian, saint_bernard, Ragdoll, shiba_inu",False,True
staffordshire_bull_terrier_183,staffordshire_bull_terrier,scottish_terrier,0.37060472,"scottish_terrier, staffordshire_bull_terrier, Bombay, newfoundland, german_shorthaired",False,True
samoyed_87,samoyed,samoyed,0.39546245,"samoyed, pomeranian, japanese_chin, Ragdoll, great_pyrenees",True,True
newfoundland_100,newfoundland,newfoundland,0.85434884,"newfoundland, scottish_terrier, leonberger, english_cocker_spaniel, staffordshire_bull_terrier",True,True
scottish_terrier_129,scottish_terrier,newfoundland,0.564635,"newfoundland, Bombay, Persian, scottish_terrier, Maine_Coon",False,True
leonberger_179,leonberger,leonberger,0.84561414,"leonberger, keeshond, yorkshire_terrier, havanese, pomeranian",True,True
Sphynx_31,Sphynx,shiba_inu,0.34219313,"shiba_inu, chihuahua, american_pit_bull_terrier, pomeranian, Abyssinian",False,False
pomeranian_166,pomeranian,pomeranian,0.3935175,"pomeranian, Ragdoll, Persian, Birman, shiba_inu",True,True
basset_hound_158,basset_hound,basset_hound,0.3962446,"basset_hound, beagle, saint_bernard, boxer, american_bulldog",True,True
american_bulldog_79,american_bulldog,great_pyrenees,0.5694031,"great_pyrenees, american_bulldog, samoyed, american_pit_bull_terrier, pug",False,True
Persian_100,Persian,Persian,0.24512275,"Persian, Abyssinian, Maine_Coon, Ragdoll, Sphynx",True,True
american_bulldog_201,american_bulldog,american_bulldog,0.39385116,"american_bulldog, chihuahua, american_pit_bull_terrier, Sphynx, pug",True,True
leonberger_80,leonberger,yorkshire_terrier,0.21995153,"yorkshire_terrier, Abyssinian, american_pit_bull_terrier, miniature_pinscher, chihuahua",False,False
shiba_inu_52,shiba_inu,shiba_inu,0.3235117,"shiba_inu, american_pit_bull_terrier, pomeranian, great_pyrenees, chihuahua",True,True
basset_hound_92,basset_hound,basset_hound,0.31777892,"basset_hound, beagle, saint_bernard, american_pit_bull_terrier, boxer",True,True
staffordshire_bull_terrier_44,staffordshire_bull_terrier,basset_hound,0.55842113,"basset_hound, beagle, boxer, saint_bernard, american_pit_bull_terrier",False,False
miniature_pinscher_191,miniature_pinscher,miniature_pinscher,0.29275885,"miniature_pinscher, Sphynx, chihuahua, shiba_inu, american_pit_bull_terrier",True,True
samoyed_62,samoyed,great_pyrenees,0.63527256,"great_pyrenees, samoyed, pomeranian, Ragdoll, Persian",False,True
pomeranian_9,pomeranian,leonberger,0.42069006,"leonberger, shiba_inu, miniature_pinscher, pomeranian, yorkshire_terrier",False,True
japanese_chin_165,japanese_chin,japanese_chin,0.80915684,"japanese_chin, saint_bernard, american_bulldog, Ragdoll, beagle",True,True
boxer_100,boxer,boxer,0.45987734,"boxer, basset_hound, beagle, miniature_pinscher, saint_bernard",True,True
german_shorthaired_63,german_shorthaired,german_shorthaired,0.43355706,"german_shorthaired, english_setter, english_cocker_spaniel, pug, wheaten_terrier",True,True
japanese_chin_152,japanese_chin,american_bulldog,0.25971594,"american_bulldog, beagle, american_pit_bull_terrier, chihuahua, saint_bernard",False,False
japanese_chin_91,japanese_chin,japanese_chin,0.47964376,"japanese_chin, saint_bernard, american_bulldog, american_pit_bull_terrier, Ragdoll",True,True
english_cocker_spaniel_118,english_cocker_spaniel,boxer,0.33485624,"boxer, miniature_pinscher, basset_hound, english_cocker_spaniel, yorkshire_terrier",False,True
Bombay_110,Bombay,Bombay,0.80475885,"Bombay, Siamese, miniature_pinscher, scottish_terrier, boxer",True,True
samoyed_89,samoyed,samoyed,0.896666,"samoyed, great_pyrenees, pomeranian, Persian, Ragdoll",True,True
pug_93,pug,Ragdoll,0.39254048,"Ragdoll, chihuahua, Siamese, pug, Sphynx",False,True
scottish_terrier_69,scottish_terrier,scottish_terrier,0.33925277,"scottish_terrier, staffordshire_bull_terrier, newfoundland, leonberger, english_cocker_spaniel",True,True
Siamese_64,Siamese,chihuahua,0.5683496,"chihuahua, Siamese, beagle, miniature_pinscher, Birman",False,True
wheaten_terrier_140,wheaten_terrier,wheaten_terrier,0.6265703,"wheaten_terrier, leonberger, english_cocker_spaniel, newfoundland, havanese",True,True
american_pit_bull_terrier_95,american_pit_bull_terrier,american_bulldog,0.2950149,"american_bulldog, chihuahua, beagle, american_pit_bull_terrier, Sphynx",False,True
Abyssinian_80,Abyssinian,Abyssinian,0.80578595,"Abyssinian, Sphynx, Maine_Coon, chihuahua, Ragdoll",True,True
pug_181,pug,chihuahua,0.58385223,"chihuahua, american_pit_bull_terrier, shiba_inu, pug, american_bulldog",False,True
shiba_inu_178,shiba_inu,american_pit_bull_terrier,0.291942,"american_pit_bull_terrier, shiba_inu, boxer, leonberger, beagle",False,True
english_setter_41,english_setter,english_setter,0.41089413,"english_setter, english_cocker_spaniel, german_shorthaired, havanese, yorkshire_terrier",True,True
Siamese_160,Siamese,Siamese,0.5557869,"Siamese, Birman, Ragdoll, chihuahua, Sphynx",True,True
British_Shorthair_270,British_Shorthair,Russian_Blue,0.49283028,"Russian_Blue, British_Shorthair, keeshond, Bombay, staffordshire_bull_terrier",False,True
Egyptian_Mau_95,Egyptian_Mau,Egyptian_Mau,0.6929002,"Egyptian_Mau, Maine_Coon, Sphynx, Bengal, Abyssinian",True,True
Siamese_113,Siamese,Siamese,0.5424308,"Siamese, Birman, Ragdoll, keeshond, chihuahua",True,True
japanese_chin_1,japanese_chin,japanese_chin,0.47091842,"japanese_chin, pomeranian, Ragdoll, yorkshire_terrier, Maine_Coon",True,True
havanese_53,havanese,havanese,0.70081514,"havanese, english_cocker_spaniel, english_setter, japanese_chin, yorkshire_terrier",True,True
chihuahua_45,chihuahua,beagle,0.28323182,"beagle, american_pit_bull_terrier, shiba_inu, chihuahua, american_bulldog",False,True
english_cocker_spaniel_47,english_cocker_spaniel,english_cocker_spaniel,0.52884007,"english_cocker_spaniel, havanese, english_setter, leonberger, japanese_chin",True,True
miniature_pinscher_153,miniature_pinscher,miniature_pinscher,0.19094978,"miniature_pinscher, chihuahua, Abyssinian, staffordshire_bull_terrier, Siamese",True,True
beagle_1,beagle,beagle,0.30767155,"beagle, basset_hound, boxer, chihuahua, miniature_pinscher",True,True
wheaten_terrier_3,wheaten_terrier,Persian,0.58806956,"Persian, pomeranian, havanese, Ragdoll, great_pyrenees",False,False
american_pit_bull_terrier_23,american_pit_bull_terrier,american_pit_bull_terrier,0.41519693,"american_pit_bull_terrier, beagle, boxer, basset_hound, shiba_inu",True,True
saint_bernard_163,saint_bernard,american_bulldog,0.18770888,"american_bulldog, beagle, saint_bernard, english_setter, pug",False,True
Ragdoll_181,Ragdoll,american_pit_bull_terrier,0.09652882,"american_pit_bull_terrier, Ragdoll, boxer, Maine_Coon, Abyssinian",False,True
Birman_155,Birman,Ragdoll,0.57258713,"Ragdoll, Sphynx, Birman, Siamese, chihuahua",False,True
Birman_185,Birman,Birman,0.43697077,"Birman, Ragdoll, Siamese, pomeranian, Maine_Coon",True,True
chihuahua_11,chihuahua,Ragdoll,0.5922693,"Ragdoll, Birman, pomeranian, samoyed, Siamese",False,False
Bombay_188,Bombay,Abyssinian,0.12878095,"Abyssinian, Persian, Maine_Coon, British_Shorthair, scottish_terrier",False,False
saint_bernard_39,saint_bernard,saint_bernard,0.9413884,"saint_bernard, american_bulldog, american_pit_bull_terrier, japanese_chin, basset_hound",True,True
american_bulldog_110,american_bulldog,great_pyrenees,0.42847422,"great_pyrenees, wheaten_terrier, havanese, american_pit_bull_terrier, english_setter",False,False
boxer_72,boxer,english_cocker_spaniel,0.2853218,"english_cocker_spaniel, english_setter, basset_hound, boxer, Bengal",False,True
pug_134,pug,pug,0.77183086,"pug, american_bulldog, american_pit_bull_terrier, staffordshire_bull_terrier, boxer",True,True
Egyptian_Mau_44,Egyptian_Mau,Egyptian_Mau,0.631422,"Egyptian_Mau, german_shorthaired, english_setter, Bengal, shiba_inu",True,True
keeshond_150,keeshond,keeshond,0.9679436,"keeshond, havanese, leonberger, Birman, Ragdoll",True,True
miniature_pinscher_83,miniature_pinscher,miniature_pinscher,0.19213617,"miniature_pinscher, basset_hound, staffordshire_bull_terrier, boxer, german_shorthaired",True,True
newfoundland_24,newfoundland,Bombay,0.28848234,"Bombay, miniature_pinscher, scottish_terrier, boxer, german_shorthaired",False,False
american_pit_bull_terrier_54,american_pit_bull_terrier,american_pit_bull_terrier,0.32240444,"american_pit_bull_terrier, Bengal, german_shorthaired, boxer, staffordshire_bull_terrier",True,True
scottish_terrier_127,scottish_terrier,scottish_terrier,0.5859359,"scottish_terrier, english_cocker_spaniel, havanese, pug, yorkshire_terrier",True,True
Siamese_126,Siamese,Ragdoll,0.41079575,"Ragdoll, Birman, Siamese, japanese_chin, chihuahua",False,True
Ragdoll_172,Ragdoll,Ragdoll,0.3294051,"Ragdoll, pomeranian, Birman, chihuahua, Persian",True,True
chihuahua_199,chihuahua,Sphynx,0.31208625,"Sphynx, chihuahua, american_pit_bull_terrier, american_bulldog, beagle",False,True
chihuahua_181,chihuahua,beagle,0.52991354,"beagle, boxer, basset_hound, american_bulldog, saint_bernard",False,False
Egyptian_Mau_171,Egyptian_Mau,Egyptian_Mau,0.83078414,"Egyptian_Mau, english_setter, Maine_Coon, Bengal, wheaten_terrier",True,True
basset_hound_73,basset_hound,boxer,0.17580508,"boxer, beagle, chihuahua, american_pit_bull_terrier, basset_hound",False,True
leonberger_55,leonberger,english_cocker_spaniel,0.28065646,"english_cocker_spaniel, wheaten_terrier, english_setter, leonberger, havanese",False,True
saint_bernard_4,saint_bernard,saint_bernard,0.7057604,"saint_bernard, basset_hound, japanese_chin, boxer, beagle",True,True
shiba_inu_136,shiba_inu,shiba_inu,0.47426867,"shiba_inu, chihuahua, american_pit_bull_terrier, pomeranian, yorkshire_terrier",True,True
scottish_terrier_18,scottish_terrier,staffordshire_bull_terrier,0.43732613,"staffordshire_bull_terrier, german_shorthaired, miniature_pinscher, american_pit_bull_terrier, scottish_terrier",False,True
great_pyrenees_96,great_pyrenees,great_pyrenees,0.8568305,"great_pyrenees, samoyed, havanese, pomeranian, wheaten_terrier",True,True
Sphynx_33,Sphynx,Sphynx,0.3301202,"Sphynx, Bombay, Abyssinian, Russian_Blue, miniature_pinscher",True,True
havanese_177,havanese,great_pyrenees,0.32948077,"great_pyrenees, samoyed, wheaten_terrier, Persian, scottish_terrier",False,False
english_setter_188,english_setter,great_pyrenees,0.5222704,"great_pyrenees, american_bulldog, english_setter, samoyed, english_cocker_spaniel",False,True
Siamese_180,Siamese,samoyed,0.1405806,"samoyed, British_Shorthair, Ragdoll, Abyssinian, Maine_Coon",False,False
havanese_45,havanese,havanese,0.42345536,"havanese, english_setter, english_cocker_spaniel, pug, japanese_chin",True,True
samoyed_197,samoyed,samoyed,0.80475503,"samoyed, great_pyrenees, Ragdoll, pomeranian, american_bulldog",True,True
wheaten_terrier_13,wheaten_terrier,wheaten_terrier,0.46955523,"wheaten_terrier, havanese, english_cocker_spaniel, leonberger, english_setter",True,True
Maine_Coon_70,Maine_Coon,yorkshire_terrier,0.4586672,"yorkshire_terrier, Bengal, Maine_Coon, chihuahua, english_setter",False,True
scottish_terrier_124,scottish_terrier,scottish_terrier,0.14892143,"scottish_terrier, leonberger, yorkshire_terrier, boxer, staffordshire_bull_terrier",True,True
basset_hound_171,basset_hound,boxer,0.42631385,"boxer, basset_hound, beagle, miniature_pinscher, american_pit_bull_terrier",False,True
Abyssinian_191,Abyssinian,Russian_Blue,0.30535492,"Russian_Blue, Egyptian_Mau, British_Shorthair, Sphynx, chihuahua",False,False
Sphynx_89,Sphynx,Sphynx,0.7939328,"Sphynx, Abyssinian, Russian_Blue, chihuahua, British_Shorthair",True,True
german_shorthaired_29,german_shorthaired,staffordshire_bull_terrier,0.17070165,"staffordshire_bull_terrier, english_cocker_spaniel, leonberger, german_shorthaired, newfoundland",False,True
Maine_Coon_144,Maine_Coon,Abyssinian,0.48971057,"Abyssinian, Bengal, Maine_Coon, Sphynx, Egyptian_Mau",False,True
Birman_153,Birman,Birman,0.49635434,"Birman, Ragdoll, Siamese, keeshond, chihuahua",True,True
shiba_inu_50,shiba_inu,shiba_inu,0.49946865,"shiba_inu, chihuahua, Sphynx, pomeranian, beagle",True,True
havanese_39,havanese,havanese,0.69792426,"havanese, wheaten_terrier, great_pyrenees, english_setter, english_cocker_spaniel",True,True
newfoundland_51,newfoundland,newfoundland,0.8641381,"newfoundland, english_cocker_spaniel, scottish_terrier, staffordshire_bull_terrier, leonberger",True,True
Persian_213,Persian,Persian,0.8979816,"Persian, Maine_Coon, Ragdoll, Abyssinian, wheaten_terrier",True,True
Abyssinian_212,Abyssinian,Sphynx,0.15936813,"Sphynx, Russian_Blue, Abyssinian, chihuahua, Siamese",False,True
wheaten_terrier_185,wheaten_terrier,wheaten_terrier,0.6624422,"wheaten_terrier, leonberger, Persian, havanese, yorkshire_terrier",True,True
english_cocker_spaniel_112,english_cocker_spaniel,english_cocker_spaniel,0.51600564,"english_cocker_spaniel, english_setter, yorkshire_terrier, havanese, japanese_chin",True,True
american_pit_bull_terrier_192,american_pit_bull_terrier,japanese_chin,0.43150494,"japanese_chin, chihuahua, pug, saint_bernard, Siamese",False,False
yorkshire_terrier_33,yorkshire_terrier,yorkshire_terrier,0.89203805,"yorkshire_terrier, leonberger, english_cocker_spaniel, Maine_Coon, havanese",True,True
Maine_Coon_57,Maine_Coon,Maine_Coon,0.6834034,"Maine_Coon, Bengal, Ragdoll, Persian, english_setter",True,True
basset_hound_177,basset_hound,boxer,0.5459795,"boxer, basset_hound, beagle, american_pit_bull_terrier, miniature_pinscher",False,True
Sphynx_153,Sphynx,american_bulldog,0.2775661,"american_bulldog, american_pit_bull_terrier, staffordshire_bull_terrier, chihuahua, Russian_Blue",False,False
pug_25,pug,pug,0.76143414,"pug, havanese, english_cocker_spaniel, english_setter, american_bulldog",True,True
great_pyrenees_129,great_pyrenees,great_pyrenees,0.5615088,"great_pyrenees, samoyed, pomeranian, japanese_chin, havanese",True,True
Persian_114,Persian,Maine_Coon,0.6433393,"Maine_Coon, Bengal, Abyssinian, Persian, yorkshire_terrier",False,True
British_Shorthair_164,British_Shorthair,Persian,0.30934837,"Persian, Ragdoll, British_Shorthair, samoyed, Maine_Coon",False,True
Sphynx_167,Sphynx,Sphynx,0.41486177,"Sphynx, Abyssinian, american_pit_bull_terrier, beagle, chihuahua",True,True
Egyptian_Mau_41,Egyptian_Mau,Egyptian_Mau,0.92190367,"Egyptian_Mau, Bengal, german_shorthaired, pug, english_setter",True,True
german_shorthaired_117,german_shorthaired,leonberger,0.26994914,"leonberger, english_cocker_spaniel, staffordshire_bull_terrier, newfoundland, scottish_terrier",False,False
japanese_chin_166,japanese_chin,japanese_chin,0.551832,"japanese_chin, chihuahua, Siamese, Ragdoll, beagle",True,True
miniature_pinscher_13,miniature_pinscher,miniature_pinscher,0.33529133,"miniature_pinscher, boxer, chihuahua, american_pit_bull_terrier, staffordshire_bull_terrier",True,True
german_shorthaired_77,german_shorthaired,german_shorthaired,0.37230864,"german_shorthaired, Bombay, miniature_pinscher, boxer, Bengal",True,True
leonberger_9,leonberger,leonberger,0.84184617,"leonberger, english_cocker_spaniel, american_pit_bull_terrier, basset_hound, japanese_chin",True,True
beagle_143,beagle,shiba_inu,0.4785791,"shiba_inu, pomeranian, beagle, american_pit_bull_terrier, chihuahua",False,True
japanese_chin_57,japanese_chin,japanese_chin,0.7629434,"japanese_chin, Birman, Siamese, saint_bernard, pomeranian",True,True
pomeranian_122,pomeranian,Persian,0.22695412,"Persian, pomeranian, Ragdoll, great_pyrenees, samoyed",False,True
great_pyrenees_69,great_pyrenees,samoyed,0.6377224,"samoyed, great_pyrenees, Ragdoll, american_bulldog, pomeranian",False,True
chihuahua_49,chihuahua,Ragdoll,0.22591558,"Ragdoll, Persian, pomeranian, great_pyrenees, chihuahua",False,True
Egyptian_Mau_88,Egyptian_Mau,Egyptian_Mau,0.818512,"Egyptian_Mau, Maine_Coon, Abyssinian, Bengal, Persian",True,True
scottish_terrier_183,scottish_terrier,newfoundland,0.6758448,"newfoundland, scottish_terrier, english_cocker_spaniel, wheaten_terrier, Bombay",False,True
german_shorthaired_157,german_shorthaired,german_shorthaired,0.6650923,"german_shorthaired, american_pit_bull_terrier, staffordshire_bull_terrier, english_cocker_spaniel, boxer",True,True
american_pit_bull_terrier_9,american_pit_bull_terrier,american_bulldog,0.20165691,"american_bulldog, pug, Egyptian_Mau, Sphynx, chihuahua",False,False
Sphynx_156,Sphynx,boxer,0.3794854,"boxer, basset_hound, miniature_pinscher, american_pit_bull_terrier, beagle",False,False
japanese_chin_94,japanese_chin,saint_bernard,0.4419681,"saint_bernard, japanese_chin, beagle, american_bulldog, american_pit_bull_terrier",False,True
leonberger_11,leonberger,miniature_pinscher,0.4128861,"miniature_pinscher, Abyssinian, german_shorthaired, staffordshire_bull_terrier, Bengal",False,False
keeshond_101,keeshond,keeshond,0.85179806,"keeshond, leonberger, Ragdoll, havanese, Siamese",True,True
chihuahua_71,chihuahua,chihuahua,0.59172165,"chihuahua, yorkshire_terrier, beagle, shiba_inu, japanese_chin",True,True
Russian_Blue_28,Russian_Blue,german_shorthaired,0.16777283,"german_shorthaired, staffordshire_bull_terrier, american_pit_bull_terrier, boxer, miniature_pinscher",False,False
keeshond_36,keeshond,keeshond,0.9134714,"keeshond, havanese, leonberger, japanese_chin, scottish_terrier",True,True
yorkshire_terrier_21,yorkshire_terrier,yorkshire_terrier,0.93722385,"yorkshire_terrier, english_cocker_spaniel, english_setter, leonberger, chihuahua",True,True
havanese_35,havanese,english_setter,0.49904257,"english_setter, havanese, pug, english_cocker_spaniel, wheaten_terrier",False,True
keeshond_111,keeshond,keeshond,0.94979537,"keeshond, leonberger, yorkshire_terrier, havanese, scottish_terrier",True,True
german_shorthaired_158,german_shorthaired,german_shorthaired,0.15663719,"german_shorthaired, Bengal, american_pit_bull_terrier, boxer, staffordshire_bull_terrier",True,True
Siamese_59,Siamese,Siamese,0.16911697,"Siamese, scottish_terrier, Bombay, Birman, Ragdoll",True,True
boxer_108,boxer,boxer,0.5178173,"boxer, basset_hound, english_cocker_spaniel, american_pit_bull_terrier, miniature_pinscher",True,True
great_pyrenees_159,great_pyrenees,great_pyrenees,0.83592135,"great_pyrenees, havanese, english_setter, samoyed, american_bulldog",True,True
american_bulldog_61,american_bulldog,american_bulldog,0.6607057,"american_bulldog, american_pit_bull_terrier, saint_bernard, beagle, basset_hound",True,True
yorkshire_terrier_5,yorkshire_terrier,yorkshire_terrier,0.23846139,"yorkshire_terrier, scottish_terrier, english_cocker_spaniel, newfoundland, leonberger",True,True
american_bulldog_60,american_bulldog,american_bulldog,0.45098957,"american_bulldog, chihuahua, american_pit_bull_terrier, beagle, pug",True,True
Abyssinian_3,Abyssinian,Abyssinian,0.6583353,"Abyssinian, Bengal, miniature_pinscher, Maine_Coon, Sphynx",True,True
Ragdoll_37,Ragdoll,Ragdoll,0.7034807,"Ragdoll, Birman, Persian, pomeranian, Maine_Coon",True,True
american_bulldog_65,american_bulldog,saint_bernard,0.2759443,"saint_bernard, staffordshire_bull_terrier, boxer, basset_hound, beagle",False,False
newfoundland_74,newfoundland,pug,0.22165036,"pug, scottish_terrier, Egyptian_Mau, english_cocker_spaniel, german_shorthaired",False,False
great_pyrenees_164,great_pyrenees,great_pyrenees,0.8420061,"great_pyrenees, havanese, samoyed, wheaten_terrier, american_bulldog",True,True
Bombay_173,Bombay,Bombay,0.90851474,"Bombay, Siamese, scottish_terrier, Russian_Blue, miniature_pinscher",True,True
staffordshire_bull_terrier_170,staffordshire_bull_terrier,boxer,0.33383554,"boxer, english_cocker_spaniel, american_pit_bull_terrier, basset_hound, staffordshire_bull_terrier",False,True
beagle_56,beagle,japanese_chin,0.41762167,"japanese_chin, saint_bernard, pomeranian, english_setter, english_cocker_spaniel",False,False
scottish_terrier_172,scottish_terrier,Bombay,0.819499,"Bombay, scottish_terrier, newfoundland, miniature_pinscher, boxer",False,True
chihuahua_123,chihuahua,chihuahua,0.24395896,"chihuahua, Ragdoll, Sphynx, Abyssinian, shiba_inu",True,True
scottish_terrier_153,scottish_terrier,wheaten_terrier,0.25902456,"wheaten_terrier, scottish_terrier, newfoundland, english_cocker_spaniel, Bengal",False,True
wheaten_terrier_127,wheaten_terrier,keeshond,0.32165387,"keeshond, havanese, wheaten_terrier, Maine_Coon, scottish_terrier",False,True
Bombay_123,Bombay,Bombay,0.5940881,"Bombay, scottish_terrier, newfoundland, keeshond, Siamese",True,True
Birman_7,Birman,Birman,0.70797193,"Birman, Siamese, Ragdoll, keeshond, pomeranian",True,True
great_pyrenees_79,great_pyrenees,pomeranian,0.7740939,"pomeranian, great_pyrenees, samoyed, Persian, wheaten_terrier",False,True
samoyed_83,samoyed,samoyed,0.45598522,"samoyed, Persian, British_Shorthair, great_pyrenees, wheaten_terrier",True,True
samoyed_125,samoyed,samoyed,0.4947615,"samoyed, pomeranian, Ragdoll, great_pyrenees, Birman",True,True
Birman_175,Birman,Ragdoll,0.6719664,"Ragdoll, Maine_Coon, Birman, Persian, Siamese",False,True
german_shorthaired_140,german_shorthaired,staffordshire_bull_terrier,0.5422144,"staffordshire_bull_terrier, american_pit_bull_terrier, german_shorthaired, boxer, newfoundland",False,True
leonberger_196,leonberger,english_cocker_spaniel,0.46760765,"english_cocker_spaniel, leonberger, wheaten_terrier, havanese, yorkshire_terrier",False,True
keeshond_58,keeshond,keeshond,0.56548256,"keeshond, pug, havanese, Ragdoll, japanese_chin",True,True
scottish_terrier_97,scottish_terrier,german_shorthaired,0.38402766,"german_shorthaired, scottish_terrier, staffordshire_bull_terrier, english_cocker_spaniel, newfoundland",False,True
pomeranian_169,pomeranian,pomeranian,0.6195937,"pomeranian, Persian, chihuahua, shiba_inu, Ragdoll",True,True
Sphynx_202,Sphynx,Sphynx,0.40843093,"Sphynx, chihuahua, miniature_pinscher, Abyssinian, Siamese",True,True
saint_bernard_57,saint_bernard,basset_hound,0.52876145,"basset_hound, beagle, saint_bernard, boxer, american_pit_bull_terrier",False,True
Siamese_143,Siamese,Siamese,0.4069184,"Siamese, chihuahua, Sphynx, Birman, Ragdoll",True,True
British_Shorthair_120,British_Shorthair,British_Shorthair,0.19505943,"British_Shorthair, Maine_Coon, Russian_Blue, Egyptian_Mau, Abyssinian",True,True
Abyssinian_175,Abyssinian,Abyssinian,0.81339484,"Abyssinian, Maine_Coon, Bengal, Sphynx, Bombay",True,True
great_pyrenees_55,great_pyrenees,great_pyrenees,0.51714647,"great_pyrenees, samoyed, wheaten_terrier, havanese, english_cocker_spaniel",True,True
Sphynx_98,Sphynx,Sphynx,0.5109277,"Sphynx, chihuahua, Siamese, miniature_pinscher, Russian_Blue",True,True
pug_133,pug,american_bulldog,0.13667072,"american_bulldog, american_pit_bull_terrier, pug, Russian_Blue, Sphynx",False,True
Bombay_97,Bombay,Bombay,0.69800067,"Bombay, Russian_Blue, British_Shorthair, Abyssinian, Siamese",True,True
pomeranian_115,pomeranian,pomeranian,0.8657816,"pomeranian, shiba_inu, Ragdoll, Birman, leonberger",True,True
wheaten_terrier_31,wheaten_terrier,wheaten_terrier,0.36938432,"wheaten_terrier, great_pyrenees, samoyed, pomeranian, english_cocker_spaniel",True,True
great_pyrenees_160,great_pyrenees,great_pyrenees,0.8594733,"great_pyrenees, havanese, wheaten_terrier, english_setter, samoyed",True,True
Birman_62,Birman,pomeranian,0.16107763,"pomeranian, beagle, Ragdoll, japanese_chin, chihuahua",False,False
Birman_73,Birman,Birman,0.45952964,"Birman, Ragdoll, Siamese, pomeranian, chihuahua",True,True
shiba_inu_33,shiba_inu,Sphynx,0.27129164,"Sphynx, pomeranian, shiba_inu, Ragdoll, Persian",False,True
german_shorthaired_133,german_shorthaired,english_cocker_spaniel,0.2833302,"english_cocker_spaniel, german_shorthaired, english_setter, staffordshire_bull_terrier, boxer",False,True
shiba_inu_119,shiba_inu,shiba_inu,0.62895226,"shiba_inu, pomeranian, beagle, chihuahua, american_pit_bull_terrier",True,True
scottish_terrier_177,scottish_terrier,scottish_terrier,0.62789077,"scottish_terrier, newfoundland, english_cocker_spaniel, yorkshire_terrier, havanese",True,True
keeshond_59,keeshond,keeshond,0.50681835,"keeshond, leonberger, havanese, english_setter, pug",True,True
keeshond_173,keeshond,keeshond,0.9894159,"keeshond, leonberger, Persian, scottish_terrier, havanese",True,True
samoyed_41,samoyed,samoyed,0.688244,"samoyed, Ragdoll, great_pyrenees, Persian, pomeranian",True,True
Persian_115,Persian,wheaten_terrier,0.8464182,"wheaten_terrier, Persian, havanese, Maine_Coon, scottish_terrier",False,True
basset_hound_48,basset_hound,basset_hound,0.60203004,"basset_hound, beagle, boxer, american_pit_bull_terrier, saint_bernard",True,True
Sphynx_159,Sphynx,chihuahua,0.7798252,"chihuahua, Sphynx, Abyssinian, american_pit_bull_terrier, shiba_inu",False,True
leonberger_120,leonberger,leonberger,0.35768268,"leonberger, boxer, yorkshire_terrier, miniature_pinscher, american_pit_bull_terrier",True,True
Ragdoll_177,Ragdoll,Ragdoll,0.44967422,"Ragdoll, samoyed, Birman, pomeranian, Persian",True,True
Abyssinian_29,Abyssinian,Abyssinian,0.50521857,"Abyssinian, Sphynx, Ragdoll, shiba_inu, chihuahua",True,True
Egyptian_Mau_47,Egyptian_Mau,Egyptian_Mau,0.16282353,"Egyptian_Mau, Sphynx, Maine_Coon, Abyssinian, Bengal",True,True
Bombay_202,Bombay,Abyssinian,0.33024782,"Abyssinian, Bombay, keeshond, leonberger, yorkshire_terrier",False,True
boxer_109,boxer,beagle,0.21440865,"beagle, boxer, basset_hound, american_pit_bull_terrier, american_bulldog",False,True
boxer_184,boxer,boxer,0.4261138,"boxer, miniature_pinscher, staffordshire_bull_terrier, american_pit_bull_terrier, basset_hound",True,True
japanese_chin_118,japanese_chin,saint_bernard,0.29458532,"saint_bernard, japanese_chin, beagle, pomeranian, american_pit_bull_terrier",False,True
pug_101,pug,pug,0.7643351,"pug, american_bulldog, american_pit_bull_terrier, chihuahua, boxer",True,True
Ragdoll_165,Ragdoll,Ragdoll,0.28030467,"Ragdoll, samoyed, Persian, British_Shorthair, Birman",True,True
basset_hound_81,basset_hound,japanese_chin,0.48339084,"japanese_chin, saint_bernard, beagle, basset_hound, chihuahua",False,True
german_shorthaired_44,german_shorthaired,chihuahua,0.24705848,"chihuahua, Bengal, pug, miniature_pinscher, Maine_Coon",False,False
samoyed_31,samoyed,samoyed,0.30304277,"samoyed, Ragdoll, pomeranian, Birman, japanese_chin",True,True
Birman_160,Birman,Birman,0.45142347,"Birman, Ragdoll, japanese_chin, pomeranian, keeshond",True,True
Maine_Coon_60,Maine_Coon,Maine_Coon,0.6665745,"Maine_Coon, Abyssinian, Bengal, Persian, shiba_inu",True,True
shiba_inu_9,shiba_inu,chihuahua,0.46380386,"chihuahua, shiba_inu, beagle, pomeranian, Ragdoll",False,True
samoyed_73,samoyed,samoyed,0.25807753,"samoyed, great_pyrenees, american_bulldog, american_pit_bull_terrier, Sphynx",True,True
american_bulldog_40,american_bulldog,great_pyrenees,0.49332166,"great_pyrenees, american_bulldog, american_pit_bull_terrier, saint_bernard, samoyed",False,True
chihuahua_164,chihuahua,Sphynx,0.41038695,"Sphynx, chihuahua, Siamese, american_bulldog, miniature_pinscher",False,True
english_setter_103,english_setter,english_setter,0.42759115,"english_setter, english_cocker_spaniel, yorkshire_terrier, american_pit_bull_terrier, havanese",True,True
pug_35,pug,pug,0.3191917,"pug, american_bulldog, staffordshire_bull_terrier, english_setter, american_pit_bull_terrier",True,True
english_setter_143,english_setter,havanese,0.46231237,"havanese, english_cocker_spaniel, english_setter, wheaten_terrier, scottish_terrier",False,True
beagle_168,beagle,beagle,0.45408404,"beagle, american_pit_bull_terrier, basset_hound, chihuahua, boxer",True,True
Egyptian_Mau_51,Egyptian_Mau,Russian_Blue,0.5079108,"Russian_Blue, British_Shorthair, Sphynx, Egyptian_Mau, Abyssinian",False,True
yorkshire_terrier_84,yorkshire_terrier,yorkshire_terrier,0.76089925,"yorkshire_terrier, leonberger, wheaten_terrier, english_cocker_spaniel, havanese",True,True
newfoundland_98,newfoundland,newfoundland,0.19528876,"newfoundland, Russian_Blue, British_Shorthair, wheaten_terrier, staffordshire_bull_terrier",True,True
havanese_154,havanese,pomeranian,0.4736922,"pomeranian, wheaten_terrier, Persian, havanese, Maine_Coon",False,True
beagle_107,beagle,beagle,0.74721557,"beagle, basset_hound, saint_bernard, american_pit_bull_terrier, boxer",True,True
yorkshire_terrier_92,yorkshire_terrier,newfoundland,0.24639027,"newfoundland, yorkshire_terrier, leonberger, english_cocker_spaniel, scottish_terrier",False,True
pomeranian_174,pomeranian,keeshond,0.49310613,"keeshond, Bombay, Russian_Blue, British_Shorthair, Siamese",False,False
pug_56,pug,pug,0.47171152,"pug, american_bulldog, english_setter, staffordshire_bull_terrier, havanese",True,True
staffordshire_bull_terrier_112,staffordshire_bull_terrier,chihuahua,0.30045316,"chihuahua, shiba_inu, american_pit_bull_terrier, Sphynx, Abyssinian",False,False
staffordshire_bull_terrier_60,staffordshire_bull_terrier,boxer,0.15499358,"boxer, basset_hound, american_pit_bull_terrier, beagle, saint_bernard",False,False
great_pyrenees_115,great_pyrenees,samoyed,0.6531588,"samoyed, great_pyrenees, american_bulldog, pomeranian, american_pit_bull_terrier",False,True
Bengal_128,Bengal,Bengal,0.98059356,"Bengal, Maine_Coon, Abyssinian, Egyptian_Mau, miniature_pinscher",True,True
chihuahua_113,chihuahua,chihuahua,0.19554172,"chihuahua, Siamese, scottish_terrier, staffordshire_bull_terrier, Bombay",True,True
great_pyrenees_141,great_pyrenees,great_pyrenees,0.18565461,"great_pyrenees, american_bulldog, japanese_chin, saint_bernard, american_pit_bull_terrier",True,True
Egyptian_Mau_4,Egyptian_Mau,Egyptian_Mau,0.5784815,"Egyptian_Mau, Bengal, Maine_Coon, Abyssinian, english_setter",True,True
pomeranian_162,pomeranian,pomeranian,0.9310373,"pomeranian, shiba_inu, great_pyrenees, samoyed, american_pit_bull_terrier",True,True
great_pyrenees_173,great_pyrenees,great_pyrenees,0.8082133,"great_pyrenees, samoyed, havanese, american_bulldog, english_setter",True,True
shiba_inu_125,shiba_inu,shiba_inu,0.67094266,"shiba_inu, chihuahua, Sphynx, Ragdoll, pomeranian",True,True
german_shorthaired_80,german_shorthaired,english_cocker_spaniel,0.35127288,"english_cocker_spaniel, basset_hound, english_setter, german_shorthaired, boxer",False,True
Persian_61,Persian,Persian,0.525446,"Persian, Ragdoll, Maine_Coon, Abyssinian, Sphynx",True,True
great_pyrenees_70,great_pyrenees,great_pyrenees,0.8266479,"great_pyrenees, samoyed, wheaten_terrier, British_Shorthair, havanese",True,True
beagle_64,beagle,beagle,0.65802747,"beagle, basset_hound, saint_bernard, american_pit_bull_terrier, american_bulldog",True,True
Birman_6,Birman,Birman,0.49724966,"Birman, Ragdoll, Siamese, japanese_chin, chihuahua",True,True
Bombay_86,Bombay,Bombay,0.90949863,"Bombay, Russian_Blue, Siamese, scottish_terrier, British_Shorthair",True,True
samoyed_49,samoyed,samoyed,0.78552574,"samoyed, great_pyrenees, pomeranian, american_bulldog, Ragdoll",True,True
leonberger_60,leonberger,staffordshire_bull_terrier,0.14461073,"staffordshire_bull_terrier, american_pit_bull_terrier, boxer, leonberger, pug",False,True
shiba_inu_137,shiba_inu,Maine_Coon,0.32866508,"Maine_Coon, Bengal, Abyssinian, scottish_terrier, Persian",False,False
english_setter_200,english_setter,american_bulldog,0.22077991,"american_bulldog, american_pit_bull_terrier, pug, great_pyrenees, saint_bernard",False,False
yorkshire_terrier_164,yorkshire_terrier,yorkshire_terrier,0.7459744,"yorkshire_terrier, havanese, wheaten_terrier, leonberger, Maine_Coon",True,True
wheaten_terrier_57,wheaten_terrier,wheaten_terrier,0.62133855,"wheaten_terrier, great_pyrenees, havanese, pomeranian, Persian",True,True
american_bulldog_94,american_bulldog,american_bulldog,0.68716145,"american_bulldog, pug, american_pit_bull_terrier, english_setter, staffordshire_bull_terrier",True,True
British_Shorthair_15,British_Shorthair,Sphynx,0.3272932,"Sphynx, British_Shorthair, Russian_Blue, Abyssinian, Egyptian_Mau",False,True
chihuahua_190,chihuahua,Sphynx,0.61532956,"Sphynx, chihuahua, miniature_pinscher, american_pit_bull_terrier, Abyssinian",False,True
boxer_49,boxer,american_bulldog,0.36186516,"american_bulldog, beagle, basset_hound, american_pit_bull_terrier, saint_bernard",False,False
newfoundland_65,newfoundland,newfoundland,0.91775626,"newfoundland, scottish_terrier, Bombay, english_cocker_spaniel, staffordshire_bull_terrier",True,True
beagle_27,beagle,basset_hound,0.36437285,"basset_hound, boxer, shiba_inu, Bengal, beagle",False,True
scottish_terrier_4,scottish_terrier,Bombay,0.45201814,"Bombay, scottish_terrier, Siamese, chihuahua, Maine_Coon",False,True
american_pit_bull_terrier_139,american_pit_bull_terrier,saint_bernard,0.55220205,"saint_bernard, english_cocker_spaniel, basset_hound, japanese_chin, beagle",False,False
miniature_pinscher_190,miniature_pinscher,boxer,0.19624406,"boxer, miniature_pinscher, yorkshire_terrier, Bengal, leonberger",False,True
pug_92,pug,english_cocker_spaniel,0.196055,"english_cocker_spaniel, havanese, great_pyrenees, american_bulldog, staffordshire_bull_terrier",False,False
Bombay_156,Bombay,Bombay,0.67794466,"Bombay, Russian_Blue, British_Shorthair, Abyssinian, scottish_terrier",True,True
english_setter_105,english_setter,japanese_chin,0.25308254,"japanese_chin, havanese, pug, english_setter, great_pyrenees",False,True
newfoundland_57,newfoundland,newfoundland,0.7856301,"newfoundland, scottish_terrier, leonberger, staffordshire_bull_terrier, Bombay",True,True
boxer_45,boxer,shiba_inu,0.23883972,"shiba_inu, american_pit_bull_terrier, beagle, basset_hound, boxer",False,True
japanese_chin_101,japanese_chin,pomeranian,0.15897316,"pomeranian, great_pyrenees, havanese, japanese_chin, wheaten_terrier",False,True
pomeranian_12,pomeranian,wheaten_terrier,0.2892975,"wheaten_terrier, yorkshire_terrier, leonberger, pomeranian, Persian",False,True
american_bulldog_118,american_bulldog,american_bulldog,0.41117048,"american_bulldog, american_pit_bull_terrier, beagle, chihuahua, shiba_inu",True,True
staffordshire_bull_terrier_94,staffordshire_bull_terrier,staffordshire_bull_terrier,0.35018703,"staffordshire_bull_terrier, american_pit_bull_terrier, american_bulldog, chihuahua, beagle",True,True
Ragdoll_151,Ragdoll,Ragdoll,0.4427695,"Ragdoll, Persian, samoyed, Birman, Maine_Coon",True,True
chihuahua_151,chihuahua,Ragdoll,0.5227286,"Ragdoll, chihuahua, Siamese, Birman, shiba_inu",False,True
scottish_terrier_40,scottish_terrier,scottish_terrier,0.7912359,"scottish_terrier, newfoundland, havanese, english_cocker_spaniel, yorkshire_terrier",True,True
shiba_inu_27,shiba_inu,shiba_inu,0.8342285,"shiba_inu, beagle, pomeranian, chihuahua, american_pit_bull_terrier",True,True
scottish_terrier_103,scottish_terrier,wheaten_terrier,0.5598954,"wheaten_terrier, Persian, american_pit_bull_terrier, great_pyrenees, scottish_terrier",False,True
english_cocker_spaniel_129,english_cocker_spaniel,boxer,0.16587988,"boxer, yorkshire_terrier, english_cocker_spaniel, Abyssinian, leonberger",False,True
keeshond_15,keeshond,keeshond,0.95657414,"keeshond, Birman, Ragdoll, Siamese, leonberger",True,True
Maine_Coon_142,Maine_Coon,Maine_Coon,0.38095605,"Maine_Coon, Abyssinian, Bengal, Ragdoll, chihuahua",True,True
saint_bernard_184,saint_bernard,saint_bernard,0.41888276,"saint_bernard, american_pit_bull_terrier, basset_hound, american_bulldog, beagle",True,True
keeshond_143,keeshond,keeshond,0.47203013,"keeshond, Ragdoll, havanese, Birman, japanese_chin",True,True
Birman_71,Birman,Birman,0.72289306,"Birman, Siamese, Ragdoll, keeshond, chihuahua",True,True
american_pit_bull_terrier_69,american_pit_bull_terrier,pomeranian,0.32683343,"pomeranian, Persian, wheaten_terrier, great_pyrenees, samoyed",False,False
saint_bernard_9,saint_bernard,american_bulldog,0.4407162,"american_bulldog, pug, saint_bernard, american_pit_bull_terrier, staffordshire_bull_terrier",False,True
Bengal_145,Bengal,american_pit_bull_terrier,0.18230191,"american_pit_bull_terrier, leonberger, wheaten_terrier, staffordshire_bull_terrier, scottish_terrier",False,False
shiba_inu_157,shiba_inu,japanese_chin,0.573308,"japanese_chin, saint_bernard, beagle, pomeranian, basset_hound",False,False
german_shorthaired_129,german_shorthaired,german_shorthaired,0.23339546,"german_shorthaired, wheaten_terrier, american_pit_bull_terrier, english_cocker_spaniel, staffordshire_bull_terrier",True,True
english_cocker_spaniel_117,english_cocker_spaniel,Bengal,0.51112425,"Bengal, Maine_Coon, yorkshire_terrier, Abyssinian, english_cocker_spaniel",False,True
Russian_Blue_86,Russian_Blue,Russian_Blue,0.74911517,"Russian_Blue, British_Shorthair, Bombay, Siamese, Abyssinian",True,True
pug_53,pug,pug,0.5128102,"pug, american_bulldog, chihuahua, american_pit_bull_terrier, english_setter",True,True
British_Shorthair_190,British_Shorthair,British_Shorthair,0.60778654,"British_Shorthair, Russian_Blue, wheaten_terrier, Egyptian_Mau, Maine_Coon",True,True
newfoundland_39,newfoundland,Bombay,0.5821706,"Bombay, scottish_terrier, newfoundland, staffordshire_bull_terrier, boxer",False,True
samoyed_168,samoyed,samoyed,0.51256615,"samoyed, pomeranian, Persian, great_pyrenees, wheaten_terrier",True,True
shiba_inu_91,shiba_inu,chihuahua,0.3213723,"chihuahua, shiba_inu, Sphynx, Ragdoll, Siamese",False,True
leonberger_99,leonberger,staffordshire_bull_terrier,0.48300752,"staffordshire_bull_terrier, american_pit_bull_terrier, american_bulldog, boxer, chihuahua",False,False
shiba_inu_146,shiba_inu,shiba_inu,0.4278808,"shiba_inu, american_pit_bull_terrier, Bengal, Abyssinian, chihuahua",True,True
american_pit_bull_terrier_75,american_pit_bull_terrier,boxer,0.2178442,"boxer, american_pit_bull_terrier, beagle, Abyssinian, shiba_inu",False,True
leonberger_169,leonberger,leonberger,0.9416755,"leonberger, staffordshire_bull_terrier, keeshond, newfoundland, american_pit_bull_terrier",True,True
english_setter_80,english_setter,havanese,0.688185,"havanese, keeshond, yorkshire_terrier, english_setter, scottish_terrier",False,True
japanese_chin_6,japanese_chin,great_pyrenees,0.3621767,"great_pyrenees, havanese, japanese_chin, english_setter, saint_bernard",False,True
staffordshire_bull_terrier_6,staffordshire_bull_terrier,german_shorthaired,0.23070066,"german_shorthaired, staffordshire_bull_terrier, american_pit_bull_terrier, boxer, english_cocker_spaniel",False,True
havanese_173,havanese,wheaten_terrier,0.2701341,"wheaten_terrier, havanese, pomeranian, great_pyrenees, Persian",False,True
newfoundland_151,newfoundland,newfoundland,0.8263794,"newfoundland, leonberger, keeshond, scottish_terrier, wheaten_terrier",True,True
samoyed_178,samoyed,samoyed,0.3563665,"samoyed, great_pyrenees, american_pit_bull_terrier, american_bulldog, shiba_inu",True,True
scottish_terrier_168,scottish_terrier,scottish_terrier,0.7672135,"scottish_terrier, newfoundland, staffordshire_bull_terrier, keeshond, leonberger",True,True
keeshond_115,keeshond,keeshond,0.99350786,"keeshond, leonberger, Birman, Siamese, Ragdoll",True,True
boxer_105,boxer,basset_hound,0.36616218,"basset_hound, beagle, american_pit_bull_terrier, boxer, staffordshire_bull_terrier",False,True
Bengal_57,Bengal,Bengal,0.41483703,"Bengal, Egyptian_Mau, english_setter, german_shorthaired, english_cocker_spaniel",True,True
Bombay_66,Bombay,Bombay,0.1785938,"Bombay, staffordshire_bull_terrier, scottish_terrier, keeshond, newfoundland",True,True
scottish_terrier_68,scottish_terrier,Bombay,0.24771565,"Bombay, Russian_Blue, Siamese, scottish_terrier, staffordshire_bull_terrier",False,True
yorkshire_terrier_118,yorkshire_terrier,yorkshire_terrier,0.5560784,"yorkshire_terrier, chihuahua, Abyssinian, leonberger, american_pit_bull_terrier",True,True
chihuahua_172,chihuahua,miniature_pinscher,0.8757282,"miniature_pinscher, chihuahua, boxer, Sphynx, Abyssinian",False,True
Maine_Coon_170,Maine_Coon,Maine_Coon,0.579381,"Maine_Coon, Bengal, Persian, Abyssinian, Ragdoll",True,True
keeshond_183,keeshond,keeshond,0.81110984,"keeshond, Birman, havanese, japanese_chin, leonberger",True,True
British_Shorthair_140,British_Shorthair,British_Shorthair,0.21559685,"British_Shorthair, Abyssinian, Bengal, Russian_Blue, german_shorthaired",True,True
beagle_3,beagle,beagle,0.6352263,"beagle, chihuahua, saint_bernard, basset_hound, american_pit_bull_terrier",True,True
Bengal_35,Bengal,Abyssinian,0.3149118,"Abyssinian, Bengal, miniature_pinscher, yorkshire_terrier, Maine_Coon",False,True
pug_19,pug,pug,0.8847216,"pug, staffordshire_bull_terrier, american_bulldog, chihuahua, scottish_terrier",True,True
British_Shorthair_275,British_Shorthair,Russian_Blue,0.4069255,"Russian_Blue, British_Shorthair, Bombay, Abyssinian, Siamese",False,True
British_Shorthair_74,British_Shorthair,Abyssinian,0.43418774,"Abyssinian, Sphynx, american_pit_bull_terrier, Egyptian_Mau, Maine_Coon",False,False
newfoundland_164,newfoundland,newfoundland,0.37045303,"newfoundland, wheaten_terrier, leonberger, english_cocker_spaniel, havanese",True,True
Birman_58,Birman,Birman,0.6303243,"Birman, Ragdoll, pomeranian, Siamese, Persian",True,True
shiba_inu_181,shiba_inu,chihuahua,0.24101879,"chihuahua, shiba_inu, beagle, pomeranian, american_pit_bull_terrier",False,True
miniature_pinscher_155,miniature_pinscher,miniature_pinscher,0.96670526,"miniature_pinscher, Bombay, leonberger, Siamese, boxer",True,True
Abyssinian_132,Abyssinian,Bengal,0.24062684,"Bengal, Abyssinian, Sphynx, shiba_inu, Maine_Coon",False,True
samoyed_54,samoyed,Persian,0.34338552,"Persian, samoyed, great_pyrenees, Ragdoll, pomeranian",False,True
Bengal_100,Bengal,miniature_pinscher,0.35746136,"miniature_pinscher, Abyssinian, boxer, american_pit_bull_terrier, leonberger",False,False
saint_bernard_53,saint_bernard,saint_bernard,0.7542189,"saint_bernard, basset_hound, japanese_chin, beagle, boxer",True,True
Persian_59,Persian,Persian,0.80426407,"Persian, pomeranian, Ragdoll, Maine_Coon, havanese",True,True
basset_hound_21,basset_hound,Bengal,0.29072985,"Bengal, basset_hound, german_shorthaired, english_setter, beagle",False,True
havanese_84,havanese,havanese,0.71225876,"havanese, english_cocker_spaniel, leonberger, yorkshire_terrier, english_setter",True,True
german_shorthaired_88,german_shorthaired,english_cocker_spaniel,0.5274933,"english_cocker_spaniel, german_shorthaired, english_setter, staffordshire_bull_terrier, boxer",False,True
scottish_terrier_79,scottish_terrier,american_pit_bull_terrier,0.25394198,"american_pit_bull_terrier, english_cocker_spaniel, chihuahua, pomeranian, yorkshire_terrier",False,False
British_Shorthair_223,British_Shorthair,British_Shorthair,0.24219719,"British_Shorthair, Russian_Blue, Sphynx, Ragdoll, american_bulldog",True,True
scottish_terrier_65,scottish_terrier,scottish_terrier,0.7724273,"scottish_terrier, newfoundland, english_cocker_spaniel, yorkshire_terrier, havanese",True,True
Maine_Coon_91,Maine_Coon,Maine_Coon,0.41682625,"Maine_Coon, english_setter, Persian, wheaten_terrier, Bengal",True,True
keeshond_187,keeshond,havanese,0.4145437,"havanese, wheaten_terrier, keeshond, leonberger, scottish_terrier",False,True
shiba_inu_165,shiba_inu,shiba_inu,0.9507473,"shiba_inu, chihuahua, pomeranian, beagle, american_pit_bull_terrier",True,True
scottish_terrier_60,scottish_terrier,scottish_terrier,0.89477396,"scottish_terrier, staffordshire_bull_terrier, newfoundland, Bombay, miniature_pinscher",True,True
newfoundland_185,newfoundland,american_pit_bull_terrier,0.19509883,"american_pit_bull_terrier, english_cocker_spaniel, leonberger, newfoundland, staffordshire_bull_terrier",False,True
chihuahua_118,chihuahua,pug,0.14480504,"pug, american_pit_bull_terrier, basset_hound, american_bulldog, staffordshire_bull_terrier",False,False
yorkshire_terrier_101,yorkshire_terrier,yorkshire_terrier,0.889284,"yorkshire_terrier, havanese, english_cocker_spaniel, wheaten_terrier, english_setter",True,True
keeshond_47,keeshond,keeshond,0.9650907,"keeshond, havanese, Birman, Ragdoll, japanese_chin",True,True
Russian_Blue_204,Russian_Blue,Russian_Blue,0.47984523,"Russian_Blue, British_Shorthair, Bombay, Siamese, Abyssinian",True,True
american_bulldog_37,american_bulldog,american_bulldog,0.25814947,"american_bulldog, saint_bernard, american_pit_bull_terrier, chihuahua, beagle",True,True
chihuahua_24,chihuahua,staffordshire_bull_terrier,0.2552175,"staffordshire_bull_terrier, miniature_pinscher, Bombay, scottish_terrier, german_shorthaired",False,False
great_pyrenees_60,great_pyrenees,great_pyrenees,0.8391,"great_pyrenees, samoyed, japanese_chin, saint_bernard, english_setter",True,True
scottish_terrier_37,scottish_terrier,scottish_terrier,0.47945485,"scottish_terrier, german_shorthaired, english_cocker_spaniel, Egyptian_Mau, Bengal",True,True
english_setter_112,english_setter,english_setter,0.34523118,"english_setter, english_cocker_spaniel, german_shorthaired, havanese, wheaten_terrier",True,True
wheaten_terrier_97,wheaten_terrier,wheaten_terrier,0.60915315,"wheaten_terrier, english_cocker_spaniel, yorkshire_terrier, havanese, english_setter",True,True
Egyptian_Mau_78,Egyptian_Mau,Egyptian_Mau,0.9028514,"Egyptian_Mau, Bengal, Maine_Coon, english_setter, german_shorthaired",True,True
British_Shorthair_113,British_Shorthair,Russian_Blue,0.29370388,"Russian_Blue, British_Shorthair, Siamese, Bombay, scottish_terrier",False,True
Siamese_184,Siamese,miniature_pinscher,0.22374672,"miniature_pinscher, Siamese, chihuahua, Sphynx, boxer",False,True
english_cocker_spaniel_136,english_cocker_spaniel,english_cocker_spaniel,0.78411096,"english_cocker_spaniel, english_setter, havanese, staffordshire_bull_terrier, german_shorthaired",True,True
newfoundland_200,newfoundland,wheaten_terrier,0.40649122,"wheaten_terrier, newfoundland, scottish_terrier, havanese, Persian",False,True
Birman_182,Birman,Birman,0.60663766,"Birman, Ragdoll, Siamese, pomeranian, japanese_chin",True,True
Russian_Blue_188,Russian_Blue,Sphynx,0.25269994,"Sphynx, Siamese, chihuahua, Bombay, Russian_Blue",False,True
Abyssinian_82,Abyssinian,Abyssinian,0.42019036,"Abyssinian, Sphynx, Siamese, chihuahua, Ragdoll",True,True
scottish_terrier_98,scottish_terrier,english_setter,0.34186974,"english_setter, wheaten_terrier, great_pyrenees, havanese, english_cocker_spaniel",False,False
shiba_inu_115,shiba_inu,american_pit_bull_terrier,0.22275655,"american_pit_bull_terrier, staffordshire_bull_terrier, chihuahua, leonberger, yorkshire_terrier",False,False
Maine_Coon_219,Maine_Coon,Bengal,0.4185582,"Bengal, Abyssinian, Maine_Coon, Egyptian_Mau, miniature_pinscher",False,True
staffordshire_bull_terrier_169,staffordshire_bull_terrier,staffordshire_bull_terrier,0.26644802,"staffordshire_bull_terrier, boxer, german_shorthaired, american_pit_bull_terrier, miniature_pinscher",True,True
Abyssinian_49,Abyssinian,Sphynx,0.32235888,"Sphynx, Abyssinian, Maine_Coon, Egyptian_Mau, Persian",False,True
miniature_pinscher_139,miniature_pinscher,miniature_pinscher,0.3546207,"miniature_pinscher, chihuahua, american_pit_bull_terrier, Sphynx, staffordshire_bull_terrier",True,True
Birman_174,Birman,Birman,0.50939816,"Birman, Siamese, keeshond, Ragdoll, japanese_chin",True,True
samoyed_50,samoyed,samoyed,0.9646601,"samoyed, great_pyrenees, Ragdoll, american_bulldog, pomeranian",True,True
Russian_Blue_208,Russian_Blue,British_Shorthair,0.67735475,"British_Shorthair, Russian_Blue, keeshond, Bombay, Siamese",False,True
Russian_Blue_197,Russian_Blue,Russian_Blue,0.28925264,"Russian_Blue, Abyssinian, British_Shorthair, Egyptian_Mau, Sphynx",True,True
Bengal_188,Bengal,Bengal,0.6780923,"Bengal, Maine_Coon, Ragdoll, chihuahua, english_setter",True,True
beagle_41,beagle,beagle,0.7586123,"beagle, american_pit_bull_terrier, chihuahua, american_bulldog, shiba_inu",True,True
keeshond_108,keeshond,keeshond,0.28422275,"keeshond, Ragdoll, Birman, japanese_chin, pomeranian",True,True
pug_88,pug,pug,0.8112487,"pug, american_bulldog, chihuahua, Sphynx, Ragdoll",True,True
newfoundland_147,newfoundland,scottish_terrier,0.14205666,"scottish_terrier, newfoundland, Maine_Coon, Bombay, Bengal",False,True
japanese_chin_20,japanese_chin,japanese_chin,0.9319273,"japanese_chin, saint_bernard, beagle, Ragdoll, chihuahua",True,True
miniature_pinscher_22,miniature_pinscher,boxer,0.32493743,"boxer, miniature_pinscher, Sphynx, chihuahua, american_pit_bull_terrier",False,True
miniature_pinscher_96,miniature_pinscher,miniature_pinscher,0.3738732,"miniature_pinscher, Bengal, boxer, american_pit_bull_terrier, basset_hound",True,True
basset_hound_181,basset_hound,boxer,0.71106046,"boxer, miniature_pinscher, basset_hound, american_pit_bull_terrier, beagle",False,True
British_Shorthair_40,British_Shorthair,British_Shorthair,0.5947128,"British_Shorthair, Russian_Blue, Abyssinian, Sphynx, Maine_Coon",True,True
miniature_pinscher_144,miniature_pinscher,miniature_pinscher,0.9013934,"miniature_pinscher, boxer, staffordshire_bull_terrier, chihuahua, Bengal",True,True
japanese_chin_154,japanese_chin,havanese,0.24647222,"havanese, japanese_chin, english_setter, Maine_Coon, scottish_terrier",False,True
Sphynx_248,Sphynx,Sphynx,0.5976901,"Sphynx, chihuahua, shiba_inu, Abyssinian, Ragdoll",True,True
Abyssinian_139,Abyssinian,Abyssinian,0.44427642,"Abyssinian, Bengal, Maine_Coon, shiba_inu, miniature_pinscher",True,True
Sphynx_175,Sphynx,Sphynx,0.23687035,"Sphynx, american_bulldog, chihuahua, american_pit_bull_terrier, beagle",True,True
staffordshire_bull_terrier_34,staffordshire_bull_terrier,staffordshire_bull_terrier,0.26787266,"staffordshire_bull_terrier, american_pit_bull_terrier, miniature_pinscher, german_shorthaired, boxer",True,True
Sphynx_67,Sphynx,Sphynx,0.32845303,"Sphynx, Abyssinian, miniature_pinscher, chihuahua, Russian_Blue",True,True
scottish_terrier_143,scottish_terrier,scottish_terrier,0.5284023,"scottish_terrier, Bombay, newfoundland, english_cocker_spaniel, yorkshire_terrier",True,True
japanese_chin_119,japanese_chin,japanese_chin,0.2749026,"japanese_chin, pomeranian, great_pyrenees, samoyed, english_setter",True,True
chihuahua_29,chihuahua,chihuahua,0.42769545,"chihuahua, yorkshire_terrier, Abyssinian, shiba_inu, Maine_Coon",True,True
wheaten_terrier_175,wheaten_terrier,wheaten_terrier,0.67637104,"wheaten_terrier, havanese, leonberger, yorkshire_terrier, Persian",True,True
Persian_81,Persian,Persian,0.4184614,"Persian, Maine_Coon, British_Shorthair, Abyssinian, Ragdoll",True,True
miniature_pinscher_30,miniature_pinscher,miniature_pinscher,0.33224288,"miniature_pinscher, Bombay, Sphynx, Abyssinian, Russian_Blue",True,True
Abyssinian_57,Abyssinian,Maine_Coon,0.35148135,"Maine_Coon, Persian, Abyssinian, wheaten_terrier, pomeranian",False,True
pomeranian_73,pomeranian,pomeranian,0.3357397,"pomeranian, shiba_inu, beagle, chihuahua, japanese_chin",True,True
basset_hound_117,basset_hound,saint_bernard,0.26016513,"saint_bernard, basset_hound, english_setter, english_cocker_spaniel, american_bulldog",False,True
Bengal_44,Bengal,american_pit_bull_terrier,0.15914276,"american_pit_bull_terrier, wheaten_terrier, great_pyrenees, english_setter, British_Shorthair",False,False
shiba_inu_163,shiba_inu,shiba_inu,0.95828485,"shiba_inu, american_pit_bull_terrier, pomeranian, chihuahua, beagle",True,True
miniature_pinscher_140,miniature_pinscher,Sphynx,0.35116062,"Sphynx, Siamese, Ragdoll, Abyssinian, chihuahua",False,False
scottish_terrier_99,scottish_terrier,havanese,0.28197595,"havanese, wheaten_terrier, great_pyrenees, Maine_Coon, english_setter",False,False
leonberger_26,leonberger,leonberger,0.4958732,"leonberger, english_cocker_spaniel, saint_bernard, boxer, newfoundland",True,True
samoyed_21,samoyed,samoyed,0.8243987,"samoyed, great_pyrenees, Persian, pomeranian, Ragdoll",True,True
yorkshire_terrier_87,yorkshire_terrier,yorkshire_terrier,0.8176977,"yorkshire_terrier, english_cocker_spaniel, Maine_Coon, wheaten_terrier, english_setter",True,True
newfoundland_160,newfoundland,newfoundland,0.54997486,"newfoundland, scottish_terrier, Bombay, boxer, wheaten_terrier",True,True
miniature_pinscher_195,miniature_pinscher,basset_hound,0.27383608,"basset_hound, boxer, miniature_pinscher, beagle, american_pit_bull_terrier",False,True
newfoundland_32,newfoundland,newfoundland,0.4591107,"newfoundland, scottish_terrier, english_cocker_spaniel, staffordshire_bull_terrier, havanese",True,True
scottish_terrier_81,scottish_terrier,Bombay,0.5007359,"Bombay, scottish_terrier, newfoundland, yorkshire_terrier, Siamese",False,True
staffordshire_bull_terrier_175,staffordshire_bull_terrier,boxer,0.27236354,"boxer, miniature_pinscher, german_shorthaired, staffordshire_bull_terrier, american_pit_bull_terrier",False,True
Bengal_84,Bengal,boxer,0.30140972,"boxer, miniature_pinscher, Bengal, basset_hound, american_pit_bull_terrier",False,True
keeshond_70,keeshond,keeshond,0.2948206,"keeshond, Russian_Blue, Siamese, British_Shorthair, Bombay",True,True
samoyed_188,samoyed,samoyed,0.55605847,"samoyed, great_pyrenees, american_bulldog, pomeranian, Ragdoll",True,True
Birman_83,Birman,Birman,0.6209822,"Birman, Siamese, Ragdoll, keeshond, pomeranian",True,True
Bengal_19,Bengal,Bengal,0.35544473,"Bengal, Egyptian_Mau, Maine_Coon, english_setter, german_shorthaired",True,True
pug_117,pug,great_pyrenees,0.37914392,"great_pyrenees, american_bulldog, american_pit_bull_terrier, saint_bernard, english_setter",False,False
saint_bernard_112,saint_bernard,japanese_chin,0.59109557,"japanese_chin, saint_bernard, english_cocker_spaniel, havanese, american_bulldog",False,True
chihuahua_32,chihuahua,chihuahua,0.25319308,"chihuahua, shiba_inu, Abyssinian, american_pit_bull_terrier, Sphynx",True,True
staffordshire_bull_terrier_103,staffordshire_bull_terrier,chihuahua,0.17874937,"chihuahua, Abyssinian, Sphynx, Maine_Coon, american_pit_bull_terrier",False,False
newfoundland_3,newfoundland,leonberger,0.36911878,"leonberger, chihuahua, yorkshire_terrier, japanese_chin, staffordshire_bull_terrier",False,False
wheaten_terrier_96,wheaten_terrier,wheaten_terrier,0.68322545,"wheaten_terrier, havanese, english_cocker_spaniel, english_setter, scottish_terrier",True,True
Birman_84,Birman,Persian,0.23379491,"Persian, British_Shorthair, Ragdoll, Maine_Coon, Egyptian_Mau",False,False
Persian_156,Persian,Persian,0.68710697,"Persian, wheaten_terrier, Maine_Coon, pomeranian, Ragdoll",True,True
boxer_54,boxer,basset_hound,0.48768035,"basset_hound, boxer, beagle, miniature_pinscher, saint_bernard",False,True
yorkshire_terrier_184,yorkshire_terrier,yorkshire_terrier,0.94839853,"yorkshire_terrier, english_cocker_spaniel, leonberger, wheaten_terrier, english_setter",True,True
miniature_pinscher_157,miniature_pinscher,miniature_pinscher,0.58558553,"miniature_pinscher, Siamese, yorkshire_terrier, leonberger, Bombay",True,True
staffordshire_bull_terrier_23,staffordshire_bull_terrier,boxer,0.36253378,"boxer, american_pit_bull_terrier, beagle, basset_hound, miniature_pinscher",False,False
staffordshire_bull_terrier_106,staffordshire_bull_terrier,staffordshire_bull_terrier,0.665976,"staffordshire_bull_terrier, miniature_pinscher, german_shorthaired, boxer, american_pit_bull_terrier",True,True
staffordshire_bull_terrier_78,staffordshire_bull_terrier,great_pyrenees,0.19089267,"great_pyrenees, samoyed, wheaten_terrier, pomeranian, american_bulldog",False,False
miniature_pinscher_11,miniature_pinscher,miniature_pinscher,0.5791408,"miniature_pinscher, Abyssinian, boxer, Sphynx, chihuahua",True,True
Birman_57,Birman,Siamese,0.5119867,"Siamese, Birman, Ragdoll, keeshond, chihuahua",False,True
Birman_144,Birman,keeshond,0.28905657,"keeshond, Ragdoll, Birman, Persian, pomeranian",False,True
english_cocker_spaniel_61,english_cocker_spaniel,yorkshire_terrier,0.41657093,"yorkshire_terrier, english_cocker_spaniel, wheaten_terrier, leonberger, english_setter",False,True
english_setter_169,english_setter,Maine_Coon,0.3284669,"Maine_Coon, Bengal, english_setter, wheaten_terrier, Abyssinian",False,True
yorkshire_terrier_138,yorkshire_terrier,yorkshire_terrier,0.5250602,"yorkshire_terrier, english_cocker_spaniel, wheaten_terrier, leonberger, Maine_Coon",True,True
pomeranian_99,pomeranian,pomeranian,0.86645615,"pomeranian, shiba_inu, beagle, american_pit_bull_terrier, chihuahua",True,True
japanese_chin_96,japanese_chin,saint_bernard,0.5592432,"saint_bernard, beagle, japanese_chin, pomeranian, basset_hound",False,True
Egyptian_Mau_11,Egyptian_Mau,Egyptian_Mau,0.5267556,"Egyptian_Mau, Sphynx, Bengal, Maine_Coon, British_Shorthair",True,True
Persian_12,Persian,Birman,0.32028675,"Birman, Ragdoll, Persian, keeshond, pomeranian",False,True
staffordshire_bull_terrier_200,staffordshire_bull_terrier,staffordshire_bull_terrier,0.21403253,"staffordshire_bull_terrier, boxer, german_shorthaired, american_pit_bull_terrier, scottish_terrier",True,True
shiba_inu_195,shiba_inu,samoyed,0.17313844,"samoyed, shiba_inu, american_pit_bull_terrier, american_bulldog, chihuahua",False,True
english_cocker_spaniel_140,english_cocker_spaniel,havanese,0.3759814,"havanese, japanese_chin, english_setter, english_cocker_spaniel, pomeranian",False,True
scottish_terrier_184,scottish_terrier,scottish_terrier,0.50685126,"scottish_terrier, german_shorthaired, staffordshire_bull_terrier, newfoundland, Bombay",True,True
basset_hound_10,basset_hound,saint_bernard,0.4142754,"saint_bernard, beagle, basset_hound, american_pit_bull_terrier, american_bulldog",False,True
Abyssinian_124,Abyssinian,Abyssinian,0.4921888,"Abyssinian, Bengal, Maine_Coon, British_Shorthair, Sphynx",True,True
Ragdoll_132,Ragdoll,Ragdoll,0.5769114,"Ragdoll, Persian, Maine_Coon, Birman, samoyed",True,True
japanese_chin_77,japanese_chin,staffordshire_bull_terrier,0.34464288,"staffordshire_bull_terrier, Siamese, japanese_chin, leonberger, scottish_terrier",False,True
Siamese_90,Siamese,Russian_Blue,0.4213186,"Russian_Blue, Siamese, Sphynx, British_Shorthair, Bombay",False,True
saint_bernard_25,saint_bernard,saint_bernard,0.25689238,"saint_bernard, beagle, american_bulldog, american_pit_bull_terrier, basset_hound",True,True
great_pyrenees_67,great_pyrenees,great_pyrenees,0.74695134,"great_pyrenees, samoyed, pomeranian, american_bulldog, japanese_chin",True,True
english_cocker_spaniel_149,english_cocker_spaniel,yorkshire_terrier,0.92256534,"yorkshire_terrier, english_cocker_spaniel, havanese, leonberger, wheaten_terrier",False,True
saint_bernard_107,saint_bernard,great_pyrenees,0.49400604,"great_pyrenees, english_setter, wheaten_terrier, english_cocker_spaniel, havanese",False,False
Bombay_34,Bombay,Bombay,0.8578975,"Bombay, Siamese, scottish_terrier, Russian_Blue, Sphynx",True,True
shiba_inu_116,shiba_inu,beagle,0.4041293,"beagle, shiba_inu, american_pit_bull_terrier, chihuahua, basset_hound",False,True
english_cocker_spaniel_106,english_cocker_spaniel,scottish_terrier,0.28955668,"scottish_terrier, english_cocker_spaniel, wheaten_terrier, newfoundland, german_shorthaired",False,True
english_setter_154,english_setter,english_setter,0.44892067,"english_setter, havanese, Egyptian_Mau, pug, great_pyrenees",True,True
chihuahua_155,chihuahua,shiba_inu,0.38108113,"shiba_inu, chihuahua, Abyssinian, Sphynx, american_pit_bull_terrier",False,True
beagle_172,beagle,beagle,0.45225585,"beagle, basset_hound, american_pit_bull_terrier, boxer, shiba_inu",True,True
Ragdoll_105,Ragdoll,Ragdoll,0.44564095,"Ragdoll, Persian, Birman, Siamese, Sphynx",True,True
american_pit_bull_terrier_71,american_pit_bull_terrier,basset_hound,0.17784747,"basset_hound, beagle, american_pit_bull_terrier, boxer, german_shorthaired",False,True
Persian_165,Persian,Persian,0.5472816,"Persian, Ragdoll, pomeranian, Birman, Maine_Coon",True,True
Russian_Blue_48,Russian_Blue,British_Shorthair,0.34319526,"British_Shorthair, Russian_Blue, Bombay, scottish_terrier, Egyptian_Mau",False,True
staffordshire_bull_terrier_16,staffordshire_bull_terrier,saint_bernard,0.6415243,"saint_bernard, beagle, basset_hound, japanese_chin, boxer",False,False
Sphynx_105,Sphynx,Abyssinian,0.490463,"Abyssinian, Sphynx, boxer, miniature_pinscher, chihuahua",False,True
havanese_123,havanese,havanese,0.4409883,"havanese, yorkshire_terrier, english_setter, chihuahua, wheaten_terrier",True,True
Ragdoll_94,Ragdoll,Ragdoll,0.66105086,"Ragdoll, Birman, samoyed, Siamese, Persian",True,True
yorkshire_terrier_29,yorkshire_terrier,boxer,0.21411704,"boxer, yorkshire_terrier, chihuahua, Maine_Coon, Bengal",False,True
english_cocker_spaniel_110,english_cocker_spaniel,Bengal,0.48676008,"Bengal, Maine_Coon, Abyssinian, yorkshire_terrier, english_cocker_spaniel",False,True
havanese_128,havanese,scottish_terrier,0.7989686,"scottish_terrier, Bombay, newfoundland, english_cocker_spaniel, yorkshire_terrier",False,False
basset_hound_167,basset_hound,basset_hound,0.6447791,"basset_hound, boxer, beagle, saint_bernard, german_shorthaired",True,True
Russian_Blue_90,Russian_Blue,British_Shorthair,0.42632622,"British_Shorthair, keeshond, scottish_terrier, samoyed, Persian",False,False
english_cocker_spaniel_65,english_cocker_spaniel,german_shorthaired,0.22794794,"german_shorthaired, pug, english_setter, american_bulldog, english_cocker_spaniel",False,True
basset_hound_55,basset_hound,beagle,0.4145794,"beagle, basset_hound, saint_bernard, american_pit_bull_terrier, chihuahua",False,True
keeshond_46,keeshond,keeshond,0.4144325,"keeshond, leonberger, yorkshire_terrier, havanese, japanese_chin",True,True
samoyed_90,samoyed,samoyed,0.42138568,"samoyed, pomeranian, great_pyrenees, Ragdoll, american_bulldog",True,True
boxer_4,boxer,beagle,0.23685017,"beagle, american_pit_bull_terrier, basset_hound, boxer, american_bulldog",False,True
newfoundland_150,newfoundland,newfoundland,0.3046796,"newfoundland, scottish_terrier, keeshond, leonberger, havanese",True,True
Ragdoll_80,Ragdoll,Ragdoll,0.2641438,"Ragdoll, Maine_Coon, Persian, Egyptian_Mau, British_Shorthair",True,True
Bombay_58,Bombay,Bombay,0.21476829,"Bombay, Sphynx, chihuahua, Siamese, miniature_pinscher",True,True
Persian_43,Persian,Maine_Coon,0.5497676,"Maine_Coon, Persian, wheaten_terrier, Abyssinian, Bengal",False,True
american_pit_bull_terrier_12,american_pit_bull_terrier,staffordshire_bull_terrier,0.3948786,"staffordshire_bull_terrier, boxer, american_pit_bull_terrier, german_shorthaired, miniature_pinscher",False,True
Bombay_129,Bombay,Bombay,0.89602256,"Bombay, miniature_pinscher, scottish_terrier, newfoundland, Siamese",True,True
Ragdoll_88,Ragdoll,Ragdoll,0.6969844,"Ragdoll, Birman, Siamese, pomeranian, samoyed",True,True
basset_hound_91,basset_hound,basset_hound,0.52724034,"basset_hound, boxer, beagle, saint_bernard, german_shorthaired",True,True
Persian_66,Persian,wheaten_terrier,0.6527247,"wheaten_terrier, pomeranian, Persian, havanese, leonberger",False,True
american_pit_bull_terrier_148,american_pit_bull_terrier,beagle,0.6924433,"beagle, basset_hound, saint_bernard, american_pit_bull_terrier, boxer",False,True
Birman_115,Birman,Birman,0.80204546,"Birman, Ragdoll, Siamese, japanese_chin, chihuahua",True,True
Maine_Coon_214,Maine_Coon,wheaten_terrier,0.27412584,"wheaten_terrier, Maine_Coon, Egyptian_Mau, Persian, Bengal",False,True
wheaten_terrier_122,wheaten_terrier,wheaten_terrier,0.60200226,"wheaten_terrier, Persian, Maine_Coon, american_pit_bull_terrier, pomeranian",True,True
american_bulldog_90,american_bulldog,chihuahua,0.31432188,"chihuahua, american_bulldog, american_pit_bull_terrier, beagle, Sphynx",False,True
Sphynx_41,Sphynx,chihuahua,0.42422584,"chihuahua, Bengal, Sphynx, shiba_inu, Maine_Coon",False,True
newfoundland_36,newfoundland,newfoundland,0.9474799,"newfoundland, scottish_terrier, leonberger, english_cocker_spaniel, staffordshire_bull_terrier",True,True
english_cocker_spaniel_41,english_cocker_spaniel,boxer,0.3917388,"boxer, english_cocker_spaniel, basset_hound, yorkshire_terrier, american_pit_bull_terrier",False,True
British_Shorthair_169,British_Shorthair,american_pit_bull_terrier,0.19080748,"american_pit_bull_terrier, beagle, Russian_Blue, boxer, staffordshire_bull_terrier",False,False
Birman_79,Birman,Birman,0.4274067,"Birman, Ragdoll, Siamese, chihuahua, keeshond",True,True
wheaten_terrier_30,wheaten_terrier,havanese,0.3650698,"havanese, pomeranian, great_pyrenees, wheaten_terrier, japanese_chin",False,True
samoyed_93,samoyed,samoyed,0.80750406,"samoyed, great_pyrenees, Ragdoll, Persian, pomeranian",True,True
boxer_168,boxer,boxer,0.38467848,"boxer, beagle, basset_hound, chihuahua, miniature_pinscher",True,True
Sphynx_201,Sphynx,Siamese,0.319516,"Siamese, Ragdoll, Birman, Sphynx, Russian_Blue",False,True
american_pit_bull_terrier_170,american_pit_bull_terrier,american_bulldog,0.28171986,"american_bulldog, beagle, saint_bernard, american_pit_bull_terrier, basset_hound",False,True
Bombay_126,Bombay,Bombay,0.66523045,"Bombay, Russian_Blue, scottish_terrier, British_Shorthair, Siamese",True,True
Sphynx_11,Sphynx,Sphynx,0.5812438,"Sphynx, chihuahua, miniature_pinscher, Siamese, american_bulldog",True,True
american_bulldog_122,american_bulldog,american_bulldog,0.6948432,"american_bulldog, american_pit_bull_terrier, great_pyrenees, samoyed, staffordshire_bull_terrier",True,True
saint_bernard_162,saint_bernard,saint_bernard,0.47106686,"saint_bernard, staffordshire_bull_terrier, basset_hound, american_bulldog, beagle",True,True
Russian_Blue_115,Russian_Blue,Russian_Blue,0.54965425,"Russian_Blue, British_Shorthair, Abyssinian, Sphynx, Egyptian_Mau",True,True
Bombay_115,Bombay,Bombay,0.5640424,"Bombay, Siamese, Russian_Blue, British_Shorthair, scottish_terrier",True,True
american_bulldog_74,american_bulldog,pug,0.20086004,"pug, saint_bernard, american_bulldog, boxer, staffordshire_bull_terrier",False,True
great_pyrenees_13,great_pyrenees,great_pyrenees,0.72466666,"great_pyrenees, wheaten_terrier, samoyed, Persian, havanese",True,True
keeshond_151,keeshond,keeshond,0.9576534,"keeshond, Birman, japanese_chin, leonberger, havanese",True,True
Russian_Blue_16,Russian_Blue,British_Shorthair,0.64481497,"British_Shorthair, Russian_Blue, wheaten_terrier, staffordshire_bull_terrier, american_pit_bull_terrier",False,True
Abyssinian_205,Abyssinian,wheaten_terrier,0.26387432,"wheaten_terrier, american_pit_bull_terrier, leonberger, yorkshire_terrier, scottish_terrier",False,False
japanese_chin_42,japanese_chin,japanese_chin,0.8130172,"japanese_chin, havanese, pomeranian, saint_bernard, leonberger",True,True
american_bulldog_175,american_bulldog,boxer,0.31807518,"boxer, basset_hound, staffordshire_bull_terrier, pug, german_shorthaired",False,False
chihuahua_67,chihuahua,Sphynx,0.48647028,"Sphynx, shiba_inu, chihuahua, Ragdoll, Abyssinian",False,True
Sphynx_233,Sphynx,Sphynx,0.81797606,"Sphynx, chihuahua, shiba_inu, american_pit_bull_terrier, miniature_pinscher",True,True
Birman_141,Birman,Birman,0.52102655,"Birman, Siamese, keeshond, Ragdoll, japanese_chin",True,True
Bombay_194,Bombay,Bombay,0.9335533,"Bombay, scottish_terrier, newfoundland, Russian_Blue, Abyssinian",True,True
scottish_terrier_9,scottish_terrier,Bombay,0.723307,"Bombay, newfoundland, scottish_terrier, Russian_Blue, Siamese",False,True
basset_hound_155,basset_hound,basset_hound,0.507994,"basset_hound, boxer, english_cocker_spaniel, german_shorthaired, american_pit_bull_terrier",True,True
beagle_203,beagle,saint_bernard,0.5663893,"saint_bernard, basset_hound, beagle, japanese_chin, boxer",False,True
Abyssinian_21,Abyssinian,Maine_Coon,0.33455706,"Maine_Coon, Persian, Ragdoll, pomeranian, wheaten_terrier",False,False
scottish_terrier_86,scottish_terrier,Persian,0.5383899,"Persian, Maine_Coon, wheaten_terrier, havanese, Ragdoll",False,False
shiba_inu_140,shiba_inu,Sphynx,0.6417258,"Sphynx, shiba_inu, chihuahua, Abyssinian, miniature_pinscher",False,True
miniature_pinscher_20,miniature_pinscher,miniature_pinscher,0.34460512,"miniature_pinscher, boxer, staffordshire_bull_terrier, american_pit_bull_terrier, shiba_inu",True,True
staffordshire_bull_terrier_158,staffordshire_bull_terrier,staffordshire_bull_terrier,0.35617742,"staffordshire_bull_terrier, american_bulldog, american_pit_bull_terrier, saint_bernard, boxer",True,True
american_pit_bull_terrier_176,american_pit_bull_terrier,staffordshire_bull_terrier,0.38376695,"staffordshire_bull_terrier, miniature_pinscher, leonberger, boxer, pug",False,False
wheaten_terrier_61,wheaten_terrier,havanese,0.49220577,"havanese, wheaten_terrier, great_pyrenees, english_cocker_spaniel, english_setter",False,True
american_pit_bull_terrier_163,american_pit_bull_terrier,Sphynx,0.33271754,"Sphynx, chihuahua, american_bulldog, american_pit_bull_terrier, shiba_inu",False,True
scottish_terrier_23,scottish_terrier,chihuahua,0.31204382,"chihuahua, american_pit_bull_terrier, boxer, staffordshire_bull_terrier, Sphynx",False,False
Persian_187,Persian,Persian,0.27453136,"Persian, Ragdoll, Maine_Coon, pomeranian, japanese_chin",True,True
american_pit_bull_terrier_125,american_pit_bull_terrier,boxer,0.28684172,"boxer, beagle, basset_hound, american_pit_bull_terrier, chihuahua",False,True
basset_hound_153,basset_hound,basset_hound,0.6439036,"basset_hound, boxer, saint_bernard, beagle, german_shorthaired",True,True
pomeranian_42,pomeranian,pomeranian,0.60080355,"pomeranian, great_pyrenees, shiba_inu, samoyed, wheaten_terrier",True,True
german_shorthaired_194,german_shorthaired,german_shorthaired,0.24579854,"german_shorthaired, Egyptian_Mau, english_cocker_spaniel, scottish_terrier, pug",True,True
chihuahua_19,chihuahua,Sphynx,0.40663013,"Sphynx, chihuahua, Ragdoll, american_bulldog, Siamese",False,True
pomeranian_67,pomeranian,pomeranian,0.7852546,"pomeranian, shiba_inu, beagle, chihuahua, leonberger",True,True
Bengal_43,Bengal,Bengal,0.9241791,"Bengal, Maine_Coon, Abyssinian, miniature_pinscher, yorkshire_terrier",True,True
scottish_terrier_56,scottish_terrier,scottish_terrier,0.8336142,"scottish_terrier, newfoundland, Bombay, havanese, staffordshire_bull_terrier",True,True
Bengal_49,Bengal,shiba_inu,0.3945256,"shiba_inu, american_pit_bull_terrier, beagle, Bengal, german_shorthaired",False,True
samoyed_150,samoyed,samoyed,0.5109313,"samoyed, great_pyrenees, american_bulldog, wheaten_terrier, scottish_terrier",True,True
american_bulldog_146,american_bulldog,pug,0.55135214,"pug, american_bulldog, Egyptian_Mau, staffordshire_bull_terrier, german_shorthaired",False,True
american_bulldog_211,american_bulldog,pomeranian,0.22376913,"pomeranian, Ragdoll, Persian, samoyed, Birman",False,False
yorkshire_terrier_60,yorkshire_terrier,yorkshire_terrier,0.33412415,"yorkshire_terrier, miniature_pinscher, chihuahua, boxer, Bombay",True,True
beagle_180,beagle,chihuahua,0.23925288,"chihuahua, american_bulldog, japanese_chin, beagle, pug",False,True
Maine_Coon_132,Maine_Coon,Maine_Coon,0.38797694,"Maine_Coon, wheaten_terrier, Persian, yorkshire_terrier, havanese",True,True
keeshond_196,keeshond,keeshond,0.9801436,"keeshond, Birman, leonberger, havanese, Ragdoll",True,True
keeshond_190,keeshond,leonberger,0.74159575,"leonberger, keeshond, newfoundland, pomeranian, yorkshire_terrier",False,True
samoyed_7,samoyed,Ragdoll,0.29121953,"Ragdoll, samoyed, great_pyrenees, pomeranian, Birman",False,True
chihuahua_136,chihuahua,great_pyrenees,0.11368315,"great_pyrenees, american_pit_bull_terrier, pug, japanese_chin, saint_bernard",False,False
shiba_inu_6,shiba_inu,miniature_pinscher,0.27019832,"miniature_pinscher, Sphynx, Abyssinian, american_pit_bull_terrier, chihuahua",False,False
miniature_pinscher_161,miniature_pinscher,miniature_pinscher,0.98009837,"miniature_pinscher, boxer, staffordshire_bull_terrier, chihuahua, american_pit_bull_terrier",True,True
american_pit_bull_terrier_158,american_pit_bull_terrier,chihuahua,0.46870393,"chihuahua, american_pit_bull_terrier, beagle, shiba_inu, american_bulldog",False,True
american_bulldog_43,american_bulldog,american_bulldog,0.2842639,"american_bulldog, american_pit_bull_terrier, beagle, staffordshire_bull_terrier, basset_hound",True,True
shiba_inu_65,shiba_inu,shiba_inu,0.47083104,"shiba_inu, pomeranian, leonberger, miniature_pinscher, boxer",True,True
wheaten_terrier_136,wheaten_terrier,wheaten_terrier,0.55050707,"wheaten_terrier, Persian, Maine_Coon, yorkshire_terrier, Abyssinian",True,True
Maine_Coon_95,Maine_Coon,shiba_inu,0.39764705,"shiba_inu, pomeranian, chihuahua, beagle, american_pit_bull_terrier",False,False
yorkshire_terrier_81,yorkshire_terrier,yorkshire_terrier,0.9590252,"yorkshire_terrier, wheaten_terrier, Maine_Coon, english_cocker_spaniel, leonberger",True,True
Bombay_217,Bombay,Bombay,0.9809172,"Bombay, Russian_Blue, scottish_terrier, Siamese, British_Shorthair",True,True
Bengal_131,Bengal,chihuahua,0.12851615,"chihuahua, Siamese, miniature_pinscher, staffordshire_bull_terrier, boxer",False,False
havanese_199,havanese,newfoundland,0.64814085,"newfoundland, scottish_terrier, english_cocker_spaniel, havanese, wheaten_terrier",False,True
Sphynx_134,Sphynx,Sphynx,0.37926614,"Sphynx, Abyssinian, Russian_Blue, Bombay, British_Shorthair",True,True
British_Shorthair_42,British_Shorthair,British_Shorthair,0.46265602,"British_Shorthair, Russian_Blue, Abyssinian, Sphynx, Egyptian_Mau",True,True
scottish_terrier_1,scottish_terrier,newfoundland,0.5248252,"newfoundland, scottish_terrier, Bombay, staffordshire_bull_terrier, keeshond",False,True
basset_hound_65,basset_hound,miniature_pinscher,0.42795736,"miniature_pinscher, boxer, Abyssinian, staffordshire_bull_terrier, american_pit_bull_terrier",False,False
Siamese_193,Siamese,Siamese,0.6385632,"Siamese, Birman, Ragdoll, chihuahua, Sphynx",True,True
english_setter_113,english_setter,english_setter,0.72324693,"english_setter, english_cocker_spaniel, havanese, yorkshire_terrier, Maine_Coon",True,True
american_bulldog_20,american_bulldog,american_bulldog,0.34065592,"american_bulldog, american_pit_bull_terrier, beagle, staffordshire_bull_terrier, chihuahua",True,True
wheaten_terrier_2,wheaten_terrier,wheaten_terrier,0.6587995,"wheaten_terrier, havanese, leonberger, english_cocker_spaniel, scottish_terrier",True,True
Bengal_31,Bengal,Bengal,0.70775557,"Bengal, Abyssinian, Maine_Coon, miniature_pinscher, Egyptian_Mau",True,True
keeshond_146,keeshond,keeshond,0.6846327,"keeshond, leonberger, Birman, Siamese, pomeranian",True,True
Maine_Coon_211,Maine_Coon,Maine_Coon,0.275359,"Maine_Coon, Egyptian_Mau, pug, Persian, Bengal",True,True
pomeranian_83,pomeranian,shiba_inu,0.34981248,"shiba_inu, pomeranian, american_pit_bull_terrier, Persian, chihuahua",False,True
staffordshire_bull_terrier_35,staffordshire_bull_terrier,staffordshire_bull_terrier,0.32235712,"staffordshire_bull_terrier, german_shorthaired, miniature_pinscher, scottish_terrier, Bombay",True,True
english_setter_166,english_setter,leonberger,0.23750235,"leonberger, wheaten_terrier, havanese, keeshond, yorkshire_terrier",False,False
yorkshire_terrier_180,yorkshire_terrier,yorkshire_terrier,0.7211892,"yorkshire_terrier, english_cocker_spaniel, Bengal, boxer, scottish_terrier",True,True
samoyed_27,samoyed,samoyed,0.7587028,"samoyed, great_pyrenees, Ragdoll, american_bulldog, pomeranian",True,True
english_cocker_spaniel_126,english_cocker_spaniel,english_cocker_spaniel,0.4741271,"english_cocker_spaniel, english_setter, yorkshire_terrier, wheaten_terrier, havanese",True,True
english_setter_167,english_setter,english_setter,0.64163864,"english_setter, english_cocker_spaniel, american_pit_bull_terrier, yorkshire_terrier, Bengal",True,True
newfoundland_50,newfoundland,german_shorthaired,0.38278514,"german_shorthaired, boxer, basset_hound, staffordshire_bull_terrier, miniature_pinscher",False,False
Ragdoll_118,Ragdoll,Siamese,0.17404862,"Siamese, japanese_chin, Ragdoll, Birman, pomeranian",False,True
Siamese_17,Siamese,Siamese,0.6376782,"Siamese, Birman, Ragdoll, japanese_chin, keeshond",True,True
keeshond_198,keeshond,leonberger,0.44663912,"leonberger, yorkshire_terrier, english_cocker_spaniel, havanese, keeshond",False,True
Siamese_133,Siamese,Siamese,0.5484642,"Siamese, Birman, Ragdoll, chihuahua, pomeranian",True,True
samoyed_134,samoyed,great_pyrenees,0.6781336,"great_pyrenees, samoyed, american_bulldog, pomeranian, american_pit_bull_terrier",False,True
miniature_pinscher_28,miniature_pinscher,shiba_inu,0.72791654,"shiba_inu, beagle, american_pit_bull_terrier, chihuahua, american_bulldog",False,False
newfoundland_110,newfoundland,newfoundland,0.9552404,"newfoundland, scottish_terrier, leonberger, Bombay, english_cocker_spaniel",True,True
Bombay_2,Bombay,Bombay,0.5672415,"Bombay, British_Shorthair, Russian_Blue, Abyssinian, Sphynx",True,True
american_pit_bull_terrier_116,american_pit_bull_terrier,boxer,0.31861126,"boxer, english_cocker_spaniel, newfoundland, staffordshire_bull_terrier, basset_hound",False,False
beagle_194,beagle,basset_hound,0.6376395,"basset_hound, boxer, beagle, saint_bernard, american_pit_bull_terrier",False,True
german_shorthaired_145,german_shorthaired,english_cocker_spaniel,0.5629661,"english_cocker_spaniel, english_setter, staffordshire_bull_terrier, german_shorthaired, boxer",False,True
yorkshire_terrier_119,yorkshire_terrier,leonberger,0.47004,"leonberger, wheaten_terrier, havanese, yorkshire_terrier, newfoundland",False,True
yorkshire_terrier_106,yorkshire_terrier,havanese,0.42094678,"havanese, wheaten_terrier, leonberger, keeshond, yorkshire_terrier",False,True
american_bulldog_34,american_bulldog,american_bulldog,0.6453987,"american_bulldog, american_pit_bull_terrier, staffordshire_bull_terrier, beagle, chihuahua",True,True
american_pit_bull_terrier_99,american_pit_bull_terrier,chihuahua,0.30499277,"chihuahua, Sphynx, boxer, Abyssinian, miniature_pinscher",False,False
scottish_terrier_178,scottish_terrier,pug,0.30524954,"pug, american_bulldog, staffordshire_bull_terrier, american_pit_bull_terrier, boxer",False,False
american_pit_bull_terrier_101,american_pit_bull_terrier,basset_hound,0.21606301,"basset_hound, beagle, american_pit_bull_terrier, saint_bernard, german_shorthaired",False,True
Maine_Coon_28,Maine_Coon,pug,0.13988295,"pug, german_shorthaired, Egyptian_Mau, Bengal, english_cocker_spaniel",False,False
staffordshire_bull_terrier_143,staffordshire_bull_terrier,american_bulldog,0.41741553,"american_bulldog, pug, Siamese, japanese_chin, chihuahua",False,False
staffordshire_bull_terrier_120,staffordshire_bull_terrier,staffordshire_bull_terrier,0.3029798,"staffordshire_bull_terrier, german_shorthaired, english_cocker_spaniel, scottish_terrier, american_pit_bull_terrier",True,True
scottish_terrier_96,scottish_terrier,wheaten_terrier,0.4588496,"wheaten_terrier, havanese, leonberger, keeshond, yorkshire_terrier",False,False
staffordshire_bull_terrier_176,staffordshire_bull_terrier,staffordshire_bull_terrier,0.45537892,"staffordshire_bull_terrier, boxer, german_shorthaired, miniature_pinscher, american_pit_bull_terrier",True,True
Abyssinian_117,Abyssinian,Abyssinian,0.46268788,"Abyssinian, Sphynx, Russian_Blue, British_Shorthair, chihuahua",True,True
chihuahua_75,chihuahua,chihuahua,0.20108727,"chihuahua, pug, american_bulldog, Ragdoll, Siamese",True,True
pomeranian_167,pomeranian,leonberger,0.23773816,"leonberger, american_pit_bull_terrier, yorkshire_terrier, chihuahua, staffordshire_bull_terrier",False,False
Bombay_157,Bombay,Bombay,0.9267513,"Bombay, Siamese, scottish_terrier, newfoundland, Russian_Blue",True,True
american_bulldog_93,american_bulldog,american_bulldog,0.23802796,"american_bulldog, Sphynx, american_pit_bull_terrier, chihuahua, samoyed",True,True
newfoundland_166,newfoundland,newfoundland,0.82436013,"newfoundland, leonberger, wheaten_terrier, yorkshire_terrier, scottish_terrier",True,True
havanese_89,havanese,havanese,0.73345625,"havanese, wheaten_terrier, english_setter, yorkshire_terrier, english_cocker_spaniel",True,True
Maine_Coon_3,Maine_Coon,english_setter,0.80297965,"english_setter, english_cocker_spaniel, Bengal, pug, yorkshire_terrier",False,False
german_shorthaired_107,german_shorthaired,german_shorthaired,0.65375894,"german_shorthaired, boxer, english_cocker_spaniel, staffordshire_bull_terrier, basset_hound",True,True
american_pit_bull_terrier_8,american_pit_bull_terrier,beagle,0.40232337,"beagle, american_pit_bull_terrier, american_bulldog, chihuahua, Sphynx",False,True
Bombay_121,Bombay,Bombay,0.9668747,"Bombay, scottish_terrier, Siamese, newfoundland, Russian_Blue",True,True
Bombay_130,Bombay,Bombay,0.9815278,"Bombay, Siamese, scottish_terrier, miniature_pinscher, boxer",True,True
miniature_pinscher_108,miniature_pinscher,miniature_pinscher,0.9836969,"miniature_pinscher, chihuahua, shiba_inu, american_pit_bull_terrier, Sphynx",True,True
Bengal_105,Bengal,german_shorthaired,0.44928735,"german_shorthaired, Egyptian_Mau, Bengal, pug, scottish_terrier",False,True
pomeranian_35,pomeranian,pomeranian,0.36245942,"pomeranian, Ragdoll, samoyed, Persian, great_pyrenees",True,True
havanese_148,havanese,english_setter,0.44576457,"english_setter, english_cocker_spaniel, havanese, japanese_chin, saint_bernard",False,True
japanese_chin_138,japanese_chin,pomeranian,0.5149897,"pomeranian, japanese_chin, havanese, Ragdoll, Persian",False,True
samoyed_71,samoyed,samoyed,0.57209057,"samoyed, great_pyrenees, american_bulldog, shiba_inu, pomeranian",True,True
english_setter_25,english_setter,english_setter,0.9402247,"english_setter, english_cocker_spaniel, havanese, wheaten_terrier, great_pyrenees",True,True
japanese_chin_124,japanese_chin,japanese_chin,0.65414536,"japanese_chin, english_setter, pomeranian, Ragdoll, saint_bernard",True,True
Abyssinian_148,Abyssinian,Abyssinian,0.69705546,"Abyssinian, British_Shorthair, Bengal, Maine_Coon, Russian_Blue",True,True
miniature_pinscher_174,miniature_pinscher,german_shorthaired,0.4864558,"german_shorthaired, english_cocker_spaniel, boxer, basset_hound, staffordshire_bull_terrier",False,False
Egyptian_Mau_182,Egyptian_Mau,Egyptian_Mau,0.6443869,"Egyptian_Mau, Maine_Coon, Bengal, english_setter, Persian",True,True
wheaten_terrier_77,wheaten_terrier,British_Shorthair,0.28790537,"British_Shorthair, Russian_Blue, wheaten_terrier, keeshond, samoyed",False,True
newfoundland_60,newfoundland,newfoundland,0.42430586,"newfoundland, japanese_chin, Bombay, scottish_terrier, leonberger",True,True
pomeranian_187,pomeranian,pomeranian,0.77961814,"pomeranian, shiba_inu, Persian, chihuahua, Ragdoll",True,True
havanese_183,havanese,Ragdoll,0.23189364,"Ragdoll, japanese_chin, pomeranian, havanese, Persian",False,True
British_Shorthair_161,British_Shorthair,Abyssinian,0.43587917,"Abyssinian, Maine_Coon, Sphynx, Ragdoll, Persian",False,False
Sphynx_232,Sphynx,pug,0.41235074,"pug, american_bulldog, staffordshire_bull_terrier, american_pit_bull_terrier, boxer",False,False
beagle_186,beagle,beagle,0.7560348,"beagle, saint_bernard, basset_hound, american_bulldog, american_pit_bull_terrier",True,True
Bengal_10,Bengal,Bengal,0.5573643,"Bengal, german_shorthaired, english_setter, Maine_Coon, Egyptian_Mau",True,True
Siamese_30,Siamese,Siamese,0.78581387,"Siamese, miniature_pinscher, chihuahua, Sphynx, Birman",True,True
wheaten_terrier_103,wheaten_terrier,havanese,0.37793267,"havanese, wheaten_terrier, keeshond, leonberger, Persian",False,True
Ragdoll_180,Ragdoll,Ragdoll,0.17431857,"Ragdoll, Persian, havanese, keeshond, great_pyrenees",True,True
Bengal_54,Bengal,Bengal,0.4956977,"Bengal, german_shorthaired, english_cocker_spaniel, english_setter, Egyptian_Mau",True,True
scottish_terrier_84,scottish_terrier,Maine_Coon,0.4060146,"Maine_Coon, yorkshire_terrier, scottish_terrier, newfoundland, english_cocker_spaniel",False,True
British_Shorthair_31,British_Shorthair,British_Shorthair,0.4063919,"British_Shorthair, Russian_Blue, Siamese, Ragdoll, Sphynx",True,True
english_setter_184,english_setter,english_setter,0.45108765,"english_setter, Bengal, english_cocker_spaniel, german_shorthaired, wheaten_terrier",True,True
japanese_chin_39,japanese_chin,saint_bernard,0.8092016,"saint_bernard, japanese_chin, american_bulldog, beagle, american_pit_bull_terrier",False,True
Siamese_181,Siamese,Birman,0.48966628,"Birman, Siamese, Ragdoll, keeshond, chihuahua",False,True
german_shorthaired_159,german_shorthaired,staffordshire_bull_terrier,0.23864248,"staffordshire_bull_terrier, basset_hound, german_shorthaired, american_bulldog, american_pit_bull_terrier",False,True
Bombay_150,Bombay,Bombay,0.9522493,"Bombay, Siamese, Russian_Blue, scottish_terrier, miniature_pinscher",True,True
miniature_pinscher_117,miniature_pinscher,boxer,0.41025078,"boxer, miniature_pinscher, staffordshire_bull_terrier, chihuahua, american_pit_bull_terrier",False,True
Egyptian_Mau_48,Egyptian_Mau,Bengal,0.43654156,"Bengal, boxer, Maine_Coon, Egyptian_Mau, german_shorthaired",False,True
Birman_36,Birman,Ragdoll,0.57456493,"Ragdoll, Birman, Siamese, chihuahua, pomeranian",False,True
Ragdoll_133,Ragdoll,Persian,0.43588054,"Persian, Ragdoll, Maine_Coon, Sphynx, Birman",False,True
american_pit_bull_terrier_48,american_pit_bull_terrier,Abyssinian,0.417435,"Abyssinian, Bengal, american_pit_bull_terrier, Maine_Coon, Sphynx",False,True
chihuahua_57,chihuahua,Sphynx,0.36731383,"Sphynx, chihuahua, beagle, american_bulldog, american_pit_bull_terrier",False,True
basset_hound_69,basset_hound,basset_hound,0.6822329,"basset_hound, boxer, saint_bernard, beagle, german_shorthaired",True,True
great_pyrenees_179,great_pyrenees,great_pyrenees,0.50994736,"great_pyrenees, samoyed, pomeranian, american_bulldog, Persian",True,True
samoyed_152,samoyed,samoyed,0.8644184,"samoyed, great_pyrenees, pomeranian, shiba_inu, american_bulldog",True,True
Bengal_113,Bengal,Bengal,0.9254173,"Bengal, Maine_Coon, Egyptian_Mau, Abyssinian, miniature_pinscher",True,True
newfoundland_119,newfoundland,english_cocker_spaniel,0.18123211,"english_cocker_spaniel, saint_bernard, staffordshire_bull_terrier, japanese_chin, boxer",False,False
Maine_Coon_38,Maine_Coon,Maine_Coon,0.47249365,"Maine_Coon, Persian, wheaten_terrier, Abyssinian, Egyptian_Mau",True,True
shiba_inu_124,shiba_inu,english_cocker_spaniel,0.16449986,"english_cocker_spaniel, american_pit_bull_terrier, leonberger, boxer, basset_hound",False,False
pug_189,pug,staffordshire_bull_terrier,0.1822687,"staffordshire_bull_terrier, boxer, american_pit_bull_terrier, german_shorthaired, english_cocker_spaniel",False,False
Abyssinian_165,Abyssinian,Abyssinian,0.5940122,"Abyssinian, Maine_Coon, British_Shorthair, Bengal, Sphynx",True,True
samoyed_192,samoyed,great_pyrenees,0.5684455,"great_pyrenees, samoyed, havanese, pomeranian, keeshond",False,True
newfoundland_10,newfoundland,leonberger,0.3912316,"leonberger, staffordshire_bull_terrier, newfoundland, english_cocker_spaniel, scottish_terrier",False,True
samoyed_129,samoyed,pomeranian,0.45693523,"pomeranian, samoyed, shiba_inu, great_pyrenees, Ragdoll",False,True
Egyptian_Mau_139,Egyptian_Mau,Egyptian_Mau,0.98069155,"Egyptian_Mau, Maine_Coon, Bengal, english_setter, german_shorthaired",True,True
american_pit_bull_terrier_46,american_pit_bull_terrier,staffordshire_bull_terrier,0.33381528,"staffordshire_bull_terrier, american_bulldog, boxer, pug, american_pit_bull_terrier",False,True
great_pyrenees_47,great_pyrenees,samoyed,0.20012523,"samoyed, Ragdoll, pomeranian, american_bulldog, chihuahua",False,False
beagle_127,beagle,basset_hound,0.38073736,"basset_hound, beagle, boxer, saint_bernard, american_pit_bull_terrier",False,True
yorkshire_terrier_49,yorkshire_terrier,yorkshire_terrier,0.37839934,"yorkshire_terrier, wheaten_terrier, english_cocker_spaniel, english_setter, havanese",True,True
japanese_chin_79,japanese_chin,japanese_chin,0.6572321,"japanese_chin, saint_bernard, yorkshire_terrier, pomeranian, english_cocker_spaniel",True,True
Maine_Coon_21,Maine_Coon,pomeranian,0.2514305,"pomeranian, Maine_Coon, chihuahua, shiba_inu, japanese_chin",False,True
yorkshire_terrier_160,yorkshire_terrier,yorkshire_terrier,0.8457724,"yorkshire_terrier, english_cocker_spaniel, leonberger, Maine_Coon, wheaten_terrier",True,True
german_shorthaired_191,german_shorthaired,newfoundland,0.15062355,"newfoundland, Maine_Coon, scottish_terrier, Bombay, Persian",False,False
american_bulldog_91,american_bulldog,miniature_pinscher,0.25170955,"miniature_pinscher, staffordshire_bull_terrier, boxer, american_pit_bull_terrier, leonberger",False,False
Abyssinian_153,Abyssinian,yorkshire_terrier,0.2603578,"yorkshire_terrier, leonberger, Abyssinian, boxer, miniature_pinscher",False,True
great_pyrenees_118,great_pyrenees,Ragdoll,0.2173602,"Ragdoll, Persian, Maine_Coon, samoyed, havanese",False,False
Sphynx_130,Sphynx,Sphynx,0.16529594,"Sphynx, american_pit_bull_terrier, boxer, chihuahua, miniature_pinscher",True,True
Maine_Coon_192,Maine_Coon,Maine_Coon,0.26637372,"Maine_Coon, Bengal, yorkshire_terrier, Abyssinian, shiba_inu",True,True
chihuahua_94,chihuahua,Bombay,0.94063455,"Bombay, Sphynx, Siamese, Abyssinian, miniature_pinscher",False,False
keeshond_65,keeshond,British_Shorthair,0.37356615,"British_Shorthair, Persian, keeshond, Russian_Blue, newfoundland",False,True
Egyptian_Mau_33,Egyptian_Mau,Egyptian_Mau,0.88710165,"Egyptian_Mau, Maine_Coon, Persian, english_setter, wheaten_terrier",True,True
saint_bernard_177,saint_bernard,beagle,0.49741313,"beagle, basset_hound, saint_bernard, boxer, american_pit_bull_terrier",False,True
Abyssinian_141,Abyssinian,shiba_inu,0.3309713,"shiba_inu, Maine_Coon, chihuahua, american_pit_bull_terrier, Abyssinian",False,True
scottish_terrier_33,scottish_terrier,scottish_terrier,0.5444138,"scottish_terrier, yorkshire_terrier, Maine_Coon, Bombay, english_cocker_spaniel",True,True
Bengal_92,Bengal,Bengal,0.47589076,"Bengal, german_shorthaired, Maine_Coon, Egyptian_Mau, Abyssinian",True,True
japanese_chin_192,japanese_chin,japanese_chin,0.81183106,"japanese_chin, saint_bernard, beagle, pomeranian, Ragdoll",True,True
Egyptian_Mau_133,Egyptian_Mau,Egyptian_Mau,0.86295193,"Egyptian_Mau, english_setter, Bengal, Maine_Coon, german_shorthaired",True,True
japanese_chin_85,japanese_chin,english_setter,0.24143873,"english_setter, english_cocker_spaniel, japanese_chin, pomeranian, wheaten_terrier",False,True
great_pyrenees_120,great_pyrenees,great_pyrenees,0.39182162,"great_pyrenees, pomeranian, samoyed, havanese, Persian",True,True
great_pyrenees_6,great_pyrenees,japanese_chin,0.24362276,"japanese_chin, pomeranian, great_pyrenees, havanese, english_setter",False,True
Sphynx_189,Sphynx,Sphynx,0.6742067,"Sphynx, chihuahua, Abyssinian, miniature_pinscher, Siamese",True,True
Bengal_193,Bengal,Bengal,0.5003836,"Bengal, Egyptian_Mau, Maine_Coon, german_shorthaired, english_setter",True,True
japanese_chin_162,japanese_chin,japanese_chin,0.8434075,"japanese_chin, saint_bernard, pomeranian, beagle, shiba_inu",True,True
Russian_Blue_211,Russian_Blue,British_Shorthair,0.61767703,"British_Shorthair, Russian_Blue, Abyssinian, Ragdoll, Siamese",False,True
Bombay_49,Bombay,Bombay,0.94167936,"Bombay, scottish_terrier, Siamese, newfoundland, miniature_pinscher",True,True
english_setter_45,english_setter,english_setter,0.3458703,"english_setter, english_cocker_spaniel, havanese, yorkshire_terrier, leonberger",True,True
german_shorthaired_65,german_shorthaired,staffordshire_bull_terrier,0.15544032,"staffordshire_bull_terrier, boxer, miniature_pinscher, leonberger, american_pit_bull_terrier",False,False
Russian_Blue_30,Russian_Blue,British_Shorthair,0.6259943,"British_Shorthair, Russian_Blue, keeshond, scottish_terrier, Bombay",False,True
Persian_152,Persian,Persian,0.65972626,"Persian, Maine_Coon, Abyssinian, wheaten_terrier, Ragdoll",True,True
pomeranian_144,pomeranian,pomeranian,0.57167625,"pomeranian, Persian, wheaten_terrier, shiba_inu, chihuahua",True,True
havanese_107,havanese,havanese,0.23247653,"havanese, wheaten_terrier, english_setter, american_pit_bull_terrier, great_pyrenees",True,True
Maine_Coon_105,Maine_Coon,Maine_Coon,0.3489557,"Maine_Coon, keeshond, Persian, Abyssinian, Bengal",True,True
Abyssinian_6,Abyssinian,Abyssinian,0.7330511,"Abyssinian, Maine_Coon, Bengal, Sphynx, miniature_pinscher",True,True
german_shorthaired_94,german_shorthaired,german_shorthaired,0.46571502,"german_shorthaired, boxer, pug, staffordshire_bull_terrier, basset_hound",True,True
Siamese_39,Siamese,Siamese,0.44938987,"Siamese, Birman, Ragdoll, keeshond, Bombay",True,True
British_Shorthair_144,British_Shorthair,British_Shorthair,0.5027349,"British_Shorthair, Russian_Blue, Siamese, Ragdoll, samoyed",True,True
great_pyrenees_88,great_pyrenees,Persian,0.36653802,"Persian, samoyed, great_pyrenees, Ragdoll, scottish_terrier",False,True
Sphynx_191,Sphynx,chihuahua,0.5097585,"chihuahua, Sphynx, beagle, american_pit_bull_terrier, miniature_pinscher",False,True
yorkshire_terrier_51,yorkshire_terrier,japanese_chin,0.22698481,"japanese_chin, leonberger, english_cocker_spaniel, yorkshire_terrier, pomeranian",False,True
wheaten_terrier_87,wheaten_terrier,Maine_Coon,0.19095281,"Maine_Coon, Persian, Ragdoll, pomeranian, yorkshire_terrier",False,False
american_pit_bull_terrier_40,american_pit_bull_terrier,american_bulldog,0.43762356,"american_bulldog, american_pit_bull_terrier, staffordshire_bull_terrier, great_pyrenees, german_shorthaired",False,True
Abyssinian_202,Abyssinian,Abyssinian,0.5266357,"Abyssinian, american_pit_bull_terrier, shiba_inu, Sphynx, wheaten_terrier",True,True
keeshond_82,keeshond,keeshond,0.81581056,"keeshond, leonberger, yorkshire_terrier, havanese, scottish_terrier",True,True
shiba_inu_158,shiba_inu,Abyssinian,0.25988346,"Abyssinian, Sphynx, Maine_Coon, chihuahua, Ragdoll",False,False
great_pyrenees_150,great_pyrenees,havanese,0.48929536,"havanese, great_pyrenees, wheaten_terrier, japanese_chin, english_setter",False,True
havanese_119,havanese,havanese,0.36638677,"havanese, english_cocker_spaniel, english_setter, staffordshire_bull_terrier, pug",True,True
wheaten_terrier_78,wheaten_terrier,havanese,0.41422912,"havanese, english_setter, english_cocker_spaniel, wheaten_terrier, yorkshire_terrier",False,True
boxer_195,boxer,boxer,0.38424358,"boxer, basset_hound, english_cocker_spaniel, german_shorthaired, english_setter",True,True
Bengal_26,Bengal,Egyptian_Mau,0.36040598,"Egyptian_Mau, Maine_Coon, Abyssinian, Sphynx, Persian",False,False
japanese_chin_150,japanese_chin,saint_bernard,0.47396833,"saint_bernard, japanese_chin, beagle, basset_hound, american_bulldog",False,True
leonberger_119,leonberger,leonberger,0.6116775,"leonberger, keeshond, newfoundland, staffordshire_bull_terrier, wheaten_terrier",True,True
Ragdoll_75,Ragdoll,Ragdoll,0.8234685,"Ragdoll, Siamese, Birman, Maine_Coon, Persian",True,True
german_shorthaired_150,german_shorthaired,staffordshire_bull_terrier,0.39580035,"staffordshire_bull_terrier, german_shorthaired, american_bulldog, basset_hound, american_pit_bull_terrier",False,True
keeshond_162,keeshond,keeshond,0.8501503,"keeshond, leonberger, Ragdoll, havanese, Siamese",True,True
Persian_268,Persian,Ragdoll,0.44258466,"Ragdoll, Persian, pomeranian, Birman, samoyed",False,True
Russian_Blue_12,Russian_Blue,Russian_Blue,0.48419848,"Russian_Blue, British_Shorthair, Abyssinian, Sphynx, Ragdoll",True,True
Bengal_53,Bengal,english_cocker_spaniel,0.38622946,"english_cocker_spaniel, yorkshire_terrier, Bengal, english_setter, Maine_Coon",False,True
great_pyrenees_117,great_pyrenees,great_pyrenees,0.38313827,"great_pyrenees, samoyed, pomeranian, american_bulldog, wheaten_terrier",True,True
chihuahua_76,chihuahua,chihuahua,0.46980253,"chihuahua, Sphynx, shiba_inu, american_pit_bull_terrier, Abyssinian",True,True
saint_bernard_40,saint_bernard,saint_bernard,0.75565827,"saint_bernard, basset_hound, japanese_chin, beagle, boxer",True,True
pug_176,pug,pug,0.5989037,"pug, chihuahua, staffordshire_bull_terrier, boxer, american_bulldog",True,True
Bengal_94,Bengal,Bengal,0.7465332,"Bengal, Abyssinian, miniature_pinscher, boxer, german_shorthaired",True,True
american_pit_bull_terrier_64,american_pit_bull_terrier,american_pit_bull_terrier,0.23046032,"american_pit_bull_terrier, chihuahua, shiba_inu, beagle, staffordshire_bull_terrier",True,True
yorkshire_terrier_178,yorkshire_terrier,boxer,0.125475,"boxer, american_pit_bull_terrier, yorkshire_terrier, shiba_inu, leonberger",False,True
saint_bernard_152,saint_bernard,saint_bernard,0.74018115,"saint_bernard, japanese_chin, english_cocker_spaniel, basset_hound, staffordshire_bull_terrier",True,True
german_shorthaired_122,german_shorthaired,german_shorthaired,0.14335841,"german_shorthaired, scottish_terrier, staffordshire_bull_terrier, american_pit_bull_terrier, boxer",True,True
beagle_171,beagle,chihuahua,0.32738656,"chihuahua, beagle, miniature_pinscher, boxer, basset_hound",False,True
Birman_23,Birman,Birman,0.437783,"Birman, Ragdoll, keeshond, Siamese, pomeranian",True,True
Siamese_225,Siamese,shiba_inu,0.41804612,"shiba_inu, chihuahua, Ragdoll, Sphynx, Birman",False,False
wheaten_terrier_46,wheaten_terrier,wheaten_terrier,0.3682808,"wheaten_terrier, great_pyrenees, american_pit_bull_terrier, english_cocker_spaniel, newfoundland",True,True
great_pyrenees_3,great_pyrenees,american_bulldog,0.38145652,"american_bulldog, great_pyrenees, american_pit_bull_terrier, samoyed, beagle",False,True
english_cocker_spaniel_160,english_cocker_spaniel,saint_bernard,0.14771692,"saint_bernard, chihuahua, english_cocker_spaniel, american_pit_bull_terrier, english_setter",False,True
Russian_Blue_62,Russian_Blue,Russian_Blue,0.31611925,"Russian_Blue, British_Shorthair, Sphynx, chihuahua, pug",True,True
Abyssinian_146,Abyssinian,Abyssinian,0.35389882,"Abyssinian, Maine_Coon, Bengal, Persian, shiba_inu",True,True
Siamese_198,Siamese,chihuahua,0.18485364,"chihuahua, american_pit_bull_terrier, Siamese, miniature_pinscher, shiba_inu",False,True
pug_43,pug,pug,0.9271559,"pug, english_setter, american_bulldog, english_cocker_spaniel, american_pit_bull_terrier",True,True
Russian_Blue_194,Russian_Blue,Russian_Blue,0.5413575,"Russian_Blue, British_Shorthair, Abyssinian, Bombay, Siamese",True,True
american_pit_bull_terrier_4,american_pit_bull_terrier,staffordshire_bull_terrier,0.3630234,"staffordshire_bull_terrier, boxer, american_pit_bull_terrier, leonberger, german_shorthaired",False,True
Bengal_118,Bengal,Egyptian_Mau,0.7075311,"Egyptian_Mau, Bengal, Maine_Coon, Abyssinian, Persian",False,True
american_bulldog_25,american_bulldog,american_bulldog,0.46165177,"american_bulldog, pug, staffordshire_bull_terrier, american_pit_bull_terrier, saint_bernard",True,True
yorkshire_terrier_44,yorkshire_terrier,english_cocker_spaniel,0.247789,"english_cocker_spaniel, wheaten_terrier, yorkshire_terrier, german_shorthaired, Bengal",False,True
yorkshire_terrier_132,yorkshire_terrier,yorkshire_terrier,0.40221578,"yorkshire_terrier, wheaten_terrier, Maine_Coon, havanese, Persian",True,True
Persian_97,Persian,Persian,0.75627583,"Persian, Maine_Coon, samoyed, Ragdoll, pomeranian",True,True
beagle_101,beagle,saint_bernard,0.4047005,"saint_bernard, beagle, basset_hound, american_pit_bull_terrier, american_bulldog",False,True
newfoundland_2,newfoundland,newfoundland,0.53507847,"newfoundland, scottish_terrier, english_cocker_spaniel, yorkshire_terrier, leonberger",True,True
havanese_124,havanese,wheaten_terrier,0.46810612,"wheaten_terrier, havanese, great_pyrenees, scottish_terrier, keeshond",False,True
saint_bernard_100,saint_bernard,saint_bernard,0.69977254,"saint_bernard, japanese_chin, basset_hound, leonberger, beagle",True,True
english_setter_148,english_setter,english_setter,0.6029345,"english_setter, english_cocker_spaniel, yorkshire_terrier, havanese, wheaten_terrier",True,True
Bengal_144,Bengal,Abyssinian,0.15933335,"Abyssinian, Bengal, Maine_Coon, Sphynx, Egyptian_Mau",False,True
basset_hound_70,basset_hound,boxer,0.46973908,"boxer, basset_hound, miniature_pinscher, beagle, german_shorthaired",False,True
chihuahua_166,chihuahua,staffordshire_bull_terrier,0.49537155,"staffordshire_bull_terrier, american_pit_bull_terrier, miniature_pinscher, boxer, german_shorthaired",False,False
Birman_107,Birman,Birman,0.7533952,"Birman, Ragdoll, Siamese, japanese_chin, pomeranian",True,True
yorkshire_terrier_54,yorkshire_terrier,yorkshire_terrier,0.87775874,"yorkshire_terrier, leonberger, keeshond, havanese, english_cocker_spaniel",True,True
english_setter_173,english_setter,pug,0.22317529,"pug, english_setter, Bengal, Maine_Coon, Egyptian_Mau",False,True
great_pyrenees_103,great_pyrenees,great_pyrenees,0.9730627,"great_pyrenees, havanese, samoyed, wheaten_terrier, pomeranian",True,True
yorkshire_terrier_14,yorkshire_terrier,yorkshire_terrier,0.8322702,"yorkshire_terrier, chihuahua, english_cocker_spaniel, Maine_Coon, miniature_pinscher",True,True
saint_bernard_37,saint_bernard,saint_bernard,0.36214906,"saint_bernard, american_pit_bull_terrier, beagle, basset_hound, staffordshire_bull_terrier",True,True
Maine_Coon_106,Maine_Coon,Abyssinian,0.49189603,"Abyssinian, shiba_inu, Maine_Coon, pomeranian, chihuahua",False,True
Ragdoll_45,Ragdoll,Persian,0.40287033,"Persian, Maine_Coon, keeshond, Ragdoll, pomeranian",False,True
Maine_Coon_127,Maine_Coon,english_cocker_spaniel,0.21383248,"english_cocker_spaniel, wheaten_terrier, havanese, yorkshire_terrier, english_setter",False,False
British_Shorthair_67,British_Shorthair,Russian_Blue,0.39162648,"Russian_Blue, British_Shorthair, Egyptian_Mau, Maine_Coon, Abyssinian",False,True
Bengal_67,Bengal,British_Shorthair,0.25128016,"British_Shorthair, Russian_Blue, scottish_terrier, newfoundland, Abyssinian",False,False
wheaten_terrier_119,wheaten_terrier,Bengal,0.43151063,"Bengal, Maine_Coon, yorkshire_terrier, english_cocker_spaniel, miniature_pinscher",False,False
great_pyrenees_196,great_pyrenees,american_bulldog,0.29904985,"american_bulldog, american_pit_bull_terrier, saint_bernard, pug, japanese_chin",False,False
english_setter_149,english_setter,great_pyrenees,0.39317772,"great_pyrenees, havanese, english_setter, wheaten_terrier, american_bulldog",False,True
american_pit_bull_terrier_37,american_pit_bull_terrier,american_pit_bull_terrier,0.3412954,"american_pit_bull_terrier, beagle, basset_hound, boxer, shiba_inu",True,True
pomeranian_10,pomeranian,pomeranian,0.46438593,"pomeranian, shiba_inu, chihuahua, Ragdoll, Birman",True,True
leonberger_76,leonberger,keeshond,0.49877426,"keeshond, leonberger, japanese_chin, pomeranian, Birman",False,True
Siamese_233,Siamese,Siamese,0.70667845,"Siamese, Birman, Ragdoll, keeshond, Bombay",True,True
leonberger_96,leonberger,leonberger,0.34617049,"leonberger, keeshond, wheaten_terrier, staffordshire_bull_terrier, havanese",True,True
newfoundland_54,newfoundland,scottish_terrier,0.5390806,"scottish_terrier, newfoundland, wheaten_terrier, Bombay, havanese",False,True
english_setter_8,english_setter,japanese_chin,0.42422825,"japanese_chin, Ragdoll, pomeranian, beagle, Birman",False,False
Ragdoll_127,Ragdoll,pomeranian,0.6649449,"pomeranian, Birman, Ragdoll, Persian, keeshond",False,True
newfoundland_30,newfoundland,newfoundland,0.7504716,"newfoundland, leonberger, staffordshire_bull_terrier, scottish_terrier, wheaten_terrier",True,True
japanese_chin_133,japanese_chin,beagle,0.3067369,"beagle, chihuahua, shiba_inu, japanese_chin, pomeranian",False,True
Persian_41,Persian,keeshond,0.6974685,"keeshond, Ragdoll, Maine_Coon, Birman, Persian",False,True
Siamese_77,Siamese,japanese_chin,0.668489,"japanese_chin, saint_bernard, boxer, pug, miniature_pinscher",False,False
samoyed_18,samoyed,samoyed,0.44013152,"samoyed, great_pyrenees, pomeranian, Ragdoll, Persian",True,True
saint_bernard_7,saint_bernard,basset_hound,0.23615247,"basset_hound, saint_bernard, english_cocker_spaniel, american_pit_bull_terrier, beagle",False,True
Maine_Coon_76,Maine_Coon,Maine_Coon,0.9110233,"Maine_Coon, Persian, Ragdoll, japanese_chin, yorkshire_terrier",True,True
great_pyrenees_86,great_pyrenees,havanese,0.67725813,"havanese, keeshond, leonberger, pug, english_setter",False,False
english_setter_88,english_setter,english_cocker_spaniel,0.46320462,"english_cocker_spaniel, english_setter, havanese, pug, scottish_terrier",False,True
leonberger_65,leonberger,leonberger,0.4433185,"leonberger, boxer, american_pit_bull_terrier, english_cocker_spaniel, wheaten_terrier",True,True
pomeranian_52,pomeranian,pomeranian,0.789744,"pomeranian, Ragdoll, japanese_chin, Birman, shiba_inu",True,True
Ragdoll_201,Ragdoll,Birman,0.36094472,"Birman, Ragdoll, pomeranian, Siamese, japanese_chin",False,True
wheaten_terrier_55,wheaten_terrier,wheaten_terrier,0.3649664,"wheaten_terrier, american_pit_bull_terrier, english_cocker_spaniel, yorkshire_terrier, Abyssinian",True,True
american_bulldog_205,american_bulldog,american_bulldog,0.74738955,"american_bulldog, american_pit_bull_terrier, chihuahua, Sphynx, beagle",True,True
saint_bernard_108,saint_bernard,english_cocker_spaniel,0.50566655,"english_cocker_spaniel, english_setter, wheaten_terrier, yorkshire_terrier, american_pit_bull_terrier",False,False
pomeranian_84,pomeranian,pomeranian,0.5616124,"pomeranian, japanese_chin, Ragdoll, Birman, saint_bernard",True,True
Bengal_99,Bengal,Bengal,0.73963726,"Bengal, miniature_pinscher, Abyssinian, boxer, Maine_Coon",True,True
Abyssinian_79,Abyssinian,wheaten_terrier,0.106178544,"wheaten_terrier, yorkshire_terrier, american_pit_bull_terrier, keeshond, scottish_terrier",False,False
miniature_pinscher_36,miniature_pinscher,boxer,0.22208895,"boxer, leonberger, miniature_pinscher, staffordshire_bull_terrier, newfoundland",False,True
miniature_pinscher_167,miniature_pinscher,miniature_pinscher,0.5201744,"miniature_pinscher, Bombay, Siamese, yorkshire_terrier, chihuahua",True,True
samoyed_191,samoyed,havanese,0.19272321,"havanese, pug, american_bulldog, english_cocker_spaniel, english_setter",False,False
Bombay_89,Bombay,Bombay,0.8386108,"Bombay, Siamese, scottish_terrier, Birman, Sphynx",True,True
Persian_267,Persian,Persian,0.66681707,"Persian, Maine_Coon, wheaten_terrier, Abyssinian, Ragdoll",True,True
boxer_171,boxer,beagle,0.67896956,"beagle, basset_hound, saint_bernard, boxer, chihuahua",False,True
Maine_Coon_24,Maine_Coon,Maine_Coon,0.49188524,"Maine_Coon, Abyssinian, yorkshire_terrier, Persian, shiba_inu",True,True
pug_98,pug,pug,0.77893513,"pug, staffordshire_bull_terrier, boxer, english_setter, english_cocker_spaniel",True,True
Birman_150,Birman,Ragdoll,0.323275,"Ragdoll, Birman, japanese_chin, Siamese, pomeranian",False,True
samoyed_161,samoyed,samoyed,0.5941589,"samoyed, great_pyrenees, american_bulldog, wheaten_terrier, pomeranian",True,True
havanese_178,havanese,havanese,0.59307665,"havanese, yorkshire_terrier, english_cocker_spaniel, scottish_terrier, leonberger",True,True
german_shorthaired_45,german_shorthaired,english_cocker_spaniel,0.2957559,"english_cocker_spaniel, german_shorthaired, english_setter, american_pit_bull_terrier, wheaten_terrier",False,True
yorkshire_terrier_75,yorkshire_terrier,yorkshire_terrier,0.5421926,"yorkshire_terrier, leonberger, english_cocker_spaniel, havanese, newfoundland",True,True
keeshond_69,keeshond,keeshond,0.44553348,"keeshond, scottish_terrier, Persian, wheaten_terrier, Ragdoll",True,True
Ragdoll_235,Ragdoll,Siamese,0.26740456,"Siamese, Ragdoll, Birman, pug, keeshond",False,True
Bombay_170,Bombay,Bombay,0.6376284,"Bombay, scottish_terrier, newfoundland, Siamese, miniature_pinscher",True,True
pomeranian_158,pomeranian,pomeranian,0.6813217,"pomeranian, Persian, Ragdoll, shiba_inu, samoyed",True,True
english_setter_187,english_setter,great_pyrenees,0.48822275,"great_pyrenees, english_setter, havanese, japanese_chin, english_cocker_spaniel",False,True
wheaten_terrier_49,wheaten_terrier,wheaten_terrier,0.56275594,"wheaten_terrier, havanese, Persian, Maine_Coon, english_setter",True,True
Sphynx_116,Sphynx,Sphynx,0.8212275,"Sphynx, chihuahua, shiba_inu, american_pit_bull_terrier, Abyssinian",True,True
american_pit_bull_terrier_39,american_pit_bull_terrier,basset_hound,0.46320632,"basset_hound, boxer, beagle, american_pit_bull_terrier, saint_bernard",False,True
boxer_120,boxer,newfoundland,0.18669805,"newfoundland, wheaten_terrier, boxer, leonberger, german_shorthaired",False,True
Sphynx_44,Sphynx,Sphynx,0.58023345,"Sphynx, Abyssinian, chihuahua, Ragdoll, Maine_Coon",True,True
beagle_94,beagle,american_pit_bull_terrier,0.223068,"american_pit_bull_terrier, american_bulldog, beagle, great_pyrenees, chihuahua",False,True
Persian_60,Persian,Maine_Coon,0.39263374,"Maine_Coon, Persian, Ragdoll, pomeranian, samoyed",False,True
shiba_inu_196,shiba_inu,shiba_inu,0.85146046,"shiba_inu, american_pit_bull_terrier, beagle, chihuahua, Abyssinian",True,True
Siamese_130,Siamese,chihuahua,0.41570196,"chihuahua, Sphynx, Siamese, Ragdoll, Birman",False,True
yorkshire_terrier_177,yorkshire_terrier,yorkshire_terrier,0.7293354,"yorkshire_terrier, english_cocker_spaniel, scottish_terrier, american_pit_bull_terrier, staffordshire_bull_terrier",True,True
Sphynx_170,Sphynx,Sphynx,0.71134,"Sphynx, Abyssinian, chihuahua, shiba_inu, american_pit_bull_terrier",True,True
pomeranian_75,pomeranian,pomeranian,0.52654916,"pomeranian, japanese_chin, great_pyrenees, samoyed, Birman",True,True
staffordshire_bull_terrier_171,staffordshire_bull_terrier,staffordshire_bull_terrier,0.3478216,"staffordshire_bull_terrier, american_pit_bull_terrier, boxer, german_shorthaired, english_cocker_spaniel",True,True
boxer_27,boxer,english_cocker_spaniel,0.5470262,"english_cocker_spaniel, english_setter, japanese_chin, yorkshire_terrier, saint_bernard",False,False
Bengal_200,Bengal,Bengal,0.9282637,"Bengal, Maine_Coon, Abyssinian, Egyptian_Mau, chihuahua",True,True
keeshond_6,keeshond,keeshond,0.53017646,"keeshond, Ragdoll, Persian, Maine_Coon, Birman",True,True
havanese_195,havanese,english_setter,0.38381067,"english_setter, havanese, english_cocker_spaniel, pug, japanese_chin",False,True
Abyssinian_7,Abyssinian,Abyssinian,0.2260482,"Abyssinian, miniature_pinscher, american_pit_bull_terrier, boxer, Bengal",True,True
yorkshire_terrier_61,yorkshire_terrier,wheaten_terrier,0.29898614,"wheaten_terrier, havanese, yorkshire_terrier, english_cocker_spaniel, leonberger",False,True
Abyssinian_102,Abyssinian,Abyssinian,0.80573195,"Abyssinian, Maine_Coon, Bengal, Sphynx, Egyptian_Mau",True,True
havanese_91,havanese,great_pyrenees,0.5373834,"great_pyrenees, havanese, wheaten_terrier, Persian, samoyed",False,True
pug_44,pug,pug,0.7101111,"pug, american_bulldog, chihuahua, american_pit_bull_terrier, staffordshire_bull_terrier",True,True
Bombay_59,Bombay,Bombay,0.7528348,"Bombay, scottish_terrier, newfoundland, British_Shorthair, keeshond",True,True
boxer_75,boxer,miniature_pinscher,0.56776243,"miniature_pinscher, boxer, basset_hound, german_shorthaired, american_pit_bull_terrier",False,True
Siamese_37,Siamese,Siamese,0.73278046,"Siamese, Birman, keeshond, Ragdoll, chihuahua",True,True
samoyed_98,samoyed,great_pyrenees,0.6019102,"great_pyrenees, samoyed, pomeranian, japanese_chin, saint_bernard",False,True
keeshond_117,keeshond,keeshond,0.32857853,"keeshond, Siamese, Russian_Blue, Birman, Ragdoll",True,True
samoyed_5,samoyed,great_pyrenees,0.36640778,"great_pyrenees, samoyed, wheaten_terrier, Persian, pomeranian",False,True
english_setter_194,english_setter,saint_bernard,0.50776476,"saint_bernard, english_cocker_spaniel, japanese_chin, english_setter, boxer",False,True
Sphynx_223,Sphynx,american_bulldog,0.33194453,"american_bulldog, samoyed, Sphynx, american_pit_bull_terrier, chihuahua",False,True
keeshond_52,keeshond,keeshond,0.9943509,"keeshond, havanese, leonberger, scottish_terrier, newfoundland",True,True
havanese_114,havanese,havanese,0.42275903,"havanese, Persian, wheaten_terrier, Maine_Coon, yorkshire_terrier",True,True
german_shorthaired_34,german_shorthaired,english_cocker_spaniel,0.68826884,"english_cocker_spaniel, english_setter, staffordshire_bull_terrier, havanese, pug",False,False
Sphynx_183,Sphynx,pug,0.24233703,"pug, chihuahua, american_bulldog, american_pit_bull_terrier, staffordshire_bull_terrier",False,False
english_cocker_spaniel_189,english_cocker_spaniel,Abyssinian,0.2570085,"Abyssinian, Sphynx, Maine_Coon, chihuahua, Persian",False,False
Sphynx_119,Sphynx,Sphynx,0.6428825,"Sphynx, Abyssinian, chihuahua, Maine_Coon, Russian_Blue",True,True
Maine_Coon_161,Maine_Coon,Maine_Coon,0.65307444,"Maine_Coon, Bengal, yorkshire_terrier, Egyptian_Mau, Abyssinian",True,True
staffordshire_bull_terrier_166,staffordshire_bull_terrier,american_pit_bull_terrier,0.3161575,"american_pit_bull_terrier, boxer, basset_hound, leonberger, beagle",False,False
english_cocker_spaniel_83,english_cocker_spaniel,english_cocker_spaniel,0.17907646,"english_cocker_spaniel, english_setter, wheaten_terrier, great_pyrenees, japanese_chin",True,True
japanese_chin_60,japanese_chin,english_cocker_spaniel,0.14935996,"english_cocker_spaniel, american_pit_bull_terrier, basset_hound, boxer, beagle",False,False
basset_hound_56,basset_hound,basset_hound,0.3538936,"basset_hound, boxer, beagle, american_pit_bull_terrier, german_shorthaired",True,True
Maine_Coon_128,Maine_Coon,Maine_Coon,0.68108344,"Maine_Coon, Persian, Bengal, Abyssinian, yorkshire_terrier",True,True
chihuahua_187,chihuahua,Siamese,0.39889663,"Siamese, Birman, Ragdoll, chihuahua, miniature_pinscher",False,True
Birman_50,Birman,Birman,0.6035596,"Birman, Siamese, Ragdoll, pomeranian, chihuahua",True,True
Maine_Coon_124,Maine_Coon,Maine_Coon,0.6487796,"Maine_Coon, Persian, havanese, yorkshire_terrier, keeshond",True,True
wheaten_terrier_37,wheaten_terrier,Persian,0.29106227,"Persian, Maine_Coon, Ragdoll, pomeranian, Birman",False,False
english_cocker_spaniel_144,english_cocker_spaniel,english_cocker_spaniel,0.31599542,"english_cocker_spaniel, havanese, yorkshire_terrier, english_setter, wheaten_terrier",True,True
pug_138,pug,pug,0.99616504,"pug, staffordshire_bull_terrier, american_bulldog, english_setter, havanese",True,True
newfoundland_139,newfoundland,keeshond,0.20363678,"keeshond, newfoundland, leonberger, Bombay, Siamese",False,True
english_cocker_spaniel_188,english_cocker_spaniel,boxer,0.34342048,"boxer, Abyssinian, chihuahua, american_pit_bull_terrier, leonberger",False,False
yorkshire_terrier_19,yorkshire_terrier,wheaten_terrier,0.642311,"wheaten_terrier, Persian, havanese, yorkshire_terrier, Maine_Coon",False,True
pug_58,pug,beagle,0.37836277,"beagle, chihuahua, japanese_chin, american_pit_bull_terrier, shiba_inu",False,False
miniature_pinscher_18,miniature_pinscher,miniature_pinscher,0.4238155,"miniature_pinscher, german_shorthaired, staffordshire_bull_terrier, boxer, Bombay",True,True
yorkshire_terrier_123,yorkshire_terrier,Maine_Coon,0.250382,"Maine_Coon, Bengal, Persian, Ragdoll, Abyssinian",False,False
Ragdoll_62,Ragdoll,Ragdoll,0.35777527,"Ragdoll, Maine_Coon, Persian, samoyed, British_Shorthair",True,True
Siamese_99,Siamese,Siamese,0.8489864,"Siamese, Birman, Bombay, Ragdoll, Abyssinian",True,True
keeshond_74,keeshond,Ragdoll,0.28659907,"Ragdoll, pomeranian, japanese_chin, Birman, keeshond",False,True
staffordshire_bull_terrier_68,staffordshire_bull_terrier,staffordshire_bull_terrier,0.6638013,"staffordshire_bull_terrier, boxer, german_shorthaired, american_pit_bull_terrier, miniature_pinscher",True,True
Abyssinian_215,Abyssinian,chihuahua,0.2995922,"chihuahua, shiba_inu, beagle, american_pit_bull_terrier, Sphynx",False,False
staffordshire_bull_terrier_177,staffordshire_bull_terrier,staffordshire_bull_terrier,0.43177062,"staffordshire_bull_terrier, german_shorthaired, scottish_terrier, english_cocker_spaniel, boxer",True,True
saint_bernard_196,saint_bernard,Abyssinian,0.25718868,"Abyssinian, american_pit_bull_terrier, boxer, beagle, miniature_pinscher",False,False
american_pit_bull_terrier_181,american_pit_bull_terrier,american_pit_bull_terrier,0.3341261,"american_pit_bull_terrier, beagle, boxer, american_bulldog, shiba_inu",True,True
wheaten_terrier_143,wheaten_terrier,wheaten_terrier,0.37211525,"wheaten_terrier, Persian, Abyssinian, Bombay, Maine_Coon",True,True
British_Shorthair_239,British_Shorthair,Egyptian_Mau,0.41038004,"Egyptian_Mau, Maine_Coon, german_shorthaired, British_Shorthair, Bengal",False,True
wheaten_terrier_28,wheaten_terrier,wheaten_terrier,0.43704325,"wheaten_terrier, havanese, english_cocker_spaniel, leonberger, pomeranian",True,True
wheaten_terrier_69,wheaten_terrier,Maine_Coon,0.23473383,"Maine_Coon, Persian, Abyssinian, Sphynx, British_Shorthair",False,False
Ragdoll_112,Ragdoll,Ragdoll,0.46084863,"Ragdoll, Birman, Siamese, Persian, Sphynx",True,True
shiba_inu_162,shiba_inu,pug,0.33868578,"pug, chihuahua, staffordshire_bull_terrier, miniature_pinscher, Siamese",False,False
newfoundland_28,newfoundland,newfoundland,0.28328177,"newfoundland, staffordshire_bull_terrier, scottish_terrier, german_shorthaired, boxer",True,True
basset_hound_59,basset_hound,basset_hound,0.40088066,"basset_hound, saint_bernard, beagle, boxer, japanese_chin",True,True
wheaten_terrier_163,wheaten_terrier,wheaten_terrier,0.55627155,"wheaten_terrier, havanese, Persian, great_pyrenees, pomeranian",True,True
Bengal_48,Bengal,Egyptian_Mau,0.4778176,"Egyptian_Mau, Bengal, Maine_Coon, german_shorthaired, Abyssinian",False,True
Ragdoll_73,Ragdoll,Ragdoll,0.7772041,"Ragdoll, Birman, Persian, Maine_Coon, samoyed",True,True
english_setter_16,english_setter,american_pit_bull_terrier,0.19069843,"american_pit_bull_terrier, beagle, boxer, american_bulldog, basset_hound",False,False
scottish_terrier_25,scottish_terrier,scottish_terrier,0.70536786,"scottish_terrier, newfoundland, english_cocker_spaniel, yorkshire_terrier, havanese",True,True
Bengal_153,Bengal,Abyssinian,0.43517268,"Abyssinian, Maine_Coon, Sphynx, British_Shorthair, Bengal",False,True
yorkshire_terrier_107,yorkshire_terrier,yorkshire_terrier,0.3752583,"yorkshire_terrier, Maine_Coon, scottish_terrier, havanese, english_cocker_spaniel",True,True
pug_124,pug,pug,0.76534307,"pug, american_bulldog, staffordshire_bull_terrier, american_pit_bull_terrier, chihuahua",True,True
pomeranian_107,pomeranian,english_cocker_spaniel,0.29013962,"english_cocker_spaniel, english_setter, yorkshire_terrier, wheaten_terrier, havanese",False,False
english_setter_61,english_setter,english_cocker_spaniel,0.14841573,"english_cocker_spaniel, german_shorthaired, boxer, american_pit_bull_terrier, staffordshire_bull_terrier",False,False
basset_hound_20,basset_hound,basset_hound,0.71676695,"basset_hound, beagle, boxer, saint_bernard, american_pit_bull_terrier",True,True
Sphynx_103,Sphynx,Sphynx,0.6106547,"Sphynx, Abyssinian, chihuahua, Ragdoll, Russian_Blue",True,True
Siamese_152,Siamese,chihuahua,0.22212906,"chihuahua, Siamese, Birman, miniature_pinscher, pomeranian",False,True
english_cocker_spaniel_62,english_cocker_spaniel,english_cocker_spaniel,0.55567807,"english_cocker_spaniel, english_setter, german_shorthaired, wheaten_terrier, havanese",True,True
german_shorthaired_125,german_shorthaired,english_cocker_spaniel,0.21427773,"english_cocker_spaniel, newfoundland, staffordshire_bull_terrier, german_shorthaired, boxer",False,True
Persian_5,Persian,Persian,0.4611362,"Persian, Maine_Coon, wheaten_terrier, pomeranian, Abyssinian",True,True
basset_hound_76,basset_hound,basset_hound,0.5087175,"basset_hound, boxer, beagle, miniature_pinscher, american_pit_bull_terrier",True,True
saint_bernard_97,saint_bernard,saint_bernard,0.6593718,"saint_bernard, basset_hound, boxer, japanese_chin, english_cocker_spaniel",True,True
Persian_239,Persian,Persian,0.40531552,"Persian, keeshond, Maine_Coon, Ragdoll, pomeranian",True,True
Abyssinian_178,Abyssinian,Bengal,0.3417129,"Bengal, Abyssinian, shiba_inu, miniature_pinscher, yorkshire_terrier",False,True
miniature_pinscher_183,miniature_pinscher,leonberger,0.86011016,"leonberger, american_pit_bull_terrier, staffordshire_bull_terrier, boxer, beagle",False,False
Birman_181,Birman,Birman,0.68794715,"Birman, Ragdoll, Siamese, pomeranian, japanese_chin",True,True
beagle_152,beagle,shiba_inu,0.31009912,"shiba_inu, chihuahua, miniature_pinscher, beagle, Bengal",False,True
staffordshire_bull_terrier_139,staffordshire_bull_terrier,staffordshire_bull_terrier,0.32003915,"staffordshire_bull_terrier, american_bulldog, american_pit_bull_terrier, boxer, beagle",True,True
boxer_50,boxer,beagle,0.48013195,"beagle, saint_bernard, basset_hound, boxer, japanese_chin",False,True
Bombay_213,Bombay,Siamese,0.47094172,"Siamese, chihuahua, Birman, Ragdoll, miniature_pinscher",False,False
staffordshire_bull_terrier_18,staffordshire_bull_terrier,beagle,0.51269805,"beagle, basset_hound, saint_bernard, american_bulldog, american_pit_bull_terrier",False,False
wheaten_terrier_182,wheaten_terrier,wheaten_terrier,0.5987203,"wheaten_terrier, english_cocker_spaniel, english_setter, yorkshire_terrier, havanese",True,True
Ragdoll_6,Ragdoll,Ragdoll,0.2867819,"Ragdoll, Sphynx, chihuahua, Maine_Coon, Abyssinian",True,True
keeshond_142,keeshond,leonberger,0.2856733,"leonberger, havanese, wheaten_terrier, keeshond, scottish_terrier",False,True
american_pit_bull_terrier_31,american_pit_bull_terrier,British_Shorthair,0.23289588,"British_Shorthair, Russian_Blue, Abyssinian, Sphynx, Maine_Coon",False,False
american_bulldog_98,american_bulldog,beagle,0.2670116,"beagle, american_bulldog, saint_bernard, american_pit_bull_terrier, basset_hound",False,True
leonberger_106,leonberger,keeshond,0.36112618,"keeshond, leonberger, yorkshire_terrier, japanese_chin, havanese",False,True
staffordshire_bull_terrier_93,staffordshire_bull_terrier,american_bulldog,0.46597922,"american_bulldog, american_pit_bull_terrier, pug, staffordshire_bull_terrier, beagle",False,True
havanese_111,havanese,japanese_chin,0.4050857,"japanese_chin, havanese, leonberger, keeshond, Birman",False,True
newfoundland_20,newfoundland,english_cocker_spaniel,0.39906326,"english_cocker_spaniel, newfoundland, havanese, leonberger, scottish_terrier",False,True
chihuahua_105,chihuahua,miniature_pinscher,0.6852961,"miniature_pinscher, chihuahua, Sphynx, Siamese, staffordshire_bull_terrier",False,True
english_setter_37,english_setter,english_setter,0.47545794,"english_setter, english_cocker_spaniel, havanese, german_shorthaired, pug",True,True
Egyptian_Mau_75,Egyptian_Mau,Egyptian_Mau,0.5456081,"Egyptian_Mau, Maine_Coon, Bengal, pug, British_Shorthair",True,True
saint_bernard_132,saint_bernard,saint_bernard,0.3125981,"saint_bernard, basset_hound, beagle, japanese_chin, boxer",True,True
Abyssinian_48,Abyssinian,Abyssinian,0.45763057,"Abyssinian, Bengal, miniature_pinscher, chihuahua, Sphynx",True,True
american_pit_bull_terrier_167,american_pit_bull_terrier,staffordshire_bull_terrier,0.6671116,"staffordshire_bull_terrier, scottish_terrier, Russian_Blue, Bombay, miniature_pinscher",False,False
samoyed_39,samoyed,samoyed,0.9267626,"samoyed, great_pyrenees, pomeranian, Persian, Ragdoll",True,True
Abyssinian_13,Abyssinian,Abyssinian,0.79296786,"Abyssinian, Sphynx, Russian_Blue, Bengal, chihuahua",True,True
american_pit_bull_terrier_21,american_pit_bull_terrier,miniature_pinscher,0.4615951,"miniature_pinscher, boxer, american_pit_bull_terrier, basset_hound, Abyssinian",False,True
Bengal_147,Bengal,chihuahua,0.4226462,"chihuahua, Sphynx, Ragdoll, Abyssinian, Bengal",False,True
Siamese_22,Siamese,boxer,0.43224823,"boxer, miniature_pinscher, basset_hound, beagle, Sphynx",False,False
newfoundland_83,newfoundland,scottish_terrier,0.7417377,"scottish_terrier, newfoundland, english_cocker_spaniel, yorkshire_terrier, staffordshire_bull_terrier",False,True
beagle_70,beagle,saint_bernard,0.17689781,"saint_bernard, pomeranian, beagle, american_pit_bull_terrier, great_pyrenees",False,True
saint_bernard_19,saint_bernard,saint_bernard,0.44493675,"saint_bernard, beagle, basset_hound, boxer, american_pit_bull_terrier",True,True
British_Shorthair_157,British_Shorthair,British_Shorthair,0.14954096,"British_Shorthair, Maine_Coon, Egyptian_Mau, Ragdoll, Persian",True,True
shiba_inu_208,shiba_inu,shiba_inu,0.27041593,"shiba_inu, pomeranian, chihuahua, Ragdoll, american_pit_bull_terrier",True,True
pug_73,pug,pug,0.7117344,"pug, chihuahua, american_bulldog, Sphynx, boxer",True,True
Persian_13,Persian,Persian,0.4329985,"Persian, Ragdoll, Birman, pomeranian, samoyed",True,True
shiba_inu_29,shiba_inu,shiba_inu,0.6970221,"shiba_inu, pomeranian, chihuahua, beagle, american_pit_bull_terrier",True,True
great_pyrenees_34,great_pyrenees,great_pyrenees,0.7433167,"great_pyrenees, american_bulldog, samoyed, american_pit_bull_terrier, saint_bernard",True,True
saint_bernard_124,saint_bernard,saint_bernard,0.8294859,"saint_bernard, basset_hound, beagle, japanese_chin, boxer",True,True
Abyssinian_55,Abyssinian,Abyssinian,0.9396094,"Abyssinian, Bengal, Maine_Coon, Sphynx, miniature_pinscher",True,True
samoyed_97,samoyed,samoyed,0.61554396,"samoyed, Ragdoll, great_pyrenees, Persian, pomeranian",True,True
Birman_72,Birman,beagle,0.1997871,"beagle, american_bulldog, chihuahua, american_pit_bull_terrier, staffordshire_bull_terrier",False,False
leonberger_83,leonberger,saint_bernard,0.27435145,"saint_bernard, pug, american_bulldog, japanese_chin, american_pit_bull_terrier",False,False
Russian_Blue_153,Russian_Blue,Russian_Blue,0.71590835,"Russian_Blue, British_Shorthair, Abyssinian, Egyptian_Mau, Sphynx",True,True
Russian_Blue_20,Russian_Blue,British_Shorthair,0.40857035,"British_Shorthair, Russian_Blue, Abyssinian, wheaten_terrier, Maine_Coon",False,True
japanese_chin_108,japanese_chin,saint_bernard,0.52411616,"saint_bernard, american_bulldog, japanese_chin, english_setter, staffordshire_bull_terrier",False,True
beagle_93,beagle,japanese_chin,0.43893757,"japanese_chin, saint_bernard, beagle, basset_hound, chihuahua",False,True
Ragdoll_204,Ragdoll,Birman,0.5150874,"Birman, Ragdoll, Siamese, keeshond, Persian",False,True
wheaten_terrier_41,wheaten_terrier,wheaten_terrier,0.5815275,"wheaten_terrier, havanese, english_setter, english_cocker_spaniel, great_pyrenees",True,True
american_bulldog_199,american_bulldog,pug,0.24548872,"pug, havanese, english_setter, chihuahua, staffordshire_bull_terrier",False,False
Bombay_136,Bombay,Bombay,0.9487017,"Bombay, Siamese, Russian_Blue, scottish_terrier, miniature_pinscher",True,True
Siamese_47,Siamese,Birman,0.33421648,"Birman, Ragdoll, Siamese, japanese_chin, chihuahua",False,True
beagle_185,beagle,american_bulldog,0.28080514,"american_bulldog, american_pit_bull_terrier, english_setter, great_pyrenees, pug",False,False
german_shorthaired_47,german_shorthaired,staffordshire_bull_terrier,0.5321998,"staffordshire_bull_terrier, german_shorthaired, english_cocker_spaniel, boxer, american_pit_bull_terrier",False,True
keeshond_137,keeshond,keeshond,0.99072087,"keeshond, leonberger, Birman, Ragdoll, Siamese",True,True
Abyssinian_135,Abyssinian,Abyssinian,0.88913065,"Abyssinian, Maine_Coon, Sphynx, Persian, Bengal",True,True
samoyed_115,samoyed,shiba_inu,0.33775836,"shiba_inu, chihuahua, pomeranian, american_pit_bull_terrier, samoyed",False,True
Egyptian_Mau_195,Egyptian_Mau,Maine_Coon,0.2855319,"Maine_Coon, Abyssinian, Egyptian_Mau, Sphynx, Bengal",False,True
staffordshire_bull_terrier_63,staffordshire_bull_terrier,staffordshire_bull_terrier,0.7442921,"staffordshire_bull_terrier, german_shorthaired, miniature_pinscher, american_pit_bull_terrier, Russian_Blue",True,True
shiba_inu_155,shiba_inu,shiba_inu,0.8524402,"shiba_inu, beagle, chihuahua, pomeranian, american_pit_bull_terrier",True,True
Maine_Coon_116,Maine_Coon,wheaten_terrier,0.16331616,"wheaten_terrier, Maine_Coon, Bengal, english_setter, english_cocker_spaniel",False,True
basset_hound_137,basset_hound,english_setter,0.30421472,"english_setter, basset_hound, beagle, english_cocker_spaniel, american_pit_bull_terrier",False,True
pug_64,pug,pug,0.8316089,"pug, english_setter, staffordshire_bull_terrier, american_bulldog, havanese",True,True
boxer_5,boxer,american_pit_bull_terrier,0.21503907,"american_pit_bull_terrier, beagle, basset_hound, boxer, english_setter",False,True
newfoundland_103,newfoundland,newfoundland,0.7308822,"newfoundland, leonberger, scottish_terrier, english_cocker_spaniel, havanese",True,True
japanese_chin_10,japanese_chin,japanese_chin,0.7254235,"japanese_chin, Ragdoll, saint_bernard, chihuahua, pomeranian",True,True
Siamese_42,Siamese,Russian_Blue,0.37182906,"Russian_Blue, Siamese, Bombay, British_Shorthair, Abyssinian",False,True
Ragdoll_265,Ragdoll,Ragdoll,0.6989754,"Ragdoll, Birman, Siamese, chihuahua, shiba_inu",True,True
Siamese_14,Siamese,Siamese,0.7922543,"Siamese, Birman, chihuahua, Ragdoll, Russian_Blue",True,True
shiba_inu_139,shiba_inu,shiba_inu,0.59862274,"shiba_inu, american_bulldog, pomeranian, american_pit_bull_terrier, beagle",True,True
basset_hound_100,basset_hound,basset_hound,0.24435632,"basset_hound, english_cocker_spaniel, german_shorthaired, boxer, english_setter",True,True
Birman_11,Birman,Ragdoll,0.4936156,"Ragdoll, Birman, Siamese, keeshond, chihuahua",False,True
pug_97,pug,pug,0.89729774,"pug, boxer, american_bulldog, chihuahua, Sphynx",True,True
staffordshire_bull_terrier_140,staffordshire_bull_terrier,staffordshire_bull_terrier,0.8664318,"staffordshire_bull_terrier, american_pit_bull_terrier, american_bulldog, boxer, miniature_pinscher",True,True
Persian_166,Persian,Persian,0.7854784,"Persian, Ragdoll, Maine_Coon, pomeranian, havanese",True,True
basset_hound_74,basset_hound,basset_hound,0.85061806,"basset_hound, boxer, beagle, saint_bernard, american_pit_bull_terrier",True,True
shiba_inu_210,shiba_inu,boxer,0.2525812,"boxer, leonberger, english_cocker_spaniel, yorkshire_terrier, miniature_pinscher",False,False
keeshond_26,keeshond,english_setter,0.168609,"english_setter, havanese, keeshond, Maine_Coon, wheaten_terrier",False,True
wheaten_terrier_42,wheaten_terrier,wheaten_terrier,0.40646097,"wheaten_terrier, havanese, great_pyrenees, english_cocker_spaniel, scottish_terrier",True,True
Abyssinian_62,Abyssinian,Abyssinian,0.34033963,"Abyssinian, Bengal, Maine_Coon, miniature_pinscher, shiba_inu",True,True
Persian_112,Persian,Persian,0.7852516,"Persian, Maine_Coon, wheaten_terrier, havanese, pomeranian",True,True
Abyssinian_183,Abyssinian,Abyssinian,0.5553011,"Abyssinian, Sphynx, Maine_Coon, Bengal, Russian_Blue",True,True
scottish_terrier_188,scottish_terrier,scottish_terrier,0.43034136,"scottish_terrier, newfoundland, leonberger, yorkshire_terrier, keeshond",True,True
Persian_58,Persian,Persian,0.48911944,"Persian, Ragdoll, British_Shorthair, Sphynx, Abyssinian",True,True
Abyssinian_176,Abyssinian,Abyssinian,0.87590355,"Abyssinian, Bengal, miniature_pinscher, Maine_Coon, Sphynx",True,True
english_cocker_spaniel_8,english_cocker_spaniel,yorkshire_terrier,0.60402775,"yorkshire_terrier, leonberger, english_cocker_spaniel, havanese, english_setter",False,True
english_cocker_spaniel_135,english_cocker_spaniel,english_setter,0.30092496,"english_setter, english_cocker_spaniel, german_shorthaired, american_pit_bull_terrier, staffordshire_bull_terrier",False,True
Sphynx_242,Sphynx,Sphynx,0.67447925,"Sphynx, miniature_pinscher, chihuahua, Abyssinian, american_pit_bull_terrier",True,True
american_bulldog_66,american_bulldog,american_bulldog,0.6949939,"american_bulldog, staffordshire_bull_terrier, american_pit_bull_terrier, chihuahua, pug",True,True
american_pit_bull_terrier_59,american_pit_bull_terrier,beagle,0.39478204,"beagle, basset_hound, american_pit_bull_terrier, boxer, chihuahua",False,True
Russian_Blue_262,Russian_Blue,Russian_Blue,0.9198138,"Russian_Blue, British_Shorthair, Abyssinian, Bombay, staffordshire_bull_terrier",True,True
keeshond_7,keeshond,keeshond,0.91785586,"keeshond, leonberger, havanese, japanese_chin, Birman",True,True
Birman_48,Birman,Siamese,0.3528364,"Siamese, Birman, Ragdoll, japanese_chin, Bombay",False,True
german_shorthaired_185,german_shorthaired,Abyssinian,0.24115373,"Abyssinian, Bengal, miniature_pinscher, chihuahua, Maine_Coon",False,False
english_cocker_spaniel_78,english_cocker_spaniel,leonberger,0.3179937,"leonberger, newfoundland, staffordshire_bull_terrier, american_pit_bull_terrier, wheaten_terrier",False,False
shiba_inu_97,shiba_inu,pomeranian,0.25399467,"pomeranian, shiba_inu, beagle, saint_bernard, japanese_chin",False,True
Bengal_183,Bengal,Bengal,0.9749092,"Bengal, english_setter, german_shorthaired, english_cocker_spaniel, Maine_Coon",True,True
american_pit_bull_terrier_70,american_pit_bull_terrier,boxer,0.20201312,"boxer, american_pit_bull_terrier, chihuahua, shiba_inu, Bengal",False,True
British_Shorthair_97,British_Shorthair,British_Shorthair,0.62480044,"British_Shorthair, Russian_Blue, Abyssinian, Bombay, Sphynx",True,True
British_Shorthair_70,British_Shorthair,British_Shorthair,0.581821,"British_Shorthair, Russian_Blue, Ragdoll, Persian, Maine_Coon",True,True
shiba_inu_68,shiba_inu,shiba_inu,0.82250434,"shiba_inu, chihuahua, beagle, Abyssinian, miniature_pinscher",True,True
Russian_Blue_226,Russian_Blue,Russian_Blue,0.20664811,"Russian_Blue, British_Shorthair, Bombay, Sphynx, Abyssinian",True,True
boxer_106,boxer,american_pit_bull_terrier,0.3460311,"american_pit_bull_terrier, shiba_inu, boxer, beagle, basset_hound",False,True
Abyssinian_85,Abyssinian,Abyssinian,0.50344616,"Abyssinian, shiba_inu, miniature_pinscher, chihuahua, Bengal",True,True
Russian_Blue_183,Russian_Blue,Russian_Blue,0.5421639,"Russian_Blue, British_Shorthair, Abyssinian, Sphynx, Bombay",True,True
Bengal_18,Bengal,Bengal,0.42389113,"Bengal, Maine_Coon, yorkshire_terrier, english_cocker_spaniel, english_setter",True,True
pug_192,pug,american_bulldog,0.27263823,"american_bulldog, chihuahua, american_pit_bull_terrier, pug, Ragdoll",False,True
keeshond_104,keeshond,keeshond,0.86802846,"keeshond, Ragdoll, Siamese, Birman, scottish_terrier",True,True
great_pyrenees_45,great_pyrenees,scottish_terrier,0.52721304,"scottish_terrier, havanese, japanese_chin, english_cocker_spaniel, english_setter",False,False
english_cocker_spaniel_90,english_cocker_spaniel,english_cocker_spaniel,0.27656275,"english_cocker_spaniel, basset_hound, german_shorthaired, saint_bernard, staffordshire_bull_terrier",True,True
Bengal_34,Bengal,american_pit_bull_terrier,0.17955036,"american_pit_bull_terrier, yorkshire_terrier, Abyssinian, boxer, shiba_inu",False,False
english_setter_192,english_setter,english_setter,0.41951406,"english_setter, pug, havanese, english_cocker_spaniel, american_bulldog",True,True
english_setter_115,english_setter,great_pyrenees,0.46841133,"great_pyrenees, american_bulldog, american_pit_bull_terrier, havanese, Ragdoll",False,False
Sphynx_9,Sphynx,chihuahua,0.34032503,"chihuahua, american_pit_bull_terrier, staffordshire_bull_terrier, Sphynx, american_bulldog",False,True
chihuahua_43,chihuahua,Ragdoll,0.40615857,"Ragdoll, chihuahua, Birman, Siamese, shiba_inu",False,True
beagle_149,beagle,chihuahua,0.2126672,"chihuahua, beagle, american_pit_bull_terrier, boxer, japanese_chin",False,True
scottish_terrier_110,scottish_terrier,pug,0.27888533,"pug, english_setter, english_cocker_spaniel, staffordshire_bull_terrier, havanese",False,False
Persian_31,Persian,Ragdoll,0.62380326,"Ragdoll, Persian, samoyed, Birman, Maine_Coon",False,True
Maine_Coon_247,Maine_Coon,Maine_Coon,0.45498058,"Maine_Coon, Bengal, Persian, Abyssinian, english_setter",True,True
British_Shorthair_209,British_Shorthair,Russian_Blue,0.32050464,"Russian_Blue, British_Shorthair, Egyptian_Mau, staffordshire_bull_terrier, german_shorthaired",False,True
german_shorthaired_171,german_shorthaired,saint_bernard,0.4255428,"saint_bernard, english_cocker_spaniel, english_setter, japanese_chin, basset_hound",False,False
staffordshire_bull_terrier_113,staffordshire_bull_terrier,Russian_Blue,0.19050238,"Russian_Blue, British_Shorthair, keeshond, Siamese, Ragdoll",False,False
wheaten_terrier_35,wheaten_terrier,american_pit_bull_terrier,0.14537126,"american_pit_bull_terrier, great_pyrenees, american_bulldog, samoyed, wheaten_terrier",False,True
pomeranian_125,pomeranian,pomeranian,0.6442152,"pomeranian, samoyed, Ragdoll, great_pyrenees, Persian",True,True
scottish_terrier_43,scottish_terrier,english_cocker_spaniel,0.55436015,"english_cocker_spaniel, havanese, english_setter, scottish_terrier, yorkshire_terrier",False,True
Persian_42,Persian,Persian,0.16538772,"Persian, Sphynx, Ragdoll, Egyptian_Mau, British_Shorthair",True,True
Bombay_24,Bombay,Bombay,0.9836796,"Bombay, Siamese, scottish_terrier, Russian_Blue, Sphynx",True,True
pug_7,pug,english_setter,0.21846567,"english_setter, great_pyrenees, havanese, pug, american_bulldog",False,True
yorkshire_terrier_43,yorkshire_terrier,yorkshire_terrier,0.7233391,"yorkshire_terrier, leonberger, wheaten_terrier, english_cocker_spaniel, newfoundland",True,True
shiba_inu_175,shiba_inu,american_pit_bull_terrier,0.28442454,"american_pit_bull_terrier, chihuahua, beagle, shiba_inu, leonberger",False,True
Maine_Coon_138,Maine_Coon,Maine_Coon,0.6715875,"Maine_Coon, Persian, Abyssinian, Bengal, Ragdoll",True,True
Maine_Coon_246,Maine_Coon,keeshond,0.16007374,"keeshond, Abyssinian, Russian_Blue, British_Shorthair, leonberger",False,False
Egyptian_Mau_128,Egyptian_Mau,Egyptian_Mau,0.57242745,"Egyptian_Mau, english_setter, english_cocker_spaniel, german_shorthaired, scottish_terrier",True,True
scottish_terrier_161,scottish_terrier,scottish_terrier,0.42142627,"scottish_terrier, staffordshire_bull_terrier, Bombay, Egyptian_Mau, german_shorthaired",True,True
shiba_inu_31,shiba_inu,shiba_inu,0.8279576,"shiba_inu, chihuahua, pomeranian, beagle, american_pit_bull_terrier",True,True
pug_77,pug,pug,0.57134414,"pug, english_setter, american_bulldog, havanese, great_pyrenees",True,True
shiba_inu_28,shiba_inu,Persian,0.4353378,"Persian, shiba_inu, Maine_Coon, chihuahua, wheaten_terrier",False,True
Ragdoll_117,Ragdoll,Ragdoll,0.40706182,"Ragdoll, Birman, samoyed, Siamese, Persian",True,True
basset_hound_103,basset_hound,basset_hound,0.24233213,"basset_hound, beagle, american_pit_bull_terrier, boxer, german_shorthaired",True,True
havanese_31,havanese,japanese_chin,0.6924937,"japanese_chin, keeshond, havanese, leonberger, Birman",False,True
Siamese_116,Siamese,miniature_pinscher,0.33380902,"miniature_pinscher, chihuahua, Sphynx, Siamese, Abyssinian",False,True
Siamese_196,Siamese,Siamese,0.7771715,"Siamese, Birman, chihuahua, Ragdoll, Bombay",True,True
Maine_Coon_149,Maine_Coon,Maine_Coon,0.5751638,"Maine_Coon, Persian, Abyssinian, Egyptian_Mau, Bengal",True,True
great_pyrenees_78,great_pyrenees,great_pyrenees,0.60484123,"great_pyrenees, samoyed, pomeranian, wheaten_terrier, Persian",True,True
great_pyrenees_140,great_pyrenees,great_pyrenees,0.25067586,"great_pyrenees, samoyed, pug, english_setter, american_bulldog",True,True
Russian_Blue_76,Russian_Blue,Russian_Blue,0.8680034,"Russian_Blue, British_Shorthair, Bombay, Siamese, Sphynx",True,True
Ragdoll_1,Ragdoll,Persian,0.58491814,"Persian, Ragdoll, Maine_Coon, pomeranian, Birman",False,True
american_pit_bull_terrier_190,american_pit_bull_terrier,american_bulldog,0.33301517,"american_bulldog, saint_bernard, beagle, basset_hound, american_pit_bull_terrier",False,True
basset_hound_22,basset_hound,american_pit_bull_terrier,0.3020646,"american_pit_bull_terrier, beagle, basset_hound, american_bulldog, boxer",False,True
pug_28,pug,keeshond,0.3011007,"keeshond, staffordshire_bull_terrier, scottish_terrier, pug, leonberger",False,True
Birman_47,Birman,japanese_chin,0.2873221,"japanese_chin, Birman, Siamese, Ragdoll, pomeranian",False,True
great_pyrenees_139,great_pyrenees,pug,0.2976189,"pug, american_bulldog, great_pyrenees, english_setter, american_pit_bull_terrier",False,True
keeshond_96,keeshond,keeshond,0.36303252,"keeshond, Birman, Siamese, leonberger, pomeranian",True,True
Persian_26,Persian,Persian,0.5100759,"Persian, Maine_Coon, wheaten_terrier, yorkshire_terrier, pomeranian",True,True
staffordshire_bull_terrier_116,staffordshire_bull_terrier,american_pit_bull_terrier,0.42791772,"american_pit_bull_terrier, staffordshire_bull_terrier, american_bulldog, chihuahua, boxer",False,True
boxer_133,boxer,boxer,0.13897687,"boxer, Bombay, staffordshire_bull_terrier, chihuahua, scottish_terrier",True,True
staffordshire_bull_terrier_189,staffordshire_bull_terrier,japanese_chin,0.5791198,"japanese_chin, saint_bernard, Ragdoll, beagle, pomeranian",False,False
staffordshire_bull_terrier_62,staffordshire_bull_terrier,boxer,0.20407343,"boxer, staffordshire_bull_terrier, chihuahua, Bengal, american_pit_bull_terrier",False,True
saint_bernard_181,saint_bernard,basset_hound,0.48211095,"basset_hound, boxer, saint_bernard, beagle, american_pit_bull_terrier",False,True
British_Shorthair_158,British_Shorthair,Egyptian_Mau,0.4823477,"Egyptian_Mau, British_Shorthair, Russian_Blue, pug, Maine_Coon",False,True
great_pyrenees_157,great_pyrenees,great_pyrenees,0.7007581,"great_pyrenees, havanese, scottish_terrier, wheaten_terrier, keeshond",True,True
staffordshire_bull_terrier_111,staffordshire_bull_terrier,Bombay,0.58015394,"Bombay, scottish_terrier, miniature_pinscher, boxer, Sphynx",False,False
japanese_chin_153,japanese_chin,japanese_chin,0.81426334,"japanese_chin, pomeranian, leonberger, saint_bernard, keeshond",True,True
shiba_inu_43,shiba_inu,shiba_inu,0.3233733,"shiba_inu, chihuahua, american_pit_bull_terrier, beagle, american_bulldog",True,True
Birman_94,Birman,Ragdoll,0.29727098,"Ragdoll, american_bulldog, Birman, Siamese, chihuahua",False,True
pug_165,pug,staffordshire_bull_terrier,0.15958777,"staffordshire_bull_terrier, pug, american_pit_bull_terrier, boxer, chihuahua",False,True
Ragdoll_190,Ragdoll,Ragdoll,0.16200146,"Ragdoll, american_bulldog, samoyed, pug, Sphynx",True,True
Ragdoll_121,Ragdoll,Ragdoll,0.7675197,"Ragdoll, Birman, Siamese, Persian, pomeranian",True,True
havanese_170,havanese,newfoundland,0.88903415,"newfoundland, staffordshire_bull_terrier, scottish_terrier, leonberger, english_cocker_spaniel",False,False
yorkshire_terrier_89,yorkshire_terrier,yorkshire_terrier,0.571332,"yorkshire_terrier, leonberger, english_cocker_spaniel, havanese, american_pit_bull_terrier",True,True
english_cocker_spaniel_182,english_cocker_spaniel,boxer,0.19330478,"boxer, english_cocker_spaniel, yorkshire_terrier, miniature_pinscher, Maine_Coon",False,True
shiba_inu_126,shiba_inu,Sphynx,0.3398386,"Sphynx, chihuahua, shiba_inu, Ragdoll, american_pit_bull_terrier",False,True
shiba_inu_24,shiba_inu,shiba_inu,0.89856553,"shiba_inu, Abyssinian, miniature_pinscher, pomeranian, chihuahua",True,True
Russian_Blue_221,Russian_Blue,Siamese,0.31355095,"Siamese, chihuahua, scottish_terrier, Ragdoll, pug",False,False
saint_bernard_91,saint_bernard,basset_hound,0.51880383,"basset_hound, saint_bernard, boxer, english_cocker_spaniel, beagle",False,True
havanese_102,havanese,wheaten_terrier,0.30368868,"wheaten_terrier, havanese, english_cocker_spaniel, english_setter, great_pyrenees",False,True
Maine_Coon_153,Maine_Coon,Maine_Coon,0.71447134,"Maine_Coon, Bengal, Ragdoll, Abyssinian, Egyptian_Mau",True,True
shiba_inu_207,shiba_inu,shiba_inu,0.4343347,"shiba_inu, beagle, pomeranian, american_pit_bull_terrier, chihuahua",True,True
Siamese_183,Siamese,Siamese,0.4359319,"Siamese, Birman, Ragdoll, chihuahua, Sphynx",True,True
Ragdoll_113,Ragdoll,Ragdoll,0.75570995,"Ragdoll, Birman, Siamese, Persian, Maine_Coon",True,True
chihuahua_56,chihuahua,chihuahua,0.33582127,"chihuahua, beagle, american_pit_bull_terrier, shiba_inu, american_bulldog",True,True
american_bulldog_95,american_bulldog,staffordshire_bull_terrier,0.44950864,"staffordshire_bull_terrier, american_pit_bull_terrier, Russian_Blue, boxer, american_bulldog",False,True
miniature_pinscher_149,miniature_pinscher,wheaten_terrier,0.617231,"wheaten_terrier, Bengal, english_cocker_spaniel, german_shorthaired, american_pit_bull_terrier",False,False
Maine_Coon_99,Maine_Coon,Maine_Coon,0.5994369,"Maine_Coon, Persian, Bengal, english_setter, havanese",True,True
staffordshire_bull_terrier_80,staffordshire_bull_terrier,beagle,0.3432956,"beagle, basset_hound, saint_bernard, american_pit_bull_terrier, american_bulldog",False,False
Ragdoll_67,Ragdoll,Birman,0.47881034,"Birman, Ragdoll, Siamese, keeshond, Persian",False,True
Persian_149,Persian,Persian,0.53202456,"Persian, Maine_Coon, Ragdoll, samoyed, pomeranian",True,True
japanese_chin_21,japanese_chin,japanese_chin,0.7374332,"japanese_chin, saint_bernard, beagle, basset_hound, leonberger",True,True
german_shorthaired_90,german_shorthaired,german_shorthaired,0.7956105,"german_shorthaired, staffordshire_bull_terrier, english_cocker_spaniel, boxer, american_pit_bull_terrier",True,True
japanese_chin_92,japanese_chin,japanese_chin,0.44847363,"japanese_chin, saint_bernard, great_pyrenees, american_bulldog, havanese",True,True
Siamese_254,Siamese,Sphynx,0.22228481,"Sphynx, Abyssinian, miniature_pinscher, chihuahua, Maine_Coon",False,False
great_pyrenees_80,great_pyrenees,great_pyrenees,0.5235433,"great_pyrenees, Persian, samoyed, havanese, wheaten_terrier",True,True
Egyptian_Mau_45,Egyptian_Mau,Egyptian_Mau,0.8316164,"Egyptian_Mau, Bengal, Maine_Coon, British_Shorthair, Abyssinian",True,True
Bombay_108,Bombay,Bombay,0.6157485,"Bombay, newfoundland, scottish_terrier, Maine_Coon, miniature_pinscher",True,True
german_shorthaired_55,german_shorthaired,german_shorthaired,0.30256012,"german_shorthaired, boxer, american_pit_bull_terrier, english_cocker_spaniel, basset_hound",True,True
saint_bernard_13,saint_bernard,saint_bernard,0.9249508,"saint_bernard, basset_hound, american_bulldog, beagle, japanese_chin",True,True
wheaten_terrier_174,wheaten_terrier,wheaten_terrier,0.42771986,"wheaten_terrier, english_cocker_spaniel, yorkshire_terrier, havanese, Maine_Coon",True,True
german_shorthaired_176,german_shorthaired,Abyssinian,0.45608267,"Abyssinian, Sphynx, boxer, miniature_pinscher, chihuahua",False,False
Egyptian_Mau_27,Egyptian_Mau,Egyptian_Mau,0.9198718,"Egyptian_Mau, Maine_Coon, english_setter, wheaten_terrier, Bengal",True,True
beagle_7,beagle,beagle,0.69380456,"beagle, saint_bernard, basset_hound, american_pit_bull_terrier, american_bulldog",True,True
Russian_Blue_150,Russian_Blue,Russian_Blue,0.60023075,"Russian_Blue, British_Shorthair, Sphynx, Siamese, Ragdoll",True,True
Sphynx_192,Sphynx,beagle,0.27125654,"beagle, basset_hound, american_pit_bull_terrier, german_shorthaired, boxer",False,False
keeshond_105,keeshond,Maine_Coon,0.3372674,"Maine_Coon, keeshond, Abyssinian, Ragdoll, yorkshire_terrier",False,True
basset_hound_17,basset_hound,boxer,0.21341379,"boxer, beagle, basset_hound, american_pit_bull_terrier, chihuahua",False,True
shiba_inu_81,shiba_inu,american_bulldog,0.20114972,"american_bulldog, american_pit_bull_terrier, shiba_inu, chihuahua, Sphynx",False,True
Siamese_122,Siamese,Siamese,0.3607233,"Siamese, Ragdoll, Birman, Abyssinian, Sphynx",True,True
japanese_chin_170,japanese_chin,japanese_chin,0.6906921,"japanese_chin, havanese, saint_bernard, pomeranian, great_pyrenees",True,True
pomeranian_200,pomeranian,great_pyrenees,0.26002988,"great_pyrenees, keeshond, havanese, japanese_chin, pomeranian",False,True
British_Shorthair_124,British_Shorthair,Abyssinian,0.2846331,"Abyssinian, Sphynx, Russian_Blue, British_Shorthair, american_pit_bull_terrier",False,True
english_cocker_spaniel_142,english_cocker_spaniel,saint_bernard,0.2403243,"saint_bernard, american_bulldog, english_setter, american_pit_bull_terrier, japanese_chin",False,False
english_cocker_spaniel_162,english_cocker_spaniel,chihuahua,0.2115136,"chihuahua, yorkshire_terrier, english_cocker_spaniel, Bengal, english_setter",False,True
american_bulldog_117,american_bulldog,japanese_chin,0.37872094,"japanese_chin, beagle, saint_bernard, chihuahua, american_pit_bull_terrier",False,False
Bengal_132,Bengal,Egyptian_Mau,0.74405694,"Egyptian_Mau, Bengal, german_shorthaired, Abyssinian, Sphynx",False,True
basset_hound_134,basset_hound,boxer,0.23775493,"boxer, basset_hound, beagle, chihuahua, american_pit_bull_terrier",False,True
basset_hound_4,basset_hound,japanese_chin,0.37843704,"japanese_chin, Bombay, boxer, beagle, chihuahua",False,False
Bombay_68,Bombay,Bombay,0.8495283,"Bombay, Russian_Blue, scottish_terrier, Abyssinian, Sphynx",True,True
Sphynx_178,Sphynx,american_pit_bull_terrier,0.23178264,"american_pit_bull_terrier, chihuahua, staffordshire_bull_terrier, miniature_pinscher, american_bulldog",False,False
great_pyrenees_133,great_pyrenees,great_pyrenees,0.82801265,"great_pyrenees, samoyed, american_bulldog, pomeranian, japanese_chin",True,True
havanese_190,havanese,havanese,0.2702066,"havanese, wheaten_terrier, keeshond, Persian, great_pyrenees",True,True
keeshond_94,keeshond,keeshond,0.81179595,"keeshond, havanese, Maine_Coon, Persian, yorkshire_terrier",True,True
pug_199,pug,pug,0.9645495,"pug, english_setter, american_bulldog, Egyptian_Mau, english_cocker_spaniel",True,True
german_shorthaired_22,german_shorthaired,german_shorthaired,0.4431514,"german_shorthaired, miniature_pinscher, boxer, staffordshire_bull_terrier, Bengal",True,True
keeshond_89,keeshond,keeshond,0.58574885,"keeshond, Birman, Siamese, Ragdoll, Persian",True,True
pomeranian_47,pomeranian,pomeranian,0.39215624,"pomeranian, samoyed, shiba_inu, great_pyrenees, Ragdoll",True,True
Egyptian_Mau_199,Egyptian_Mau,Egyptian_Mau,0.3623267,"Egyptian_Mau, Maine_Coon, Bengal, Persian, pug",True,True
pug_22,pug,boxer,0.63740224,"boxer, basset_hound, staffordshire_bull_terrier, german_shorthaired, american_pit_bull_terrier",False,False
american_pit_bull_terrier_204,american_pit_bull_terrier,beagle,0.4785145,"beagle, american_pit_bull_terrier, saint_bernard, american_bulldog, shiba_inu",False,True
chihuahua_115,chihuahua,shiba_inu,0.4525607,"shiba_inu, Abyssinian, american_pit_bull_terrier, chihuahua, Sphynx",False,True
Abyssinian_151,Abyssinian,wheaten_terrier,0.19758636,"wheaten_terrier, Bengal, american_pit_bull_terrier, Maine_Coon, english_cocker_spaniel",False,False
leonberger_75,leonberger,leonberger,0.8515824,"leonberger, keeshond, havanese, yorkshire_terrier, japanese_chin",True,True
pug_168,pug,pug,0.636709,"pug, staffordshire_bull_terrier, chihuahua, american_pit_bull_terrier, american_bulldog",True,True
British_Shorthair_119,British_Shorthair,British_Shorthair,0.8248194,"British_Shorthair, Russian_Blue, Egyptian_Mau, keeshond, scottish_terrier",True,True
english_setter_190,english_setter,saint_bernard,0.5022761,"saint_bernard, english_setter, english_cocker_spaniel, japanese_chin, american_bulldog",False,True
havanese_192,havanese,havanese,0.94394934,"havanese, english_cocker_spaniel, english_setter, japanese_chin, scottish_terrier",True,True
great_pyrenees_155,great_pyrenees,great_pyrenees,0.90990895,"great_pyrenees, samoyed, american_bulldog, havanese, wheaten_terrier",True,True
Russian_Blue_123,Russian_Blue,Russian_Blue,0.43218473,"Russian_Blue, British_Shorthair, staffordshire_bull_terrier, american_pit_bull_terrier, boxer",True,True
Ragdoll_227,Ragdoll,Ragdoll,0.22845271,"Ragdoll, Siamese, keeshond, Abyssinian, Birman",True,True
Ragdoll_134,Ragdoll,Ragdoll,0.53516006,"Ragdoll, Persian, Birman, Siamese, pomeranian",True,True
Abyssinian_128,Abyssinian,Bengal,0.28455138,"Bengal, Maine_Coon, Abyssinian, chihuahua, yorkshire_terrier",False,True
english_cocker_spaniel_4,english_cocker_spaniel,newfoundland,0.88253546,"newfoundland, staffordshire_bull_terrier, scottish_terrier, leonberger, english_cocker_spaniel",False,True
Egyptian_Mau_161,Egyptian_Mau,Egyptian_Mau,0.8665866,"Egyptian_Mau, Bengal, Maine_Coon, British_Shorthair, Sphynx",True,True
saint_bernard_20,saint_bernard,german_shorthaired,0.43034962,"german_shorthaired, basset_hound, boxer, beagle, english_setter",False,False
Ragdoll_35,Ragdoll,Birman,0.6110105,"Birman, Siamese, Ragdoll, chihuahua, japanese_chin",False,True
great_pyrenees_1,great_pyrenees,great_pyrenees,0.6061814,"great_pyrenees, samoyed, pomeranian, havanese, Persian",True,True
Abyssinian_169,Abyssinian,Abyssinian,0.8209262,"Abyssinian, Maine_Coon, Bengal, Sphynx, chihuahua",True,True
japanese_chin_11,japanese_chin,pomeranian,0.5000902,"pomeranian, japanese_chin, Ragdoll, shiba_inu, beagle",False,True
english_cocker_spaniel_199,english_cocker_spaniel,wheaten_terrier,0.79163694,"wheaten_terrier, yorkshire_terrier, english_cocker_spaniel, Persian, newfoundland",False,True
Persian_260,Persian,pomeranian,0.42153865,"pomeranian, Persian, samoyed, great_pyrenees, Ragdoll",False,True
Maine_Coon_222,Maine_Coon,Maine_Coon,0.47903308,"Maine_Coon, Bengal, Abyssinian, Persian, english_setter",True,True
shiba_inu_8,shiba_inu,shiba_inu,0.5147825,"shiba_inu, chihuahua, american_pit_bull_terrier, pomeranian, Abyssinian",True,True
Russian_Blue_242,Russian_Blue,Russian_Blue,0.7855048,"Russian_Blue, British_Shorthair, Bombay, Siamese, keeshond",True,True
pug_183,pug,pug,0.64120764,"pug, american_bulldog, american_pit_bull_terrier, chihuahua, beagle",True,True
samoyed_114,samoyed,great_pyrenees,0.7112253,"great_pyrenees, samoyed, american_bulldog, japanese_chin, english_setter",False,True
english_cocker_spaniel_132,english_cocker_spaniel,scottish_terrier,0.6521936,"scottish_terrier, english_cocker_spaniel, newfoundland, yorkshire_terrier, staffordshire_bull_terrier",False,True
english_setter_86,english_setter,english_setter,0.8573584,"english_setter, great_pyrenees, Egyptian_Mau, pug, english_cocker_spaniel",True,True
pomeranian_142,pomeranian,pomeranian,0.34717777,"pomeranian, wheaten_terrier, Persian, yorkshire_terrier, Maine_Coon",True,True
Persian_70,Persian,Persian,0.2702294,"Persian, wheaten_terrier, keeshond, great_pyrenees, havanese",True,True
leonberger_53,leonberger,leonberger,0.950026,"leonberger, keeshond, newfoundland, pomeranian, havanese",True,True
havanese_106,havanese,wheaten_terrier,0.2247469,"wheaten_terrier, yorkshire_terrier, havanese, pomeranian, leonberger",False,True
Ragdoll_174,Ragdoll,Ragdoll,0.50523657,"Ragdoll, pomeranian, Persian, Birman, chihuahua",True,True
chihuahua_116,chihuahua,chihuahua,0.50135,"chihuahua, american_pit_bull_terrier, shiba_inu, american_bulldog, beagle",True,True
miniature_pinscher_42,miniature_pinscher,miniature_pinscher,0.50847816,"miniature_pinscher, Bengal, chihuahua, Abyssinian, Sphynx",True,True
havanese_14,havanese,wheaten_terrier,0.3934856,"wheaten_terrier, havanese, english_setter, scottish_terrier, Maine_Coon",False,True
american_pit_bull_terrier_189,american_pit_bull_terrier,chihuahua,0.18609862,"chihuahua, Sphynx, american_pit_bull_terrier, shiba_inu, american_bulldog",False,True
basset_hound_142,basset_hound,beagle,0.4745663,"beagle, basset_hound, boxer, saint_bernard, american_pit_bull_terrier",False,True
Bengal_172,Bengal,Abyssinian,0.38776168,"Abyssinian, Bengal, Sphynx, chihuahua, shiba_inu",False,True
american_bulldog_19,american_bulldog,american_bulldog,0.2736912,"american_bulldog, american_pit_bull_terrier, beagle, pug, chihuahua",True,True
samoyed_72,samoyed,samoyed,0.33669746,"samoyed, Persian, great_pyrenees, pomeranian, wheaten_terrier",True,True
Persian_117,Persian,pomeranian,0.23913717,"pomeranian, Ragdoll, Persian, Birman, shiba_inu",False,True
great_pyrenees_125,great_pyrenees,great_pyrenees,0.98837787,"great_pyrenees, samoyed, wheaten_terrier, havanese, english_setter",True,True
miniature_pinscher_27,miniature_pinscher,boxer,0.40408987,"boxer, miniature_pinscher, english_cocker_spaniel, yorkshire_terrier, basset_hound",False,True
japanese_chin_80,japanese_chin,japanese_chin,0.4577994,"japanese_chin, chihuahua, beagle, saint_bernard, yorkshire_terrier",True,True
english_cocker_spaniel_10,english_cocker_spaniel,english_cocker_spaniel,0.40478012,"english_cocker_spaniel, english_setter, boxer, basset_hound, yorkshire_terrier",True,True
samoyed_77,samoyed,samoyed,0.9412353,"samoyed, great_pyrenees, pomeranian, Persian, Ragdoll",True,True
american_pit_bull_terrier_126,american_pit_bull_terrier,shiba_inu,0.4311914,"shiba_inu, chihuahua, beagle, american_pit_bull_terrier, pomeranian",False,True
english_cocker_spaniel_123,english_cocker_spaniel,yorkshire_terrier,0.15547371,"yorkshire_terrier, american_pit_bull_terrier, wheaten_terrier, leonberger, english_cocker_spaniel",False,True
basset_hound_133,basset_hound,boxer,0.36580712,"boxer, basset_hound, american_pit_bull_terrier, beagle, staffordshire_bull_terrier",False,True
pug_203,pug,pug,0.8276916,"pug, english_cocker_spaniel, staffordshire_bull_terrier, american_bulldog, boxer",True,True
wheaten_terrier_161,wheaten_terrier,wheaten_terrier,0.7883852,"wheaten_terrier, american_pit_bull_terrier, scottish_terrier, Persian, Maine_Coon",True,True
american_bulldog_142,american_bulldog,american_bulldog,0.4603892,"american_bulldog, american_pit_bull_terrier, pug, english_cocker_spaniel, staffordshire_bull_terrier",True,True
Abyssinian_46,Abyssinian,Abyssinian,0.32570198,"Abyssinian, Maine_Coon, Sphynx, British_Shorthair, Bombay",True,True
shiba_inu_112,shiba_inu,german_shorthaired,0.20371965,"german_shorthaired, basset_hound, staffordshire_bull_terrier, american_pit_bull_terrier, boxer",False,False
leonberger_84,leonberger,leonberger,0.44772395,"leonberger, boxer, staffordshire_bull_terrier, miniature_pinscher, yorkshire_terrier",True,True
american_bulldog_221,american_bulldog,pug,0.22167918,"pug, chihuahua, american_pit_bull_terrier, american_bulldog, havanese",False,True
saint_bernard_89,saint_bernard,saint_bernard,0.45149407,"saint_bernard, american_bulldog, staffordshire_bull_terrier, american_pit_bull_terrier, japanese_chin",True,True
japanese_chin_161,japanese_chin,Birman,0.33159196,"Birman, japanese_chin, Ragdoll, Siamese, pomeranian",False,True
Ragdoll_79,Ragdoll,Ragdoll,0.32936704,"Ragdoll, chihuahua, Sphynx, japanese_chin, Birman",True,True
american_pit_bull_terrier_203,american_pit_bull_terrier,shiba_inu,0.49296644,"shiba_inu, beagle, american_pit_bull_terrier, chihuahua, Abyssinian",False,True
english_setter_168,english_setter,wheaten_terrier,0.20975924,"wheaten_terrier, english_setter, havanese, great_pyrenees, english_cocker_spaniel",False,True
american_bulldog_10,american_bulldog,american_bulldog,0.48804128,"american_bulldog, american_pit_bull_terrier, chihuahua, beagle, Sphynx",True,True
shiba_inu_205,shiba_inu,american_bulldog,0.25452605,"american_bulldog, samoyed, american_pit_bull_terrier, great_pyrenees, saint_bernard",False,False
american_pit_bull_terrier_62,american_pit_bull_terrier,american_pit_bull_terrier,0.40472943,"american_pit_bull_terrier, american_bulldog, samoyed, saint_bernard, great_pyrenees",True,True
British_Shorthair_51,British_Shorthair,Abyssinian,0.4646965,"Abyssinian, Egyptian_Mau, Maine_Coon, Sphynx, Bengal",False,False
Sphynx_61,Sphynx,chihuahua,0.27679226,"chihuahua, Siamese, Ragdoll, Sphynx, shiba_inu",False,True
Bombay_78,Bombay,Bombay,0.24852124,"Bombay, British_Shorthair, Russian_Blue, Siamese, Abyssinian",True,True
wheaten_terrier_108,wheaten_terrier,havanese,0.37796414,"havanese, wheaten_terrier, english_cocker_spaniel, Persian, english_setter",False,True
great_pyrenees_144,great_pyrenees,great_pyrenees,0.3231172,"great_pyrenees, american_pit_bull_terrier, wheaten_terrier, american_bulldog, samoyed",True,True
english_setter_17,english_setter,american_pit_bull_terrier,0.19992742,"american_pit_bull_terrier, great_pyrenees, american_bulldog, chihuahua, havanese",False,False
Russian_Blue_159,Russian_Blue,Russian_Blue,0.49608618,"Russian_Blue, British_Shorthair, Siamese, Ragdoll, Sphynx",True,True
pomeranian_170,pomeranian,pomeranian,0.36428803,"pomeranian, Ragdoll, samoyed, Birman, great_pyrenees",True,True
Bombay_56,Bombay,Bombay,0.322975,"Bombay, Siamese, Abyssinian, Sphynx, Russian_Blue",True,True
basset_hound_7,basset_hound,american_bulldog,0.43375123,"american_bulldog, american_pit_bull_terrier, beagle, basset_hound, boxer",False,True
american_pit_bull_terrier_161,american_pit_bull_terrier,american_bulldog,0.6196553,"american_bulldog, american_pit_bull_terrier, saint_bernard, english_setter, pug",False,True
great_pyrenees_42,great_pyrenees,great_pyrenees,0.69060487,"great_pyrenees, wheaten_terrier, havanese, samoyed, english_setter",True,True
Siamese_216,Siamese,Siamese,0.5422592,"Siamese, Bombay, Birman, Ragdoll, Abyssinian",True,True
chihuahua_74,chihuahua,chihuahua,0.49310654,"chihuahua, shiba_inu, beagle, american_pit_bull_terrier, boxer",True,True
samoyed_143,samoyed,samoyed,0.6267009,"samoyed, great_pyrenees, Ragdoll, pomeranian, Persian",True,True
keeshond_18,keeshond,keeshond,0.98278123,"keeshond, leonberger, Birman, Siamese, Ragdoll",True,True
beagle_79,beagle,boxer,0.29364535,"boxer, basset_hound, Bengal, miniature_pinscher, german_shorthaired",False,False
japanese_chin_64,japanese_chin,japanese_chin,0.23001201,"japanese_chin, havanese, scottish_terrier, english_cocker_spaniel, yorkshire_terrier",True,True
Russian_Blue_158,Russian_Blue,Persian,0.21868624,"Persian, Maine_Coon, wheaten_terrier, scottish_terrier, pomeranian",False,False
scottish_terrier_21,scottish_terrier,scottish_terrier,0.36320448,"scottish_terrier, newfoundland, japanese_chin, Siamese, Bombay",True,True
pomeranian_90,pomeranian,pomeranian,0.9837323,"pomeranian, shiba_inu, Ragdoll, japanese_chin, leonberger",True,True
shiba_inu_34,shiba_inu,shiba_inu,0.55413425,"shiba_inu, samoyed, pomeranian, chihuahua, Sphynx",True,True
samoyed_15,samoyed,samoyed,0.69562167,"samoyed, great_pyrenees, pomeranian, american_bulldog, Ragdoll",True,True
Abyssinian_47,Abyssinian,wheaten_terrier,0.35149524,"wheaten_terrier, Persian, Maine_Coon, pomeranian, Abyssinian",False,True
american_pit_bull_terrier_197,american_pit_bull_terrier,staffordshire_bull_terrier,0.4594071,"staffordshire_bull_terrier, Siamese, chihuahua, miniature_pinscher, american_pit_bull_terrier",False,True
scottish_terrier_57,scottish_terrier,scottish_terrier,0.5382464,"scottish_terrier, newfoundland, leonberger, yorkshire_terrier, staffordshire_bull_terrier",True,True
Abyssinian_134,Abyssinian,Abyssinian,0.62120956,"Abyssinian, Sphynx, shiba_inu, Maine_Coon, Bengal",True,True
Egyptian_Mau_201,Egyptian_Mau,german_shorthaired,0.110211015,"german_shorthaired, american_pit_bull_terrier, boxer, chihuahua, Egyptian_Mau",False,True
pomeranian_93,pomeranian,pomeranian,0.92989427,"pomeranian, shiba_inu, Persian, Ragdoll, japanese_chin",True,True
german_shorthaired_72,german_shorthaired,Bengal,0.4765852,"Bengal, english_setter, english_cocker_spaniel, german_shorthaired, yorkshire_terrier",False,True
newfoundland_107,newfoundland,newfoundland,0.5818448,"newfoundland, scottish_terrier, wheaten_terrier, english_cocker_spaniel, yorkshire_terrier",True,True
chihuahua_161,chihuahua,Ragdoll,0.52214134,"Ragdoll, Persian, Birman, Maine_Coon, samoyed",False,False
great_pyrenees_15,great_pyrenees,great_pyrenees,0.69199485,"great_pyrenees, samoyed, wheaten_terrier, american_bulldog, american_pit_bull_terrier",True,True
Egyptian_Mau_40,Egyptian_Mau,Egyptian_Mau,0.35340437,"Egyptian_Mau, pug, Bengal, english_setter, american_bulldog",True,True
basset_hound_110,basset_hound,basset_hound,0.5167325,"basset_hound, boxer, beagle, german_shorthaired, miniature_pinscher",True,True
British_Shorthair_77,British_Shorthair,British_Shorthair,0.48556548,"British_Shorthair, Persian, samoyed, Ragdoll, great_pyrenees",True,True
miniature_pinscher_125,miniature_pinscher,chihuahua,0.36477885,"chihuahua, Sphynx, shiba_inu, miniature_pinscher, american_pit_bull_terrier",False,True
english_cocker_spaniel_113,english_cocker_spaniel,english_cocker_spaniel,0.6976129,"english_cocker_spaniel, english_setter, american_pit_bull_terrier, saint_bernard, basset_hound",True,True
Siamese_110,Siamese,keeshond,0.4908631,"keeshond, Birman, Ragdoll, pomeranian, Siamese",False,True
Abyssinian_70,Abyssinian,Maine_Coon,0.5995599,"Maine_Coon, Persian, Ragdoll, Abyssinian, Sphynx",False,True
basset_hound_26,basset_hound,basset_hound,0.3151944,"basset_hound, beagle, boxer, american_pit_bull_terrier, saint_bernard",True,True
american_bulldog_164,american_bulldog,american_bulldog,0.35681644,"american_bulldog, american_pit_bull_terrier, staffordshire_bull_terrier, saint_bernard, great_pyrenees",True,True
miniature_pinscher_98,miniature_pinscher,miniature_pinscher,0.5620959,"miniature_pinscher, boxer, german_shorthaired, basset_hound, american_pit_bull_terrier",True,True
german_shorthaired_89,german_shorthaired,german_shorthaired,0.4252361,"german_shorthaired, staffordshire_bull_terrier, boxer, american_pit_bull_terrier, basset_hound",True,True
leonberger_146,leonberger,leonberger,0.27360424,"leonberger, boxer, american_pit_bull_terrier, basset_hound, beagle",True,True
wheaten_terrier_141,wheaten_terrier,wheaten_terrier,0.8497726,"wheaten_terrier, Persian, havanese, scottish_terrier, Maine_Coon",True,True
beagle_17,beagle,shiba_inu,0.35849088,"shiba_inu, beagle, pomeranian, american_pit_bull_terrier, chihuahua",False,True
german_shorthaired_154,german_shorthaired,staffordshire_bull_terrier,0.27674717,"staffordshire_bull_terrier, miniature_pinscher, boxer, german_shorthaired, english_cocker_spaniel",False,True
great_pyrenees_62,great_pyrenees,great_pyrenees,0.892319,"great_pyrenees, wheaten_terrier, samoyed, scottish_terrier, havanese",True,True
Sphynx_180,Sphynx,Sphynx,0.81089467,"Sphynx, chihuahua, Abyssinian, shiba_inu, Maine_Coon",True,True
yorkshire_terrier_142,yorkshire_terrier,yorkshire_terrier,0.8855436,"yorkshire_terrier, Maine_Coon, wheaten_terrier, havanese, english_setter",True,True
german_shorthaired_12,german_shorthaired,german_shorthaired,0.54075414,"german_shorthaired, Bengal, boxer, english_cocker_spaniel, miniature_pinscher",True,True
german_shorthaired_16,german_shorthaired,german_shorthaired,0.43502644,"german_shorthaired, staffordshire_bull_terrier, english_cocker_spaniel, american_pit_bull_terrier, basset_hound",True,True
beagle_75,beagle,beagle,0.6324628,"beagle, saint_bernard, basset_hound, japanese_chin, boxer",True,True
newfoundland_101,newfoundland,newfoundland,0.8249473,"newfoundland, scottish_terrier, leonberger, wheaten_terrier, english_cocker_spaniel",True,True
Bengal_20,Bengal,miniature_pinscher,0.23831387,"miniature_pinscher, boxer, Bengal, german_shorthaired, yorkshire_terrier",False,True
german_shorthaired_112,german_shorthaired,staffordshire_bull_terrier,0.4241904,"staffordshire_bull_terrier, german_shorthaired, boxer, american_pit_bull_terrier, english_cocker_spaniel",False,True
havanese_155,havanese,havanese,0.7343975,"havanese, yorkshire_terrier, keeshond, wheaten_terrier, Maine_Coon",True,True
saint_bernard_32,saint_bernard,american_bulldog,0.3721551,"american_bulldog, saint_bernard, american_pit_bull_terrier, beagle, basset_hound",False,True
saint_bernard_36,saint_bernard,staffordshire_bull_terrier,0.53225344,"staffordshire_bull_terrier, american_pit_bull_terrier, boxer, saint_bernard, basset_hound",False,True
keeshond_51,keeshond,keeshond,0.9048204,"keeshond, leonberger, havanese, newfoundland, scottish_terrier",True,True
Russian_Blue_64,Russian_Blue,Russian_Blue,0.37990972,"Russian_Blue, Egyptian_Mau, British_Shorthair, Abyssinian, Maine_Coon",True,True
japanese_chin_88,japanese_chin,japanese_chin,0.5038358,"japanese_chin, pomeranian, leonberger, havanese, saint_bernard",True,True
beagle_36,beagle,basset_hound,0.41616076,"basset_hound, beagle, boxer, american_pit_bull_terrier, saint_bernard",False,True
Russian_Blue_199,Russian_Blue,British_Shorthair,0.56046295,"British_Shorthair, Russian_Blue, Bombay, Abyssinian, Sphynx",False,True
Siamese_176,Siamese,Siamese,0.8149063,"Siamese, Birman, Ragdoll, chihuahua, japanese_chin",True,True
Ragdoll_122,Ragdoll,Ragdoll,0.6841393,"Ragdoll, Birman, Siamese, pomeranian, Persian",True,True
boxer_61,boxer,chihuahua,0.47050542,"chihuahua, Sphynx, Siamese, miniature_pinscher, pug",False,False
great_pyrenees_38,great_pyrenees,wheaten_terrier,0.610702,"wheaten_terrier, english_cocker_spaniel, leonberger, american_pit_bull_terrier, havanese",False,False
miniature_pinscher_182,miniature_pinscher,chihuahua,0.320741,"chihuahua, Bengal, miniature_pinscher, yorkshire_terrier, Abyssinian",False,True
havanese_41,havanese,wheaten_terrier,0.75478554,"wheaten_terrier, havanese, scottish_terrier, leonberger, english_cocker_spaniel",False,True
chihuahua_99,chihuahua,chihuahua,0.3832424,"chihuahua, Sphynx, beagle, shiba_inu, american_pit_bull_terrier",True,True
samoyed_6,samoyed,Ragdoll,0.3446304,"Ragdoll, samoyed, Birman, pomeranian, shiba_inu",False,True
boxer_92,boxer,boxer,0.22872649,"boxer, staffordshire_bull_terrier, american_pit_bull_terrier, american_bulldog, saint_bernard",True,True
german_shorthaired_108,german_shorthaired,german_shorthaired,0.1908739,"german_shorthaired, american_pit_bull_terrier, wheaten_terrier, english_setter, english_cocker_spaniel",True,True
Russian_Blue_144,Russian_Blue,Russian_Blue,0.63031036,"Russian_Blue, British_Shorthair, american_pit_bull_terrier, staffordshire_bull_terrier, Abyssinian",True,True
beagle_74,beagle,american_pit_bull_terrier,0.153343,"american_pit_bull_terrier, english_cocker_spaniel, english_setter, boxer, beagle",False,True
Siamese_114,Siamese,Siamese,0.7312615,"Siamese, Sphynx, Bombay, chihuahua, Birman",True,True
keeshond_109,keeshond,japanese_chin,0.37856114,"japanese_chin, keeshond, Ragdoll, havanese, Birman",False,True
english_setter_47,english_setter,english_setter,0.42958546,"english_setter, english_cocker_spaniel, wheaten_terrier, Bengal, yorkshire_terrier",True,True
leonberger_148,leonberger,american_pit_bull_terrier,0.25275812,"american_pit_bull_terrier, english_cocker_spaniel, boxer, yorkshire_terrier, Bengal",False,False
Persian_168,Persian,english_setter,0.1808502,"english_setter, havanese, wheaten_terrier, pug, english_cocker_spaniel",False,False
Bombay_91,Bombay,scottish_terrier,0.6389832,"scottish_terrier, newfoundland, Bombay, yorkshire_terrier, english_cocker_spaniel",False,True
american_bulldog_114,american_bulldog,american_bulldog,0.34913316,"american_bulldog, beagle, chihuahua, american_pit_bull_terrier, pug",True,True
Siamese_81,Siamese,Birman,0.40387177,"Birman, Ragdoll, Siamese, chihuahua, Sphynx",False,True
keeshond_116,keeshond,keeshond,0.5355819,"keeshond, Russian_Blue, Bombay, British_Shorthair, Siamese",True,True
japanese_chin_58,japanese_chin,japanese_chin,0.8682534,"japanese_chin, Ragdoll, Birman, saint_bernard, Siamese",True,True
Bombay_209,Bombay,Bombay,0.95704,"Bombay, Siamese, scottish_terrier, Russian_Blue, newfoundland",True,True
great_pyrenees_17,great_pyrenees,staffordshire_bull_terrier,0.13999556,"staffordshire_bull_terrier, Siamese, scottish_terrier, pug, keeshond",False,False
British_Shorthair_230,British_Shorthair,boxer,0.20289499,"boxer, beagle, chihuahua, american_pit_bull_terrier, miniature_pinscher",False,False
beagle_148,beagle,saint_bernard,0.43133038,"saint_bernard, basset_hound, beagle, boxer, japanese_chin",False,True
american_pit_bull_terrier_198,american_pit_bull_terrier,pug,0.1725732,"pug, american_bulldog, great_pyrenees, american_pit_bull_terrier, english_setter",False,True
Ragdoll_53,Ragdoll,Birman,0.53484213,"Birman, Ragdoll, Siamese, keeshond, chihuahua",False,True
British_Shorthair_197,British_Shorthair,British_Shorthair,0.6767928,"British_Shorthair, Russian_Blue, keeshond, Egyptian_Mau, Bombay",True,True
american_pit_bull_terrier_57,american_pit_bull_terrier,german_shorthaired,0.40658945,"german_shorthaired, boxer, basset_hound, staffordshire_bull_terrier, american_pit_bull_terrier",False,True
Sphynx_184,Sphynx,Sphynx,0.4543797,"Sphynx, american_bulldog, chihuahua, american_pit_bull_terrier, Russian_Blue",True,True
miniature_pinscher_38,miniature_pinscher,boxer,0.30963102,"boxer, staffordshire_bull_terrier, german_shorthaired, american_pit_bull_terrier, miniature_pinscher",False,True
german_shorthaired_111,german_shorthaired,german_shorthaired,0.7732612,"german_shorthaired, basset_hound, english_setter, boxer, english_cocker_spaniel",True,True
Maine_Coon_137,Maine_Coon,Egyptian_Mau,0.5189314,"Egyptian_Mau, Bengal, german_shorthaired, Maine_Coon, Abyssinian",False,True
chihuahua_52,chihuahua,american_pit_bull_terrier,0.2987056,"american_pit_bull_terrier, chihuahua, american_bulldog, beagle, Sphynx",False,True
english_setter_79,english_setter,pug,0.18464018,"pug, boxer, english_setter, german_shorthaired, american_pit_bull_terrier",False,True
english_cocker_spaniel_131,english_cocker_spaniel,newfoundland,0.7710438,"newfoundland, english_cocker_spaniel, scottish_terrier, staffordshire_bull_terrier, leonberger",False,True
great_pyrenees_162,great_pyrenees,great_pyrenees,0.72872454,"great_pyrenees, samoyed, american_bulldog, american_pit_bull_terrier, wheaten_terrier",True,True
beagle_90,beagle,saint_bernard,0.6852235,"saint_bernard, beagle, japanese_chin, american_bulldog, basset_hound",False,True
shiba_inu_15,shiba_inu,shiba_inu,0.8647029,"shiba_inu, chihuahua, beagle, pomeranian, american_pit_bull_terrier",True,True
english_setter_196,english_setter,great_pyrenees,0.29288208,"great_pyrenees, samoyed, pomeranian, shiba_inu, wheaten_terrier",False,False
Bombay_184,Bombay,Bombay,0.4153046,"Bombay, miniature_pinscher, Sphynx, chihuahua, Siamese",True,True
american_pit_bull_terrier_110,american_pit_bull_terrier,shiba_inu,0.7963417,"shiba_inu, chihuahua, beagle, american_pit_bull_terrier, pomeranian",False,True
leonberger_25,leonberger,leonberger,0.6787436,"leonberger, newfoundland, havanese, wheaten_terrier, english_cocker_spaniel",True,True
american_bulldog_58,american_bulldog,american_bulldog,0.7626999,"american_bulldog, american_pit_bull_terrier, pug, saint_bernard, staffordshire_bull_terrier",True,True
keeshond_43,keeshond,keeshond,0.7483646,"keeshond, havanese, leonberger, wheaten_terrier, Persian",True,True
Sphynx_34,Sphynx,Sphynx,0.5063163,"Sphynx, chihuahua, miniature_pinscher, beagle, shiba_inu",True,True
Bombay_109,Bombay,Bombay,0.6370038,"Bombay, scottish_terrier, Siamese, miniature_pinscher, newfoundland",True,True
British_Shorthair_200,British_Shorthair,British_Shorthair,0.5923694,"British_Shorthair, Russian_Blue, Abyssinian, Bombay, Sphynx",True,True
basset_hound_15,basset_hound,boxer,0.14844559,"boxer, american_pit_bull_terrier, chihuahua, beagle, Abyssinian",False,False
Bengal_55,Bengal,Bengal,0.33786163,"Bengal, german_shorthaired, boxer, miniature_pinscher, english_cocker_spaniel",True,True
Russian_Blue_79,Russian_Blue,Russian_Blue,0.87258923,"Russian_Blue, British_Shorthair, Sphynx, Abyssinian, Siamese",True,True
great_pyrenees_123,great_pyrenees,great_pyrenees,0.95330834,"great_pyrenees, havanese, wheaten_terrier, samoyed, english_setter",True,True
havanese_56,havanese,keeshond,0.29378963,"keeshond, havanese, leonberger, japanese_chin, newfoundland",False,True
wheaten_terrier_44,wheaten_terrier,wheaten_terrier,0.5706824,"wheaten_terrier, havanese, great_pyrenees, english_setter, english_cocker_spaniel",True,True
British_Shorthair_218,British_Shorthair,British_Shorthair,0.34757018,"British_Shorthair, Russian_Blue, Sphynx, Abyssinian, Ragdoll",True,True
chihuahua_102,chihuahua,Sphynx,0.5712639,"Sphynx, chihuahua, miniature_pinscher, shiba_inu, american_pit_bull_terrier",False,True
Bengal_51,Bengal,Ragdoll,0.14419913,"Ragdoll, chihuahua, Abyssinian, Maine_Coon, keeshond",False,False
Maine_Coon_195,Maine_Coon,yorkshire_terrier,0.43123433,"yorkshire_terrier, wheaten_terrier, Maine_Coon, Persian, english_cocker_spaniel",False,True
Sphynx_250,Sphynx,Bengal,0.60012126,"Bengal, boxer, Abyssinian, german_shorthaired, Sphynx",False,True
pomeranian_24,pomeranian,pomeranian,0.877817,"pomeranian, Persian, Ragdoll, shiba_inu, wheaten_terrier",True,True
staffordshire_bull_terrier_114,staffordshire_bull_terrier,staffordshire_bull_terrier,0.5969916,"staffordshire_bull_terrier, american_pit_bull_terrier, boxer, american_bulldog, german_shorthaired",True,True
Maine_Coon_191,Maine_Coon,english_setter,0.4010357,"english_setter, Egyptian_Mau, Maine_Coon, wheaten_terrier, american_pit_bull_terrier",False,True
Birman_133,Birman,shiba_inu,0.3580727,"shiba_inu, pomeranian, Birman, Siamese, leonberger",False,True
Bombay_144,Bombay,Bombay,0.95573896,"Bombay, Siamese, scottish_terrier, Russian_Blue, Abyssinian",True,True
staffordshire_bull_terrier_5,staffordshire_bull_terrier,leonberger,0.35790342,"leonberger, american_pit_bull_terrier, chihuahua, miniature_pinscher, boxer",False,False
boxer_31,boxer,boxer,0.6010768,"boxer, staffordshire_bull_terrier, basset_hound, german_shorthaired, english_cocker_spaniel",True,True
keeshond_75,keeshond,keeshond,0.29043445,"keeshond, Ragdoll, chihuahua, Maine_Coon, havanese",True,True
Maine_Coon_158,Maine_Coon,Maine_Coon,0.78878933,"Maine_Coon, Persian, Bengal, Ragdoll, Egyptian_Mau",True,True
Maine_Coon_174,Maine_Coon,Maine_Coon,0.84420264,"Maine_Coon, Persian, Abyssinian, Bengal, yorkshire_terrier",True,True
saint_bernard_48,saint_bernard,saint_bernard,0.76325154,"saint_bernard, japanese_chin, english_setter, english_cocker_spaniel, american_bulldog",True,True
american_bulldog_62,american_bulldog,Sphynx,0.49561283,"Sphynx, chihuahua, Abyssinian, miniature_pinscher, Bengal",False,False
english_cocker_spaniel_101,english_cocker_spaniel,english_cocker_spaniel,0.38446945,"english_cocker_spaniel, english_setter, german_shorthaired, american_pit_bull_terrier, yorkshire_terrier",True,True
beagle_163,beagle,american_pit_bull_terrier,0.39513484,"american_pit_bull_terrier, beagle, american_bulldog, shiba_inu, chihuahua",False,True
chihuahua_170,chihuahua,american_bulldog,0.3410988,"american_bulldog, samoyed, chihuahua, american_pit_bull_terrier, great_pyrenees",False,True
saint_bernard_55,saint_bernard,saint_bernard,0.65751314,"saint_bernard, japanese_chin, beagle, basset_hound, american_bulldog",True,True
beagle_117,beagle,beagle,0.3617027,"beagle, basset_hound, chihuahua, american_pit_bull_terrier, shiba_inu",True,True
Siamese_157,Siamese,Birman,0.763648,"Birman, Siamese, Ragdoll, keeshond, japanese_chin",False,True
Abyssinian_152,Abyssinian,Abyssinian,0.64802194,"Abyssinian, Maine_Coon, yorkshire_terrier, Bengal, wheaten_terrier",True,True
staffordshire_bull_terrier_79,staffordshire_bull_terrier,staffordshire_bull_terrier,0.5022785,"staffordshire_bull_terrier, miniature_pinscher, german_shorthaired, scottish_terrier, american_pit_bull_terrier",True,True
Egyptian_Mau_23,Egyptian_Mau,Egyptian_Mau,0.78802854,"Egyptian_Mau, Maine_Coon, Bengal, english_setter, german_shorthaired",True,True
Sphynx_5,Sphynx,Sphynx,0.848846,"Sphynx, Abyssinian, chihuahua, Russian_Blue, Persian",True,True
boxer_174,boxer,leonberger,0.21535549,"leonberger, boxer, newfoundland, american_pit_bull_terrier, staffordshire_bull_terrier",False,True
Abyssinian_185,Abyssinian,Abyssinian,0.3719567,"Abyssinian, Bengal, chihuahua, Maine_Coon, shiba_inu",True,True
shiba_inu_98,shiba_inu,boxer,0.40284914,"boxer, miniature_pinscher, basset_hound, american_pit_bull_terrier, staffordshire_bull_terrier",False,False
Persian_64,Persian,wheaten_terrier,0.22997332,"wheaten_terrier, Persian, Maine_Coon, pomeranian, yorkshire_terrier",False,True
scottish_terrier_74,scottish_terrier,yorkshire_terrier,0.32032156,"yorkshire_terrier, Maine_Coon, pomeranian, wheaten_terrier, Abyssinian",False,False
staffordshire_bull_terrier_121,staffordshire_bull_terrier,japanese_chin,0.12313476,"japanese_chin, pomeranian, Ragdoll, samoyed, american_pit_bull_terrier",False,False
yorkshire_terrier_154,yorkshire_terrier,yorkshire_terrier,0.96280885,"yorkshire_terrier, leonberger, wheaten_terrier, english_cocker_spaniel, Maine_Coon",True,True
Siamese_189,Siamese,Ragdoll,0.38154575,"Ragdoll, Siamese, Birman, Abyssinian, Maine_Coon",False,True
yorkshire_terrier_80,yorkshire_terrier,yorkshire_terrier,0.7717651,"yorkshire_terrier, english_cocker_spaniel, Maine_Coon, Bengal, leonberger",True,True
havanese_196,havanese,havanese,0.49519503,"havanese, english_setter, yorkshire_terrier, english_cocker_spaniel, japanese_chin",True,True
american_bulldog_18,american_bulldog,american_bulldog,0.4167341,"american_bulldog, american_pit_bull_terrier, pug, english_setter, great_pyrenees",True,True
havanese_186,havanese,leonberger,0.3053183,"leonberger, newfoundland, yorkshire_terrier, keeshond, scottish_terrier",False,False
Abyssinian_99,Abyssinian,Bengal,0.19138937,"Bengal, Maine_Coon, boxer, Abyssinian, wheaten_terrier",False,True
english_cocker_spaniel_195,english_cocker_spaniel,scottish_terrier,0.23425058,"scottish_terrier, newfoundland, english_cocker_spaniel, wheaten_terrier, german_shorthaired",False,True
beagle_23,beagle,boxer,0.28136837,"boxer, beagle, basset_hound, Sphynx, chihuahua",False,True
miniature_pinscher_94,miniature_pinscher,wheaten_terrier,0.23728797,"wheaten_terrier, english_setter, american_pit_bull_terrier, english_cocker_spaniel, Bengal",False,False
Bengal_125,Bengal,Bengal,0.90611905,"Bengal, Egyptian_Mau, Maine_Coon, Abyssinian, german_shorthaired",True,True
Egyptian_Mau_56,Egyptian_Mau,Egyptian_Mau,0.9607006,"Egyptian_Mau, Bengal, Maine_Coon, english_setter, german_shorthaired",True,True
Russian_Blue_232,Russian_Blue,Russian_Blue,0.6976499,"Russian_Blue, British_Shorthair, keeshond, Abyssinian, Bombay",True,True
Siamese_175,Siamese,Siamese,0.8645395,"Siamese, Birman, chihuahua, miniature_pinscher, Ragdoll",True,True
wheaten_terrier_84,wheaten_terrier,japanese_chin,0.6772488,"japanese_chin, havanese, saint_bernard, pomeranian, newfoundland",False,False
British_Shorthair_274,British_Shorthair,Russian_Blue,0.6754774,"Russian_Blue, British_Shorthair, Abyssinian, Sphynx, Bombay",False,True
basset_hound_50,basset_hound,basset_hound,0.46147305,"basset_hound, beagle, boxer, saint_bernard, american_pit_bull_terrier",True,True
german_shorthaired_83,german_shorthaired,german_shorthaired,0.42918196,"german_shorthaired, boxer, english_cocker_spaniel, english_setter, american_pit_bull_terrier",True,True
miniature_pinscher_131,miniature_pinscher,miniature_pinscher,0.5840384,"miniature_pinscher, boxer, Abyssinian, chihuahua, Sphynx",True,True
yorkshire_terrier_155,yorkshire_terrier,Birman,0.11840355,"Birman, pomeranian, Siamese, Ragdoll, keeshond",False,False
Ragdoll_154,Ragdoll,Ragdoll,0.516149,"Ragdoll, Persian, Maine_Coon, Birman, pomeranian",True,True
Abyssinian_121,Abyssinian,Abyssinian,0.8209118,"Abyssinian, Maine_Coon, Sphynx, Bengal, British_Shorthair",True,True
Russian_Blue_85,Russian_Blue,Russian_Blue,0.6202824,"Russian_Blue, Bombay, British_Shorthair, Siamese, Sphynx",True,True
wheaten_terrier_138,wheaten_terrier,wheaten_terrier,0.38260043,"wheaten_terrier, Persian, pomeranian, leonberger, Abyssinian",True,True
keeshond_86,keeshond,Ragdoll,0.23274493,"Ragdoll, keeshond, Birman, Siamese, pug",False,True
scottish_terrier_122,scottish_terrier,Bombay,0.5262727,"Bombay, scottish_terrier, newfoundland, Siamese, yorkshire_terrier",False,True
Persian_88,Persian,keeshond,0.37881765,"keeshond, Birman, Ragdoll, Persian, pomeranian",False,True
keeshond_156,keeshond,Birman,0.6672643,"Birman, Ragdoll, pomeranian, japanese_chin, Siamese",False,False
Maine_Coon_265,Maine_Coon,Maine_Coon,0.3482933,"Maine_Coon, Bengal, Egyptian_Mau, Persian, Abyssinian",True,True
yorkshire_terrier_10,yorkshire_terrier,wheaten_terrier,0.41387635,"wheaten_terrier, Maine_Coon, yorkshire_terrier, Persian, english_cocker_spaniel",False,True
keeshond_25,keeshond,leonberger,0.23200221,"leonberger, newfoundland, havanese, keeshond, english_cocker_spaniel",False,True
British_Shorthair_139,British_Shorthair,British_Shorthair,0.8820087,"British_Shorthair, Russian_Blue, Abyssinian, Maine_Coon, Persian",True,True
yorkshire_terrier_120,yorkshire_terrier,yorkshire_terrier,0.79005915,"yorkshire_terrier, leonberger, wheaten_terrier, english_cocker_spaniel, havanese",True,True
leonberger_145,leonberger,leonberger,0.5825959,"leonberger, american_pit_bull_terrier, pomeranian, boxer, newfoundland",True,True
keeshond_191,keeshond,keeshond,0.9218411,"keeshond, leonberger, Birman, Ragdoll, Siamese",True,True
miniature_pinscher_179,miniature_pinscher,leonberger,0.5002741,"leonberger, miniature_pinscher, boxer, staffordshire_bull_terrier, basset_hound",False,True
Maine_Coon_97,Maine_Coon,Maine_Coon,0.4299226,"Maine_Coon, Abyssinian, Bengal, shiba_inu, yorkshire_terrier",True,True
japanese_chin_123,japanese_chin,japanese_chin,0.3725709,"japanese_chin, pomeranian, beagle, saint_bernard, shiba_inu",True,True
english_cocker_spaniel_27,english_cocker_spaniel,english_cocker_spaniel,0.614685,"english_cocker_spaniel, newfoundland, havanese, scottish_terrier, wheaten_terrier",True,True
saint_bernard_1,saint_bernard,saint_bernard,0.3255496,"saint_bernard, japanese_chin, american_bulldog, american_pit_bull_terrier, beagle",True,True
pomeranian_185,pomeranian,leonberger,0.32464063,"leonberger, newfoundland, yorkshire_terrier, scottish_terrier, japanese_chin",False,False
Bengal_52,Bengal,Bengal,0.6013384,"Bengal, Maine_Coon, english_setter, english_cocker_spaniel, german_shorthaired",True,True
miniature_pinscher_35,miniature_pinscher,miniature_pinscher,0.8814789,"miniature_pinscher, chihuahua, boxer, basset_hound, shiba_inu",True,True
american_bulldog_185,american_bulldog,american_bulldog,0.68851376,"american_bulldog, american_pit_bull_terrier, pug, chihuahua, Sphynx",True,True
great_pyrenees_135,great_pyrenees,great_pyrenees,0.41034496,"great_pyrenees, havanese, american_bulldog, japanese_chin, samoyed",True,True
Sphynx_213,Sphynx,Russian_Blue,0.38843814,"Russian_Blue, Sphynx, Abyssinian, Bombay, Siamese",False,True
Russian_Blue_93,Russian_Blue,Sphynx,0.36497393,"Sphynx, Russian_Blue, British_Shorthair, chihuahua, american_pit_bull_terrier",False,True
great_pyrenees_26,great_pyrenees,samoyed,0.3780147,"samoyed, american_bulldog, great_pyrenees, american_pit_bull_terrier, saint_bernard",False,True
pomeranian_45,pomeranian,pomeranian,0.730131,"pomeranian, samoyed, Ragdoll, Persian, Birman",True,True
Bengal_77,Bengal,Bengal,0.6783678,"Bengal, Maine_Coon, Abyssinian, Egyptian_Mau, miniature_pinscher",True,True
samoyed_103,samoyed,samoyed,0.6757286,"samoyed, great_pyrenees, american_bulldog, pomeranian, Ragdoll",True,True
Birman_134,Birman,Birman,0.42581746,"Birman, Ragdoll, Siamese, British_Shorthair, Russian_Blue",True,True
Bengal_199,Bengal,Maine_Coon,0.56590223,"Maine_Coon, Bengal, Abyssinian, Persian, yorkshire_terrier",False,True
Egyptian_Mau_131,Egyptian_Mau,Egyptian_Mau,0.9703829,"Egyptian_Mau, Bengal, Maine_Coon, pug, english_setter",True,True
Sphynx_74,Sphynx,Sphynx,0.49484977,"Sphynx, chihuahua, Abyssinian, miniature_pinscher, american_pit_bull_terrier",True,True
saint_bernard_169,saint_bernard,saint_bernard,0.6749902,"saint_bernard, basset_hound, boxer, american_bulldog, beagle",True,True
scottish_terrier_76,scottish_terrier,english_setter,0.2641148,"english_setter, american_pit_bull_terrier, american_bulldog, great_pyrenees, pug",False,False
chihuahua_171,chihuahua,chihuahua,0.701152,"chihuahua, shiba_inu, Sphynx, american_pit_bull_terrier, beagle",True,True
Maine_Coon_31,Maine_Coon,Maine_Coon,0.64802265,"Maine_Coon, Persian, wheaten_terrier, havanese, yorkshire_terrier",True,True
shiba_inu_173,shiba_inu,Sphynx,0.3136939,"Sphynx, chihuahua, boxer, miniature_pinscher, american_pit_bull_terrier",False,False
saint_bernard_44,saint_bernard,beagle,0.3563339,"beagle, saint_bernard, basset_hound, american_pit_bull_terrier, boxer",False,True
boxer_89,boxer,boxer,0.2667198,"boxer, american_pit_bull_terrier, basset_hound, beagle, leonberger",True,True
Ragdoll_93,Ragdoll,Ragdoll,0.3645076,"Ragdoll, Birman, British_Shorthair, Persian, samoyed",True,True
Siamese_138,Siamese,Sphynx,0.22138986,"Sphynx, Ragdoll, chihuahua, shiba_inu, Birman",False,False
Sphynx_198,Sphynx,Sphynx,0.5263356,"Sphynx, chihuahua, Ragdoll, Abyssinian, shiba_inu",True,True
basset_hound_8,basset_hound,american_pit_bull_terrier,0.24658747,"american_pit_bull_terrier, boxer, american_bulldog, pug, beagle",False,False
Birman_159,Birman,Birman,0.6224582,"Birman, Ragdoll, Siamese, keeshond, chihuahua",True,True
Russian_Blue_127,Russian_Blue,British_Shorthair,0.74446535,"British_Shorthair, Russian_Blue, Abyssinian, Egyptian_Mau, Maine_Coon",False,True
Bengal_22,Bengal,wheaten_terrier,0.14586157,"wheaten_terrier, Persian, Abyssinian, Maine_Coon, shiba_inu",False,False
yorkshire_terrier_149,yorkshire_terrier,yorkshire_terrier,0.91217446,"yorkshire_terrier, wheaten_terrier, english_cocker_spaniel, american_pit_bull_terrier, Maine_Coon",True,True
leonberger_85,leonberger,newfoundland,0.20172119,"newfoundland, american_pit_bull_terrier, leonberger, staffordshire_bull_terrier, wheaten_terrier",False,True
pug_18,pug,chihuahua,0.2177746,"chihuahua, american_pit_bull_terrier, pug, american_bulldog, Sphynx",False,True
wheaten_terrier_192,wheaten_terrier,Abyssinian,0.16839136,"Abyssinian, Bombay, Russian_Blue, Sphynx, american_pit_bull_terrier",False,False
Bombay_193,Bombay,Bombay,0.6120613,"Bombay, scottish_terrier, Siamese, miniature_pinscher, staffordshire_bull_terrier",True,True
pomeranian_57,pomeranian,pomeranian,0.8824944,"pomeranian, shiba_inu, beagle, japanese_chin, chihuahua",True,True
saint_bernard_77,saint_bernard,saint_bernard,0.75702965,"saint_bernard, basset_hound, japanese_chin, beagle, boxer",True,True
basset_hound_151,basset_hound,basset_hound,0.30812296,"basset_hound, beagle, saint_bernard, japanese_chin, boxer",True,True
havanese_139,havanese,english_cocker_spaniel,0.537895,"english_cocker_spaniel, english_setter, havanese, yorkshire_terrier, pug",False,True
boxer_151,boxer,boxer,0.38656965,"boxer, german_shorthaired, pug, english_cocker_spaniel, staffordshire_bull_terrier",True,True
pomeranian_179,pomeranian,great_pyrenees,0.34752193,"great_pyrenees, samoyed, Ragdoll, american_bulldog, pomeranian",False,True
english_cocker_spaniel_12,english_cocker_spaniel,english_cocker_spaniel,0.5493401,"english_cocker_spaniel, yorkshire_terrier, english_setter, japanese_chin, havanese",True,True
german_shorthaired_120,german_shorthaired,american_pit_bull_terrier,0.098576546,"american_pit_bull_terrier, miniature_pinscher, Abyssinian, Bengal, shiba_inu",False,False
Egyptian_Mau_138,Egyptian_Mau,Egyptian_Mau,0.6829077,"Egyptian_Mau, Bengal, Maine_Coon, german_shorthaired, pug",True,True
english_setter_156,english_setter,american_pit_bull_terrier,0.3116691,"american_pit_bull_terrier, american_bulldog, beagle, basset_hound, chihuahua",False,False
american_bulldog_125,american_bulldog,american_bulldog,0.91407174,"american_bulldog, pug, american_pit_bull_terrier, saint_bernard, beagle",True,True
boxer_17,boxer,basset_hound,0.58311296,"basset_hound, beagle, boxer, american_pit_bull_terrier, chihuahua",False,True
Siamese_98,Siamese,Birman,0.33981958,"Birman, japanese_chin, Ragdoll, Siamese, pomeranian",False,True
Birman_1,Birman,Ragdoll,0.35478657,"Ragdoll, Birman, Siamese, shiba_inu, Sphynx",False,True
Sphynx_96,Sphynx,american_pit_bull_terrier,0.2078652,"american_pit_bull_terrier, boxer, Abyssinian, beagle, german_shorthaired",False,False
staffordshire_bull_terrier_28,staffordshire_bull_terrier,american_bulldog,0.48690438,"american_bulldog, saint_bernard, beagle, american_pit_bull_terrier, basset_hound",False,False
Egyptian_Mau_28,Egyptian_Mau,Egyptian_Mau,0.39840165,"Egyptian_Mau, Sphynx, Bengal, Abyssinian, Maine_Coon",True,True
german_shorthaired_36,german_shorthaired,german_shorthaired,0.4936236,"german_shorthaired, english_cocker_spaniel, english_setter, boxer, scottish_terrier",True,True
newfoundland_173,newfoundland,scottish_terrier,0.4182609,"scottish_terrier, newfoundland, keeshond, leonberger, staffordshire_bull_terrier",False,True
newfoundland_43,newfoundland,scottish_terrier,0.42455864,"scottish_terrier, newfoundland, Bombay, keeshond, havanese",False,True
german_shorthaired_160,german_shorthaired,basset_hound,0.2800403,"basset_hound, saint_bernard, beagle, staffordshire_bull_terrier, american_bulldog",False,False
wheaten_terrier_27,wheaten_terrier,wheaten_terrier,0.55609137,"wheaten_terrier, havanese, english_setter, english_cocker_spaniel, yorkshire_terrier",True,True
Maine_Coon_206,Maine_Coon,Maine_Coon,0.52351177,"Maine_Coon, Abyssinian, Bengal, Persian, British_Shorthair",True,True
Russian_Blue_178,Russian_Blue,British_Shorthair,0.42244774,"British_Shorthair, Russian_Blue, Sphynx, Bombay, Abyssinian",False,True
shiba_inu_129,shiba_inu,shiba_inu,0.6924459,"shiba_inu, american_pit_bull_terrier, chihuahua, beagle, american_bulldog",True,True
Ragdoll_95,Ragdoll,american_pit_bull_terrier,0.21632533,"american_pit_bull_terrier, pomeranian, shiba_inu, chihuahua, beagle",False,False
Russian_Blue_9,Russian_Blue,Sphynx,0.45151898,"Sphynx, Russian_Blue, Abyssinian, Egyptian_Mau, British_Shorthair",False,True
Egyptian_Mau_5,Egyptian_Mau,Egyptian_Mau,0.9933507,"Egyptian_Mau, Bengal, Maine_Coon, english_setter, german_shorthaired",True,True
Bombay_185,Bombay,Bombay,0.35068384,"Bombay, miniature_pinscher, Sphynx, Abyssinian, Siamese",True,True
boxer_23,boxer,american_bulldog,0.27900764,"american_bulldog, basset_hound, beagle, american_pit_bull_terrier, boxer",False,True
Birman_201,Birman,Ragdoll,0.41520774,"Ragdoll, Persian, Birman, Maine_Coon, keeshond",False,True
yorkshire_terrier_113,yorkshire_terrier,pomeranian,0.53568304,"pomeranian, Ragdoll, Persian, Birman, chihuahua",False,False
saint_bernard_16,saint_bernard,basset_hound,0.6071578,"basset_hound, beagle, saint_bernard, boxer, american_pit_bull_terrier",False,True
havanese_96,havanese,wheaten_terrier,0.37144008,"wheaten_terrier, havanese, english_setter, scottish_terrier, great_pyrenees",False,True
havanese_87,havanese,wheaten_terrier,0.4940654,"wheaten_terrier, havanese, english_setter, english_cocker_spaniel, great_pyrenees",False,True
Birman_112,Birman,Birman,0.33254665,"Birman, Ragdoll, keeshond, Siamese, Persian",True,True
scottish_terrier_3,scottish_terrier,Bombay,0.34085995,"Bombay, Siamese, pug, scottish_terrier, Egyptian_Mau",False,True
pomeranian_141,pomeranian,pomeranian,0.6154846,"pomeranian, Persian, leonberger, shiba_inu, wheaten_terrier",True,True
basset_hound_47,basset_hound,basset_hound,0.56242365,"basset_hound, beagle, saint_bernard, american_pit_bull_terrier, boxer",True,True
miniature_pinscher_79,miniature_pinscher,german_shorthaired,0.2932182,"german_shorthaired, american_pit_bull_terrier, staffordshire_bull_terrier, wheaten_terrier, boxer",False,False
havanese_198,havanese,german_shorthaired,0.3697877,"german_shorthaired, staffordshire_bull_terrier, english_cocker_spaniel, boxer, scottish_terrier",False,False
basset_hound_119,basset_hound,saint_bernard,0.57409626,"saint_bernard, basset_hound, staffordshire_bull_terrier, beagle, american_bulldog",False,True
miniature_pinscher_188,miniature_pinscher,leonberger,0.28770342,"leonberger, miniature_pinscher, boxer, Abyssinian, american_pit_bull_terrier",False,True
Persian_194,Persian,Persian,0.77652335,"Persian, wheaten_terrier, Maine_Coon, scottish_terrier, havanese",True,True
Sphynx_92,Sphynx,Egyptian_Mau,0.4939789,"Egyptian_Mau, pug, Bengal, Maine_Coon, english_setter",False,False
wheaten_terrier_130,wheaten_terrier,wheaten_terrier,0.4861672,"wheaten_terrier, havanese, english_cocker_spaniel, english_setter, scottish_terrier",True,True
saint_bernard_2,saint_bernard,japanese_chin,0.87609357,"japanese_chin, saint_bernard, Ragdoll, american_bulldog, beagle",False,True
Russian_Blue_110,Russian_Blue,Russian_Blue,0.5027825,"Russian_Blue, British_Shorthair, Bombay, Siamese, Sphynx",True,True
german_shorthaired_3,german_shorthaired,staffordshire_bull_terrier,0.39284143,"staffordshire_bull_terrier, german_shorthaired, american_bulldog, basset_hound, american_pit_bull_terrier",False,True
samoyed_96,samoyed,samoyed,0.6380747,"samoyed, Ragdoll, Birman, Persian, pomeranian",True,True
keeshond_184,keeshond,keeshond,0.71283996,"keeshond, newfoundland, leonberger, scottish_terrier, Bombay",True,True
basset_hound_127,basset_hound,boxer,0.09284191,"boxer, Abyssinian, wheaten_terrier, Maine_Coon, newfoundland",False,False
beagle_49,beagle,beagle,0.75520074,"beagle, basset_hound, saint_bernard, chihuahua, american_pit_bull_terrier",True,True
staffordshire_bull_terrier_59,staffordshire_bull_terrier,american_pit_bull_terrier,0.21023515,"american_pit_bull_terrier, chihuahua, american_bulldog, shiba_inu, staffordshire_bull_terrier",False,True
chihuahua_185,chihuahua,chihuahua,0.5579631,"chihuahua, Sphynx, american_pit_bull_terrier, shiba_inu, american_bulldog",True,True
saint_bernard_187,saint_bernard,saint_bernard,0.8569186,"saint_bernard, beagle, basset_hound, japanese_chin, boxer",True,True
pug_11,pug,pug,0.89909995,"pug, american_bulldog, american_pit_bull_terrier, chihuahua, english_setter",True,True
Abyssinian_207,Abyssinian,Abyssinian,0.16914663,"Abyssinian, Sphynx, shiba_inu, chihuahua, Russian_Blue",True,True
Bombay_25,Bombay,Bombay,0.96891564,"Bombay, Siamese, Russian_Blue, scottish_terrier, British_Shorthair",True,True
great_pyrenees_110,great_pyrenees,american_pit_bull_terrier,0.35069808,"american_pit_bull_terrier, great_pyrenees, american_bulldog, wheaten_terrier, scottish_terrier",False,True
chihuahua_147,chihuahua,chihuahua,0.30651185,"chihuahua, american_pit_bull_terrier, Sphynx, shiba_inu, american_bulldog",True,True
British_Shorthair_45,British_Shorthair,British_Shorthair,0.56536525,"British_Shorthair, Russian_Blue, Maine_Coon, Egyptian_Mau, Abyssinian",True,True
Egyptian_Mau_188,Egyptian_Mau,Egyptian_Mau,0.98564744,"Egyptian_Mau, Maine_Coon, Bengal, Sphynx, Abyssinian",True,True
staffordshire_bull_terrier_32,staffordshire_bull_terrier,beagle,0.2585855,"beagle, american_pit_bull_terrier, saint_bernard, american_bulldog, chihuahua",False,False
staffordshire_bull_terrier_51,staffordshire_bull_terrier,Bengal,0.29760307,"Bengal, miniature_pinscher, german_shorthaired, boxer, english_cocker_spaniel",False,False
havanese_24,havanese,wheaten_terrier,0.44240484,"wheaten_terrier, havanese, Persian, great_pyrenees, keeshond",False,True
British_Shorthair_89,British_Shorthair,British_Shorthair,0.5343528,"British_Shorthair, Russian_Blue, Sphynx, Abyssinian, Ragdoll",True,True
pomeranian_196,pomeranian,pomeranian,0.50266033,"pomeranian, Persian, Ragdoll, great_pyrenees, samoyed",True,True
pomeranian_54,pomeranian,pomeranian,0.9381481,"pomeranian, japanese_chin, Birman, Ragdoll, shiba_inu",True,True
english_cocker_spaniel_178,english_cocker_spaniel,havanese,0.5266628,"havanese, english_setter, english_cocker_spaniel, saint_bernard, pug",False,True
Bengal_159,Bengal,Abyssinian,0.32045123,"Abyssinian, Maine_Coon, Bengal, leonberger, yorkshire_terrier",False,True
saint_bernard_34,saint_bernard,english_cocker_spaniel,0.29477093,"english_cocker_spaniel, leonberger, japanese_chin, boxer, staffordshire_bull_terrier",False,False
german_shorthaired_14,german_shorthaired,english_setter,0.4471585,"english_setter, english_cocker_spaniel, german_shorthaired, pug, Egyptian_Mau",False,True
beagle_47,beagle,leonberger,0.48634967,"leonberger, pomeranian, shiba_inu, Abyssinian, beagle",False,True
chihuahua_14,chihuahua,Sphynx,0.3711429,"Sphynx, miniature_pinscher, Bombay, Abyssinian, chihuahua",False,True
keeshond_38,keeshond,keeshond,0.57920337,"keeshond, Siamese, Birman, leonberger, pomeranian",True,True
Siamese_231,Siamese,yorkshire_terrier,0.38381884,"yorkshire_terrier, Siamese, chihuahua, leonberger, keeshond",False,True
keeshond_79,keeshond,keeshond,0.27125028,"keeshond, Ragdoll, Siamese, Russian_Blue, Birman",True,True
scottish_terrier_154,scottish_terrier,scottish_terrier,0.33615947,"scottish_terrier, english_cocker_spaniel, german_shorthaired, yorkshire_terrier, staffordshire_bull_terrier",True,True
Abyssinian_37,Abyssinian,chihuahua,0.24420972,"chihuahua, Sphynx, Abyssinian, miniature_pinscher, Siamese",False,True
Birman_170,Birman,Birman,0.510854,"Birman, Siamese, Ragdoll, keeshond, pomeranian",True,True
Siamese_150,Siamese,miniature_pinscher,0.29938424,"miniature_pinscher, yorkshire_terrier, chihuahua, Siamese, boxer",False,True
Siamese_74,Siamese,miniature_pinscher,0.48254058,"miniature_pinscher, Siamese, staffordshire_bull_terrier, leonberger, Bombay",False,True
german_shorthaired_153,german_shorthaired,german_shorthaired,0.3140776,"german_shorthaired, scottish_terrier, english_cocker_spaniel, staffordshire_bull_terrier, Bengal",True,True
english_cocker_spaniel_79,english_cocker_spaniel,english_cocker_spaniel,0.5964287,"english_cocker_spaniel, yorkshire_terrier, wheaten_terrier, english_setter, havanese",True,True
Bombay_46,Bombay,Bombay,0.58678037,"Bombay, Russian_Blue, Abyssinian, Sphynx, British_Shorthair",True,True
yorkshire_terrier_102,yorkshire_terrier,yorkshire_terrier,0.7584446,"yorkshire_terrier, english_cocker_spaniel, wheaten_terrier, Maine_Coon, Bengal",True,True
pomeranian_152,pomeranian,Ragdoll,0.15101461,"Ragdoll, Birman, japanese_chin, pomeranian, yorkshire_terrier",False,True
american_pit_bull_terrier_18,american_pit_bull_terrier,chihuahua,0.21551397,"chihuahua, american_pit_bull_terrier, american_bulldog, beagle, staffordshire_bull_terrier",False,True
boxer_47,boxer,boxer,0.31039837,"boxer, american_pit_bull_terrier, staffordshire_bull_terrier, american_bulldog, basset_hound",True,True
wheaten_terrier_176,wheaten_terrier,wheaten_terrier,0.8343393,"wheaten_terrier, scottish_terrier, havanese, yorkshire_terrier, english_cocker_spaniel",True,True
american_bulldog_81,american_bulldog,pug,0.25307208,"pug, american_bulldog, saint_bernard, english_setter, english_cocker_spaniel",False,True
havanese_78,havanese,wheaten_terrier,0.59344447,"wheaten_terrier, havanese, Persian, great_pyrenees, scottish_terrier",False,True
leonberger_126,leonberger,pomeranian,0.54590964,"pomeranian, leonberger, wheaten_terrier, havanese, yorkshire_terrier",False,True
boxer_166,boxer,shiba_inu,0.4011449,"shiba_inu, american_pit_bull_terrier, pomeranian, chihuahua, leonberger",False,False
pomeranian_46,pomeranian,pomeranian,0.9079968,"pomeranian, Ragdoll, shiba_inu, great_pyrenees, Persian",True,True
Ragdoll_252,Ragdoll,Ragdoll,0.5588891,"Ragdoll, Birman, Siamese, keeshond, Maine_Coon",True,True
Ragdoll_51,Ragdoll,Ragdoll,0.45927912,"Ragdoll, Persian, Maine_Coon, havanese, Birman",True,True
havanese_21,havanese,havanese,0.4280193,"havanese, great_pyrenees, english_cocker_spaniel, japanese_chin, pomeranian",True,True
Abyssinian_228,Abyssinian,Maine_Coon,0.45333228,"Maine_Coon, Abyssinian, Bengal, Persian, yorkshire_terrier",False,True
Bombay_96,Bombay,Bombay,0.9410118,"Bombay, Siamese, scottish_terrier, Abyssinian, Sphynx",True,True
Bombay_74,Bombay,Bombay,0.8423417,"Bombay, scottish_terrier, Siamese, newfoundland, miniature_pinscher",True,True
newfoundland_171,newfoundland,British_Shorthair,0.22658835,"British_Shorthair, Bombay, Russian_Blue, Siamese, Ragdoll",False,False
miniature_pinscher_118,miniature_pinscher,beagle,0.46709675,"beagle, shiba_inu, pomeranian, chihuahua, american_pit_bull_terrier",False,False
Siamese_209,Siamese,Siamese,0.4946993,"Siamese, Birman, keeshond, Ragdoll, japanese_chin",True,True
chihuahua_36,chihuahua,chihuahua,0.5698532,"chihuahua, Sphynx, beagle, american_bulldog, american_pit_bull_terrier",True,True
beagle_16,beagle,beagle,0.7256626,"beagle, chihuahua, basset_hound, american_pit_bull_terrier, shiba_inu",True,True
american_pit_bull_terrier_113,american_pit_bull_terrier,american_bulldog,0.40460885,"american_bulldog, american_pit_bull_terrier, chihuahua, beagle, saint_bernard",False,True
keeshond_121,keeshond,keeshond,0.9288816,"keeshond, leonberger, Siamese, scottish_terrier, Ragdoll",True,True
boxer_197,boxer,american_pit_bull_terrier,0.1996835,"american_pit_bull_terrier, miniature_pinscher, boxer, Bengal, shiba_inu",False,True
chihuahua_153,chihuahua,shiba_inu,0.24090049,"shiba_inu, chihuahua, american_pit_bull_terrier, beagle, american_bulldog",False,True
Egyptian_Mau_186,Egyptian_Mau,Egyptian_Mau,0.9616693,"Egyptian_Mau, Maine_Coon, Persian, Bengal, British_Shorthair",True,True
newfoundland_15,newfoundland,keeshond,0.6224783,"keeshond, leonberger, newfoundland, staffordshire_bull_terrier, scottish_terrier",False,True
miniature_pinscher_24,miniature_pinscher,boxer,0.5298481,"boxer, miniature_pinscher, basset_hound, staffordshire_bull_terrier, beagle",False,True
yorkshire_terrier_90,yorkshire_terrier,english_cocker_spaniel,0.3705797,"english_cocker_spaniel, havanese, english_setter, scottish_terrier, yorkshire_terrier",False,True
newfoundland_156,newfoundland,newfoundland,0.9502662,"newfoundland, scottish_terrier, leonberger, wheaten_terrier, english_cocker_spaniel",True,True
staffordshire_bull_terrier_173,staffordshire_bull_terrier,staffordshire_bull_terrier,0.546422,"staffordshire_bull_terrier, boxer, german_shorthaired, american_pit_bull_terrier, newfoundland",True,True
basset_hound_33,basset_hound,basset_hound,0.8761135,"basset_hound, beagle, saint_bernard, boxer, american_pit_bull_terrier",True,True
Persian_22,Persian,havanese,0.12281945,"havanese, Maine_Coon, wheaten_terrier, Persian, english_setter",False,True
miniature_pinscher_192,miniature_pinscher,chihuahua,0.50133014,"chihuahua, Siamese, Sphynx, american_pit_bull_terrier, american_bulldog",False,False
pug_175,pug,scottish_terrier,0.41727817,"scottish_terrier, staffordshire_bull_terrier, pug, havanese, german_shorthaired",False,True
pomeranian_65,pomeranian,samoyed,0.21625726,"samoyed, pomeranian, Ragdoll, Persian, great_pyrenees",False,True
yorkshire_terrier_91,yorkshire_terrier,wheaten_terrier,0.25846472,"wheaten_terrier, yorkshire_terrier, english_cocker_spaniel, Maine_Coon, english_setter",False,True
american_bulldog_85,american_bulldog,staffordshire_bull_terrier,0.1998436,"staffordshire_bull_terrier, american_bulldog, pug, american_pit_bull_terrier, english_cocker_spaniel",False,True
Bombay_88,Bombay,Bombay,0.9840358,"Bombay, Siamese, scottish_terrier, Abyssinian, Sphynx",True,True
beagle_18,beagle,beagle,0.8079599,"beagle, basset_hound, chihuahua, saint_bernard, american_pit_bull_terrier",True,True
Bombay_7,Bombay,boxer,0.27137443,"boxer, miniature_pinscher, Bombay, chihuahua, staffordshire_bull_terrier",False,True
chihuahua_44,chihuahua,beagle,0.4943747,"beagle, chihuahua, shiba_inu, pomeranian, saint_bernard",False,True
beagle_190,beagle,shiba_inu,0.3347006,"shiba_inu, pomeranian, beagle, american_pit_bull_terrier, chihuahua",False,True
pug_2,pug,pug,0.33433738,"pug, american_bulldog, staffordshire_bull_terrier, american_pit_bull_terrier, german_shorthaired",True,True
beagle_142,beagle,boxer,0.49963418,"boxer, american_pit_bull_terrier, basset_hound, beagle, staffordshire_bull_terrier",False,True
american_bulldog_106,american_bulldog,american_pit_bull_terrier,0.19948049,"american_pit_bull_terrier, staffordshire_bull_terrier, english_cocker_spaniel, american_bulldog, german_shorthaired",False,True
Sphynx_197,Sphynx,Sphynx,0.34559837,"Sphynx, Abyssinian, Maine_Coon, Persian, Ragdoll",True,True
miniature_pinscher_199,miniature_pinscher,miniature_pinscher,0.60671735,"miniature_pinscher, boxer, basset_hound, chihuahua, Bengal",True,True
Egyptian_Mau_46,Egyptian_Mau,Maine_Coon,0.34754297,"Maine_Coon, Egyptian_Mau, Persian, Abyssinian, British_Shorthair",False,True
newfoundland_169,newfoundland,newfoundland,0.53162926,"newfoundland, scottish_terrier, english_cocker_spaniel, yorkshire_terrier, leonberger",True,True
chihuahua_197,chihuahua,miniature_pinscher,0.6413844,"miniature_pinscher, Bombay, staffordshire_bull_terrier, scottish_terrier, Siamese",False,False
leonberger_37,leonberger,yorkshire_terrier,0.4850629,"yorkshire_terrier, leonberger, english_cocker_spaniel, havanese, wheaten_terrier",False,True
British_Shorthair_75,British_Shorthair,British_Shorthair,0.5619599,"British_Shorthair, Russian_Blue, Abyssinian, Siamese, Bombay",True,True
wheaten_terrier_116,wheaten_terrier,Maine_Coon,0.24299702,"Maine_Coon, wheaten_terrier, Persian, Abyssinian, yorkshire_terrier",False,True
boxer_177,boxer,newfoundland,0.41447824,"newfoundland, leonberger, wheaten_terrier, boxer, american_pit_bull_terrier",False,True
chihuahua_90,chihuahua,german_shorthaired,0.23475665,"german_shorthaired, american_pit_bull_terrier, miniature_pinscher, boxer, basset_hound",False,False
american_pit_bull_terrier_147,american_pit_bull_terrier,great_pyrenees,0.7790884,"great_pyrenees, samoyed, american_bulldog, havanese, wheaten_terrier",False,False
Russian_Blue_87,Russian_Blue,British_Shorthair,0.65454376,"British_Shorthair, Russian_Blue, Abyssinian, Egyptian_Mau, keeshond",False,True
beagle_122,beagle,saint_bernard,0.40025797,"saint_bernard, beagle, american_bulldog, american_pit_bull_terrier, basset_hound",False,True
Egyptian_Mau_6,Egyptian_Mau,Egyptian_Mau,0.9567616,"Egyptian_Mau, Maine_Coon, Persian, Bengal, British_Shorthair",True,True
Sphynx_173,Sphynx,Sphynx,0.75249463,"Sphynx, chihuahua, shiba_inu, Ragdoll, american_bulldog",True,True
saint_bernard_165,saint_bernard,basset_hound,0.38743377,"basset_hound, saint_bernard, beagle, boxer, american_bulldog",False,True
Russian_Blue_176,Russian_Blue,Russian_Blue,0.46973577,"Russian_Blue, Siamese, Sphynx, British_Shorthair, Abyssinian",True,True
Bengal_136,Bengal,chihuahua,0.1543938,"chihuahua, pug, american_pit_bull_terrier, boxer, beagle",False,False
Maine_Coon_139,Maine_Coon,yorkshire_terrier,0.40767846,"yorkshire_terrier, Maine_Coon, scottish_terrier, keeshond, Bengal",False,True
beagle_138,beagle,saint_bernard,0.4541988,"saint_bernard, japanese_chin, basset_hound, beagle, english_cocker_spaniel",False,True
newfoundland_38,newfoundland,newfoundland,0.75598556,"newfoundland, leonberger, scottish_terrier, staffordshire_bull_terrier, english_cocker_spaniel",True,True
leonberger_10,leonberger,english_cocker_spaniel,0.4043898,"english_cocker_spaniel, wheaten_terrier, leonberger, boxer, american_pit_bull_terrier",False,True
leonberger_111,leonberger,leonberger,0.29147586,"leonberger, english_cocker_spaniel, basset_hound, american_pit_bull_terrier, boxer",True,True
english_setter_108,english_setter,wheaten_terrier,0.17271595,"wheaten_terrier, american_pit_bull_terrier, american_bulldog, Maine_Coon, english_setter",False,True
Abyssinian_138,Abyssinian,Sphynx,0.21667793,"Sphynx, Persian, Abyssinian, Ragdoll, British_Shorthair",False,True
shiba_inu_89,shiba_inu,shiba_inu,0.6776067,"shiba_inu, pomeranian, chihuahua, beagle, american_pit_bull_terrier",True,True
keeshond_182,keeshond,keeshond,0.9798723,"keeshond, leonberger, Birman, Ragdoll, Persian",True,True
Ragdoll_54,Ragdoll,Ragdoll,0.55483663,"Ragdoll, Birman, Siamese, havanese, keeshond",True,True
chihuahua_86,chihuahua,american_pit_bull_terrier,0.27865207,"american_pit_bull_terrier, american_bulldog, beagle, chihuahua, saint_bernard",False,True
wheaten_terrier_83,wheaten_terrier,wheaten_terrier,0.54896337,"wheaten_terrier, Maine_Coon, Persian, english_setter, havanese",True,True
Birman_41,Birman,Birman,0.83299345,"Birman, Ragdoll, Siamese, japanese_chin, pomeranian",True,True
Maine_Coon_180,Maine_Coon,yorkshire_terrier,0.22836867,"yorkshire_terrier, Maine_Coon, english_setter, japanese_chin, english_cocker_spaniel",False,True
basset_hound_115,basset_hound,basset_hound,0.3914729,"basset_hound, beagle, boxer, american_pit_bull_terrier, saint_bernard",True,True
keeshond_107,keeshond,keeshond,0.9859034,"keeshond, leonberger, Birman, japanese_chin, Siamese",True,True
keeshond_76,keeshond,keeshond,0.99921334,"keeshond, leonberger, Birman, japanese_chin, havanese",True,True
havanese_117,havanese,havanese,0.47095177,"havanese, english_setter, english_cocker_spaniel, scottish_terrier, japanese_chin",True,True
english_cocker_spaniel_51,english_cocker_spaniel,english_cocker_spaniel,0.3783018,"english_cocker_spaniel, american_pit_bull_terrier, yorkshire_terrier, wheaten_terrier, english_setter",True,True
miniature_pinscher_14,miniature_pinscher,chihuahua,0.27012753,"chihuahua, shiba_inu, boxer, american_pit_bull_terrier, miniature_pinscher",False,True
Maine_Coon_52,Maine_Coon,Maine_Coon,0.34077996,"Maine_Coon, keeshond, yorkshire_terrier, havanese, Persian",True,True
scottish_terrier_151,scottish_terrier,scottish_terrier,0.6090751,"scottish_terrier, Bombay, newfoundland, Egyptian_Mau, english_cocker_spaniel",True,True
Persian_266,Persian,Ragdoll,0.3555436,"Ragdoll, Persian, pug, Birman, Sphynx",False,True
yorkshire_terrier_63,yorkshire_terrier,yorkshire_terrier,0.9853579,"yorkshire_terrier, english_cocker_spaniel, leonberger, english_setter, pomeranian",True,True
pomeranian_34,pomeranian,pomeranian,0.6383075,"pomeranian, samoyed, great_pyrenees, Persian, shiba_inu",True,True
Bengal_82,Bengal,Bengal,0.79993427,"Bengal, Maine_Coon, Egyptian_Mau, Abyssinian, english_setter",True,True
Abyssinian_50,Abyssinian,Egyptian_Mau,0.21509203,"Egyptian_Mau, Sphynx, Maine_Coon, pug, chihuahua",False,False
Siamese_222,Siamese,Siamese,0.3399385,"Siamese, Ragdoll, Birman, chihuahua, Sphynx",True,True
miniature_pinscher_134,miniature_pinscher,miniature_pinscher,0.86583245,"miniature_pinscher, chihuahua, Siamese, boxer, leonberger",True,True
havanese_132,havanese,havanese,0.82562274,"havanese, english_setter, japanese_chin, keeshond, scottish_terrier",True,True
shiba_inu_79,shiba_inu,shiba_inu,0.82544476,"shiba_inu, chihuahua, american_pit_bull_terrier, pomeranian, Abyssinian",True,True
english_cocker_spaniel_183,english_cocker_spaniel,wheaten_terrier,0.19223595,"wheaten_terrier, english_setter, Maine_Coon, english_cocker_spaniel, chihuahua",False,True
saint_bernard_75,saint_bernard,saint_bernard,0.18284681,"saint_bernard, american_pit_bull_terrier, japanese_chin, beagle, english_setter",True,True
Bombay_186,Bombay,Russian_Blue,0.7825733,"Russian_Blue, British_Shorthair, Bombay, keeshond, Siamese",False,True
yorkshire_terrier_185,yorkshire_terrier,yorkshire_terrier,0.89193684,"yorkshire_terrier, wheaten_terrier, english_cocker_spaniel, Maine_Coon, leonberger",True,True
boxer_9,boxer,basset_hound,0.32497838,"basset_hound, boxer, american_pit_bull_terrier, english_cocker_spaniel, saint_bernard",False,True
great_pyrenees_97,great_pyrenees,great_pyrenees,0.54371613,"great_pyrenees, samoyed, Ragdoll, american_bulldog, pomeranian",True,True
Persian_65,Persian,pomeranian,0.37471995,"pomeranian, Ragdoll, Birman, shiba_inu, Persian",False,True
miniature_pinscher_34,miniature_pinscher,miniature_pinscher,0.40964013,"miniature_pinscher, staffordshire_bull_terrier, boxer, Abyssinian, Bombay",True,True
yorkshire_terrier_144,yorkshire_terrier,wheaten_terrier,0.3408544,"wheaten_terrier, yorkshire_terrier, Persian, pomeranian, leonberger",False,True
Siamese_54,Siamese,Siamese,0.659384,"Siamese, Birman, Ragdoll, Bombay, keeshond",True,True
pomeranian_193,pomeranian,pomeranian,0.7773129,"pomeranian, shiba_inu, Ragdoll, Persian, japanese_chin",True,True
scottish_terrier_100,scottish_terrier,wheaten_terrier,0.81375635,"wheaten_terrier, havanese, Persian, scottish_terrier, pomeranian",False,True
havanese_13,havanese,havanese,0.334524,"havanese, Ragdoll, great_pyrenees, japanese_chin, Persian",True,True
Persian_182,Persian,Ragdoll,0.404193,"Ragdoll, Persian, pomeranian, samoyed, Birman",False,True
Egyptian_Mau_68,Egyptian_Mau,Egyptian_Mau,0.987059,"Egyptian_Mau, Maine_Coon, Bengal, english_setter, Persian",True,True
Bengal_73,Bengal,Bengal,0.59653306,"Bengal, Maine_Coon, Abyssinian, german_shorthaired, english_cocker_spaniel",True,True
shiba_inu_107,shiba_inu,shiba_inu,0.47561228,"shiba_inu, beagle, pomeranian, chihuahua, american_pit_bull_terrier",True,True
British_Shorthair_66,British_Shorthair,British_Shorthair,0.5231174,"British_Shorthair, Russian_Blue, Abyssinian, american_pit_bull_terrier, Sphynx",True,True
chihuahua_89,chihuahua,chihuahua,0.36767566,"chihuahua, shiba_inu, american_pit_bull_terrier, miniature_pinscher, beagle",True,True
British_Shorthair_108,British_Shorthair,Russian_Blue,0.55722415,"Russian_Blue, British_Shorthair, Abyssinian, keeshond, Bombay",False,True
german_shorthaired_100,german_shorthaired,basset_hound,0.27246824,"basset_hound, staffordshire_bull_terrier, german_shorthaired, english_cocker_spaniel, saint_bernard",False,True
english_cocker_spaniel_114,english_cocker_spaniel,english_setter,0.35499582,"english_setter, pug, havanese, english_cocker_spaniel, staffordshire_bull_terrier",False,True
Bengal_63,Bengal,Bengal,0.71524084,"Bengal, miniature_pinscher, boxer, basset_hound, yorkshire_terrier",True,True
pug_59,pug,pug,0.9627726,"pug, american_bulldog, chihuahua, Siamese, Ragdoll",True,True
Ragdoll_2,Ragdoll,Ragdoll,0.52639055,"Ragdoll, chihuahua, shiba_inu, pomeranian, Persian",True,True
american_pit_bull_terrier_141,american_pit_bull_terrier,basset_hound,0.4705013,"basset_hound, beagle, boxer, american_pit_bull_terrier, saint_bernard",False,True
Egyptian_Mau_130,Egyptian_Mau,Sphynx,0.32229456,"Sphynx, Egyptian_Mau, chihuahua, Bengal, Maine_Coon",False,True
havanese_130,havanese,havanese,0.30385092,"havanese, scottish_terrier, great_pyrenees, wheaten_terrier, english_setter",True,True
english_cocker_spaniel_109,english_cocker_spaniel,english_cocker_spaniel,0.37735263,"english_cocker_spaniel, english_setter, havanese, wheaten_terrier, great_pyrenees",True,True
basset_hound_79,basset_hound,german_shorthaired,0.19217674,"german_shorthaired, english_cocker_spaniel, basset_hound, saint_bernard, boxer",False,True
Birman_26,Birman,Ragdoll,0.4744402,"Ragdoll, Birman, Siamese, pomeranian, Persian",False,True
Russian_Blue_118,Russian_Blue,Persian,0.19357821,"Persian, pomeranian, British_Shorthair, samoyed, wheaten_terrier",False,False
Bombay_75,Bombay,Siamese,0.40218058,"Siamese, Birman, Ragdoll, Bombay, Maine_Coon",False,True
Ragdoll_147,Ragdoll,Ragdoll,0.8372768,"Ragdoll, Birman, Persian, keeshond, Maine_Coon",True,True
great_pyrenees_172,great_pyrenees,wheaten_terrier,0.12336273,"wheaten_terrier, american_pit_bull_terrier, english_setter, german_shorthaired, boxer",False,False
pomeranian_124,pomeranian,leonberger,0.2772543,"leonberger, pomeranian, Siamese, shiba_inu, Birman",False,True
shiba_inu_16,shiba_inu,shiba_inu,0.54876286,"shiba_inu, american_pit_bull_terrier, chihuahua, american_bulldog, Ragdoll",True,True
pug_180,pug,pug,0.71779454,"pug, american_bulldog, english_setter, great_pyrenees, havanese",True,True
staffordshire_bull_terrier_128,staffordshire_bull_terrier,staffordshire_bull_terrier,0.18153709,"staffordshire_bull_terrier, american_pit_bull_terrier, scottish_terrier, german_shorthaired, leonberger",True,True
basset_hound_63,basset_hound,basset_hound,0.62632143,"basset_hound, beagle, boxer, american_pit_bull_terrier, german_shorthaired",True,True
leonberger_1,leonberger,leonberger,0.85006595,"leonberger, yorkshire_terrier, wheaten_terrier, english_cocker_spaniel, newfoundland",True,True
Persian_34,Persian,Persian,0.58976454,"Persian, pomeranian, Ragdoll, havanese, keeshond",True,True
samoyed_117,samoyed,samoyed,0.8509153,"samoyed, great_pyrenees, Persian, Ragdoll, pomeranian",True,True
basset_hound_143,basset_hound,beagle,0.49920732,"beagle, basset_hound, saint_bernard, american_pit_bull_terrier, german_shorthaired",False,True
keeshond_33,keeshond,leonberger,0.8353135,"leonberger, newfoundland, keeshond, staffordshire_bull_terrier, yorkshire_terrier",False,True
english_setter_3,english_setter,english_cocker_spaniel,0.19438547,"english_cocker_spaniel, yorkshire_terrier, american_pit_bull_terrier, staffordshire_bull_terrier, english_setter",False,True
shiba_inu_80,shiba_inu,shiba_inu,0.5996565,"shiba_inu, chihuahua, beagle, american_pit_bull_terrier, pomeranian",True,True
Egyptian_Mau_126,Egyptian_Mau,Bengal,0.41901776,"Bengal, Egyptian_Mau, Maine_Coon, Sphynx, chihuahua",False,True
german_shorthaired_54,german_shorthaired,german_shorthaired,0.30871463,"german_shorthaired, staffordshire_bull_terrier, boxer, american_pit_bull_terrier, english_cocker_spaniel",True,True
yorkshire_terrier_173,yorkshire_terrier,yorkshire_terrier,0.9329199,"yorkshire_terrier, english_cocker_spaniel, wheaten_terrier, havanese, leonberger",True,True
great_pyrenees_59,great_pyrenees,great_pyrenees,0.8772477,"great_pyrenees, samoyed, american_bulldog, japanese_chin, saint_bernard",True,True
japanese_chin_180,japanese_chin,great_pyrenees,0.20435551,"great_pyrenees, american_pit_bull_terrier, shiba_inu, samoyed, american_bulldog",False,False
saint_bernard_109,saint_bernard,japanese_chin,0.67822665,"japanese_chin, saint_bernard, english_setter, english_cocker_spaniel, american_bulldog",False,True
Ragdoll_82,Ragdoll,Birman,0.6452753,"Birman, Ragdoll, Siamese, keeshond, Persian",False,True
leonberger_70,leonberger,leonberger,0.38440868,"leonberger, staffordshire_bull_terrier, boxer, english_cocker_spaniel, basset_hound",True,True
Bengal_36,Bengal,Maine_Coon,0.2368555,"Maine_Coon, Bengal, Egyptian_Mau, Abyssinian, Persian",False,True
Bombay_47,Bombay,german_shorthaired,0.29590085,"german_shorthaired, english_cocker_spaniel, boxer, english_setter, scottish_terrier",False,False
samoyed_42,samoyed,american_bulldog,0.592587,"american_bulldog, american_pit_bull_terrier, chihuahua, samoyed, great_pyrenees",False,True
Maine_Coon_157,Maine_Coon,wheaten_terrier,0.8024416,"wheaten_terrier, english_setter, english_cocker_spaniel, havanese, Maine_Coon",False,True
english_cocker_spaniel_43,english_cocker_spaniel,english_setter,0.47054854,"english_setter, english_cocker_spaniel, yorkshire_terrier, Bengal, wheaten_terrier",False,True
Sphynx_148,Sphynx,chihuahua,0.43417668,"chihuahua, Sphynx, shiba_inu, american_pit_bull_terrier, american_bulldog",False,True
British_Shorthair_115,British_Shorthair,Abyssinian,0.32140744,"Abyssinian, British_Shorthair, Russian_Blue, Maine_Coon, Sphynx",False,True
english_setter_19,english_setter,english_setter,0.75046057,"english_setter, havanese, wheaten_terrier, english_cocker_spaniel, great_pyrenees",True,True
miniature_pinscher_19,miniature_pinscher,boxer,0.47071883,"boxer, american_pit_bull_terrier, staffordshire_bull_terrier, leonberger, miniature_pinscher",False,True
Birman_189,Birman,Siamese,0.37543863,"Siamese, Birman, Ragdoll, chihuahua, pomeranian",False,True
boxer_95,boxer,staffordshire_bull_terrier,0.32090762,"staffordshire_bull_terrier, boxer, basset_hound, saint_bernard, english_cocker_spaniel",False,True
Bengal_89,Bengal,Bengal,0.9527496,"Bengal, Maine_Coon, Egyptian_Mau, Abyssinian, yorkshire_terrier",True,True
boxer_56,boxer,staffordshire_bull_terrier,0.18211892,"staffordshire_bull_terrier, american_pit_bull_terrier, boxer, german_shorthaired, basset_hound",False,True
german_shorthaired_59,german_shorthaired,german_shorthaired,0.5467298,"german_shorthaired, basset_hound, staffordshire_bull_terrier, boxer, english_cocker_spaniel",True,True
american_pit_bull_terrier_114,american_pit_bull_terrier,chihuahua,0.39421228,"chihuahua, beagle, american_pit_bull_terrier, boxer, Sphynx",False,True
great_pyrenees_189,great_pyrenees,Ragdoll,0.26331794,"Ragdoll, havanese, pomeranian, Persian, Birman",False,False
samoyed_76,samoyed,great_pyrenees,0.5027244,"great_pyrenees, samoyed, pomeranian, american_bulldog, american_pit_bull_terrier",False,True
Persian_3,Persian,Ragdoll,0.3631243,"Ragdoll, Persian, samoyed, Maine_Coon, Sphynx",False,True
wheaten_terrier_25,wheaten_terrier,havanese,0.7050178,"havanese, english_setter, english_cocker_spaniel, wheaten_terrier, yorkshire_terrier",False,True
Abyssinian_105,Abyssinian,Abyssinian,0.30780983,"Abyssinian, Sphynx, chihuahua, miniature_pinscher, Bengal",True,True
Egyptian_Mau_82,Egyptian_Mau,Egyptian_Mau,0.46682915,"Egyptian_Mau, Bengal, Maine_Coon, Abyssinian, British_Shorthair",True,True
miniature_pinscher_170,miniature_pinscher,Bengal,0.31528175,"Bengal, miniature_pinscher, chihuahua, Abyssinian, boxer",False,True
Persian_138,Persian,Persian,0.36984786,"Persian, Maine_Coon, Ragdoll, pomeranian, samoyed",True,True
japanese_chin_147,japanese_chin,beagle,0.44139344,"beagle, chihuahua, japanese_chin, shiba_inu, pomeranian",False,True
boxer_98,boxer,boxer,0.15246585,"boxer, chihuahua, yorkshire_terrier, american_pit_bull_terrier, english_cocker_spaniel",True,True
Egyptian_Mau_80,Egyptian_Mau,British_Shorthair,0.3814242,"British_Shorthair, Russian_Blue, Egyptian_Mau, Abyssinian, Sphynx",False,True
Maine_Coon_18,Maine_Coon,Persian,0.3734309,"Persian, Maine_Coon, Ragdoll, Abyssinian, Bengal",False,True
miniature_pinscher_80,miniature_pinscher,miniature_pinscher,0.73443955,"miniature_pinscher, boxer, chihuahua, Bombay, Siamese",True,True
samoyed_19,samoyed,Ragdoll,0.3237385,"Ragdoll, samoyed, Persian, pomeranian, Birman",False,True
Maine_Coon_254,Maine_Coon,Abyssinian,0.4902563,"Abyssinian, Bengal, Maine_Coon, Sphynx, Egyptian_Mau",False,True
japanese_chin_40,japanese_chin,japanese_chin,0.48759082,"japanese_chin, pomeranian, great_pyrenees, saint_bernard, Birman",True,True
Russian_Blue_44,Russian_Blue,British_Shorthair,0.58395994,"British_Shorthair, Russian_Blue, Abyssinian, Ragdoll, Siamese",False,True
japanese_chin_36,japanese_chin,japanese_chin,0.37464583,"japanese_chin, samoyed, great_pyrenees, saint_bernard, Ragdoll",True,True
yorkshire_terrier_27,yorkshire_terrier,pomeranian,0.44695938,"pomeranian, leonberger, yorkshire_terrier, wheaten_terrier, shiba_inu",False,True
Sphynx_127,Sphynx,Sphynx,0.5346562,"Sphynx, Abyssinian, Russian_Blue, chihuahua, British_Shorthair",True,True
english_setter_38,english_setter,american_pit_bull_terrier,0.16763894,"american_pit_bull_terrier, german_shorthaired, staffordshire_bull_terrier, wheaten_terrier, boxer",False,False
basset_hound_97,basset_hound,basset_hound,0.45209026,"basset_hound, boxer, german_shorthaired, beagle, american_pit_bull_terrier",True,True
shiba_inu_160,shiba_inu,shiba_inu,0.39888495,"shiba_inu, beagle, american_pit_bull_terrier, chihuahua, basset_hound",True,True
Bengal_16,Bengal,Bengal,0.5979397,"Bengal, Abyssinian, Maine_Coon, miniature_pinscher, Sphynx",True,True
Egyptian_Mau_179,Egyptian_Mau,Persian,0.44035724,"Persian, Egyptian_Mau, wheaten_terrier, Abyssinian, Maine_Coon",False,True
Bengal_174,Bengal,Ragdoll,0.2066945,"Ragdoll, Siamese, keeshond, Birman, British_Shorthair",False,False
British_Shorthair_123,British_Shorthair,British_Shorthair,0.4989515,"British_Shorthair, Russian_Blue, scottish_terrier, Bombay, keeshond",True,True
newfoundland_5,newfoundland,staffordshire_bull_terrier,0.20351899,"staffordshire_bull_terrier, german_shorthaired, english_cocker_spaniel, scottish_terrier, boxer",False,False
leonberger_172,leonberger,leonberger,0.36508784,"leonberger, keeshond, havanese, wheaten_terrier, yorkshire_terrier",True,True
scottish_terrier_24,scottish_terrier,scottish_terrier,0.76503277,"scottish_terrier, newfoundland, english_cocker_spaniel, havanese, staffordshire_bull_terrier",True,True
basset_hound_42,basset_hound,boxer,0.22419514,"boxer, basset_hound, beagle, chihuahua, miniature_pinscher",False,True
japanese_chin_146,japanese_chin,english_cocker_spaniel,0.1950374,"english_cocker_spaniel, american_pit_bull_terrier, boxer, staffordshire_bull_terrier, english_setter",False,False
Siamese_102,Siamese,Siamese,0.63807386,"Siamese, Birman, Ragdoll, chihuahua, keeshond",True,True
staffordshire_bull_terrier_31,staffordshire_bull_terrier,american_bulldog,0.56555456,"american_bulldog, great_pyrenees, american_pit_bull_terrier, saint_bernard, samoyed",False,False
english_setter_102,english_setter,saint_bernard,0.1555973,"saint_bernard, basset_hound, beagle, japanese_chin, english_cocker_spaniel",False,False
British_Shorthair_199,British_Shorthair,British_Shorthair,0.70607066,"British_Shorthair, Russian_Blue, Egyptian_Mau, Bombay, keeshond",True,True
Siamese_18,Siamese,chihuahua,0.54930305,"chihuahua, miniature_pinscher, boxer, shiba_inu, beagle",False,False
Egyptian_Mau_173,Egyptian_Mau,Egyptian_Mau,0.9629559,"Egyptian_Mau, Bengal, Maine_Coon, german_shorthaired, english_setter",True,True
pug_198,pug,pug,0.2907161,"pug, great_pyrenees, havanese, american_bulldog, samoyed",True,True
english_setter_141,english_setter,newfoundland,0.33013496,"newfoundland, leonberger, havanese, scottish_terrier, english_cocker_spaniel",False,False
leonberger_154,leonberger,japanese_chin,0.503449,"japanese_chin, Ragdoll, havanese, pomeranian, leonberger",False,True
yorkshire_terrier_153,yorkshire_terrier,boxer,0.16866668,"boxer, chihuahua, basset_hound, miniature_pinscher, american_pit_bull_terrier",False,False
wheaten_terrier_88,wheaten_terrier,american_pit_bull_terrier,0.19983967,"american_pit_bull_terrier, shiba_inu, beagle, chihuahua, american_bulldog",False,False
samoyed_196,samoyed,great_pyrenees,0.38093057,"great_pyrenees, samoyed, pomeranian, Persian, havanese",False,True
Abyssinian_157,Abyssinian,Abyssinian,0.67998725,"Abyssinian, Maine_Coon, Bengal, Sphynx, chihuahua",True,True
american_pit_bull_terrier_131,american_pit_bull_terrier,staffordshire_bull_terrier,0.39217132,"staffordshire_bull_terrier, scottish_terrier, Bombay, Russian_Blue, boxer",False,False
miniature_pinscher_147,miniature_pinscher,miniature_pinscher,0.3665996,"miniature_pinscher, boxer, staffordshire_bull_terrier, german_shorthaired, american_pit_bull_terrier",True,True
Bombay_210,Bombay,Bombay,0.9668747,"Bombay, scottish_terrier, Siamese, newfoundland, Russian_Blue",True,True
basset_hound_179,basset_hound,basset_hound,0.55019844,"basset_hound, boxer, german_shorthaired, saint_bernard, miniature_pinscher",True,True
Siamese_224,Siamese,Sphynx,0.33712637,"Sphynx, Siamese, Russian_Blue, Abyssinian, chihuahua",False,True
newfoundland_81,newfoundland,newfoundland,0.86770046,"newfoundland, leonberger, scottish_terrier, Bombay, keeshond",True,True
Ragdoll_255,Ragdoll,pomeranian,0.271143,"pomeranian, samoyed, Ragdoll, shiba_inu, american_bulldog",False,True
german_shorthaired_113,german_shorthaired,german_shorthaired,0.33480036,"german_shorthaired, boxer, staffordshire_bull_terrier, american_pit_bull_terrier, Russian_Blue",True,True
great_pyrenees_82,great_pyrenees,great_pyrenees,0.7063612,"great_pyrenees, english_setter, american_bulldog, english_cocker_spaniel, american_pit_bull_terrier",True,True
Siamese_27,Siamese,Siamese,0.80311525,"Siamese, Birman, chihuahua, miniature_pinscher, Ragdoll",True,True
Birman_171,Birman,Birman,0.48915732,"Birman, Ragdoll, Siamese, keeshond, japanese_chin",True,True
Birman_34,Birman,Siamese,0.6266749,"Siamese, Birman, Ragdoll, chihuahua, miniature_pinscher",False,True
pomeranian_111,pomeranian,pomeranian,0.8348375,"pomeranian, wheaten_terrier, Persian, shiba_inu, havanese",True,True
British_Shorthair_213,British_Shorthair,British_Shorthair,0.8324592,"British_Shorthair, Russian_Blue, Ragdoll, Persian, Bombay",True,True
shiba_inu_18,shiba_inu,chihuahua,0.34479442,"chihuahua, shiba_inu, american_pit_bull_terrier, beagle, american_bulldog",False,True
Birman_67,Birman,Birman,0.78877664,"Birman, Ragdoll, Siamese, japanese_chin, chihuahua",True,True
great_pyrenees_76,great_pyrenees,great_pyrenees,0.8341979,"great_pyrenees, havanese, samoyed, japanese_chin, english_setter",True,True
Ragdoll_106,Ragdoll,chihuahua,0.3548409,"chihuahua, Ragdoll, pomeranian, Birman, shiba_inu",False,True
Sphynx_36,Sphynx,Sphynx,0.3801266,"Sphynx, Abyssinian, chihuahua, miniature_pinscher, american_pit_bull_terrier",True,True
pomeranian_164,pomeranian,pomeranian,0.43666765,"pomeranian, japanese_chin, Ragdoll, great_pyrenees, havanese",True,True
great_pyrenees_29,great_pyrenees,american_bulldog,0.35127068,"american_bulldog, pug, american_pit_bull_terrier, english_setter, saint_bernard",False,False
keeshond_145,keeshond,Ragdoll,0.19878115,"Ragdoll, Maine_Coon, Siamese, Birman, keeshond",False,True
keeshond_164,keeshond,keeshond,0.8851451,"keeshond, Ragdoll, Birman, havanese, Siamese",True,True
leonberger_177,leonberger,leonberger,0.8750843,"leonberger, yorkshire_terrier, keeshond, american_pit_bull_terrier, staffordshire_bull_terrier",True,True
shiba_inu_121,shiba_inu,shiba_inu,0.57919043,"shiba_inu, pomeranian, Persian, american_pit_bull_terrier, chihuahua",True,True
english_cocker_spaniel_143,english_cocker_spaniel,yorkshire_terrier,0.33481368,"yorkshire_terrier, english_cocker_spaniel, wheaten_terrier, newfoundland, leonberger",False,True
havanese_136,havanese,leonberger,0.35580334,"leonberger, keeshond, yorkshire_terrier, japanese_chin, havanese",False,True
staffordshire_bull_terrier_17,staffordshire_bull_terrier,german_shorthaired,0.42454654,"german_shorthaired, staffordshire_bull_terrier, american_bulldog, american_pit_bull_terrier, english_cocker_spaniel",False,True
pomeranian_116,pomeranian,Ragdoll,0.17009422,"Ragdoll, chihuahua, shiba_inu, Sphynx, Birman",False,False
Persian_104,Persian,Maine_Coon,0.44902924,"Maine_Coon, Persian, pomeranian, yorkshire_terrier, wheaten_terrier",False,True
pug_40,pug,german_shorthaired,0.19338135,"german_shorthaired, english_setter, english_cocker_spaniel, american_bulldog, staffordshire_bull_terrier",False,False
Bengal_108,Bengal,Abyssinian,0.5272774,"Abyssinian, Bengal, miniature_pinscher, Maine_Coon, yorkshire_terrier",False,True
Birman_101,Birman,Ragdoll,0.5080733,"Ragdoll, Birman, Siamese, Persian, British_Shorthair",False,True
Russian_Blue_139,Russian_Blue,British_Shorthair,0.53184235,"British_Shorthair, Russian_Blue, Egyptian_Mau, Sphynx, Abyssinian",False,True
english_setter_53,english_setter,german_shorthaired,0.14615838,"german_shorthaired, american_pit_bull_terrier, boxer, staffordshire_bull_terrier, basset_hound",False,False
Russian_Blue_263,Russian_Blue,Russian_Blue,0.9366795,"Russian_Blue, British_Shorthair, Sphynx, Abyssinian, Siamese",True,True
Ragdoll_148,Ragdoll,Ragdoll,0.6241196,"Ragdoll, Birman, Siamese, Persian, Sphynx",True,True
Persian_28,Persian,Maine_Coon,0.4750879,"Maine_Coon, Persian, Ragdoll, Abyssinian, Bengal",False,True
Sphynx_114,Sphynx,Sphynx,0.3614398,"Sphynx, chihuahua, american_pit_bull_terrier, beagle, american_bulldog",True,True
american_bulldog_44,american_bulldog,great_pyrenees,0.31857538,"great_pyrenees, pug, american_bulldog, samoyed, Ragdoll",False,True
Ragdoll_99,Ragdoll,Ragdoll,0.30972746,"Ragdoll, Siamese, Birman, pomeranian, Persian",True,True
samoyed_85,samoyed,great_pyrenees,0.8125792,"great_pyrenees, samoyed, havanese, wheaten_terrier, scottish_terrier",False,True
pug_122,pug,pug,0.668644,"pug, staffordshire_bull_terrier, boxer, chihuahua, scottish_terrier",True,True
scottish_terrier_26,scottish_terrier,Maine_Coon,0.293355,"Maine_Coon, Ragdoll, yorkshire_terrier, pomeranian, Persian",False,False
Sphynx_53,Sphynx,Sphynx,0.55757874,"Sphynx, american_bulldog, chihuahua, american_pit_bull_terrier, samoyed",True,True
Sphynx_157,Sphynx,Sphynx,0.6177331,"Sphynx, chihuahua, shiba_inu, Abyssinian, miniature_pinscher",True,True
wheaten_terrier_79,wheaten_terrier,wheaten_terrier,0.65751153,"wheaten_terrier, havanese, english_cocker_spaniel, Persian, yorkshire_terrier",True,True
Bombay_62,Bombay,Bombay,0.78829706,"Bombay, Siamese, Russian_Blue, miniature_pinscher, scottish_terrier",True,True
english_setter_101,english_setter,japanese_chin,0.4128595,"japanese_chin, english_setter, havanese, leonberger, english_cocker_spaniel",False,True
Egyptian_Mau_192,Egyptian_Mau,Egyptian_Mau,0.8279128,"Egyptian_Mau, german_shorthaired, pug, Bengal, english_setter",True,True
samoyed_136,samoyed,samoyed,0.44399166,"samoyed, great_pyrenees, pomeranian, wheaten_terrier, shiba_inu",True,True
pug_163,pug,boxer,0.4354659,"boxer, miniature_pinscher, german_shorthaired, basset_hound, Bengal",False,False
scottish_terrier_119,scottish_terrier,newfoundland,0.67940396,"newfoundland, scottish_terrier, Bombay, yorkshire_terrier, leonberger",False,True
Siamese_69,Siamese,Siamese,0.8321124,"Siamese, chihuahua, Sphynx, Birman, Ragdoll",True,True
havanese_133,havanese,havanese,0.5552978,"havanese, keeshond, wheaten_terrier, english_setter, scottish_terrier",True,True
japanese_chin_73,japanese_chin,leonberger,0.31462556,"leonberger, keeshond, yorkshire_terrier, havanese, pomeranian",False,False
Siamese_141,Siamese,Siamese,0.706773,"Siamese, Birman, chihuahua, Ragdoll, miniature_pinscher",True,True
havanese_127,havanese,scottish_terrier,0.729789,"scottish_terrier, newfoundland, english_cocker_spaniel, havanese, staffordshire_bull_terrier",False,True
keeshond_139,keeshond,keeshond,0.9387353,"keeshond, havanese, leonberger, japanese_chin, Birman",True,True
samoyed_170,samoyed,shiba_inu,0.3426128,"shiba_inu, american_pit_bull_terrier, samoyed, chihuahua, pomeranian",False,True
chihuahua_132,chihuahua,shiba_inu,0.89615715,"shiba_inu, chihuahua, beagle, american_pit_bull_terrier, pomeranian",False,True
wheaten_terrier_52,wheaten_terrier,wheaten_terrier,0.1956062,"wheaten_terrier, great_pyrenees, havanese, english_setter, american_bulldog",True,True
chihuahua_182,chihuahua,yorkshire_terrier,0.2512943,"yorkshire_terrier, chihuahua, shiba_inu, american_pit_bull_terrier, leonberger",False,True
staffordshire_bull_terrier_107,staffordshire_bull_terrier,staffordshire_bull_terrier,0.8696191,"staffordshire_bull_terrier, german_shorthaired, miniature_pinscher, american_pit_bull_terrier, boxer",True,True
British_Shorthair_145,British_Shorthair,Abyssinian,0.40598097,"Abyssinian, British_Shorthair, Russian_Blue, Sphynx, Maine_Coon",False,True
Sphynx_58,Sphynx,Sphynx,0.36659417,"Sphynx, chihuahua, miniature_pinscher, Abyssinian, shiba_inu",True,True
great_pyrenees_10,great_pyrenees,great_pyrenees,0.55100983,"great_pyrenees, samoyed, pomeranian, wheaten_terrier, havanese",True,True
pug_137,pug,pug,0.46159497,"pug, american_bulldog, american_pit_bull_terrier, chihuahua, staffordshire_bull_terrier",True,True
British_Shorthair_29,British_Shorthair,British_Shorthair,0.5750245,"British_Shorthair, Russian_Blue, Ragdoll, Maine_Coon, Persian",True,True
scottish_terrier_30,scottish_terrier,yorkshire_terrier,0.67007434,"yorkshire_terrier, scottish_terrier, english_cocker_spaniel, havanese, japanese_chin",False,True
pomeranian_126,pomeranian,american_pit_bull_terrier,0.20131764,"american_pit_bull_terrier, yorkshire_terrier, english_cocker_spaniel, leonberger, wheaten_terrier",False,False
shiba_inu_30,shiba_inu,Ragdoll,0.32930857,"Ragdoll, Birman, pomeranian, Siamese, shiba_inu",False,True
Abyssinian_144,Abyssinian,Abyssinian,0.6375871,"Abyssinian, Maine_Coon, Bengal, shiba_inu, Persian",True,True
Siamese_179,Siamese,Ragdoll,0.2625859,"Ragdoll, Siamese, chihuahua, Sphynx, Birman",False,True
Persian_45,Persian,Persian,0.7047987,"Persian, Maine_Coon, wheaten_terrier, Ragdoll, Egyptian_Mau",True,True
english_setter_100,english_setter,havanese,0.2949535,"havanese, english_setter, english_cocker_spaniel, staffordshire_bull_terrier, pug",False,True
german_shorthaired_143,german_shorthaired,american_pit_bull_terrier,0.16812886,"american_pit_bull_terrier, german_shorthaired, boxer, beagle, basset_hound",False,True
Persian_39,Persian,samoyed,0.45306054,"samoyed, Persian, pomeranian, Ragdoll, great_pyrenees",False,True
saint_bernard_12,saint_bernard,saint_bernard,0.88637006,"saint_bernard, beagle, basset_hound, japanese_chin, american_bulldog",True,True
basset_hound_113,basset_hound,basset_hound,0.6016108,"basset_hound, boxer, beagle, saint_bernard, german_shorthaired",True,True
american_pit_bull_terrier_102,american_pit_bull_terrier,staffordshire_bull_terrier,0.3942422,"staffordshire_bull_terrier, boxer, american_bulldog, american_pit_bull_terrier, german_shorthaired",False,True
japanese_chin_106,japanese_chin,beagle,0.24847725,"beagle, japanese_chin, saint_bernard, pomeranian, basset_hound",False,True
american_bulldog_78,american_bulldog,saint_bernard,0.82893956,"saint_bernard, american_bulldog, basset_hound, japanese_chin, staffordshire_bull_terrier",False,True
Birman_82,Birman,Ragdoll,0.41882595,"Ragdoll, Siamese, Birman, Sphynx, chihuahua",False,True
scottish_terrier_113,scottish_terrier,english_cocker_spaniel,0.286175,"english_cocker_spaniel, leonberger, newfoundland, boxer, scottish_terrier",False,True
Russian_Blue_54,Russian_Blue,Abyssinian,0.69266015,"Abyssinian, Sphynx, Russian_Blue, chihuahua, shiba_inu",False,True
Bengal_61,Bengal,Bengal,0.974046,"Bengal, Maine_Coon, yorkshire_terrier, Abyssinian, english_cocker_spaniel",True,True
english_setter_142,english_setter,english_setter,0.94708216,"english_setter, english_cocker_spaniel, pug, havanese, german_shorthaired",True,True
chihuahua_58,chihuahua,miniature_pinscher,0.27390674,"miniature_pinscher, boxer, Bombay, scottish_terrier, staffordshire_bull_terrier",False,False
american_pit_bull_terrier_196,american_pit_bull_terrier,staffordshire_bull_terrier,0.70332706,"staffordshire_bull_terrier, german_shorthaired, american_bulldog, american_pit_bull_terrier, boxer",False,True
yorkshire_terrier_130,yorkshire_terrier,keeshond,0.649979,"keeshond, leonberger, japanese_chin, yorkshire_terrier, Birman",False,True
samoyed_132,samoyed,pomeranian,0.30331886,"pomeranian, Persian, samoyed, Ragdoll, great_pyrenees",False,True
leonberger_151,leonberger,havanese,0.40741527,"havanese, english_cocker_spaniel, leonberger, wheaten_terrier, english_setter",False,True
miniature_pinscher_64,miniature_pinscher,miniature_pinscher,0.63192284,"miniature_pinscher, boxer, staffordshire_bull_terrier, german_shorthaired, basset_hound",True,True
american_pit_bull_terrier_118,american_pit_bull_terrier,boxer,0.26723647,"boxer, chihuahua, miniature_pinscher, staffordshire_bull_terrier, american_pit_bull_terrier",False,True
saint_bernard_179,saint_bernard,beagle,0.26005325,"beagle, saint_bernard, american_pit_bull_terrier, basset_hound, american_bulldog",False,True
beagle_59,beagle,basset_hound,0.32909355,"basset_hound, beagle, boxer, american_pit_bull_terrier, american_bulldog",False,True
boxer_115,boxer,boxer,0.2027223,"boxer, basset_hound, saint_bernard, beagle, japanese_chin",True,True
Russian_Blue_149,Russian_Blue,Russian_Blue,0.7296549,"Russian_Blue, British_Shorthair, Bombay, Siamese, scottish_terrier",True,True
shiba_inu_12,shiba_inu,chihuahua,0.44182333,"chihuahua, american_pit_bull_terrier, staffordshire_bull_terrier, Siamese, shiba_inu",False,True
Birman_188,Birman,Birman,0.45707768,"Birman, Ragdoll, Siamese, pomeranian, Persian",True,True
leonberger_36,leonberger,leonberger,0.6120542,"leonberger, yorkshire_terrier, english_cocker_spaniel, wheaten_terrier, havanese",True,True
Maine_Coon_238,Maine_Coon,Sphynx,0.3500863,"Sphynx, Russian_Blue, Abyssinian, american_bulldog, american_pit_bull_terrier",False,False
scottish_terrier_162,scottish_terrier,scottish_terrier,0.38010827,"scottish_terrier, newfoundland, Bombay, english_cocker_spaniel, boxer",True,True
saint_bernard_135,saint_bernard,saint_bernard,0.7794311,"saint_bernard, basset_hound, beagle, japanese_chin, american_bulldog",True,True
Maine_Coon_129,Maine_Coon,Ragdoll,0.3762966,"Ragdoll, Maine_Coon, chihuahua, Abyssinian, Persian",False,True
boxer_172,boxer,staffordshire_bull_terrier,0.5243939,"staffordshire_bull_terrier, american_pit_bull_terrier, boxer, american_bulldog, chihuahua",False,True
american_pit_bull_terrier_191,american_pit_bull_terrier,german_shorthaired,0.34685656,"german_shorthaired, staffordshire_bull_terrier, boxer, newfoundland, Bombay",False,False
leonberger_43,leonberger,leonberger,0.3571191,"leonberger, english_cocker_spaniel, wheaten_terrier, havanese, american_pit_bull_terrier",True,True
english_setter_6,english_setter,english_setter,0.47204188,"english_setter, wheaten_terrier, havanese, english_cocker_spaniel, Maine_Coon",True,True
boxer_69,boxer,boxer,0.5572647,"boxer, miniature_pinscher, american_pit_bull_terrier, beagle, basset_hound",True,True
Sphynx_252,Sphynx,Sphynx,0.74947816,"Sphynx, chihuahua, Abyssinian, Ragdoll, Persian",True,True
pug_68,pug,chihuahua,0.33826736,"chihuahua, Sphynx, american_bulldog, american_pit_bull_terrier, pug",False,True
shiba_inu_199,shiba_inu,shiba_inu,0.64511734,"shiba_inu, american_pit_bull_terrier, chihuahua, beagle, boxer",True,True
Bengal_110,Bengal,Abyssinian,0.3864015,"Abyssinian, Bengal, Maine_Coon, miniature_pinscher, Sphynx",False,True
Sphynx_115,Sphynx,Sphynx,0.47032735,"Sphynx, chihuahua, shiba_inu, Abyssinian, Siamese",True,True
Sphynx_150,Sphynx,Siamese,0.48779157,"Siamese, Birman, Ragdoll, chihuahua, keeshond",False,False
Russian_Blue_10,Russian_Blue,Russian_Blue,0.57342374,"Russian_Blue, British_Shorthair, Egyptian_Mau, Sphynx, Abyssinian",True,True
newfoundland_96,newfoundland,newfoundland,0.6167759,"newfoundland, scottish_terrier, Bombay, Persian, wheaten_terrier",True,True
chihuahua_186,chihuahua,chihuahua,0.42671525,"chihuahua, shiba_inu, pomeranian, american_pit_bull_terrier, Ragdoll",True,True
boxer_81,boxer,basset_hound,0.44306758,"basset_hound, beagle, boxer, american_pit_bull_terrier, saint_bernard",False,True
german_shorthaired_155,german_shorthaired,german_shorthaired,0.73371476,"german_shorthaired, english_cocker_spaniel, boxer, english_setter, basset_hound",True,True
great_pyrenees_37,great_pyrenees,great_pyrenees,0.56454563,"great_pyrenees, samoyed, wheaten_terrier, pomeranian, Persian",True,True
Maine_Coon_241,Maine_Coon,Maine_Coon,0.5420398,"Maine_Coon, Abyssinian, Bengal, Egyptian_Mau, Persian",True,True
newfoundland_13,newfoundland,newfoundland,0.8295802,"newfoundland, scottish_terrier, leonberger, staffordshire_bull_terrier, wheaten_terrier",True,True
Maine_Coon_239,Maine_Coon,Maine_Coon,0.4118809,"Maine_Coon, yorkshire_terrier, Persian, scottish_terrier, Bengal",True,True
pug_179,pug,staffordshire_bull_terrier,0.23698185,"staffordshire_bull_terrier, english_cocker_spaniel, newfoundland, scottish_terrier, german_shorthaired",False,False
British_Shorthair_65,British_Shorthair,British_Shorthair,0.6061224,"British_Shorthair, Russian_Blue, american_pit_bull_terrier, Abyssinian, samoyed",True,True
Bengal_59,Bengal,Bengal,0.73568296,"Bengal, Abyssinian, miniature_pinscher, Maine_Coon, yorkshire_terrier",True,True
leonberger_186,leonberger,japanese_chin,0.31636786,"japanese_chin, leonberger, pomeranian, keeshond, Ragdoll",False,True
Bombay_152,Bombay,Siamese,0.37262642,"Siamese, Bombay, chihuahua, Sphynx, Birman",False,True
wheaten_terrier_34,wheaten_terrier,wheaten_terrier,0.20974492,"wheaten_terrier, american_pit_bull_terrier, scottish_terrier, great_pyrenees, havanese",True,True
Ragdoll_78,Ragdoll,pomeranian,0.51776034,"pomeranian, chihuahua, shiba_inu, japanese_chin, Ragdoll",False,True
Persian_18,Persian,Ragdoll,0.43282458,"Ragdoll, Persian, Birman, pomeranian, Maine_Coon",False,True
american_pit_bull_terrier_14,american_pit_bull_terrier,american_pit_bull_terrier,0.40198842,"american_pit_bull_terrier, chihuahua, american_bulldog, shiba_inu, english_cocker_spaniel",True,True
wheaten_terrier_105,wheaten_terrier,wheaten_terrier,0.4943885,"wheaten_terrier, Maine_Coon, Abyssinian, Persian, american_pit_bull_terrier",True,True
japanese_chin_15,japanese_chin,pomeranian,0.5186009,"pomeranian, shiba_inu, american_pit_bull_terrier, chihuahua, great_pyrenees",False,False
basset_hound_108,basset_hound,boxer,0.2590857,"boxer, basset_hound, american_pit_bull_terrier, staffordshire_bull_terrier, english_cocker_spaniel",False,True
pomeranian_44,pomeranian,samoyed,0.55781573,"samoyed, pomeranian, Persian, Ragdoll, Birman",False,True
chihuahua_141,chihuahua,chihuahua,0.41513866,"chihuahua, beagle, american_pit_bull_terrier, shiba_inu, american_bulldog",True,True
scottish_terrier_149,scottish_terrier,Bombay,0.7385744,"Bombay, scottish_terrier, miniature_pinscher, Siamese, yorkshire_terrier",False,True
english_cocker_spaniel_166,english_cocker_spaniel,scottish_terrier,0.369292,"scottish_terrier, newfoundland, english_cocker_spaniel, havanese, yorkshire_terrier",False,True
basset_hound_30,basset_hound,boxer,0.316325,"boxer, miniature_pinscher, american_pit_bull_terrier, basset_hound, beagle",False,True
pomeranian_181,pomeranian,pomeranian,0.865862,"pomeranian, shiba_inu, chihuahua, beagle, american_pit_bull_terrier",True,True
Birman_37,Birman,Birman,0.5268596,"Birman, Ragdoll, Siamese, samoyed, Persian",True,True
British_Shorthair_105,British_Shorthair,British_Shorthair,0.6461815,"British_Shorthair, Russian_Blue, Egyptian_Mau, Bombay, Abyssinian",True,True
Persian_116,Persian,Ragdoll,0.30800682,"Ragdoll, Birman, Siamese, chihuahua, pomeranian",False,False
Maine_Coon_160,Maine_Coon,Persian,0.1679759,"Persian, Abyssinian, keeshond, leonberger, Siamese",False,False
Sphynx_14,Sphynx,pug,0.35714644,"pug, chihuahua, Sphynx, american_pit_bull_terrier, american_bulldog",False,True
miniature_pinscher_52,miniature_pinscher,miniature_pinscher,0.34642017,"miniature_pinscher, boxer, basset_hound, american_pit_bull_terrier, german_shorthaired",True,True
Persian_159,Persian,samoyed,0.5141754,"samoyed, Persian, great_pyrenees, pomeranian, Ragdoll",False,True
British_Shorthair_46,British_Shorthair,Persian,0.28868914,"Persian, British_Shorthair, wheaten_terrier, great_pyrenees, Maine_Coon",False,True
havanese_181,havanese,havanese,0.507958,"havanese, keeshond, english_setter, wheaten_terrier, leonberger",True,True
keeshond_83,keeshond,leonberger,0.49801254,"leonberger, keeshond, Siamese, Birman, pomeranian",False,True
Siamese_174,Siamese,Birman,0.471823,"Birman, Ragdoll, Siamese, chihuahua, shiba_inu",False,True
english_setter_85,english_setter,newfoundland,0.15139595,"newfoundland, english_cocker_spaniel, wheaten_terrier, german_shorthaired, staffordshire_bull_terrier",False,False
Ragdoll_194,Ragdoll,Ragdoll,0.72888035,"Ragdoll, Birman, Siamese, Persian, keeshond",True,True
boxer_123,boxer,basset_hound,0.58278245,"basset_hound, beagle, boxer, saint_bernard, shiba_inu",False,True
Egyptian_Mau_222,Egyptian_Mau,British_Shorthair,0.45922622,"British_Shorthair, Russian_Blue, Egyptian_Mau, pug, chihuahua",False,True
newfoundland_112,newfoundland,Bombay,0.41834712,"Bombay, scottish_terrier, Siamese, newfoundland, yorkshire_terrier",False,True
basset_hound_39,basset_hound,boxer,0.5547062,"boxer, basset_hound, beagle, miniature_pinscher, american_pit_bull_terrier",False,True
Ragdoll_34,Ragdoll,Ragdoll,0.602979,"Ragdoll, Birman, Siamese, Sphynx, chihuahua",True,True
japanese_chin_30,japanese_chin,japanese_chin,0.8354408,"japanese_chin, saint_bernard, beagle, pomeranian, english_setter",True,True
Abyssinian_9,Abyssinian,Abyssinian,0.44228008,"Abyssinian, Sphynx, Russian_Blue, British_Shorthair, Egyptian_Mau",True,True
boxer_16,boxer,boxer,0.36558196,"boxer, miniature_pinscher, Bombay, staffordshire_bull_terrier, american_pit_bull_terrier",True,True
miniature_pinscher_95,miniature_pinscher,boxer,0.3308577,"boxer, miniature_pinscher, Abyssinian, chihuahua, Sphynx",False,True
pug_150,pug,pug,0.86524713,"pug, american_bulldog, chihuahua, american_pit_bull_terrier, Sphynx",True,True
Persian_111,Persian,Ragdoll,0.50887054,"Ragdoll, Birman, Persian, pomeranian, samoyed",False,True
saint_bernard_26,saint_bernard,saint_bernard,0.96994746,"saint_bernard, basset_hound, japanese_chin, english_cocker_spaniel, american_bulldog",True,True
Sphynx_234,Sphynx,Sphynx,0.2882804,"Sphynx, chihuahua, american_bulldog, american_pit_bull_terrier, Egyptian_Mau",True,True
Abyssinian_56,Abyssinian,Abyssinian,0.77128685,"Abyssinian, Sphynx, Maine_Coon, British_Shorthair, chihuahua",True,True
samoyed_36,samoyed,Ragdoll,0.41019332,"Ragdoll, samoyed, Persian, Birman, pomeranian",False,True
British_Shorthair_52,British_Shorthair,British_Shorthair,0.40232846,"British_Shorthair, Russian_Blue, Sphynx, Ragdoll, Siamese",True,True
english_cocker_spaniel_105,english_cocker_spaniel,english_cocker_spaniel,0.545826,"english_cocker_spaniel, english_setter, havanese, american_pit_bull_terrier, yorkshire_terrier",True,True
basset_hound_99,basset_hound,beagle,0.4530677,"beagle, basset_hound, boxer, american_pit_bull_terrier, saint_bernard",False,True
Siamese_72,Siamese,chihuahua,0.32479057,"chihuahua, Siamese, Sphynx, Birman, Ragdoll",False,True
japanese_chin_151,japanese_chin,japanese_chin,0.22816002,"japanese_chin, yorkshire_terrier, beagle, english_cocker_spaniel, chihuahua",True,True
shiba_inu_74,shiba_inu,shiba_inu,0.5135697,"shiba_inu, pomeranian, chihuahua, Birman, beagle",True,True
pomeranian_15,pomeranian,chihuahua,0.20483276,"chihuahua, staffordshire_bull_terrier, Siamese, american_pit_bull_terrier, leonberger",False,False
chihuahua_163,chihuahua,boxer,0.19923644,"boxer, Bengal, american_pit_bull_terrier, german_shorthaired, Abyssinian",False,False
american_bulldog_203,american_bulldog,american_bulldog,0.34751204,"american_bulldog, beagle, saint_bernard, basset_hound, american_pit_bull_terrier",True,True
Persian_184,Persian,Persian,0.5556657,"Persian, Ragdoll, Maine_Coon, pomeranian, samoyed",True,True
chihuahua_156,chihuahua,Russian_Blue,0.21542743,"Russian_Blue, Abyssinian, Sphynx, miniature_pinscher, chihuahua",False,True
english_cocker_spaniel_157,english_cocker_spaniel,saint_bernard,0.42797002,"saint_bernard, american_bulldog, beagle, basset_hound, american_pit_bull_terrier",False,False
leonberger_200,leonberger,leonberger,0.5776447,"leonberger, newfoundland, wheaten_terrier, pomeranian, english_cocker_spaniel",True,True
Russian_Blue_202,Russian_Blue,Russian_Blue,0.7889255,"Russian_Blue, British_Shorthair, Sphynx, Bombay, Siamese",True,True
saint_bernard_182,saint_bernard,saint_bernard,0.79415095,"saint_bernard, japanese_chin, beagle, basset_hound, american_bulldog",True,True
Sphynx_176,Sphynx,chihuahua,0.39344716,"chihuahua, beagle, shiba_inu, american_pit_bull_terrier, Siamese",False,False
english_cocker_spaniel_42,english_cocker_spaniel,english_setter,0.57879835,"english_setter, english_cocker_spaniel, havanese, pug, boxer",False,True
saint_bernard_167,saint_bernard,saint_bernard,0.49815574,"saint_bernard, japanese_chin, basset_hound, boxer, staffordshire_bull_terrier",True,True
pug_140,pug,Sphynx,0.27841133,"Sphynx, pug, chihuahua, Siamese, Ragdoll",False,True
staffordshire_bull_terrier_124,staffordshire_bull_terrier,staffordshire_bull_terrier,0.40723,"staffordshire_bull_terrier, german_shorthaired, boxer, american_pit_bull_terrier, basset_hound",True,True
leonberger_150,leonberger,miniature_pinscher,0.45891735,"miniature_pinscher, boxer, chihuahua, Bengal, yorkshire_terrier",False,False
Russian_Blue_240,Russian_Blue,Russian_Blue,0.6399692,"Russian_Blue, British_Shorthair, keeshond, Bombay, Abyssinian",True,True
saint_bernard_96,saint_bernard,english_cocker_spaniel,0.26208615,"english_cocker_spaniel, english_setter, saint_bernard, pug, staffordshire_bull_terrier",False,True
Persian_80,Persian,Persian,0.7071295,"Persian, wheaten_terrier, Maine_Coon, havanese, scottish_terrier",True,True
Bengal_27,Bengal,Bengal,0.6391781,"Bengal, Maine_Coon, Abyssinian, shiba_inu, chihuahua",True,True
wheaten_terrier_73,wheaten_terrier,yorkshire_terrier,0.3023779,"yorkshire_terrier, wheaten_terrier, english_cocker_spaniel, Maine_Coon, english_setter",False,True
chihuahua_107,chihuahua,wheaten_terrier,0.332968,"wheaten_terrier, yorkshire_terrier, english_cocker_spaniel, leonberger, american_pit_bull_terrier",False,False
chihuahua_16,chihuahua,chihuahua,0.40050256,"chihuahua, Ragdoll, shiba_inu, pug, american_pit_bull_terrier",True,True
Abyssinian_74,Abyssinian,Abyssinian,0.29185888,"Abyssinian, Maine_Coon, Sphynx, British_Shorthair, Russian_Blue",True,True
pug_67,pug,pug,0.8912314,"pug, Egyptian_Mau, english_setter, german_shorthaired, english_cocker_spaniel",True,True
Russian_Blue_155,Russian_Blue,Russian_Blue,0.2344391,"Russian_Blue, Sphynx, Abyssinian, boxer, British_Shorthair",True,True
saint_bernard_148,saint_bernard,basset_hound,0.43393162,"basset_hound, boxer, english_cocker_spaniel, saint_bernard, beagle",False,True
staffordshire_bull_terrier_147,staffordshire_bull_terrier,saint_bernard,0.28690413,"saint_bernard, staffordshire_bull_terrier, japanese_chin, english_cocker_spaniel, boxer",False,True
staffordshire_bull_terrier_9,staffordshire_bull_terrier,american_bulldog,0.5886892,"american_bulldog, american_pit_bull_terrier, beagle, chihuahua, saint_bernard",False,False
german_shorthaired_119,german_shorthaired,german_shorthaired,0.70381117,"german_shorthaired, staffordshire_bull_terrier, boxer, american_pit_bull_terrier, miniature_pinscher",True,True
Maine_Coon_270,Maine_Coon,Egyptian_Mau,0.48099056,"Egyptian_Mau, Maine_Coon, Bengal, Abyssinian, english_setter",False,True
Bengal_167,Bengal,chihuahua,0.454155,"chihuahua, pug, Ragdoll, Siamese, Bengal",False,True
Ragdoll_114,Ragdoll,Ragdoll,0.381024,"Ragdoll, Persian, Sphynx, chihuahua, Maine_Coon",True,True
beagle_125,beagle,basset_hound,0.4358991,"basset_hound, beagle, american_pit_bull_terrier, boxer, shiba_inu",False,True
pomeranian_22,pomeranian,Persian,0.2991487,"Persian, wheaten_terrier, havanese, pomeranian, Ragdoll",False,True
english_setter_39,english_setter,german_shorthaired,0.1642258,"german_shorthaired, english_cocker_spaniel, leonberger, boxer, wheaten_terrier",False,False
Birman_31,Birman,Birman,0.59258926,"Birman, Ragdoll, Siamese, samoyed, pomeranian",True,True
basset_hound_145,basset_hound,basset_hound,0.7398454,"basset_hound, saint_bernard, beagle, boxer, staffordshire_bull_terrier",True,True
yorkshire_terrier_165,yorkshire_terrier,english_setter,0.18984503,"english_setter, Maine_Coon, english_cocker_spaniel, yorkshire_terrier, american_pit_bull_terrier",False,True
Persian_77,Persian,samoyed,0.789291,"samoyed, Ragdoll, pomeranian, Persian, Birman",False,True
boxer_24,boxer,american_pit_bull_terrier,0.4501498,"american_pit_bull_terrier, english_cocker_spaniel, english_setter, boxer, chihuahua",False,True
saint_bernard_114,saint_bernard,saint_bernard,0.8287263,"saint_bernard, japanese_chin, basset_hound, english_setter, beagle",True,True
wheaten_terrier_6,wheaten_terrier,wheaten_terrier,0.21850309,"wheaten_terrier, pomeranian, boxer, Persian, english_cocker_spaniel",True,True
yorkshire_terrier_197,yorkshire_terrier,yorkshire_terrier,0.5155957,"yorkshire_terrier, leonberger, pomeranian, japanese_chin, english_cocker_spaniel",True,True
samoyed_177,samoyed,great_pyrenees,0.40465206,"great_pyrenees, samoyed, pomeranian, havanese, wheaten_terrier",False,True
wheaten_terrier_172,wheaten_terrier,wheaten_terrier,0.77423894,"wheaten_terrier, havanese, english_setter, english_cocker_spaniel, scottish_terrier",True,True
keeshond_131,keeshond,keeshond,0.9868695,"keeshond, leonberger, Siamese, scottish_terrier, Bombay",True,True
yorkshire_terrier_146,yorkshire_terrier,yorkshire_terrier,0.8534032,"yorkshire_terrier, havanese, leonberger, english_cocker_spaniel, english_setter",True,True
german_shorthaired_118,german_shorthaired,staffordshire_bull_terrier,0.24161662,"staffordshire_bull_terrier, german_shorthaired, english_cocker_spaniel, american_pit_bull_terrier, boxer",False,True
beagle_144,beagle,basset_hound,0.30091533,"basset_hound, saint_bernard, boxer, beagle, american_pit_bull_terrier",False,True
Siamese_76,Siamese,Siamese,0.7779803,"Siamese, miniature_pinscher, Bombay, chihuahua, Sphynx",True,True
Bombay_69,Bombay,Bombay,0.92822367,"Bombay, Siamese, keeshond, Abyssinian, scottish_terrier",True,True
shiba_inu_209,shiba_inu,japanese_chin,0.39385122,"japanese_chin, beagle, leonberger, saint_bernard, chihuahua",False,False
english_cocker_spaniel_193,english_cocker_spaniel,english_cocker_spaniel,0.3903483,"english_cocker_spaniel, saint_bernard, newfoundland, leonberger, japanese_chin",True,True
yorkshire_terrier_41,yorkshire_terrier,yorkshire_terrier,0.3005979,"yorkshire_terrier, leonberger, pomeranian, wheaten_terrier, Maine_Coon",True,True
scottish_terrier_75,scottish_terrier,wheaten_terrier,0.55163395,"wheaten_terrier, havanese, Persian, Maine_Coon, yorkshire_terrier",False,False
english_setter_14,english_setter,english_cocker_spaniel,0.32608697,"english_cocker_spaniel, english_setter, wheaten_terrier, yorkshire_terrier, german_shorthaired",False,True
Sphynx_136,Sphynx,Abyssinian,0.43933082,"Abyssinian, Sphynx, shiba_inu, chihuahua, miniature_pinscher",False,True
beagle_156,beagle,beagle,0.31555358,"beagle, american_pit_bull_terrier, basset_hound, american_bulldog, boxer",True,True
beagle_113,beagle,chihuahua,0.47246498,"chihuahua, shiba_inu, beagle, boxer, miniature_pinscher",False,True
shiba_inu_193,shiba_inu,american_bulldog,0.38574114,"american_bulldog, american_pit_bull_terrier, great_pyrenees, chihuahua, samoyed",False,False
leonberger_89,leonberger,japanese_chin,0.5278593,"japanese_chin, havanese, leonberger, pug, keeshond",False,True
Ragdoll_74,Ragdoll,Ragdoll,0.30090353,"Ragdoll, Persian, Sphynx, chihuahua, samoyed",True,True
japanese_chin_2,japanese_chin,pomeranian,0.501813,"pomeranian, japanese_chin, havanese, Ragdoll, Maine_Coon",False,True
Abyssinian_69,Abyssinian,Abyssinian,0.69900113,"Abyssinian, Maine_Coon, Sphynx, chihuahua, British_Shorthair",True,True
leonberger_112,leonberger,leonberger,0.9940339,"leonberger, keeshond, pomeranian, newfoundland, yorkshire_terrier",True,True
yorkshire_terrier_188,yorkshire_terrier,yorkshire_terrier,0.6200452,"yorkshire_terrier, english_cocker_spaniel, wheaten_terrier, english_setter, havanese",True,True
Birman_165,Birman,Birman,0.30575207,"Birman, pomeranian, Ragdoll, Siamese, keeshond",True,True
leonberger_122,leonberger,chihuahua,0.7682835,"chihuahua, miniature_pinscher, Siamese, beagle, yorkshire_terrier",False,False
basset_hound_16,basset_hound,beagle,0.27684376,"beagle, american_bulldog, american_pit_bull_terrier, basset_hound, saint_bernard",False,True
keeshond_35,keeshond,keeshond,0.9593834,"keeshond, Birman, leonberger, Ragdoll, Siamese",True,True
samoyed_22,samoyed,samoyed,0.3606788,"samoyed, pomeranian, Ragdoll, Persian, Birman",True,True
pug_23,pug,pug,0.96121204,"pug, american_bulldog, chihuahua, Ragdoll, american_pit_bull_terrier",True,True
german_shorthaired_130,german_shorthaired,pomeranian,0.4290799,"pomeranian, leonberger, shiba_inu, japanese_chin, Ragdoll",False,False
Maine_Coon_117,Maine_Coon,Maine_Coon,0.4658671,"Maine_Coon, Persian, Bengal, Abyssinian, Ragdoll",True,True
beagle_10,beagle,basset_hound,0.49343213,"basset_hound, boxer, beagle, german_shorthaired, american_pit_bull_terrier",False,True
Egyptian_Mau_164,Egyptian_Mau,Maine_Coon,0.5335703,"Maine_Coon, Egyptian_Mau, Bengal, Persian, British_Shorthair",False,True
leonberger_171,leonberger,leonberger,0.71805483,"leonberger, keeshond, Siamese, staffordshire_bull_terrier, boxer",True,True
scottish_terrier_166,scottish_terrier,scottish_terrier,0.5033135,"scottish_terrier, staffordshire_bull_terrier, newfoundland, english_cocker_spaniel, keeshond",True,True
great_pyrenees_128,great_pyrenees,samoyed,0.45863348,"samoyed, american_bulldog, great_pyrenees, Ragdoll, chihuahua",False,True
chihuahua_34,chihuahua,Bengal,0.77253944,"Bengal, english_setter, english_cocker_spaniel, Maine_Coon, german_shorthaired",False,False
Russian_Blue_236,Russian_Blue,British_Shorthair,0.7477798,"British_Shorthair, Russian_Blue, samoyed, Sphynx, Ragdoll",False,True
havanese_34,havanese,havanese,0.67667514,"havanese, wheaten_terrier, english_setter, great_pyrenees, english_cocker_spaniel",True,True
wheaten_terrier_63,wheaten_terrier,havanese,0.5030594,"havanese, wheaten_terrier, english_cocker_spaniel, pomeranian, leonberger",False,True
saint_bernard_136,saint_bernard,basset_hound,0.48121664,"basset_hound, beagle, saint_bernard, boxer, american_pit_bull_terrier",False,True
boxer_193,boxer,basset_hound,0.19102284,"basset_hound, boxer, american_pit_bull_terrier, beagle, shiba_inu",False,True
Persian_67,Persian,Maine_Coon,0.6726442,"Maine_Coon, Persian, yorkshire_terrier, english_setter, Ragdoll",False,True
Persian_264,Persian,Persian,0.72988755,"Persian, Ragdoll, samoyed, Maine_Coon, pomeranian",True,True
keeshond_2,keeshond,leonberger,0.26118827,"leonberger, newfoundland, havanese, keeshond, scottish_terrier",False,True
Maine_Coon_14,Maine_Coon,Siamese,0.28730932,"Siamese, Bombay, Abyssinian, miniature_pinscher, Birman",False,False
Egyptian_Mau_175,Egyptian_Mau,Egyptian_Mau,0.8036674,"Egyptian_Mau, Bengal, Maine_Coon, Abyssinian, Sphynx",True,True
scottish_terrier_38,scottish_terrier,american_pit_bull_terrier,0.35836145,"american_pit_bull_terrier, english_setter, english_cocker_spaniel, wheaten_terrier, chihuahua",False,False
boxer_114,boxer,boxer,0.6111286,"boxer, basset_hound, staffordshire_bull_terrier, beagle, american_pit_bull_terrier",True,True
japanese_chin_117,japanese_chin,pomeranian,0.27205878,"pomeranian, shiba_inu, japanese_chin, saint_bernard, yorkshire_terrier",False,True
pomeranian_72,pomeranian,pomeranian,0.2887646,"pomeranian, leonberger, yorkshire_terrier, chihuahua, japanese_chin",True,True
great_pyrenees_98,great_pyrenees,great_pyrenees,0.21950534,"great_pyrenees, american_bulldog, pug, scottish_terrier, american_pit_bull_terrier",True,True
leonberger_51,leonberger,newfoundland,0.30287048,"newfoundland, leonberger, wheaten_terrier, havanese, english_cocker_spaniel",False,True
boxer_99,boxer,basset_hound,0.45444375,"basset_hound, boxer, beagle, miniature_pinscher, american_pit_bull_terrier",False,True
american_bulldog_76,american_bulldog,american_bulldog,0.81949276,"american_bulldog, american_pit_bull_terrier, great_pyrenees, samoyed, beagle",True,True
basset_hound_165,basset_hound,beagle,0.26583222,"beagle, chihuahua, american_bulldog, american_pit_bull_terrier, saint_bernard",False,False
Sphynx_228,Sphynx,scottish_terrier,0.14739606,"scottish_terrier, staffordshire_bull_terrier, german_shorthaired, boxer, english_cocker_spaniel",False,False
shiba_inu_21,shiba_inu,beagle,0.8173605,"beagle, basset_hound, saint_bernard, american_pit_bull_terrier, boxer",False,False
British_Shorthair_110,British_Shorthair,British_Shorthair,0.43011633,"British_Shorthair, Russian_Blue, scottish_terrier, Egyptian_Mau, keeshond",True,True
samoyed_30,samoyed,samoyed,0.72169375,"samoyed, great_pyrenees, pomeranian, Ragdoll, american_bulldog",True,True
pomeranian_143,pomeranian,pomeranian,0.7048991,"pomeranian, shiba_inu, Birman, Ragdoll, chihuahua",True,True
British_Shorthair_136,British_Shorthair,Abyssinian,0.1837274,"Abyssinian, american_pit_bull_terrier, British_Shorthair, Russian_Blue, shiba_inu",False,True
boxer_107,boxer,beagle,0.3366632,"beagle, basset_hound, boxer, american_pit_bull_terrier, american_bulldog",False,True
keeshond_134,keeshond,leonberger,0.43206772,"leonberger, pomeranian, wheaten_terrier, havanese, yorkshire_terrier",False,False
saint_bernard_159,saint_bernard,saint_bernard,0.31495085,"saint_bernard, english_cocker_spaniel, basset_hound, boxer, english_setter",True,True
samoyed_139,samoyed,samoyed,0.75843513,"samoyed, pomeranian, great_pyrenees, shiba_inu, Ragdoll",True,True
yorkshire_terrier_74,yorkshire_terrier,yorkshire_terrier,0.32725334,"yorkshire_terrier, havanese, wheaten_terrier, english_setter, english_cocker_spaniel",True,True
leonberger_2,leonberger,leonberger,0.96116215,"leonberger, pomeranian, yorkshire_terrier, keeshond, newfoundland",True,True
saint_bernard_8,saint_bernard,american_bulldog,0.2510545,"american_bulldog, boxer, basset_hound, american_pit_bull_terrier, saint_bernard",False,True
leonberger_174,leonberger,newfoundland,0.49017936,"newfoundland, leonberger, scottish_terrier, Bombay, keeshond",False,True
Sphynx_143,Sphynx,american_pit_bull_terrier,0.25590467,"american_pit_bull_terrier, american_bulldog, beagle, Sphynx, Russian_Blue",False,True
english_setter_72,english_setter,saint_bernard,0.24689302,"saint_bernard, japanese_chin, english_setter, american_bulldog, english_cocker_spaniel",False,True
scottish_terrier_80,scottish_terrier,scottish_terrier,0.76301444,"scottish_terrier, english_cocker_spaniel, newfoundland, havanese, staffordshire_bull_terrier",True,True
Maine_Coon_27,Maine_Coon,Maine_Coon,0.326121,"Maine_Coon, Persian, Ragdoll, wheaten_terrier, havanese",True,True
japanese_chin_22,japanese_chin,saint_bernard,0.7852524,"saint_bernard, beagle, japanese_chin, basset_hound, american_bulldog",False,True
Russian_Blue_103,Russian_Blue,Russian_Blue,0.45412952,"Russian_Blue, Siamese, Bombay, British_Shorthair, Sphynx",True,True
Sphynx_93,Sphynx,Sphynx,0.86354995,"Sphynx, chihuahua, Abyssinian, Siamese, Bombay",True,True
beagle_68,beagle,beagle,0.51055294,"beagle, basset_hound, boxer, american_pit_bull_terrier, chihuahua",True,True
american_bulldog_147,american_bulldog,american_pit_bull_terrier,0.13196848,"american_pit_bull_terrier, miniature_pinscher, chihuahua, shiba_inu, staffordshire_bull_terrier",False,False
german_shorthaired_101,german_shorthaired,german_shorthaired,0.79631007,"german_shorthaired, english_setter, english_cocker_spaniel, boxer, staffordshire_bull_terrier",True,True
havanese_76,havanese,havanese,0.79088455,"havanese, english_setter, japanese_chin, english_cocker_spaniel, great_pyrenees",True,True
saint_bernard_29,saint_bernard,saint_bernard,0.5939208,"saint_bernard, japanese_chin, beagle, american_bulldog, basset_hound",True,True
german_shorthaired_19,german_shorthaired,german_shorthaired,0.42440876,"german_shorthaired, basset_hound, boxer, english_cocker_spaniel, staffordshire_bull_terrier",True,True
British_Shorthair_134,British_Shorthair,British_Shorthair,0.7984805,"British_Shorthair, Russian_Blue, Abyssinian, keeshond, Egyptian_Mau",True,True
shiba_inu_177,shiba_inu,american_pit_bull_terrier,0.34791186,"american_pit_bull_terrier, american_bulldog, beagle, chihuahua, saint_bernard",False,False
samoyed_194,samoyed,samoyed,0.71433944,"samoyed, great_pyrenees, pomeranian, shiba_inu, american_bulldog",True,True
samoyed_174,samoyed,great_pyrenees,0.3441875,"great_pyrenees, samoyed, american_bulldog, pug, pomeranian",False,True
Bengal_191,Bengal,Bengal,0.9760692,"Bengal, Maine_Coon, english_cocker_spaniel, yorkshire_terrier, german_shorthaired",True,True
Sphynx_94,Sphynx,Sphynx,0.61556363,"Sphynx, chihuahua, beagle, boxer, Abyssinian",True,True
american_pit_bull_terrier_50,american_pit_bull_terrier,wheaten_terrier,0.1078548,"wheaten_terrier, chihuahua, boxer, american_pit_bull_terrier, scottish_terrier",False,True
english_cocker_spaniel_2,english_cocker_spaniel,scottish_terrier,0.36339664,"scottish_terrier, newfoundland, Bombay, boxer, Maine_Coon",False,False
american_bulldog_36,american_bulldog,american_pit_bull_terrier,0.34312138,"american_pit_bull_terrier, american_bulldog, staffordshire_bull_terrier, Russian_Blue, beagle",False,True
scottish_terrier_121,scottish_terrier,scottish_terrier,0.507937,"scottish_terrier, newfoundland, english_cocker_spaniel, havanese, yorkshire_terrier",True,True
Russian_Blue_27,Russian_Blue,British_Shorthair,0.56197757,"British_Shorthair, Russian_Blue, Bombay, Siamese, scottish_terrier",False,True
pug_105,pug,havanese,0.16122875,"havanese, english_setter, pug, keeshond, Ragdoll",False,True
saint_bernard_72,saint_bernard,saint_bernard,0.92905843,"saint_bernard, japanese_chin, beagle, basset_hound, american_pit_bull_terrier",True,True
Maine_Coon_34,Maine_Coon,Bengal,0.48255673,"Bengal, Maine_Coon, yorkshire_terrier, Abyssinian, english_cocker_spaniel",False,True
american_pit_bull_terrier_186,american_pit_bull_terrier,basset_hound,0.19852352,"basset_hound, american_pit_bull_terrier, boxer, saint_bernard, beagle",False,True
Abyssinian_27,Abyssinian,Abyssinian,0.5454285,"Abyssinian, Maine_Coon, Persian, wheaten_terrier, yorkshire_terrier",True,True
miniature_pinscher_29,miniature_pinscher,boxer,0.32495126,"boxer, german_shorthaired, miniature_pinscher, staffordshire_bull_terrier, Bengal",False,True
newfoundland_135,newfoundland,havanese,0.46834213,"havanese, english_cocker_spaniel, english_setter, scottish_terrier, yorkshire_terrier",False,False
basset_hound_2,basset_hound,basset_hound,0.42716798,"basset_hound, beagle, boxer, american_pit_bull_terrier, german_shorthaired",True,True
boxer_148,boxer,german_shorthaired,0.48629636,"german_shorthaired, boxer, basset_hound, staffordshire_bull_terrier, american_pit_bull_terrier",False,True
miniature_pinscher_88,miniature_pinscher,miniature_pinscher,0.4142449,"miniature_pinscher, boxer, american_pit_bull_terrier, basset_hound, german_shorthaired",True,True
german_shorthaired_98,german_shorthaired,Russian_Blue,0.39320284,"Russian_Blue, german_shorthaired, staffordshire_bull_terrier, american_pit_bull_terrier, British_Shorthair",False,True
boxer_13,boxer,boxer,0.20031635,"boxer, yorkshire_terrier, english_cocker_spaniel, chihuahua, basset_hound",True,True
wheaten_terrier_26,wheaten_terrier,leonberger,0.22450332,"leonberger, japanese_chin, havanese, yorkshire_terrier, english_cocker_spaniel",False,False
keeshond_154,keeshond,keeshond,0.77863204,"keeshond, Birman, Siamese, Ragdoll, havanese",True,True
Ragdoll_176,Ragdoll,Birman,0.45956966,"Birman, Ragdoll, Siamese, chihuahua, pomeranian",False,True
Egyptian_Mau_34,Egyptian_Mau,Egyptian_Mau,0.26547167,"Egyptian_Mau, Bengal, Abyssinian, Sphynx, chihuahua",True,True
Egyptian_Mau_92,Egyptian_Mau,Egyptian_Mau,0.35538295,"Egyptian_Mau, Bengal, Maine_Coon, english_setter, german_shorthaired",True,True
staffordshire_bull_terrier_27,staffordshire_bull_terrier,boxer,0.3535655,"boxer, miniature_pinscher, american_pit_bull_terrier, basset_hound, Abyssinian",False,False
saint_bernard_149,saint_bernard,saint_bernard,0.53672415,"saint_bernard, american_bulldog, japanese_chin, beagle, pug",True,True
havanese_32,havanese,english_setter,0.4225949,"english_setter, english_cocker_spaniel, havanese, yorkshire_terrier, japanese_chin",False,True
scottish_terrier_35,scottish_terrier,staffordshire_bull_terrier,0.319627,"staffordshire_bull_terrier, german_shorthaired, scottish_terrier, miniature_pinscher, boxer",False,True
miniature_pinscher_72,miniature_pinscher,Bombay,0.71369386,"Bombay, Abyssinian, Siamese, miniature_pinscher, Sphynx",False,True
samoyed_180,samoyed,samoyed,0.8041015,"samoyed, great_pyrenees, pomeranian, american_bulldog, Ragdoll",True,True
Persian_76,Persian,Persian,0.84516454,"Persian, Ragdoll, pomeranian, Maine_Coon, samoyed",True,True
Bombay_63,Bombay,Bombay,0.81831825,"Bombay, scottish_terrier, Siamese, staffordshire_bull_terrier, Russian_Blue",True,True
english_setter_92,english_setter,english_cocker_spaniel,0.5213141,"english_cocker_spaniel, english_setter, havanese, scottish_terrier, yorkshire_terrier",False,True
german_shorthaired_15,german_shorthaired,german_shorthaired,0.38993257,"german_shorthaired, staffordshire_bull_terrier, boxer, american_pit_bull_terrier, english_cocker_spaniel",True,True
scottish_terrier_136,scottish_terrier,english_setter,0.3960408,"english_setter, yorkshire_terrier, Maine_Coon, havanese, english_cocker_spaniel",False,False
great_pyrenees_199,great_pyrenees,great_pyrenees,0.49908075,"great_pyrenees, samoyed, pomeranian, Persian, havanese",True,True
english_cocker_spaniel_172,english_cocker_spaniel,english_cocker_spaniel,0.53281206,"english_cocker_spaniel, yorkshire_terrier, havanese, english_setter, wheaten_terrier",True,True
Bombay_116,Bombay,Bombay,0.7631498,"Bombay, scottish_terrier, newfoundland, Siamese, staffordshire_bull_terrier",True,True
yorkshire_terrier_170,yorkshire_terrier,Bengal,0.45190483,"Bengal, Maine_Coon, german_shorthaired, yorkshire_terrier, Egyptian_Mau",False,True
great_pyrenees_36,great_pyrenees,havanese,0.3438923,"havanese, scottish_terrier, wheaten_terrier, keeshond, pomeranian",False,False
Bombay_90,Bombay,Bombay,0.7680732,"Bombay, scottish_terrier, Russian_Blue, Siamese, staffordshire_bull_terrier",True,True
Russian_Blue_140,Russian_Blue,British_Shorthair,0.7608851,"British_Shorthair, Russian_Blue, Egyptian_Mau, Abyssinian, Sphynx",False,True
havanese_140,havanese,havanese,0.72116315,"havanese, wheaten_terrier, scottish_terrier, english_setter, great_pyrenees",True,True
american_pit_bull_terrier_90,american_pit_bull_terrier,american_bulldog,0.48188478,"american_bulldog, american_pit_bull_terrier, beagle, pug, staffordshire_bull_terrier",False,True
Persian_125,Persian,Persian,0.4602644,"Persian, Ragdoll, Maine_Coon, pomeranian, wheaten_terrier",True,True
pug_62,pug,pug,0.82451266,"pug, american_bulldog, chihuahua, american_pit_bull_terrier, Ragdoll",True,True
saint_bernard_199,saint_bernard,saint_bernard,0.39567432,"saint_bernard, english_cocker_spaniel, basset_hound, english_setter, american_pit_bull_terrier",True,True
basset_hound_136,basset_hound,basset_hound,0.4425572,"basset_hound, beagle, saint_bernard, boxer, american_pit_bull_terrier",True,True
Sphynx_236,Sphynx,Sphynx,0.50127435,"Sphynx, chihuahua, miniature_pinscher, Abyssinian, american_pit_bull_terrier",True,True
Maine_Coon_176,Maine_Coon,Maine_Coon,0.4452901,"Maine_Coon, wheaten_terrier, Bengal, yorkshire_terrier, Abyssinian",True,True
saint_bernard_45,saint_bernard,beagle,0.4532231,"beagle, saint_bernard, basset_hound, american_pit_bull_terrier, english_cocker_spaniel",False,True
newfoundland_165,newfoundland,newfoundland,0.5719197,"newfoundland, leonberger, wheaten_terrier, boxer, american_pit_bull_terrier",True,True
english_setter_182,english_setter,leonberger,0.40366283,"leonberger, yorkshire_terrier, english_cocker_spaniel, havanese, staffordshire_bull_terrier",False,False
pug_200,pug,pug,0.95073247,"pug, chihuahua, american_bulldog, staffordshire_bull_terrier, boxer",True,True
basset_hound_72,basset_hound,Bengal,0.3239489,"Bengal, boxer, yorkshire_terrier, Maine_Coon, Abyssinian",False,False
Siamese_155,Siamese,miniature_pinscher,0.5864813,"miniature_pinscher, Abyssinian, Sphynx, Bombay, Siamese",False,True
Abyssinian_44,Abyssinian,Abyssinian,0.81458294,"Abyssinian, Sphynx, Maine_Coon, Bengal, shiba_inu",True,True
Ragdoll_69,Ragdoll,Ragdoll,0.5035346,"Ragdoll, samoyed, Persian, Birman, great_pyrenees",True,True
Egyptian_Mau_89,Egyptian_Mau,Egyptian_Mau,0.7201039,"Egyptian_Mau, Bengal, Maine_Coon, pug, english_setter",True,True
english_setter_73,english_setter,english_cocker_spaniel,0.48883328,"english_cocker_spaniel, english_setter, havanese, german_shorthaired, pug",False,True
Egyptian_Mau_62,Egyptian_Mau,British_Shorthair,0.24640565,"British_Shorthair, Russian_Blue, Abyssinian, Maine_Coon, Ragdoll",False,False
beagle_57,beagle,beagle,0.5353047,"beagle, basset_hound, american_pit_bull_terrier, saint_bernard, american_bulldog",True,True
Siamese_188,Siamese,Siamese,0.4480883,"Siamese, miniature_pinscher, chihuahua, staffordshire_bull_terrier, Birman",True,True
Persian_265,Persian,Persian,0.57401687,"Persian, Maine_Coon, wheaten_terrier, pomeranian, Ragdoll",True,True
staffordshire_bull_terrier_74,staffordshire_bull_terrier,german_shorthaired,0.5922099,"german_shorthaired, staffordshire_bull_terrier, scottish_terrier, american_pit_bull_terrier, english_cocker_spaniel",False,True
yorkshire_terrier_16,yorkshire_terrier,yorkshire_terrier,0.73005694,"yorkshire_terrier, wheaten_terrier, leonberger, english_cocker_spaniel, newfoundland",True,True
Russian_Blue_136,Russian_Blue,Sphynx,0.33890104,"Sphynx, Abyssinian, Russian_Blue, miniature_pinscher, chihuahua",False,True
boxer_182,boxer,great_pyrenees,0.47923028,"great_pyrenees, american_bulldog, american_pit_bull_terrier, english_setter, saint_bernard",False,False
Persian_72,Persian,scottish_terrier,0.26613995,"scottish_terrier, havanese, keeshond, wheaten_terrier, Maine_Coon",False,False
english_setter_157,english_setter,english_setter,0.801424,"english_setter, pug, english_cocker_spaniel, Egyptian_Mau, havanese",True,True
chihuahua_108,chihuahua,chihuahua,0.32140544,"chihuahua, pomeranian, beagle, shiba_inu, american_pit_bull_terrier",True,True
beagle_50,beagle,beagle,0.18647747,"beagle, american_pit_bull_terrier, american_bulldog, basset_hound, chihuahua",True,True
Sphynx_54,Sphynx,Sphynx,0.6325824,"Sphynx, american_bulldog, american_pit_bull_terrier, chihuahua, shiba_inu",True,True
leonberger_113,leonberger,leonberger,0.38398874,"leonberger, shiba_inu, pomeranian, yorkshire_terrier, chihuahua",True,True
japanese_chin_3,japanese_chin,japanese_chin,0.8649148,"japanese_chin, pomeranian, saint_bernard, beagle, Ragdoll",True,True
american_bulldog_69,american_bulldog,american_bulldog,0.23324531,"american_bulldog, beagle, saint_bernard, american_pit_bull_terrier, basset_hound",True,True
saint_bernard_99,saint_bernard,saint_bernard,0.37567744,"saint_bernard, english_cocker_spaniel, english_setter, staffordshire_bull_terrier, basset_hound",True,True
american_pit_bull_terrier_68,american_pit_bull_terrier,american_pit_bull_terrier,0.48389363,"american_pit_bull_terrier, boxer, beagle, basset_hound, chihuahua",True,True
Siamese_83,Siamese,Birman,0.4911784,"Birman, Siamese, Ragdoll, pomeranian, chihuahua",False,True
leonberger_187,leonberger,leonberger,0.8479756,"leonberger, yorkshire_terrier, wheaten_terrier, english_cocker_spaniel, newfoundland",True,True
wheaten_terrier_40,wheaten_terrier,Persian,0.50137687,"Persian, wheaten_terrier, Maine_Coon, havanese, Ragdoll",False,True
keeshond_192,keeshond,keeshond,0.70088583,"keeshond, newfoundland, wheaten_terrier, leonberger, scottish_terrier",True,True
staffordshire_bull_terrier_52,staffordshire_bull_terrier,miniature_pinscher,0.27170926,"miniature_pinscher, boxer, american_pit_bull_terrier, Sphynx, chihuahua",False,False
Egyptian_Mau_108,Egyptian_Mau,Egyptian_Mau,0.39809918,"Egyptian_Mau, Bengal, Abyssinian, Maine_Coon, Sphynx",True,True
shiba_inu_25,shiba_inu,american_pit_bull_terrier,0.2043336,"american_pit_bull_terrier, boxer, shiba_inu, Bengal, chihuahua",False,True
basset_hound_193,basset_hound,pug,0.23002715,"pug, staffordshire_bull_terrier, saint_bernard, boxer, american_bulldog",False,False
shiba_inu_113,shiba_inu,shiba_inu,0.29450193,"shiba_inu, beagle, american_pit_bull_terrier, chihuahua, basset_hound",True,True
english_setter_49,english_setter,english_setter,0.39163476,"english_setter, havanese, wheaten_terrier, english_cocker_spaniel, Maine_Coon",True,True
Egyptian_Mau_213,Egyptian_Mau,Egyptian_Mau,0.2798887,"Egyptian_Mau, Maine_Coon, wheaten_terrier, Abyssinian, Bengal",True,True
Bengal_135,Bengal,pug,0.20349382,"pug, havanese, english_setter, scottish_terrier, english_cocker_spaniel",False,False
boxer_14,boxer,basset_hound,0.47465456,"basset_hound, beagle, boxer, american_pit_bull_terrier, saint_bernard",False,True
english_cocker_spaniel_119,english_cocker_spaniel,shiba_inu,0.27488467,"shiba_inu, american_pit_bull_terrier, pomeranian, chihuahua, english_cocker_spaniel",False,True
Birman_8,Birman,Birman,0.44243032,"Birman, Ragdoll, Siamese, japanese_chin, pomeranian",True,True
english_setter_28,english_setter,english_setter,0.26578873,"english_setter, havanese, wheaten_terrier, english_cocker_spaniel, scottish_terrier",True,True
Bombay_37,Bombay,Bombay,0.6837729,"Bombay, Siamese, Russian_Blue, Abyssinian, British_Shorthair",True,True
english_cocker_spaniel_177,english_cocker_spaniel,saint_bernard,0.64724845,"saint_bernard, english_cocker_spaniel, english_setter, american_bulldog, japanese_chin",False,True
beagle_182,beagle,beagle,0.4603498,"beagle, american_pit_bull_terrier, boxer, basset_hound, chihuahua",True,True
Russian_Blue_133,Russian_Blue,British_Shorthair,0.7571195,"British_Shorthair, Russian_Blue, keeshond, Ragdoll, Persian",False,True
newfoundland_18,newfoundland,keeshond,0.18477947,"keeshond, scottish_terrier, Russian_Blue, British_Shorthair, staffordshire_bull_terrier",False,False
samoyed_20,samoyed,samoyed,0.9750015,"samoyed, great_pyrenees, Ragdoll, pomeranian, Persian",True,True
american_pit_bull_terrier_172,american_pit_bull_terrier,chihuahua,0.45442623,"chihuahua, american_pit_bull_terrier, boxer, miniature_pinscher, beagle",False,True
beagle_157,beagle,boxer,0.42528957,"boxer, basset_hound, beagle, miniature_pinscher, american_pit_bull_terrier",False,True
american_bulldog_75,american_bulldog,chihuahua,0.22786313,"chihuahua, Sphynx, beagle, shiba_inu, american_pit_bull_terrier",False,False
havanese_167,havanese,havanese,0.6105913,"havanese, english_cocker_spaniel, wheaten_terrier, leonberger, english_setter",True,True
german_shorthaired_40,german_shorthaired,german_shorthaired,0.2062169,"german_shorthaired, boxer, basset_hound, staffordshire_bull_terrier, american_pit_bull_terrier",True,True
american_pit_bull_terrier_183,american_pit_bull_terrier,american_pit_bull_terrier,0.6029947,"american_pit_bull_terrier, boxer, staffordshire_bull_terrier, american_bulldog, beagle",True,True
Ragdoll_115,Ragdoll,Birman,0.44879252,"Birman, Ragdoll, Siamese, pomeranian, chihuahua",False,True
samoyed_181,samoyed,samoyed,0.62525237,"samoyed, great_pyrenees, pomeranian, american_bulldog, Ragdoll",True,True
havanese_90,havanese,japanese_chin,0.8383285,"japanese_chin, havanese, english_setter, english_cocker_spaniel, saint_bernard",False,True
english_setter_98,english_setter,english_setter,0.6722355,"english_setter, english_cocker_spaniel, havanese, pug, japanese_chin",True,True
great_pyrenees_28,great_pyrenees,samoyed,0.58519554,"samoyed, great_pyrenees, pomeranian, japanese_chin, Ragdoll",False,True
chihuahua_70,chihuahua,Siamese,0.1405522,"Siamese, chihuahua, miniature_pinscher, Ragdoll, boxer",False,True
yorkshire_terrier_65,yorkshire_terrier,wheaten_terrier,0.46147633,"wheaten_terrier, yorkshire_terrier, havanese, english_cocker_spaniel, leonberger",False,True
keeshond_130,keeshond,japanese_chin,0.16955167,"japanese_chin, pomeranian, leonberger, Birman, shiba_inu",False,False
Birman_42,Birman,Birman,0.4092074,"Birman, Ragdoll, japanese_chin, pomeranian, samoyed",True,True
Sphynx_169,Sphynx,Sphynx,0.7942264,"Sphynx, Abyssinian, chihuahua, miniature_pinscher, boxer",True,True
Abyssinian_108,Abyssinian,Abyssinian,0.5628493,"Abyssinian, Sphynx, Egyptian_Mau, Maine_Coon, Russian_Blue",True,True
keeshond_174,keeshond,japanese_chin,0.25130102,"japanese_chin, keeshond, Birman, havanese, pomeranian",False,True
keeshond_73,keeshond,keeshond,0.8925045,"keeshond, Bombay, Russian_Blue, British_Shorthair, leonberger",True,True
Birman_49,Birman,Birman,0.6498047,"Birman, Siamese, Ragdoll, keeshond, japanese_chin",True,True
Sphynx_107,Sphynx,Sphynx,0.9147981,"Sphynx, chihuahua, Abyssinian, Russian_Blue, Siamese",True,True
boxer_154,boxer,boxer,0.2442649,"boxer, german_shorthaired, basset_hound, english_cocker_spaniel, american_pit_bull_terrier",True,True
pug_86,pug,pug,0.97764206,"pug, american_bulldog, english_setter, chihuahua, staffordshire_bull_terrier",True,True
pomeranian_20,pomeranian,pomeranian,0.9057228,"pomeranian, shiba_inu, chihuahua, beagle, Ragdoll",True,True
scottish_terrier_54,scottish_terrier,Egyptian_Mau,0.2118057,"Egyptian_Mau, scottish_terrier, Bengal, pug, german_shorthaired",False,True
english_setter_140,english_setter,havanese,0.37886953,"havanese, Persian, english_setter, keeshond, wheaten_terrier",False,True
great_pyrenees_147,great_pyrenees,pug,0.31760597,"pug, great_pyrenees, american_bulldog, samoyed, english_setter",False,True
pug_30,pug,pug,0.78846097,"pug, staffordshire_bull_terrier, english_setter, american_bulldog, american_pit_bull_terrier",True,True
wheaten_terrier_60,wheaten_terrier,havanese,0.4494781,"havanese, wheaten_terrier, great_pyrenees, english_cocker_spaniel, pomeranian",False,True
great_pyrenees_185,great_pyrenees,great_pyrenees,0.41857442,"great_pyrenees, samoyed, Ragdoll, Persian, havanese",True,True
Maine_Coon_101,Maine_Coon,Persian,0.8695164,"Persian, Maine_Coon, Abyssinian, wheaten_terrier, pomeranian",False,True
Egyptian_Mau_63,Egyptian_Mau,Egyptian_Mau,0.657363,"Egyptian_Mau, Maine_Coon, Bengal, english_setter, pug",True,True
Maine_Coon_39,Maine_Coon,Maine_Coon,0.5408511,"Maine_Coon, Persian, Abyssinian, pomeranian, Bengal",True,True
english_setter_145,english_setter,english_setter,0.46937427,"english_setter, english_cocker_spaniel, havanese, yorkshire_terrier, leonberger",True,True
great_pyrenees_106,great_pyrenees,scottish_terrier,0.21883863,"scottish_terrier, havanese, great_pyrenees, staffordshire_bull_terrier, keeshond",False,True
scottish_terrier_17,scottish_terrier,scottish_terrier,0.26877668,"scottish_terrier, english_cocker_spaniel, staffordshire_bull_terrier, havanese, pug",True,True
pomeranian_60,pomeranian,pomeranian,0.25434834,"pomeranian, shiba_inu, japanese_chin, Ragdoll, Maine_Coon",True,True
boxer_28,boxer,boxer,0.22853579,"boxer, pug, english_cocker_spaniel, staffordshire_bull_terrier, basset_hound",True,True
shiba_inu_10,shiba_inu,shiba_inu,0.968641,"shiba_inu, chihuahua, pomeranian, beagle, american_pit_bull_terrier",True,True
Bengal_3,Bengal,Bengal,0.9739093,"Bengal, Abyssinian, Egyptian_Mau, Maine_Coon, miniature_pinscher",True,True
american_bulldog_87,american_bulldog,american_bulldog,0.3353052,"american_bulldog, american_pit_bull_terrier, pug, boxer, staffordshire_bull_terrier",True,True
Birman_137,Birman,Birman,0.29952878,"Birman, Siamese, Ragdoll, keeshond, shiba_inu",True,True
saint_bernard_111,saint_bernard,shiba_inu,0.35715172,"shiba_inu, beagle, saint_bernard, chihuahua, basset_hound",False,True
havanese_26,havanese,havanese,0.7307652,"havanese, wheaten_terrier, great_pyrenees, scottish_terrier, english_cocker_spaniel",True,True
scottish_terrier_135,scottish_terrier,scottish_terrier,0.8732147,"scottish_terrier, newfoundland, english_cocker_spaniel, yorkshire_terrier, wheaten_terrier",True,True
beagle_178,beagle,basset_hound,0.4661527,"basset_hound, beagle, boxer, american_pit_bull_terrier, miniature_pinscher",False,True
Birman_118,Birman,Birman,0.5304789,"Birman, Ragdoll, Siamese, Persian, pomeranian",True,True
Bengal_160,Bengal,Maine_Coon,0.5804696,"Maine_Coon, Abyssinian, Bengal, yorkshire_terrier, english_setter",False,True
Ragdoll_13,Ragdoll,samoyed,0.20709027,"samoyed, British_Shorthair, Ragdoll, Persian, Maine_Coon",False,True
japanese_chin_130,japanese_chin,Siamese,0.22960876,"Siamese, chihuahua, Ragdoll, Sphynx, japanese_chin",False,True
wheaten_terrier_109,wheaten_terrier,havanese,0.635877,"havanese, great_pyrenees, wheaten_terrier, english_cocker_spaniel, english_setter",False,True
boxer_6,boxer,boxer,0.4199635,"boxer, miniature_pinscher, basset_hound, staffordshire_bull_terrier, german_shorthaired",True,True
basset_hound_163,basset_hound,saint_bernard,0.37650824,"saint_bernard, beagle, basset_hound, american_bulldog, american_pit_bull_terrier",False,True
pug_12,pug,pug,0.3656079,"pug, Siamese, chihuahua, staffordshire_bull_terrier, Bombay",True,True
pug_8,pug,pug,0.5415471,"pug, havanese, english_setter, english_cocker_spaniel, chihuahua",True,True
pomeranian_33,pomeranian,havanese,0.21877441,"havanese, yorkshire_terrier, english_setter, wheaten_terrier, english_cocker_spaniel",False,False
Egyptian_Mau_190,Egyptian_Mau,Egyptian_Mau,0.93889374,"Egyptian_Mau, Maine_Coon, english_setter, wheaten_terrier, Bengal",True,True
great_pyrenees_73,great_pyrenees,japanese_chin,0.17410977,"japanese_chin, american_bulldog, pug, staffordshire_bull_terrier, saint_bernard",False,False
pomeranian_30,pomeranian,shiba_inu,0.4017521,"shiba_inu, pomeranian, leonberger, american_pit_bull_terrier, Abyssinian",False,True
scottish_terrier_50,scottish_terrier,scottish_terrier,0.46680224,"scottish_terrier, yorkshire_terrier, english_cocker_spaniel, staffordshire_bull_terrier, havanese",True,True
japanese_chin_189,japanese_chin,japanese_chin,0.7920074,"japanese_chin, havanese, saint_bernard, newfoundland, english_cocker_spaniel",True,True
Birman_10,Birman,Siamese,0.73533,"Siamese, Birman, Bombay, keeshond, scottish_terrier",False,True
Egyptian_Mau_127,Egyptian_Mau,Egyptian_Mau,0.95775664,"Egyptian_Mau, Maine_Coon, Bengal, english_setter, german_shorthaired",True,True
american_bulldog_193,american_bulldog,great_pyrenees,0.23366086,"great_pyrenees, samoyed, Ragdoll, american_bulldog, pomeranian",False,True
shiba_inu_204,shiba_inu,american_pit_bull_terrier,0.19017774,"american_pit_bull_terrier, staffordshire_bull_terrier, chihuahua, scottish_terrier, pug",False,False
wheaten_terrier_71,wheaten_terrier,wheaten_terrier,0.69329053,"wheaten_terrier, english_cocker_spaniel, english_setter, Maine_Coon, yorkshire_terrier",True,True
Egyptian_Mau_209,Egyptian_Mau,Ragdoll,0.3034341,"Ragdoll, Maine_Coon, keeshond, Siamese, British_Shorthair",False,False
beagle_114,beagle,chihuahua,0.3315027,"chihuahua, beagle, boxer, american_pit_bull_terrier, american_bulldog",False,True
boxer_157,boxer,saint_bernard,0.6212107,"saint_bernard, japanese_chin, basset_hound, beagle, american_bulldog",False,False
pomeranian_14,pomeranian,wheaten_terrier,0.74544865,"wheaten_terrier, leonberger, pomeranian, havanese, Persian",False,True
Maine_Coon_2,Maine_Coon,Maine_Coon,0.6064929,"Maine_Coon, english_setter, Bengal, japanese_chin, yorkshire_terrier",True,True
american_bulldog_33,american_bulldog,american_bulldog,0.5095891,"american_bulldog, great_pyrenees, american_pit_bull_terrier, saint_bernard, pug",True,True
British_Shorthair_205,British_Shorthair,Persian,0.21653289,"Persian, keeshond, British_Shorthair, Ragdoll, Abyssinian",False,True
american_bulldog_216,american_bulldog,Siamese,0.30006087,"Siamese, chihuahua, american_bulldog, Ragdoll, Birman",False,True
Russian_Blue_72,Russian_Blue,British_Shorthair,0.7010082,"British_Shorthair, Russian_Blue, Abyssinian, samoyed, Persian",False,True
Ragdoll_189,Ragdoll,Birman,0.47391376,"Birman, Ragdoll, Siamese, keeshond, japanese_chin",False,True
Sphynx_247,Sphynx,Sphynx,0.63170385,"Sphynx, chihuahua, shiba_inu, american_pit_bull_terrier, beagle",True,True
pug_178,pug,pug,0.93676436,"pug, american_bulldog, american_pit_bull_terrier, staffordshire_bull_terrier, boxer",True,True
havanese_163,havanese,scottish_terrier,0.6584334,"scottish_terrier, havanese, chihuahua, Siamese, Ragdoll",False,True
beagle_167,beagle,boxer,0.4772423,"boxer, miniature_pinscher, basset_hound, Bengal, Abyssinian",False,False
Birman_109,Birman,Birman,0.75099176,"Birman, Siamese, Ragdoll, keeshond, pomeranian",True,True
Egyptian_Mau_61,Egyptian_Mau,British_Shorthair,0.23386791,"British_Shorthair, Russian_Blue, Egyptian_Mau, Bengal, staffordshire_bull_terrier",False,True
english_setter_77,english_setter,english_setter,0.3927792,"english_setter, english_cocker_spaniel, havanese, staffordshire_bull_terrier, pug",True,True
american_pit_bull_terrier_173,american_pit_bull_terrier,american_bulldog,0.3708095,"american_bulldog, american_pit_bull_terrier, chihuahua, Sphynx, great_pyrenees",False,True
Russian_Blue_145,Russian_Blue,British_Shorthair,0.40175894,"British_Shorthair, Russian_Blue, Maine_Coon, scottish_terrier, Egyptian_Mau",False,True
Persian_161,Persian,Persian,0.588915,"Persian, Ragdoll, samoyed, pomeranian, Maine_Coon",True,True
scottish_terrier_13,scottish_terrier,scottish_terrier,0.7911256,"scottish_terrier, newfoundland, english_cocker_spaniel, Bombay, havanese",True,True
samoyed_158,samoyed,great_pyrenees,0.32986552,"great_pyrenees, samoyed, pomeranian, wheaten_terrier, Persian",False,True
leonberger_105,leonberger,yorkshire_terrier,0.8400425,"yorkshire_terrier, leonberger, english_cocker_spaniel, wheaten_terrier, havanese",False,True
basset_hound_23,basset_hound,beagle,0.52675855,"beagle, american_pit_bull_terrier, basset_hound, boxer, chihuahua",False,True
Siamese_58,Siamese,Abyssinian,0.8097631,"Abyssinian, Maine_Coon, yorkshire_terrier, Bengal, shiba_inu",False,False
saint_bernard_146,saint_bernard,basset_hound,0.20806839,"basset_hound, saint_bernard, american_pit_bull_terrier, beagle, boxer",False,True
japanese_chin_33,japanese_chin,american_pit_bull_terrier,0.21269661,"american_pit_bull_terrier, saint_bernard, american_bulldog, staffordshire_bull_terrier, english_cocker_spaniel",False,False
japanese_chin_66,japanese_chin,pomeranian,0.8056761,"pomeranian, japanese_chin, shiba_inu, saint_bernard, leonberger",False,True
scottish_terrier_72,scottish_terrier,scottish_terrier,0.8385741,"scottish_terrier, staffordshire_bull_terrier, german_shorthaired, newfoundland, Bombay",True,True
beagle_87,beagle,beagle,0.79673684,"beagle, basset_hound, chihuahua, shiba_inu, american_pit_bull_terrier",True,True
Egyptian_Mau_157,Egyptian_Mau,Egyptian_Mau,0.46106893,"Egyptian_Mau, Maine_Coon, Bengal, Abyssinian, British_Shorthair",True,True
Bombay_206,Bombay,Bombay,0.6370038,"Bombay, scottish_terrier, Siamese, miniature_pinscher, newfoundland",True,True
english_setter_185,english_setter,wheaten_terrier,0.1006979,"wheaten_terrier, great_pyrenees, pomeranian, american_pit_bull_terrier, japanese_chin",False,False
Russian_Blue_14,Russian_Blue,Abyssinian,0.6023461,"Abyssinian, Sphynx, Russian_Blue, chihuahua, British_Shorthair",False,True
British_Shorthair_258,British_Shorthair,Sphynx,0.2952405,"Sphynx, Abyssinian, Bombay, Russian_Blue, Siamese",False,False
shiba_inu_92,shiba_inu,beagle,0.43089208,"beagle, basset_hound, chihuahua, american_pit_bull_terrier, boxer",False,False
boxer_77,boxer,staffordshire_bull_terrier,0.56623197,"staffordshire_bull_terrier, boxer, german_shorthaired, english_cocker_spaniel, american_pit_bull_terrier",False,True
Egyptian_Mau_103,Egyptian_Mau,Egyptian_Mau,0.2113915,"Egyptian_Mau, Abyssinian, British_Shorthair, Russian_Blue, Maine_Coon",True,True
japanese_chin_105,japanese_chin,japanese_chin,0.4148147,"japanese_chin, saint_bernard, pomeranian, beagle, american_pit_bull_terrier",True,True
miniature_pinscher_169,miniature_pinscher,miniature_pinscher,0.4575972,"miniature_pinscher, staffordshire_bull_terrier, boxer, american_pit_bull_terrier, chihuahua",True,True
Russian_Blue_112,Russian_Blue,British_Shorthair,0.7860224,"British_Shorthair, Russian_Blue, Egyptian_Mau, scottish_terrier, wheaten_terrier",False,True
Persian_174,Persian,Persian,0.7403644,"Persian, keeshond, Ragdoll, Maine_Coon, pomeranian",True,True
leonberger_87,leonberger,newfoundland,0.41115543,"newfoundland, leonberger, scottish_terrier, yorkshire_terrier, english_cocker_spaniel",False,True
samoyed_8,samoyed,samoyed,0.73455805,"samoyed, Persian, Ragdoll, great_pyrenees, pomeranian",True,True
german_shorthaired_2,german_shorthaired,english_setter,0.36256537,"english_setter, english_cocker_spaniel, japanese_chin, german_shorthaired, boxer",False,True
Sphynx_164,Sphynx,Russian_Blue,0.18497369,"Russian_Blue, Bombay, miniature_pinscher, Sphynx, Siamese",False,True
Egyptian_Mau_134,Egyptian_Mau,Egyptian_Mau,0.2658733,"Egyptian_Mau, wheaten_terrier, Persian, Maine_Coon, British_Shorthair",True,True
Ragdoll_185,Ragdoll,Sphynx,0.50045437,"Sphynx, Russian_Blue, chihuahua, Abyssinian, Ragdoll",False,True
english_cocker_spaniel_97,english_cocker_spaniel,yorkshire_terrier,0.56100017,"yorkshire_terrier, english_cocker_spaniel, leonberger, american_pit_bull_terrier, wheaten_terrier",False,True
British_Shorthair_263,British_Shorthair,British_Shorthair,0.8183601,"British_Shorthair, Russian_Blue, Bombay, Abyssinian, scottish_terrier",True,True
chihuahua_144,chihuahua,english_setter,0.576363,"english_setter, pug, german_shorthaired, Egyptian_Mau, Bengal",False,False
Bengal_50,Bengal,Bengal,0.8591155,"Bengal, Abyssinian, miniature_pinscher, Maine_Coon, shiba_inu",True,True
Maine_Coon_5,Maine_Coon,Ragdoll,0.27284357,"Ragdoll, Persian, Maine_Coon, samoyed, Birman",False,True
Abyssinian_81,Abyssinian,Abyssinian,0.60206604,"Abyssinian, Maine_Coon, Persian, wheaten_terrier, Bengal",True,True
leonberger_183,leonberger,leonberger,0.28459737,"leonberger, newfoundland, boxer, yorkshire_terrier, pomeranian",True,True
Russian_Blue_67,Russian_Blue,Birman,0.37111217,"Birman, Siamese, Ragdoll, keeshond, pug",False,False
great_pyrenees_158,great_pyrenees,Persian,0.24605028,"Persian, samoyed, Ragdoll, British_Shorthair, Maine_Coon",False,False
Ragdoll_125,Ragdoll,Birman,0.44273266,"Birman, Ragdoll, Siamese, pomeranian, chihuahua",False,True
japanese_chin_59,japanese_chin,japanese_chin,0.5392338,"japanese_chin, keeshond, Birman, pomeranian, Ragdoll",True,True
chihuahua_50,chihuahua,english_setter,0.46488014,"english_setter, english_cocker_spaniel, Bengal, pug, japanese_chin",False,False
Ragdoll_197,Ragdoll,Ragdoll,0.6386962,"Ragdoll, Birman, japanese_chin, Siamese, pug",True,True
Persian_133,Persian,Persian,0.4741132,"Persian, Maine_Coon, Ragdoll, Bengal, Abyssinian",True,True
Russian_Blue_17,Russian_Blue,Russian_Blue,0.5196594,"Russian_Blue, British_Shorthair, Abyssinian, Sphynx, Egyptian_Mau",True,True
english_cocker_spaniel_187,english_cocker_spaniel,english_cocker_spaniel,0.31423366,"english_cocker_spaniel, newfoundland, yorkshire_terrier, leonberger, havanese",True,True
Ragdoll_98,Ragdoll,Ragdoll,0.4904759,"Ragdoll, Birman, Persian, Siamese, Maine_Coon",True,True
american_pit_bull_terrier_115,american_pit_bull_terrier,staffordshire_bull_terrier,0.46722218,"staffordshire_bull_terrier, boxer, american_pit_bull_terrier, basset_hound, german_shorthaired",False,True
scottish_terrier_12,scottish_terrier,keeshond,0.36624783,"keeshond, Maine_Coon, havanese, Persian, wheaten_terrier",False,False
german_shorthaired_95,german_shorthaired,german_shorthaired,0.7188246,"german_shorthaired, staffordshire_bull_terrier, boxer, basset_hound, pug",True,True
Egyptian_Mau_71,Egyptian_Mau,Egyptian_Mau,0.86390316,"Egyptian_Mau, Bengal, Maine_Coon, german_shorthaired, Abyssinian",True,True
Abyssinian_143,Abyssinian,Abyssinian,0.39401823,"Abyssinian, shiba_inu, Sphynx, chihuahua, Persian",True,True
staffordshire_bull_terrier_179,staffordshire_bull_terrier,great_pyrenees,0.3915868,"great_pyrenees, samoyed, american_bulldog, american_pit_bull_terrier, saint_bernard",False,False
miniature_pinscher_171,miniature_pinscher,Siamese,0.29916245,"Siamese, miniature_pinscher, japanese_chin, leonberger, Birman",False,True
Ragdoll_92,Ragdoll,japanese_chin,0.60153466,"japanese_chin, Ragdoll, pomeranian, Birman, Siamese",False,True
Bengal_116,Bengal,Bengal,0.9940978,"Bengal, miniature_pinscher, Abyssinian, Maine_Coon, yorkshire_terrier",True,True
Egyptian_Mau_81,Egyptian_Mau,Egyptian_Mau,0.1864325,"Egyptian_Mau, wheaten_terrier, Persian, Maine_Coon, Abyssinian",True,True
american_bulldog_24,american_bulldog,american_bulldog,0.39980036,"american_bulldog, pug, chihuahua, american_pit_bull_terrier, english_setter",True,True
great_pyrenees_104,great_pyrenees,american_bulldog,0.22476217,"american_bulldog, pug, chihuahua, american_pit_bull_terrier, staffordshire_bull_terrier",False,False
keeshond_55,keeshond,leonberger,0.35000762,"leonberger, wheaten_terrier, keeshond, havanese, scottish_terrier",False,True
basset_hound_178,basset_hound,basset_hound,0.8464407,"basset_hound, boxer, saint_bernard, beagle, german_shorthaired",True,True
pomeranian_173,pomeranian,pomeranian,0.8997421,"pomeranian, shiba_inu, Ragdoll, Persian, Birman",True,True
great_pyrenees_161,great_pyrenees,great_pyrenees,0.64974236,"great_pyrenees, samoyed, american_bulldog, Persian, wheaten_terrier",True,True
japanese_chin_56,japanese_chin,japanese_chin,0.9515178,"japanese_chin, saint_bernard, Ragdoll, havanese, pomeranian",True,True
Persian_79,Persian,Persian,0.55117255,"Persian, wheaten_terrier, Ragdoll, Maine_Coon, havanese",True,True
boxer_36,boxer,american_bulldog,0.21887329,"american_bulldog, american_pit_bull_terrier, basset_hound, beagle, boxer",False,True
Russian_Blue_130,Russian_Blue,British_Shorthair,0.5635245,"British_Shorthair, Russian_Blue, Sphynx, Abyssinian, Bombay",False,True
samoyed_58,samoyed,great_pyrenees,0.5026244,"great_pyrenees, samoyed, Persian, wheaten_terrier, Ragdoll",False,True
american_bulldog_124,american_bulldog,american_bulldog,0.3318103,"american_bulldog, great_pyrenees, american_pit_bull_terrier, saint_bernard, english_cocker_spaniel",True,True
British_Shorthair_151,British_Shorthair,Abyssinian,0.5891817,"Abyssinian, Sphynx, British_Shorthair, Bengal, Russian_Blue",False,True
Russian_Blue_122,Russian_Blue,British_Shorthair,0.49305725,"British_Shorthair, Russian_Blue, keeshond, Bombay, scottish_terrier",False,True
great_pyrenees_116,great_pyrenees,havanese,0.49759904,"havanese, great_pyrenees, japanese_chin, english_setter, keeshond",False,True
staffordshire_bull_terrier_104,staffordshire_bull_terrier,Sphynx,0.22554421,"Sphynx, miniature_pinscher, chihuahua, Abyssinian, american_pit_bull_terrier",False,False
havanese_44,havanese,havanese,0.42931595,"havanese, wheaten_terrier, great_pyrenees, scottish_terrier, english_setter",True,True
american_pit_bull_terrier_150,american_pit_bull_terrier,american_pit_bull_terrier,0.28304616,"american_pit_bull_terrier, beagle, saint_bernard, american_bulldog, chihuahua",True,True
Russian_Blue_74,Russian_Blue,Siamese,0.33602482,"Siamese, chihuahua, Bombay, keeshond, Ragdoll",False,False
samoyed_60,samoyed,samoyed,0.670476,"samoyed, great_pyrenees, pomeranian, Ragdoll, Persian",True,True
american_pit_bull_terrier_6,american_pit_bull_terrier,beagle,0.26919502,"beagle, saint_bernard, basset_hound, boxer, shiba_inu",False,False
Russian_Blue_43,Russian_Blue,Siamese,0.25225574,"Siamese, Bombay, Russian_Blue, Sphynx, British_Shorthair",False,True
leonberger_52,leonberger,english_cocker_spaniel,0.36849076,"english_cocker_spaniel, leonberger, yorkshire_terrier, newfoundland, boxer",False,True
Siamese_95,Siamese,chihuahua,0.30022356,"chihuahua, Sphynx, Siamese, miniature_pinscher, shiba_inu",False,True
Sphynx_131,Sphynx,american_bulldog,0.34491885,"american_bulldog, chihuahua, american_pit_bull_terrier, pug, beagle",False,False
Siamese_186,Siamese,Bombay,0.29900336,"Bombay, chihuahua, Sphynx, Siamese, Maine_Coon",False,True
Bombay_67,Bombay,scottish_terrier,0.51066756,"scottish_terrier, yorkshire_terrier, havanese, keeshond, Bombay",False,True
japanese_chin_183,japanese_chin,japanese_chin,0.16644402,"japanese_chin, Ragdoll, samoyed, pomeranian, pug",True,True
chihuahua_176,chihuahua,pomeranian,0.47691983,"pomeranian, shiba_inu, chihuahua, american_pit_bull_terrier, Persian",False,True
samoyed_67,samoyed,great_pyrenees,0.59798265,"great_pyrenees, samoyed, american_bulldog, american_pit_bull_terrier, havanese",False,True
Egyptian_Mau_59,Egyptian_Mau,Sphynx,0.5279151,"Sphynx, Abyssinian, Russian_Blue, Egyptian_Mau, British_Shorthair",False,True
Bengal_72,Bengal,Bengal,0.7867715,"Bengal, Maine_Coon, Abyssinian, yorkshire_terrier, miniature_pinscher",True,True
leonberger_160,leonberger,yorkshire_terrier,0.38853627,"yorkshire_terrier, leonberger, keeshond, pomeranian, havanese",False,True
leonberger_8,leonberger,boxer,0.23466954,"boxer, american_pit_bull_terrier, staffordshire_bull_terrier, english_cocker_spaniel, newfoundland",False,False
german_shorthaired_66,german_shorthaired,german_shorthaired,0.65195566,"german_shorthaired, staffordshire_bull_terrier, english_cocker_spaniel, boxer, Bengal",True,True
scottish_terrier_58,scottish_terrier,english_setter,0.124279164,"english_setter, great_pyrenees, havanese, japanese_chin, saint_bernard",False,False
shiba_inu_76,shiba_inu,shiba_inu,0.87641317,"shiba_inu, pomeranian, chihuahua, beagle, american_pit_bull_terrier",True,True
scottish_terrier_193,scottish_terrier,miniature_pinscher,0.3039957,"miniature_pinscher, scottish_terrier, staffordshire_bull_terrier, Bombay, boxer",False,True
Russian_Blue_21,Russian_Blue,British_Shorthair,0.53549564,"British_Shorthair, Russian_Blue, Abyssinian, Sphynx, Ragdoll",False,True
Russian_Blue_99,Russian_Blue,British_Shorthair,0.3646251,"British_Shorthair, Abyssinian, Russian_Blue, Persian, Maine_Coon",False,True
beagle_135,beagle,american_bulldog,0.32025686,"american_bulldog, american_pit_bull_terrier, beagle, saint_bernard, basset_hound",False,True
Bombay_178,Bombay,Bombay,0.8589807,"Bombay, scottish_terrier, Siamese, Russian_Blue, newfoundland",True,True
german_shorthaired_93,german_shorthaired,german_shorthaired,0.3398412,"german_shorthaired, boxer, english_cocker_spaniel, american_pit_bull_terrier, wheaten_terrier",True,True
beagle_24,beagle,saint_bernard,0.5163968,"saint_bernard, beagle, japanese_chin, basset_hound, american_bulldog",False,True
great_pyrenees_2,great_pyrenees,Persian,0.26503515,"Persian, scottish_terrier, wheaten_terrier, great_pyrenees, havanese",False,True
english_cocker_spaniel_57,english_cocker_spaniel,english_cocker_spaniel,0.51624185,"english_cocker_spaniel, newfoundland, havanese, scottish_terrier, english_setter",True,True
boxer_119,boxer,german_shorthaired,0.23471072,"german_shorthaired, basset_hound, staffordshire_bull_terrier, american_pit_bull_terrier, boxer",False,True
beagle_21,beagle,saint_bernard,0.41308573,"saint_bernard, japanese_chin, beagle, basset_hound, english_cocker_spaniel",False,True
yorkshire_terrier_22,yorkshire_terrier,yorkshire_terrier,0.92178595,"yorkshire_terrier, leonberger, scottish_terrier, keeshond, Maine_Coon",True,True
Sphynx_71,Sphynx,Abyssinian,0.4985808,"Abyssinian, Sphynx, chihuahua, miniature_pinscher, shiba_inu",False,True
boxer_130,boxer,boxer,0.23018555,"boxer, american_pit_bull_terrier, basset_hound, english_cocker_spaniel, beagle",True,True
Bombay_221,Bombay,Bombay,0.4005447,"Bombay, scottish_terrier, Siamese, chihuahua, Sphynx",True,True
miniature_pinscher_196,miniature_pinscher,miniature_pinscher,0.4247394,"miniature_pinscher, boxer, Bombay, chihuahua, yorkshire_terrier",True,True
newfoundland_140,newfoundland,newfoundland,0.6022167,"newfoundland, scottish_terrier, staffordshire_bull_terrier, german_shorthaired, english_cocker_spaniel",True,True
staffordshire_bull_terrier_22,staffordshire_bull_terrier,staffordshire_bull_terrier,0.40073624,"staffordshire_bull_terrier, pug, english_cocker_spaniel, german_shorthaired, boxer",True,True
staffordshire_bull_terrier_159,staffordshire_bull_terrier,american_bulldog,0.24761547,"american_bulldog, saint_bernard, american_pit_bull_terrier, beagle, staffordshire_bull_terrier",False,True
beagle_98,beagle,american_pit_bull_terrier,0.27480453,"american_pit_bull_terrier, saint_bernard, english_cocker_spaniel, beagle, english_setter",False,True
german_shorthaired_197,german_shorthaired,german_shorthaired,0.6018875,"german_shorthaired, staffordshire_bull_terrier, basset_hound, boxer, english_cocker_spaniel",True,True
Birman_14,Birman,Siamese,0.41118768,"Siamese, Birman, Ragdoll, chihuahua, Sphynx",False,True
Egyptian_Mau_121,Egyptian_Mau,wheaten_terrier,0.32622856,"wheaten_terrier, Egyptian_Mau, Persian, Maine_Coon, shiba_inu",False,True
staffordshire_bull_terrier_14,staffordshire_bull_terrier,staffordshire_bull_terrier,0.42790917,"staffordshire_bull_terrier, german_shorthaired, american_pit_bull_terrier, boxer, american_bulldog",True,True
beagle_54,beagle,beagle,0.20688546,"beagle, basset_hound, american_pit_bull_terrier, saint_bernard, american_bulldog",True,True
Egyptian_Mau_141,Egyptian_Mau,Bengal,0.68821955,"Bengal, Egyptian_Mau, Maine_Coon, Abyssinian, shiba_inu",False,True
english_setter_59,english_setter,english_setter,0.45292875,"english_setter, havanese, english_cocker_spaniel, yorkshire_terrier, wheaten_terrier",True,True
Birman_76,Birman,Birman,0.3199923,"Birman, Ragdoll, pomeranian, Siamese, keeshond",True,True
samoyed_51,samoyed,samoyed,0.94457,"samoyed, Ragdoll, great_pyrenees, pomeranian, american_bulldog",True,True
pomeranian_43,pomeranian,pomeranian,0.4283606,"pomeranian, Persian, Ragdoll, shiba_inu, samoyed",True,True
newfoundland_93,newfoundland,newfoundland,0.55812603,"newfoundland, english_cocker_spaniel, scottish_terrier, havanese, boxer",True,True
miniature_pinscher_113,miniature_pinscher,pomeranian,0.23040365,"pomeranian, japanese_chin, beagle, chihuahua, Ragdoll",False,False
english_setter_95,english_setter,english_setter,0.48901498,"english_setter, english_cocker_spaniel, japanese_chin, havanese, saint_bernard",True,True
staffordshire_bull_terrier_192,staffordshire_bull_terrier,american_pit_bull_terrier,0.23408954,"american_pit_bull_terrier, boxer, basset_hound, beagle, miniature_pinscher",False,False
Sphynx_42,Sphynx,Sphynx,0.27113912,"Sphynx, Russian_Blue, British_Shorthair, Abyssinian, Egyptian_Mau",True,True
saint_bernard_52,saint_bernard,saint_bernard,0.75370044,"saint_bernard, basset_hound, beagle, american_bulldog, japanese_chin",True,True
leonberger_15,leonberger,boxer,0.43343475,"boxer, miniature_pinscher, basset_hound, leonberger, english_cocker_spaniel",False,True
english_setter_65,english_setter,english_setter,0.6604656,"english_setter, english_cocker_spaniel, pug, havanese, staffordshire_bull_terrier",True,True
english_setter_43,english_setter,yorkshire_terrier,0.46492103,"yorkshire_terrier, english_setter, havanese, leonberger, english_cocker_spaniel",False,True
Bengal_69,Bengal,newfoundland,0.18468338,"newfoundland, wheaten_terrier, boxer, Abyssinian, leonberger",False,False
Birman_140,Birman,Birman,0.4864141,"Birman, Ragdoll, pomeranian, Persian, Siamese",True,True
english_cocker_spaniel_169,english_cocker_spaniel,scottish_terrier,0.33455718,"scottish_terrier, newfoundland, english_cocker_spaniel, staffordshire_bull_terrier, german_shorthaired",False,True
wheaten_terrier_120,wheaten_terrier,english_cocker_spaniel,0.3425835,"english_cocker_spaniel, english_setter, yorkshire_terrier, beagle, american_pit_bull_terrier",False,False
Siamese_128,Siamese,Siamese,0.88320893,"Siamese, Bombay, miniature_pinscher, Birman, Sphynx",True,True
chihuahua_35,chihuahua,chihuahua,0.5308126,"chihuahua, beagle, american_bulldog, shiba_inu, american_pit_bull_terrier",True,True
miniature_pinscher_17,miniature_pinscher,miniature_pinscher,0.4629917,"miniature_pinscher, chihuahua, boxer, shiba_inu, american_pit_bull_terrier",True,True
german_shorthaired_135,german_shorthaired,Abyssinian,0.1874913,"Abyssinian, boxer, american_pit_bull_terrier, miniature_pinscher, Bengal",False,False
miniature_pinscher_47,miniature_pinscher,miniature_pinscher,0.42906597,"miniature_pinscher, shiba_inu, Abyssinian, staffordshire_bull_terrier, american_pit_bull_terrier",True,True
samoyed_112,samoyed,samoyed,0.8188555,"samoyed, great_pyrenees, Ragdoll, pomeranian, american_bulldog",True,True
havanese_68,havanese,havanese,0.9273576,"havanese, english_setter, keeshond, scottish_terrier, japanese_chin",True,True
Siamese_73,Siamese,Siamese,0.54609877,"Siamese, Birman, Ragdoll, chihuahua, Sphynx",True,True
chihuahua_82,chihuahua,chihuahua,0.31361556,"chihuahua, Ragdoll, Sphynx, pomeranian, shiba_inu",True,True
scottish_terrier_187,scottish_terrier,newfoundland,0.38988417,"newfoundland, Bombay, scottish_terrier, Persian, British_Shorthair",False,True
newfoundland_25,newfoundland,english_cocker_spaniel,0.17610042,"english_cocker_spaniel, english_setter, scottish_terrier, Maine_Coon, havanese",False,False
Sphynx_66,Sphynx,chihuahua,0.21105549,"chihuahua, miniature_pinscher, Sphynx, Siamese, staffordshire_bull_terrier",False,True
Abyssinian_111,Abyssinian,Abyssinian,0.5082047,"Abyssinian, Sphynx, Maine_Coon, miniature_pinscher, Bengal",True,True
saint_bernard_58,saint_bernard,saint_bernard,0.581687,"saint_bernard, american_bulldog, american_pit_bull_terrier, japanese_chin, staffordshire_bull_terrier",True,True
leonberger_28,leonberger,leonberger,0.39778882,"leonberger, newfoundland, boxer, staffordshire_bull_terrier, english_cocker_spaniel",True,True
Siamese_31,Siamese,Siamese,0.39630336,"Siamese, Birman, Russian_Blue, Ragdoll, British_Shorthair",True,True
shiba_inu_85,shiba_inu,shiba_inu,0.36937448,"shiba_inu, pomeranian, beagle, american_pit_bull_terrier, chihuahua",True,True
american_pit_bull_terrier_27,american_pit_bull_terrier,great_pyrenees,0.69814813,"great_pyrenees, american_bulldog, samoyed, american_pit_bull_terrier, wheaten_terrier",False,True
saint_bernard_173,saint_bernard,staffordshire_bull_terrier,0.6160437,"staffordshire_bull_terrier, boxer, american_pit_bull_terrier, english_cocker_spaniel, german_shorthaired",False,False
samoyed_91,samoyed,samoyed,0.5548445,"samoyed, pomeranian, great_pyrenees, Persian, shiba_inu",True,True
Abyssinian_181,Abyssinian,Abyssinian,0.26746464,"Abyssinian, shiba_inu, american_pit_bull_terrier, leonberger, wheaten_terrier",True,True
Bengal_24,Bengal,Maine_Coon,0.24698398,"Maine_Coon, Persian, Bengal, Abyssinian, wheaten_terrier",False,True
keeshond_22,keeshond,keeshond,0.9136073,"keeshond, leonberger, yorkshire_terrier, scottish_terrier, havanese",True,True
scottish_terrier_32,scottish_terrier,Maine_Coon,0.44871324,"Maine_Coon, Egyptian_Mau, British_Shorthair, wheaten_terrier, Persian",False,False
leonberger_128,leonberger,staffordshire_bull_terrier,0.26469886,"staffordshire_bull_terrier, american_pit_bull_terrier, boxer, american_bulldog, basset_hound",False,False
scottish_terrier_197,scottish_terrier,pug,0.30780688,"pug, havanese, english_cocker_spaniel, scottish_terrier, english_setter",False,True
staffordshire_bull_terrier_88,staffordshire_bull_terrier,staffordshire_bull_terrier,0.4056324,"staffordshire_bull_terrier, pug, scottish_terrier, english_cocker_spaniel, boxer",True,True
american_bulldog_13,american_bulldog,Ragdoll,0.19365805,"Ragdoll, samoyed, chihuahua, american_bulldog, pug",False,True
samoyed_13,samoyed,samoyed,0.26968515,"samoyed, pomeranian, Persian, great_pyrenees, wheaten_terrier",True,True
keeshond_24,keeshond,wheaten_terrier,0.12935184,"wheaten_terrier, leonberger, great_pyrenees, keeshond, havanese",False,True
newfoundland_58,newfoundland,newfoundland,0.49926376,"newfoundland, scottish_terrier, keeshond, Bombay, leonberger",True,True
great_pyrenees_187,great_pyrenees,american_pit_bull_terrier,0.30966946,"american_pit_bull_terrier, american_bulldog, staffordshire_bull_terrier, chihuahua, shiba_inu",False,False
newfoundland_7,newfoundland,Bombay,0.5267399,"Bombay, scottish_terrier, newfoundland, Siamese, yorkshire_terrier",False,True
japanese_chin_62,japanese_chin,japanese_chin,0.9653913,"japanese_chin, saint_bernard, Ragdoll, pomeranian, Birman",True,True
Russian_Blue_47,Russian_Blue,British_Shorthair,0.5574626,"British_Shorthair, Russian_Blue, Sphynx, Abyssinian, Ragdoll",False,True
havanese_149,havanese,english_cocker_spaniel,0.56991774,"english_cocker_spaniel, newfoundland, scottish_terrier, havanese, wheaten_terrier",False,True
english_setter_132,english_setter,english_setter,0.7594404,"english_setter, english_cocker_spaniel, german_shorthaired, wheaten_terrier, american_pit_bull_terrier",True,True
shiba_inu_176,shiba_inu,havanese,0.18073861,"havanese, leonberger, scottish_terrier, english_cocker_spaniel, american_pit_bull_terrier",False,False
Russian_Blue_205,Russian_Blue,Russian_Blue,0.6022167,"Russian_Blue, British_Shorthair, Bombay, keeshond, staffordshire_bull_terrier",True,True
Abyssinian_166,Abyssinian,Abyssinian,0.35031426,"Abyssinian, american_pit_bull_terrier, Bengal, shiba_inu, Maine_Coon",True,True
newfoundland_175,newfoundland,newfoundland,0.7443849,"newfoundland, scottish_terrier, leonberger, wheaten_terrier, keeshond",True,True
newfoundland_159,newfoundland,newfoundland,0.70553917,"newfoundland, leonberger, keeshond, scottish_terrier, wheaten_terrier",True,True
miniature_pinscher_71,miniature_pinscher,miniature_pinscher,0.5257815,"miniature_pinscher, boxer, leonberger, american_pit_bull_terrier, Abyssinian",True,True
english_setter_93,english_setter,yorkshire_terrier,0.19972742,"yorkshire_terrier, wheaten_terrier, leonberger, newfoundland, english_cocker_spaniel",False,False
basset_hound_68,basset_hound,saint_bernard,0.45383412,"saint_bernard, basset_hound, beagle, japanese_chin, boxer",False,True
Birman_157,Birman,Ragdoll,0.78145236,"Ragdoll, Birman, Siamese, Abyssinian, Maine_Coon",False,True
Sphynx_190,Sphynx,Sphynx,0.446098,"Sphynx, chihuahua, beagle, american_pit_bull_terrier, shiba_inu",True,True
Abyssinian_167,Abyssinian,Abyssinian,0.41427806,"Abyssinian, Maine_Coon, american_pit_bull_terrier, yorkshire_terrier, chihuahua",True,True
Bombay_3,Bombay,Bombay,0.9785761,"Bombay, scottish_terrier, Siamese, Russian_Blue, staffordshire_bull_terrier",True,True
leonberger_57,leonberger,leonberger,0.40533072,"leonberger, american_pit_bull_terrier, pomeranian, shiba_inu, chihuahua",True,True
samoyed_185,samoyed,samoyed,0.86010146,"samoyed, pomeranian, Ragdoll, great_pyrenees, shiba_inu",True,True
german_shorthaired_8,german_shorthaired,beagle,0.26972,"beagle, basset_hound, american_pit_bull_terrier, boxer, saint_bernard",False,False
yorkshire_terrier_133,yorkshire_terrier,yorkshire_terrier,0.65828025,"yorkshire_terrier, chihuahua, shiba_inu, american_pit_bull_terrier, Abyssinian",True,True
boxer_139,boxer,beagle,0.5018582,"beagle, boxer, basset_hound, american_pit_bull_terrier, american_bulldog",False,True
newfoundland_104,newfoundland,newfoundland,0.646564,"newfoundland, scottish_terrier, wheaten_terrier, staffordshire_bull_terrier, leonberger",True,True
boxer_132,boxer,saint_bernard,0.41397586,"saint_bernard, basset_hound, boxer, beagle, english_cocker_spaniel",False,True
British_Shorthair_85,British_Shorthair,Maine_Coon,0.4354058,"Maine_Coon, Egyptian_Mau, Persian, Ragdoll, Bengal",False,False
japanese_chin_48,japanese_chin,japanese_chin,0.5500954,"japanese_chin, english_setter, saint_bernard, Ragdoll, great_pyrenees",True,True
yorkshire_terrier_193,yorkshire_terrier,pomeranian,0.39406818,"pomeranian, wheaten_terrier, yorkshire_terrier, leonberger, Persian",False,True
english_setter_139,english_setter,english_setter,0.3782572,"english_setter, german_shorthaired, Egyptian_Mau, english_cocker_spaniel, Bengal",True,True
saint_bernard_143,saint_bernard,japanese_chin,0.25248274,"japanese_chin, saint_bernard, Ragdoll, pug, Birman",False,True
Maine_Coon_266,Maine_Coon,Maine_Coon,0.77609223,"Maine_Coon, Ragdoll, Persian, Bengal, Abyssinian",True,True
samoyed_66,samoyed,samoyed,0.69154805,"samoyed, great_pyrenees, american_bulldog, american_pit_bull_terrier, shiba_inu",True,True
Maine_Coon_135,Maine_Coon,Maine_Coon,0.7858166,"Maine_Coon, Bengal, Persian, Abyssinian, shiba_inu",True,True
Bengal_88,Bengal,Bengal,0.16183938,"Bengal, english_cocker_spaniel, boxer, american_pit_bull_terrier, wheaten_terrier",True,True
yorkshire_terrier_93,yorkshire_terrier,english_setter,0.12129218,"english_setter, english_cocker_spaniel, leonberger, yorkshire_terrier, wheaten_terrier",False,True
Bombay_205,Bombay,Bombay,0.40842885,"Bombay, Russian_Blue, Abyssinian, British_Shorthair, Siamese",True,True
wheaten_terrier_187,wheaten_terrier,wheaten_terrier,0.46104866,"wheaten_terrier, scottish_terrier, havanese, leonberger, newfoundland",True,True
american_bulldog_108,american_bulldog,saint_bernard,0.2243201,"saint_bernard, beagle, american_bulldog, basset_hound, american_pit_bull_terrier",False,True
saint_bernard_168,saint_bernard,japanese_chin,0.71604073,"japanese_chin, saint_bernard, chihuahua, beagle, pomeranian",False,True
japanese_chin_90,japanese_chin,beagle,0.24611115,"beagle, shiba_inu, japanese_chin, chihuahua, pomeranian",False,True
english_cocker_spaniel_74,english_cocker_spaniel,american_bulldog,0.35108894,"american_bulldog, saint_bernard, american_pit_bull_terrier, basset_hound, staffordshire_bull_terrier",False,False
miniature_pinscher_10,miniature_pinscher,miniature_pinscher,0.60498077,"miniature_pinscher, boxer, chihuahua, Abyssinian, Sphynx",True,True
english_cocker_spaniel_73,english_cocker_spaniel,english_cocker_spaniel,0.35229525,"english_cocker_spaniel, wheaten_terrier, english_setter, yorkshire_terrier, havanese",True,True
beagle_187,beagle,american_bulldog,0.48944,"american_bulldog, beagle, american_pit_bull_terrier, chihuahua, Sphynx",False,True
pomeranian_199,pomeranian,pomeranian,0.9173785,"pomeranian, leonberger, Persian, shiba_inu, wheaten_terrier",True,True
american_pit_bull_terrier_194,american_pit_bull_terrier,american_bulldog,0.3646391,"american_bulldog, pug, american_pit_bull_terrier, chihuahua, Sphynx",False,True
beagle_200,beagle,beagle,0.4894062,"beagle, basset_hound, boxer, saint_bernard, american_pit_bull_terrier",True,True
american_bulldog_52,american_bulldog,american_bulldog,0.47813222,"american_bulldog, saint_bernard, american_pit_bull_terrier, beagle, japanese_chin",True,True
havanese_3,havanese,havanese,0.73333955,"havanese, japanese_chin, english_setter, english_cocker_spaniel, yorkshire_terrier",True,True
Bombay_71,Bombay,Bombay,0.50374204,"Bombay, British_Shorthair, Russian_Blue, newfoundland, scottish_terrier",True,True
chihuahua_138,chihuahua,chihuahua,0.21820828,"chihuahua, yorkshire_terrier, shiba_inu, leonberger, american_pit_bull_terrier",True,True
Ragdoll_59,Ragdoll,Ragdoll,0.65777534,"Ragdoll, Birman, Siamese, chihuahua, pomeranian",True,True
english_setter_151,english_setter,english_setter,0.6630084,"english_setter, havanese, english_cocker_spaniel, pug, yorkshire_terrier",True,True
boxer_131,boxer,staffordshire_bull_terrier,0.36637586,"staffordshire_bull_terrier, german_shorthaired, american_pit_bull_terrier, boxer, american_bulldog",False,True
Maine_Coon_182,Maine_Coon,Ragdoll,0.6252844,"Ragdoll, Maine_Coon, keeshond, Birman, Siamese",False,True
american_bulldog_188,american_bulldog,chihuahua,0.24499473,"chihuahua, beagle, american_bulldog, american_pit_bull_terrier, basset_hound",False,True
Persian_160,Persian,Persian,0.46339622,"Persian, Maine_Coon, Ragdoll, wheaten_terrier, Abyssinian",True,True
newfoundland_194,newfoundland,Bombay,0.464669,"Bombay, scottish_terrier, newfoundland, miniature_pinscher, Russian_Blue",False,True
scottish_terrier_163,scottish_terrier,scottish_terrier,0.64512897,"scottish_terrier, Bombay, newfoundland, Maine_Coon, yorkshire_terrier",True,True
german_shorthaired_147,german_shorthaired,Russian_Blue,0.35953844,"Russian_Blue, Bombay, British_Shorthair, staffordshire_bull_terrier, Sphynx",False,False
english_cocker_spaniel_6,english_cocker_spaniel,yorkshire_terrier,0.41314262,"yorkshire_terrier, english_cocker_spaniel, havanese, english_setter, wheaten_terrier",False,True
British_Shorthair_60,British_Shorthair,Abyssinian,0.33523482,"Abyssinian, British_Shorthair, Russian_Blue, Bengal, Sphynx",False,True
yorkshire_terrier_128,yorkshire_terrier,wheaten_terrier,0.49815556,"wheaten_terrier, english_cocker_spaniel, yorkshire_terrier, havanese, english_setter",False,True
great_pyrenees_35,great_pyrenees,great_pyrenees,0.9075019,"great_pyrenees, samoyed, american_bulldog, american_pit_bull_terrier, wheaten_terrier",True,True
yorkshire_terrier_31,yorkshire_terrier,Bengal,0.38409084,"Bengal, german_shorthaired, Egyptian_Mau, english_cocker_spaniel, english_setter",False,False
beagle_37,beagle,basset_hound,0.5045049,"basset_hound, beagle, boxer, american_pit_bull_terrier, saint_bernard",False,True
pug_173,pug,pug,0.9166706,"pug, american_bulldog, english_setter, staffordshire_bull_terrier, american_pit_bull_terrier",True,True
miniature_pinscher_102,miniature_pinscher,boxer,0.2197533,"boxer, miniature_pinscher, Abyssinian, Russian_Blue, Sphynx",False,True
pomeranian_184,pomeranian,Persian,0.3313841,"Persian, pomeranian, Ragdoll, great_pyrenees, samoyed",False,True
Egyptian_Mau_185,Egyptian_Mau,Egyptian_Mau,0.5068918,"Egyptian_Mau, British_Shorthair, Maine_Coon, Persian, Bengal",True,True
Maine_Coon_104,Maine_Coon,wheaten_terrier,0.43575355,"wheaten_terrier, american_pit_bull_terrier, english_cocker_spaniel, scottish_terrier, yorkshire_terrier",False,False
wheaten_terrier_146,wheaten_terrier,Egyptian_Mau,0.23031716,"Egyptian_Mau, Maine_Coon, Persian, wheaten_terrier, scottish_terrier",False,True
leonberger_82,leonberger,keeshond,0.9202338,"keeshond, leonberger, havanese, scottish_terrier, wheaten_terrier",False,True
samoyed_164,samoyed,samoyed,0.4293678,"samoyed, Persian, Ragdoll, pomeranian, Maine_Coon",True,True
chihuahua_101,chihuahua,Abyssinian,0.33461848,"Abyssinian, Sphynx, Bengal, miniature_pinscher, chihuahua",False,True
newfoundland_125,newfoundland,leonberger,0.39822796,"leonberger, staffordshire_bull_terrier, boxer, newfoundland, american_pit_bull_terrier",False,True
Birman_51,Birman,Birman,0.66776127,"Birman, pomeranian, Ragdoll, Siamese, japanese_chin",True,True
german_shorthaired_126,german_shorthaired,miniature_pinscher,0.19275996,"miniature_pinscher, boxer, staffordshire_bull_terrier, german_shorthaired, Bengal",False,True
Egyptian_Mau_91,Egyptian_Mau,Egyptian_Mau,0.96767074,"Egyptian_Mau, Maine_Coon, Sphynx, Bengal, chihuahua",True,True
american_bulldog_51,american_bulldog,great_pyrenees,0.59579986,"great_pyrenees, american_bulldog, american_pit_bull_terrier, samoyed, British_Shorthair",False,True
Russian_Blue_88,Russian_Blue,British_Shorthair,0.62465334,"British_Shorthair, Russian_Blue, keeshond, Bombay, Siamese",False,True
staffordshire_bull_terrier_58,staffordshire_bull_terrier,american_bulldog,0.24901783,"american_bulldog, american_pit_bull_terrier, beagle, saint_bernard, chihuahua",False,False
staffordshire_bull_terrier_199,staffordshire_bull_terrier,scottish_terrier,0.2053508,"scottish_terrier, staffordshire_bull_terrier, newfoundland, american_pit_bull_terrier, english_cocker_spaniel",False,True
Bombay_140,Bombay,Bombay,0.91097635,"Bombay, Siamese, Russian_Blue, scottish_terrier, Sphynx",True,True
german_shorthaired_106,german_shorthaired,german_shorthaired,0.42391732,"german_shorthaired, english_cocker_spaniel, Bengal, english_setter, american_pit_bull_terrier",True,True
saint_bernard_80,saint_bernard,saint_bernard,0.61263454,"saint_bernard, japanese_chin, beagle, american_bulldog, american_pit_bull_terrier",True,True
miniature_pinscher_60,miniature_pinscher,miniature_pinscher,0.44933248,"miniature_pinscher, staffordshire_bull_terrier, boxer, american_pit_bull_terrier, german_shorthaired",True,True
havanese_15,havanese,havanese,0.79568875,"havanese, wheaten_terrier, Persian, great_pyrenees, scottish_terrier",True,True
saint_bernard_43,saint_bernard,chihuahua,0.28605428,"chihuahua, beagle, american_bulldog, shiba_inu, american_pit_bull_terrier",False,False
english_setter_15,english_setter,english_setter,0.8981554,"english_setter, english_cocker_spaniel, wheaten_terrier, german_shorthaired, yorkshire_terrier",True,True
Maine_Coon_121,Maine_Coon,pomeranian,0.41928607,"pomeranian, Persian, wheaten_terrier, Maine_Coon, shiba_inu",False,True
staffordshire_bull_terrier_24,staffordshire_bull_terrier,german_shorthaired,0.40271255,"german_shorthaired, boxer, miniature_pinscher, basset_hound, american_pit_bull_terrier",False,False
pug_125,pug,pug,0.8828823,"pug, english_setter, american_bulldog, Egyptian_Mau, american_pit_bull_terrier",True,True
english_setter_18,english_setter,english_cocker_spaniel,0.43399808,"english_cocker_spaniel, havanese, english_setter, scottish_terrier, yorkshire_terrier",False,True
scottish_terrier_27,scottish_terrier,pomeranian,0.3643131,"pomeranian, shiba_inu, chihuahua, Ragdoll, american_pit_bull_terrier",False,False
Abyssinian_83,Abyssinian,miniature_pinscher,0.20118612,"miniature_pinscher, Abyssinian, chihuahua, shiba_inu, boxer",False,True
pomeranian_82,pomeranian,pomeranian,0.9083384,"pomeranian, shiba_inu, japanese_chin, Ragdoll, Birman",True,True
miniature_pinscher_54,miniature_pinscher,miniature_pinscher,0.8975226,"miniature_pinscher, boxer, staffordshire_bull_terrier, leonberger, basset_hound",True,True
shiba_inu_55,shiba_inu,shiba_inu,0.72536147,"shiba_inu, american_pit_bull_terrier, beagle, chihuahua, pomeranian",True,True
yorkshire_terrier_192,yorkshire_terrier,yorkshire_terrier,0.5747955,"yorkshire_terrier, leonberger, wheaten_terrier, english_cocker_spaniel, american_pit_bull_terrier",True,True
Abyssinian_86,Abyssinian,Maine_Coon,0.36374745,"Maine_Coon, Bengal, yorkshire_terrier, Abyssinian, shiba_inu",False,True
chihuahua_47,chihuahua,Sphynx,0.28022206,"Sphynx, chihuahua, Ragdoll, shiba_inu, Abyssinian",False,True
miniature_pinscher_136,miniature_pinscher,leonberger,0.4025226,"leonberger, staffordshire_bull_terrier, newfoundland, boxer, Bombay",False,False
Birman_12,Birman,Birman,0.6044416,"Birman, Siamese, Ragdoll, chihuahua, shiba_inu",True,True
samoyed_157,samoyed,wheaten_terrier,0.18318503,"wheaten_terrier, american_pit_bull_terrier, pomeranian, beagle, boxer",False,False
japanese_chin_122,japanese_chin,beagle,0.1794503,"beagle, japanese_chin, yorkshire_terrier, american_pit_bull_terrier, chihuahua",False,True
newfoundland_183,newfoundland,keeshond,0.9406918,"keeshond, leonberger, newfoundland, Persian, havanese",False,True
Bombay_5,Bombay,Bombay,0.9269678,"Bombay, scottish_terrier, Russian_Blue, Siamese, miniature_pinscher",True,True
german_shorthaired_127,german_shorthaired,staffordshire_bull_terrier,0.75416213,"staffordshire_bull_terrier, boxer, german_shorthaired, american_pit_bull_terrier, american_bulldog",False,True
Sphynx_102,Sphynx,shiba_inu,0.5900906,"shiba_inu, chihuahua, american_pit_bull_terrier, pomeranian, Ragdoll",False,False
basset_hound_60,basset_hound,beagle,0.5257473,"beagle, basset_hound, saint_bernard, american_pit_bull_terrier, boxer",False,True
staffordshire_bull_terrier_47,staffordshire_bull_terrier,beagle,0.5644509,"beagle, basset_hound, boxer, saint_bernard, american_pit_bull_terrier",False,False
Siamese_205,Siamese,Siamese,0.8526764,"Siamese, Birman, Ragdoll, Bombay, Sphynx",True,True
Russian_Blue_29,Russian_Blue,British_Shorthair,0.8430408,"British_Shorthair, Russian_Blue, keeshond, Bombay, Persian",False,True
leonberger_133,leonberger,wheaten_terrier,0.35244948,"wheaten_terrier, leonberger, pomeranian, american_pit_bull_terrier, english_cocker_spaniel",False,True
american_bulldog_137,american_bulldog,american_pit_bull_terrier,0.38400495,"american_pit_bull_terrier, american_bulldog, staffordshire_bull_terrier, boxer, great_pyrenees",False,True
shiba_inu_152,shiba_inu,american_pit_bull_terrier,0.16737768,"american_pit_bull_terrier, saint_bernard, english_cocker_spaniel, shiba_inu, beagle",False,True
saint_bernard_23,saint_bernard,saint_bernard,0.7991797,"saint_bernard, american_bulldog, great_pyrenees, american_pit_bull_terrier, english_cocker_spaniel",True,True
english_setter_176,english_setter,pug,0.19978754,"pug, english_setter, Egyptian_Mau, Bengal, german_shorthaired",False,True
great_pyrenees_85,great_pyrenees,great_pyrenees,0.3106528,"great_pyrenees, japanese_chin, saint_bernard, american_bulldog, havanese",True,True
leonberger_62,leonberger,wheaten_terrier,0.39538625,"wheaten_terrier, leonberger, havanese, english_cocker_spaniel, yorkshire_terrier",False,True
Egyptian_Mau_156,Egyptian_Mau,Egyptian_Mau,0.68467045,"Egyptian_Mau, Maine_Coon, english_setter, Bengal, german_shorthaired",True,True
beagle_69,beagle,saint_bernard,0.39736784,"saint_bernard, beagle, basset_hound, american_pit_bull_terrier, american_bulldog",False,True
american_pit_bull_terrier_132,american_pit_bull_terrier,great_pyrenees,0.44837365,"great_pyrenees, american_bulldog, samoyed, american_pit_bull_terrier, pug",False,True
pug_20,pug,pug,0.3234678,"pug, english_setter, american_bulldog, american_pit_bull_terrier, boxer",True,True
Bombay_191,Bombay,Bombay,0.69260556,"Bombay, scottish_terrier, newfoundland, Maine_Coon, Persian",True,True
miniature_pinscher_151,miniature_pinscher,miniature_pinscher,0.5316636,"miniature_pinscher, boxer, staffordshire_bull_terrier, american_pit_bull_terrier, chihuahua",True,True
British_Shorthair_111,British_Shorthair,British_Shorthair,0.93861073,"British_Shorthair, Russian_Blue, Bombay, Abyssinian, Persian",True,True
miniature_pinscher_103,miniature_pinscher,miniature_pinscher,0.17796119,"miniature_pinscher, chihuahua, Sphynx, staffordshire_bull_terrier, german_shorthaired",True,True
american_bulldog_200,american_bulldog,american_bulldog,0.5708411,"american_bulldog, pug, american_pit_bull_terrier, chihuahua, Sphynx",True,True
Birman_3,Birman,Birman,0.6212897,"Birman, Ragdoll, Siamese, keeshond, pomeranian",True,True
British_Shorthair_48,British_Shorthair,British_Shorthair,0.6169591,"British_Shorthair, Russian_Blue, Ragdoll, Maine_Coon, Persian",True,True
Egyptian_Mau_107,Egyptian_Mau,Egyptian_Mau,0.9845925,"Egyptian_Mau, Bengal, Maine_Coon, english_setter, german_shorthaired",True,True
english_setter_66,english_setter,great_pyrenees,0.39794564,"great_pyrenees, american_bulldog, english_setter, pug, havanese",False,True
Maine_Coon_10,Maine_Coon,Maine_Coon,0.625166,"Maine_Coon, Egyptian_Mau, Bengal, english_setter, Persian",True,True
Siamese_112,Siamese,Birman,0.5415219,"Birman, Siamese, keeshond, Ragdoll, leonberger",False,True
beagle_28,beagle,american_bulldog,0.49837074,"american_bulldog, american_pit_bull_terrier, beagle, chihuahua, Sphynx",False,True
great_pyrenees_154,great_pyrenees,samoyed,0.60317284,"samoyed, great_pyrenees, British_Shorthair, wheaten_terrier, american_bulldog",False,True
leonberger_103,leonberger,leonberger,0.19578339,"leonberger, newfoundland, miniature_pinscher, pomeranian, boxer",True,True
beagle_158,beagle,basset_hound,0.4369342,"basset_hound, boxer, german_shorthaired, beagle, staffordshire_bull_terrier",False,True
german_shorthaired_190,german_shorthaired,english_setter,0.47765088,"english_setter, english_cocker_spaniel, german_shorthaired, pug, havanese",False,True
staffordshire_bull_terrier_1,staffordshire_bull_terrier,staffordshire_bull_terrier,0.18918094,"staffordshire_bull_terrier, chihuahua, american_pit_bull_terrier, pug, american_bulldog",True,True
scottish_terrier_169,scottish_terrier,scottish_terrier,0.68513256,"scottish_terrier, Bombay, pug, Siamese, staffordshire_bull_terrier",True,True
german_shorthaired_60,german_shorthaired,newfoundland,0.24413268,"newfoundland, english_cocker_spaniel, staffordshire_bull_terrier, german_shorthaired, scottish_terrier",False,True
wheaten_terrier_177,wheaten_terrier,wheaten_terrier,0.5296222,"wheaten_terrier, english_cocker_spaniel, havanese, yorkshire_terrier, leonberger",True,True
pomeranian_87,pomeranian,Ragdoll,0.35819295,"Ragdoll, Persian, Birman, Siamese, pomeranian",False,True
basset_hound_176,basset_hound,beagle,0.35589263,"beagle, basset_hound, american_pit_bull_terrier, saint_bernard, boxer",False,True
shiba_inu_171,shiba_inu,Abyssinian,0.23906606,"Abyssinian, american_pit_bull_terrier, chihuahua, shiba_inu, wheaten_terrier",False,True
leonberger_163,leonberger,japanese_chin,0.16585131,"japanese_chin, havanese, keeshond, Maine_Coon, pomeranian",False,False
Bengal_117,Bengal,Bengal,0.26818553,"Bengal, Egyptian_Mau, Maine_Coon, wheaten_terrier, english_cocker_spaniel",True,True
Egyptian_Mau_87,Egyptian_Mau,Bengal,0.57102525,"Bengal, Egyptian_Mau, miniature_pinscher, Abyssinian, Bombay",False,True
Ragdoll_25,Ragdoll,Persian,0.40184495,"Persian, Maine_Coon, Ragdoll, havanese, wheaten_terrier",False,True
havanese_69,havanese,american_pit_bull_terrier,0.2840389,"american_pit_bull_terrier, american_bulldog, beagle, chihuahua, Sphynx",False,False
British_Shorthair_106,British_Shorthair,Bombay,0.43417695,"Bombay, Russian_Blue, Siamese, Sphynx, Abyssinian",False,False
japanese_chin_188,japanese_chin,japanese_chin,0.6735246,"japanese_chin, saint_bernard, beagle, pomeranian, basset_hound",True,True
Russian_Blue_137,Russian_Blue,British_Shorthair,0.5766684,"British_Shorthair, Russian_Blue, Persian, Abyssinian, Maine_Coon",False,True
Sphynx_48,Sphynx,chihuahua,0.3254724,"chihuahua, american_pit_bull_terrier, beagle, american_bulldog, boxer",False,False
american_pit_bull_terrier_128,american_pit_bull_terrier,yorkshire_terrier,0.17341311,"yorkshire_terrier, boxer, english_cocker_spaniel, leonberger, miniature_pinscher",False,False
saint_bernard_27,saint_bernard,saint_bernard,0.9108527,"saint_bernard, japanese_chin, basset_hound, english_cocker_spaniel, staffordshire_bull_terrier",True,True
pug_51,pug,pug,0.4611948,"pug, chihuahua, american_bulldog, Sphynx, american_pit_bull_terrier",True,True
beagle_33,beagle,basset_hound,0.34615803,"basset_hound, beagle, english_setter, saint_bernard, american_pit_bull_terrier",False,True
Abyssinian_97,Abyssinian,miniature_pinscher,0.3281203,"miniature_pinscher, american_pit_bull_terrier, boxer, chihuahua, Abyssinian",False,True
pug_148,pug,pug,0.750021,"pug, american_bulldog, staffordshire_bull_terrier, american_pit_bull_terrier, english_setter",True,True
pug_85,pug,pug,0.98375374,"pug, american_bulldog, staffordshire_bull_terrier, chihuahua, Sphynx",True,True
scottish_terrier_117,scottish_terrier,scottish_terrier,0.5458061,"scottish_terrier, newfoundland, Bombay, keeshond, yorkshire_terrier",True,True
scottish_terrier_191,scottish_terrier,scottish_terrier,0.2811431,"scottish_terrier, Bombay, Maine_Coon, Bengal, english_cocker_spaniel",True,True
american_pit_bull_terrier_149,american_pit_bull_terrier,american_pit_bull_terrier,0.2874354,"american_pit_bull_terrier, pug, chihuahua, american_bulldog, Sphynx",True,True
keeshond_60,keeshond,keeshond,0.9720987,"keeshond, Birman, Ragdoll, leonberger, Persian",True,True
beagle_30,beagle,american_pit_bull_terrier,0.38716143,"american_pit_bull_terrier, staffordshire_bull_terrier, chihuahua, american_bulldog, beagle",False,True
samoyed_141,samoyed,great_pyrenees,0.65070164,"great_pyrenees, samoyed, american_bulldog, saint_bernard, american_pit_bull_terrier",False,True
Russian_Blue_94,Russian_Blue,Sphynx,0.29649675,"Sphynx, miniature_pinscher, boxer, Abyssinian, chihuahua",False,False
chihuahua_8,chihuahua,american_pit_bull_terrier,0.441123,"american_pit_bull_terrier, american_bulldog, shiba_inu, chihuahua, beagle",False,True
Bengal_12,Bengal,Bengal,0.95299006,"Bengal, Maine_Coon, yorkshire_terrier, Abyssinian, miniature_pinscher",True,True
boxer_60,boxer,american_pit_bull_terrier,0.18437897,"american_pit_bull_terrier, boxer, staffordshire_bull_terrier, english_cocker_spaniel, chihuahua",False,True
newfoundland_89,newfoundland,newfoundland,0.6842689,"newfoundland, scottish_terrier, staffordshire_bull_terrier, leonberger, english_cocker_spaniel",True,True
Birman_19,Birman,Birman,0.64955175,"Birman, Siamese, Ragdoll, pomeranian, japanese_chin",True,True
staffordshire_bull_terrier_46,staffordshire_bull_terrier,staffordshire_bull_terrier,0.45165923,"staffordshire_bull_terrier, american_pit_bull_terrier, german_shorthaired, boxer, Russian_Blue",True,True
Bombay_122,Bombay,Bombay,0.40595677,"Bombay, Sphynx, chihuahua, Siamese, Abyssinian",True,True
yorkshire_terrier_13,yorkshire_terrier,leonberger,0.6681408,"leonberger, yorkshire_terrier, Abyssinian, wheaten_terrier, american_pit_bull_terrier",False,True
basset_hound_187,basset_hound,basset_hound,0.54031515,"basset_hound, saint_bernard, beagle, boxer, japanese_chin",True,True
keeshond_178,keeshond,japanese_chin,0.3414926,"japanese_chin, keeshond, leonberger, Birman, Siamese",False,True
yorkshire_terrier_56,yorkshire_terrier,newfoundland,0.5236571,"newfoundland, leonberger, yorkshire_terrier, scottish_terrier, wheaten_terrier",False,True
staffordshire_bull_terrier_202,staffordshire_bull_terrier,Bombay,0.15656035,"Bombay, staffordshire_bull_terrier, scottish_terrier, boxer, german_shorthaired",False,True
great_pyrenees_61,great_pyrenees,great_pyrenees,0.93087375,"great_pyrenees, samoyed, american_bulldog, havanese, scottish_terrier",True,True
Maine_Coon_26,Maine_Coon,Maine_Coon,0.55087733,"Maine_Coon, Persian, Abyssinian, Ragdoll, Bengal",True,True
chihuahua_30,chihuahua,shiba_inu,0.52389044,"shiba_inu, Abyssinian, chihuahua, miniature_pinscher, Sphynx",False,True
Birman_95,Birman,Birman,0.6016214,"Birman, Ragdoll, Siamese, samoyed, pomeranian",True,True
pomeranian_135,pomeranian,pomeranian,0.35679966,"pomeranian, Persian, samoyed, Ragdoll, great_pyrenees",True,True
keeshond_66,keeshond,leonberger,0.6065542,"leonberger, keeshond, newfoundland, havanese, staffordshire_bull_terrier",False,True
leonberger_72,leonberger,Maine_Coon,0.21309865,"Maine_Coon, wheaten_terrier, yorkshire_terrier, Persian, english_setter",False,False
Persian_27,Persian,japanese_chin,0.6235293,"japanese_chin, Ragdoll, pomeranian, Maine_Coon, Birman",False,False
keeshond_62,keeshond,keeshond,0.8604208,"keeshond, Persian, leonberger, pomeranian, havanese",True,True
keeshond_40,keeshond,Maine_Coon,0.33703288,"Maine_Coon, Persian, keeshond, Ragdoll, Bengal",False,True
basset_hound_44,basset_hound,basset_hound,0.23872393,"basset_hound, staffordshire_bull_terrier, beagle, american_pit_bull_terrier, american_bulldog",True,True
British_Shorthair_96,British_Shorthair,pug,0.28765726,"pug, american_bulldog, British_Shorthair, Ragdoll, samoyed",False,True
scottish_terrier_141,scottish_terrier,scottish_terrier,0.5306645,"scottish_terrier, english_cocker_spaniel, havanese, yorkshire_terrier, english_setter",True,True
english_cocker_spaniel_146,english_cocker_spaniel,english_cocker_spaniel,0.40085483,"english_cocker_spaniel, scottish_terrier, newfoundland, boxer, english_setter",True,True
yorkshire_terrier_136,yorkshire_terrier,english_cocker_spaniel,0.50740546,"english_cocker_spaniel, english_setter, yorkshire_terrier, havanese, wheaten_terrier",False,True
japanese_chin_185,japanese_chin,japanese_chin,0.901949,"japanese_chin, saint_bernard, Birman, Ragdoll, havanese",True,True
leonberger_182,leonberger,leonberger,0.29515803,"leonberger, staffordshire_bull_terrier, english_cocker_spaniel, english_setter, pug",True,True
saint_bernard_73,saint_bernard,saint_bernard,0.6217121,"saint_bernard, beagle, basset_hound, japanese_chin, american_pit_bull_terrier",True,True
Siamese_234,Siamese,Sphynx,0.30152667,"Sphynx, chihuahua, Siamese, miniature_pinscher, staffordshire_bull_terrier",False,True
Abyssinian_58,Abyssinian,Maine_Coon,0.2680576,"Maine_Coon, Abyssinian, Ragdoll, Bengal, Persian",False,True
Abyssinian_93,Abyssinian,Abyssinian,0.6718393,"Abyssinian, Persian, Maine_Coon, wheaten_terrier, american_pit_bull_terrier",True,True
leonberger_5,leonberger,yorkshire_terrier,0.37534955,"yorkshire_terrier, english_cocker_spaniel, leonberger, basset_hound, boxer",False,True
Egyptian_Mau_163,Egyptian_Mau,pug,0.27313086,"pug, english_setter, german_shorthaired, Egyptian_Mau, staffordshire_bull_terrier",False,True
japanese_chin_112,japanese_chin,japanese_chin,0.6094921,"japanese_chin, Ragdoll, Birman, havanese, pomeranian",True,True
german_shorthaired_24,german_shorthaired,german_shorthaired,0.7190779,"german_shorthaired, english_cocker_spaniel, staffordshire_bull_terrier, boxer, basset_hound",True,True
american_pit_bull_terrier_11,american_pit_bull_terrier,miniature_pinscher,0.2913028,"miniature_pinscher, chihuahua, boxer, american_pit_bull_terrier, shiba_inu",False,True
american_pit_bull_terrier_200,american_pit_bull_terrier,leonberger,0.24232474,"leonberger, yorkshire_terrier, english_cocker_spaniel, boxer, american_pit_bull_terrier",False,True
saint_bernard_95,saint_bernard,saint_bernard,0.36511862,"saint_bernard, japanese_chin, pomeranian, basset_hound, Ragdoll",True,True
german_shorthaired_46,german_shorthaired,english_cocker_spaniel,0.49956164,"english_cocker_spaniel, german_shorthaired, staffordshire_bull_terrier, boxer, basset_hound",False,True
havanese_122,havanese,havanese,0.62194604,"havanese, english_cocker_spaniel, scottish_terrier, wheaten_terrier, english_setter",True,True
basset_hound_122,basset_hound,boxer,0.3143124,"boxer, basset_hound, beagle, american_pit_bull_terrier, miniature_pinscher",False,True
wheaten_terrier_50,wheaten_terrier,wheaten_terrier,0.64125586,"wheaten_terrier, Persian, Maine_Coon, pomeranian, american_pit_bull_terrier",True,True
Siamese_131,Siamese,Siamese,0.7226175,"Siamese, Birman, Ragdoll, chihuahua, Bombay",True,True
pug_14,pug,pug,0.5154192,"pug, staffordshire_bull_terrier, english_cocker_spaniel, american_bulldog, american_pit_bull_terrier",True,True
Russian_Blue_100,Russian_Blue,British_Shorthair,0.63045096,"British_Shorthair, Russian_Blue, Abyssinian, Sphynx, Egyptian_Mau",False,True
Bombay_159,Bombay,Bombay,0.9673091,"Bombay, Russian_Blue, scottish_terrier, British_Shorthair, Siamese",True,True
basset_hound_186,basset_hound,shiba_inu,0.34767416,"shiba_inu, american_pit_bull_terrier, beagle, chihuahua, pomeranian",False,False
Bengal_6,Bengal,Bengal,0.23221727,"Bengal, boxer, american_pit_bull_terrier, english_cocker_spaniel, wheaten_terrier",True,True
Sphynx_137,Sphynx,Sphynx,0.50231904,"Sphynx, chihuahua, Abyssinian, american_bulldog, Ragdoll",True,True
Bengal_74,Bengal,Egyptian_Mau,0.55297554,"Egyptian_Mau, Bengal, Maine_Coon, Abyssinian, german_shorthaired",False,True
Birman_33,Birman,Siamese,0.19992635,"Siamese, Ragdoll, Birman, chihuahua, shiba_inu",False,True
Bombay_181,Bombay,Siamese,0.58584636,"Siamese, Bombay, chihuahua, Sphynx, Russian_Blue",False,True
beagle_110,beagle,beagle,0.4556434,"beagle, basset_hound, boxer, saint_bernard, chihuahua",True,True
havanese_175,havanese,havanese,0.2247926,"havanese, wheaten_terrier, english_cocker_spaniel, english_setter, yorkshire_terrier",True,True
newfoundland_22,newfoundland,newfoundland,0.5030283,"newfoundland, scottish_terrier, staffordshire_bull_terrier, english_cocker_spaniel, german_shorthaired",True,True
wheaten_terrier_74,wheaten_terrier,havanese,0.67242813,"havanese, wheaten_terrier, scottish_terrier, english_cocker_spaniel, great_pyrenees",False,True
chihuahua_159,chihuahua,chihuahua,0.50990623,"chihuahua, Siamese, miniature_pinscher, Sphynx, shiba_inu",True,True
beagle_154,beagle,beagle,0.4212369,"beagle, saint_bernard, basset_hound, american_pit_bull_terrier, boxer",True,True
leonberger_147,leonberger,american_pit_bull_terrier,0.40104783,"american_pit_bull_terrier, shiba_inu, boxer, yorkshire_terrier, leonberger",False,True
chihuahua_180,chihuahua,Ragdoll,0.47173738,"Ragdoll, Birman, Siamese, chihuahua, shiba_inu",False,True
Birman_138,Birman,Birman,0.50493014,"Birman, Ragdoll, Siamese, japanese_chin, pomeranian",True,True
newfoundland_94,newfoundland,newfoundland,0.9861849,"newfoundland, scottish_terrier, leonberger, english_cocker_spaniel, staffordshire_bull_terrier",True,True
Abyssinian_197,Abyssinian,British_Shorthair,0.20762272,"British_Shorthair, Russian_Blue, Persian, wheaten_terrier, Maine_Coon",False,False
British_Shorthair_79,British_Shorthair,Maine_Coon,0.38777435,"Maine_Coon, Persian, Ragdoll, chihuahua, Egyptian_Mau",False,False
newfoundland_120,newfoundland,leonberger,0.23980725,"leonberger, wheaten_terrier, newfoundland, havanese, scottish_terrier",False,True
Siamese_86,Siamese,Siamese,0.49947935,"Siamese, Birman, Ragdoll, chihuahua, keeshond",True,True
keeshond_179,keeshond,havanese,0.28628236,"havanese, great_pyrenees, scottish_terrier, wheaten_terrier, keeshond",False,True
basset_hound_32,basset_hound,staffordshire_bull_terrier,0.16919352,"staffordshire_bull_terrier, american_pit_bull_terrier, basset_hound, boxer, beagle",False,True
basset_hound_89,basset_hound,boxer,0.51509225,"boxer, basset_hound, staffordshire_bull_terrier, saint_bernard, english_cocker_spaniel",False,True
great_pyrenees_50,great_pyrenees,great_pyrenees,0.5314635,"great_pyrenees, samoyed, pomeranian, Persian, wheaten_terrier",True,True
yorkshire_terrier_191,yorkshire_terrier,wheaten_terrier,0.6999973,"wheaten_terrier, havanese, yorkshire_terrier, english_cocker_spaniel, english_setter",False,True
pug_166,pug,Ragdoll,0.2869412,"Ragdoll, Siamese, Birman, pug, British_Shorthair",False,True
wheaten_terrier_178,wheaten_terrier,wheaten_terrier,0.7432865,"wheaten_terrier, yorkshire_terrier, havanese, scottish_terrier, Maine_Coon",True,True
pomeranian_127,pomeranian,Persian,0.41105112,"Persian, pomeranian, wheaten_terrier, leonberger, Abyssinian",False,True
samoyed_147,samoyed,pomeranian,0.28178993,"pomeranian, keeshond, Persian, wheaten_terrier, great_pyrenees",False,False
yorkshire_terrier_48,yorkshire_terrier,scottish_terrier,0.15896222,"scottish_terrier, yorkshire_terrier, english_cocker_spaniel, english_setter, american_pit_bull_terrier",False,True
Russian_Blue_198,Russian_Blue,Russian_Blue,0.6748956,"Russian_Blue, British_Shorthair, Egyptian_Mau, Abyssinian, keeshond",True,True
newfoundland_111,newfoundland,newfoundland,0.9743066,"newfoundland, leonberger, scottish_terrier, wheaten_terrier, english_cocker_spaniel",True,True
Siamese_71,Siamese,Siamese,0.86157614,"Siamese, Birman, Ragdoll, chihuahua, Sphynx",True,True
chihuahua_20,chihuahua,chihuahua,0.5863236,"chihuahua, Sphynx, american_pit_bull_terrier, shiba_inu, beagle",True,True
havanese_95,havanese,great_pyrenees,0.28950158,"great_pyrenees, havanese, wheaten_terrier, english_setter, american_bulldog",False,True
Persian_190,Persian,Persian,0.936744,"Persian, Maine_Coon, Ragdoll, wheaten_terrier, pomeranian",True,True
japanese_chin_195,japanese_chin,beagle,0.24748561,"beagle, japanese_chin, saint_bernard, american_pit_bull_terrier, boxer",False,True
miniature_pinscher_26,miniature_pinscher,miniature_pinscher,0.8699404,"miniature_pinscher, boxer, chihuahua, basset_hound, Sphynx",True,True
chihuahua_12,chihuahua,shiba_inu,0.29714286,"shiba_inu, miniature_pinscher, chihuahua, beagle, boxer",False,True
english_cocker_spaniel_58,english_cocker_spaniel,english_cocker_spaniel,0.19461772,"english_cocker_spaniel, english_setter, boxer, german_shorthaired, basset_hound",True,True
Birman_177,Birman,Birman,0.5298961,"Birman, Ragdoll, Siamese, chihuahua, keeshond",True,True
basset_hound_150,basset_hound,beagle,0.6183992,"beagle, chihuahua, boxer, Sphynx, american_pit_bull_terrier",False,False
chihuahua_175,chihuahua,shiba_inu,0.456369,"shiba_inu, chihuahua, pomeranian, american_pit_bull_terrier, Abyssinian",False,True
miniature_pinscher_78,miniature_pinscher,staffordshire_bull_terrier,0.29628956,"staffordshire_bull_terrier, german_shorthaired, miniature_pinscher, boxer, leonberger",False,True
american_bulldog_217,american_bulldog,chihuahua,0.2145184,"chihuahua, american_bulldog, american_pit_bull_terrier, Sphynx, pug",False,True
Bombay_50,Bombay,Bombay,0.8361674,"Bombay, scottish_terrier, Maine_Coon, Abyssinian, Siamese",True,True
chihuahua_196,chihuahua,leonberger,0.6077788,"leonberger, pomeranian, yorkshire_terrier, american_pit_bull_terrier, english_cocker_spaniel",False,False
leonberger_59,leonberger,miniature_pinscher,0.5154999,"miniature_pinscher, staffordshire_bull_terrier, boxer, leonberger, Bombay",False,True
german_shorthaired_179,german_shorthaired,german_shorthaired,0.42194724,"german_shorthaired, basset_hound, boxer, english_cocker_spaniel, staffordshire_bull_terrier",True,True
german_shorthaired_199,german_shorthaired,boxer,0.293352,"boxer, german_shorthaired, staffordshire_bull_terrier, basset_hound, english_cocker_spaniel",False,True
german_shorthaired_175,german_shorthaired,english_cocker_spaniel,0.21739501,"english_cocker_spaniel, staffordshire_bull_terrier, newfoundland, boxer, american_pit_bull_terrier",False,False
Russian_Blue_207,Russian_Blue,British_Shorthair,0.577928,"British_Shorthair, Russian_Blue, Bombay, scottish_terrier, Egyptian_Mau",False,True
german_shorthaired_42,german_shorthaired,german_shorthaired,0.69313866,"german_shorthaired, boxer, basset_hound, staffordshire_bull_terrier, english_cocker_spaniel",True,True
samoyed_156,samoyed,samoyed,0.6185713,"samoyed, pomeranian, great_pyrenees, Persian, shiba_inu",True,True
american_bulldog_39,american_bulldog,american_bulldog,0.45040095,"american_bulldog, pug, saint_bernard, american_pit_bull_terrier, great_pyrenees",True,True
japanese_chin_174,japanese_chin,japanese_chin,0.9293064,"japanese_chin, saint_bernard, havanese, english_cocker_spaniel, english_setter",True,True
havanese_20,havanese,havanese,0.39944246,"havanese, japanese_chin, great_pyrenees, english_setter, pomeranian",True,True
Egyptian_Mau_168,Egyptian_Mau,Egyptian_Mau,0.90241003,"Egyptian_Mau, german_shorthaired, Bengal, pug, Maine_Coon",True,True
german_shorthaired_33,german_shorthaired,staffordshire_bull_terrier,0.3265405,"staffordshire_bull_terrier, boxer, german_shorthaired, miniature_pinscher, american_pit_bull_terrier",False,True
wheaten_terrier_43,wheaten_terrier,wheaten_terrier,0.89656764,"wheaten_terrier, Persian, pomeranian, havanese, leonberger",True,True
Siamese_250,Siamese,Sphynx,0.4312138,"Sphynx, Siamese, Ragdoll, chihuahua, Birman",False,True
saint_bernard_67,saint_bernard,basset_hound,0.335555,"basset_hound, boxer, saint_bernard, beagle, american_pit_bull_terrier",False,True
British_Shorthair_3,British_Shorthair,British_Shorthair,0.5691315,"British_Shorthair, Russian_Blue, Sphynx, Maine_Coon, Ragdoll",True,True
american_bulldog_212,american_bulldog,american_bulldog,0.38606504,"american_bulldog, chihuahua, pug, Ragdoll, american_pit_bull_terrier",True,True
shiba_inu_40,shiba_inu,shiba_inu,0.5363031,"shiba_inu, beagle, pomeranian, chihuahua, basset_hound",True,True
pug_79,pug,pug,0.92445374,"pug, american_bulldog, staffordshire_bull_terrier, english_setter, Egyptian_Mau",True,True
german_shorthaired_76,german_shorthaired,german_shorthaired,0.5321074,"german_shorthaired, staffordshire_bull_terrier, english_cocker_spaniel, boxer, english_setter",True,True
Maine_Coon_143,Maine_Coon,Maine_Coon,0.700785,"Maine_Coon, Persian, Abyssinian, Bengal, Egyptian_Mau",True,True
boxer_32,boxer,american_bulldog,0.26573756,"american_bulldog, american_pit_bull_terrier, staffordshire_bull_terrier, saint_bernard, pug",False,False
german_shorthaired_178,german_shorthaired,american_pit_bull_terrier,0.17083308,"american_pit_bull_terrier, american_bulldog, boxer, saint_bernard, beagle",False,False
great_pyrenees_124,great_pyrenees,great_pyrenees,0.9646279,"great_pyrenees, havanese, samoyed, wheaten_terrier, american_bulldog",True,True
Ragdoll_170,Ragdoll,Birman,0.72630894,"Birman, Ragdoll, Siamese, pomeranian, keeshond",False,True
pomeranian_133,pomeranian,Bombay,0.40208855,"Bombay, Siamese, Maine_Coon, Abyssinian, yorkshire_terrier",False,False
german_shorthaired_177,german_shorthaired,staffordshire_bull_terrier,0.41795695,"staffordshire_bull_terrier, german_shorthaired, american_pit_bull_terrier, boxer, Russian_Blue",False,True
american_pit_bull_terrier_152,american_pit_bull_terrier,miniature_pinscher,0.24913211,"miniature_pinscher, boxer, leonberger, chihuahua, yorkshire_terrier",False,False
miniature_pinscher_68,miniature_pinscher,Abyssinian,0.22442956,"Abyssinian, Bombay, miniature_pinscher, Sphynx, boxer",False,True
Ragdoll_26,Ragdoll,Ragdoll,0.23299545,"Ragdoll, British_Shorthair, Persian, samoyed, Russian_Blue",True,True
Persian_192,Persian,Ragdoll,0.5869635,"Ragdoll, Persian, Maine_Coon, Birman, British_Shorthair",False,True
Persian_144,Persian,miniature_pinscher,0.1857465,"miniature_pinscher, Abyssinian, Sphynx, Bombay, Siamese",False,False
leonberger_168,leonberger,leonberger,0.30607158,"leonberger, japanese_chin, keeshond, havanese, pomeranian",True,True
Ragdoll_219,Ragdoll,Birman,0.6377705,"Birman, Siamese, Ragdoll, keeshond, pomeranian",False,True
japanese_chin_71,japanese_chin,Persian,0.1711523,"Persian, Maine_Coon, Abyssinian, Sphynx, Ragdoll",False,False
Persian_135,Persian,Persian,0.9366673,"Persian, Maine_Coon, pomeranian, Ragdoll, wheaten_terrier",True,True
staffordshire_bull_terrier_110,staffordshire_bull_terrier,american_bulldog,0.4201326,"american_bulldog, german_shorthaired, staffordshire_bull_terrier, american_pit_bull_terrier, pug",False,True
leonberger_191,leonberger,leonberger,0.8536351,"leonberger, japanese_chin, keeshond, pomeranian, yorkshire_terrier",True,True
german_shorthaired_144,german_shorthaired,staffordshire_bull_terrier,0.22331117,"staffordshire_bull_terrier, german_shorthaired, american_pit_bull_terrier, basset_hound, boxer",False,True
Egyptian_Mau_50,Egyptian_Mau,Bengal,0.4913272,"Bengal, Maine_Coon, Egyptian_Mau, Abyssinian, Persian",False,True
miniature_pinscher_154,miniature_pinscher,miniature_pinscher,0.9175608,"miniature_pinscher, boxer, staffordshire_bull_terrier, german_shorthaired, basset_hound",True,True
beagle_46,beagle,japanese_chin,0.32230633,"japanese_chin, beagle, saint_bernard, basset_hound, chihuahua",False,True
basset_hound_138,basset_hound,boxer,0.18007891,"boxer, english_cocker_spaniel, staffordshire_bull_terrier, leonberger, american_pit_bull_terrier",False,False
British_Shorthair_2,British_Shorthair,Russian_Blue,0.55615705,"Russian_Blue, British_Shorthair, Abyssinian, Sphynx, Egyptian_Mau",False,True
Maine_Coon_96,Maine_Coon,Persian,0.745008,"Persian, Maine_Coon, pomeranian, Ragdoll, shiba_inu",False,True
newfoundland_182,newfoundland,scottish_terrier,0.2100686,"scottish_terrier, japanese_chin, newfoundland, yorkshire_terrier, Bombay",False,True
german_shorthaired_161,german_shorthaired,miniature_pinscher,0.22674339,"miniature_pinscher, staffordshire_bull_terrier, boxer, american_pit_bull_terrier, Bombay",False,False
keeshond_3,keeshond,keeshond,0.98504806,"keeshond, leonberger, newfoundland, wheaten_terrier, scottish_terrier",True,True
keeshond_113,keeshond,keeshond,0.4009283,"keeshond, leonberger, havanese, scottish_terrier, Ragdoll",True,True
Sphynx_55,Sphynx,chihuahua,0.565655,"chihuahua, Sphynx, shiba_inu, beagle, Ragdoll",False,True
keeshond_53,keeshond,keeshond,0.9955296,"keeshond, leonberger, Siamese, Birman, Bombay",True,True
basset_hound_102,basset_hound,basset_hound,0.4490091,"basset_hound, saint_bernard, boxer, beagle, american_pit_bull_terrier",True,True
american_pit_bull_terrier_82,american_pit_bull_terrier,boxer,0.496002,"boxer, staffordshire_bull_terrier, american_pit_bull_terrier, basset_hound, saint_bernard",False,True
Bombay_23,Bombay,Bombay,0.960741,"Bombay, Sphynx, Siamese, scottish_terrier, Abyssinian",True,True
wheaten_terrier_110,wheaten_terrier,Persian,0.5321074,"Persian, wheaten_terrier, pomeranian, havanese, great_pyrenees",False,True
chihuahua_64,chihuahua,Sphynx,0.47765946,"Sphynx, chihuahua, beagle, american_pit_bull_terrier, american_bulldog",False,True
pug_187,pug,pug,0.70381683,"pug, chihuahua, Sphynx, american_bulldog, american_pit_bull_terrier",True,True
english_cocker_spaniel_71,english_cocker_spaniel,havanese,0.38814715,"havanese, english_cocker_spaniel, english_setter, scottish_terrier, pug",False,True
Bombay_139,Bombay,Egyptian_Mau,0.18618985,"Egyptian_Mau, Bengal, Maine_Coon, Abyssinian, Sphynx",False,False
wheaten_terrier_39,wheaten_terrier,Persian,0.3460514,"Persian, pomeranian, wheaten_terrier, havanese, Ragdoll",False,True
boxer_68,boxer,boxer,0.4112097,"boxer, miniature_pinscher, staffordshire_bull_terrier, german_shorthaired, basset_hound",True,True
Siamese_191,Siamese,Siamese,0.41672286,"Siamese, Abyssinian, chihuahua, Ragdoll, Birman",True,True
Birman_154,Birman,Birman,0.5638172,"Birman, Siamese, Ragdoll, keeshond, chihuahua",True,True
pug_46,pug,pug,0.9722721,"pug, english_setter, Egyptian_Mau, american_bulldog, english_cocker_spaniel",True,True
havanese_174,havanese,havanese,0.79668957,"havanese, english_setter, english_cocker_spaniel, leonberger, yorkshire_terrier",True,True
Bengal_161,Bengal,Bengal,0.18880425,"Bengal, pug, Egyptian_Mau, chihuahua, Sphynx",True,True
american_pit_bull_terrier_156,american_pit_bull_terrier,american_pit_bull_terrier,0.3375922,"american_pit_bull_terrier, american_bulldog, chihuahua, shiba_inu, pug",True,True
american_pit_bull_terrier_140,american_pit_bull_terrier,american_pit_bull_terrier,0.34932885,"american_pit_bull_terrier, staffordshire_bull_terrier, american_bulldog, chihuahua, boxer",True,True
Sphynx_56,Sphynx,beagle,0.31518242,"beagle, chihuahua, american_bulldog, Sphynx, american_pit_bull_terrier",False,True
american_bulldog_103,american_bulldog,american_pit_bull_terrier,0.18021251,"american_pit_bull_terrier, great_pyrenees, american_bulldog, saint_bernard, beagle",False,True
boxer_134,boxer,staffordshire_bull_terrier,0.3517312,"staffordshire_bull_terrier, pug, german_shorthaired, boxer, english_cocker_spaniel",False,True
havanese_30,havanese,havanese,0.35422543,"havanese, scottish_terrier, english_cocker_spaniel, wheaten_terrier, english_setter",True,True
saint_bernard_82,saint_bernard,japanese_chin,0.3744511,"japanese_chin, beagle, saint_bernard, Ragdoll, pomeranian",False,True
samoyed_79,samoyed,samoyed,0.48892623,"samoyed, great_pyrenees, pomeranian, havanese, Persian",True,True
yorkshire_terrier_98,yorkshire_terrier,english_cocker_spaniel,0.27964976,"english_cocker_spaniel, yorkshire_terrier, leonberger, scottish_terrier, havanese",False,True
newfoundland_47,newfoundland,newfoundland,0.98315907,"newfoundland, scottish_terrier, leonberger, staffordshire_bull_terrier, english_cocker_spaniel",True,True
miniature_pinscher_177,miniature_pinscher,miniature_pinscher,0.9508305,"miniature_pinscher, boxer, chihuahua, yorkshire_terrier, Abyssinian",True,True
saint_bernard_106,saint_bernard,saint_bernard,0.42551795,"saint_bernard, basset_hound, beagle, american_pit_bull_terrier, staffordshire_bull_terrier",True,True
keeshond_50,keeshond,keeshond,0.8746093,"keeshond, Siamese, Birman, Ragdoll, leonberger",True,True
basset_hound_160,basset_hound,basset_hound,0.496967,"basset_hound, saint_bernard, boxer, beagle, english_cocker_spaniel",True,True
Siamese_40,Siamese,Ragdoll,0.31517366,"Ragdoll, Birman, Siamese, chihuahua, pug",False,True
leonberger_42,leonberger,leonberger,0.33681768,"leonberger, english_cocker_spaniel, wheaten_terrier, pomeranian, american_pit_bull_terrier",True,True
saint_bernard_118,saint_bernard,saint_bernard,0.7256361,"saint_bernard, basset_hound, japanese_chin, english_cocker_spaniel, beagle",True,True
keeshond_63,keeshond,keeshond,0.6285732,"keeshond, Birman, japanese_chin, Siamese, Ragdoll",True,True
havanese_153,havanese,scottish_terrier,0.8804025,"scottish_terrier, english_cocker_spaniel, yorkshire_terrier, newfoundland, Bombay",False,False
Maine_Coon_108,Maine_Coon,Bengal,0.35398725,"Bengal, yorkshire_terrier, Maine_Coon, english_cocker_spaniel, scottish_terrier",False,True
Egyptian_Mau_102,Egyptian_Mau,Egyptian_Mau,0.98788375,"Egyptian_Mau, Maine_Coon, Bengal, german_shorthaired, english_setter",True,True
miniature_pinscher_148,miniature_pinscher,beagle,0.33938834,"beagle, boxer, basset_hound, american_pit_bull_terrier, chihuahua",False,False
yorkshire_terrier_166,yorkshire_terrier,yorkshire_terrier,0.60143316,"yorkshire_terrier, wheaten_terrier, havanese, Maine_Coon, english_cocker_spaniel",True,True
american_bulldog_42,american_bulldog,saint_bernard,0.39037347,"saint_bernard, american_bulldog, basset_hound, beagle, american_pit_bull_terrier",False,True
Abyssinian_19,Abyssinian,Abyssinian,0.82805395,"Abyssinian, British_Shorthair, Russian_Blue, Sphynx, Maine_Coon",True,True
wheaten_terrier_126,wheaten_terrier,german_shorthaired,0.4667775,"german_shorthaired, staffordshire_bull_terrier, boxer, english_cocker_spaniel, american_pit_bull_terrier",False,False
newfoundland_62,newfoundland,newfoundland,0.80660963,"newfoundland, scottish_terrier, leonberger, staffordshire_bull_terrier, english_cocker_spaniel",True,True
pomeranian_123,pomeranian,Persian,0.27571785,"Persian, pomeranian, Ragdoll, shiba_inu, Birman",False,True
wheaten_terrier_121,wheaten_terrier,havanese,0.38201576,"havanese, english_setter, wheaten_terrier, english_cocker_spaniel, yorkshire_terrier",False,True
boxer_25,boxer,pug,0.20562884,"pug, english_setter, Bengal, american_pit_bull_terrier, chihuahua",False,False
newfoundland_137,newfoundland,newfoundland,0.51602656,"newfoundland, Bombay, leonberger, scottish_terrier, boxer",True,True
staffordshire_bull_terrier_115,staffordshire_bull_terrier,staffordshire_bull_terrier,0.28338426,"staffordshire_bull_terrier, american_pit_bull_terrier, basset_hound, beagle, boxer",True,True
Bombay_82,Bombay,Bombay,0.8753281,"Bombay, scottish_terrier, newfoundland, Siamese, miniature_pinscher",True,True
pomeranian_81,pomeranian,pomeranian,0.7598974,"pomeranian, shiba_inu, Ragdoll, chihuahua, Birman",True,True
samoyed_107,samoyed,samoyed,0.8668096,"samoyed, great_pyrenees, pomeranian, Ragdoll, Persian",True,True
Russian_Blue_216,Russian_Blue,chihuahua,0.20752108,"chihuahua, american_pit_bull_terrier, boxer, miniature_pinscher, beagle",False,False
Bengal_133,Bengal,wheaten_terrier,0.28191465,"wheaten_terrier, english_cocker_spaniel, scottish_terrier, american_pit_bull_terrier, British_Shorthair",False,False
Bombay_112,Bombay,Bombay,0.7487272,"Bombay, Siamese, scottish_terrier, chihuahua, Birman",True,True
wheaten_terrier_32,wheaten_terrier,yorkshire_terrier,0.19136278,"yorkshire_terrier, english_cocker_spaniel, english_setter, wheaten_terrier, Maine_Coon",False,True
pug_201,pug,pug,0.3613951,"pug, Bengal, boxer, english_setter, english_cocker_spaniel",True,True
havanese_194,havanese,havanese,0.94690835,"havanese, english_setter, yorkshire_terrier, english_cocker_spaniel, wheaten_terrier",True,True
British_Shorthair_271,British_Shorthair,British_Shorthair,0.72066504,"British_Shorthair, Russian_Blue, Bombay, scottish_terrier, Siamese",True,True
great_pyrenees_33,great_pyrenees,scottish_terrier,0.33844998,"scottish_terrier, great_pyrenees, havanese, wheaten_terrier, american_pit_bull_terrier",False,True
Egyptian_Mau_93,Egyptian_Mau,Egyptian_Mau,0.96703035,"Egyptian_Mau, Maine_Coon, Bengal, Sphynx, Abyssinian",True,True
basset_hound_98,basset_hound,boxer,0.28166246,"boxer, basset_hound, english_cocker_spaniel, staffordshire_bull_terrier, american_pit_bull_terrier",False,True
basset_hound_172,basset_hound,basset_hound,0.42349693,"basset_hound, beagle, boxer, american_pit_bull_terrier, german_shorthaired",True,True
Siamese_206,Siamese,Sphynx,0.28400934,"Sphynx, Ragdoll, Siamese, Bombay, chihuahua",False,True
chihuahua_139,chihuahua,american_bulldog,0.18946049,"american_bulldog, american_pit_bull_terrier, staffordshire_bull_terrier, great_pyrenees, chihuahua",False,True
chihuahua_191,chihuahua,beagle,0.49493968,"beagle, chihuahua, boxer, basset_hound, american_pit_bull_terrier",False,True
Ragdoll_228,Ragdoll,Birman,0.5042029,"Birman, Ragdoll, Siamese, pomeranian, shiba_inu",False,True
Egyptian_Mau_31,Egyptian_Mau,Egyptian_Mau,0.37939614,"Egyptian_Mau, german_shorthaired, Bengal, english_cocker_spaniel, staffordshire_bull_terrier",True,True
basset_hound_128,basset_hound,chihuahua,0.35851142,"chihuahua, miniature_pinscher, pug, Ragdoll, boxer",False,False
Bengal_104,Bengal,Bengal,0.52495825,"Bengal, miniature_pinscher, boxer, Abyssinian, american_pit_bull_terrier",True,True
scottish_terrier_59,scottish_terrier,scottish_terrier,0.44155326,"scottish_terrier, staffordshire_bull_terrier, Russian_Blue, British_Shorthair, german_shorthaired",True,True
wheaten_terrier_165,wheaten_terrier,wheaten_terrier,0.6811809,"wheaten_terrier, havanese, Persian, leonberger, scottish_terrier",True,True
havanese_160,havanese,english_cocker_spaniel,0.34907243,"english_cocker_spaniel, havanese, english_setter, wheaten_terrier, scottish_terrier",False,True
scottish_terrier_22,scottish_terrier,scottish_terrier,0.94083804,"scottish_terrier, newfoundland, english_cocker_spaniel, havanese, staffordshire_bull_terrier",True,True
Ragdoll_182,Ragdoll,Ragdoll,0.3703467,"Ragdoll, Persian, Maine_Coon, samoyed, pomeranian",True,True
pomeranian_94,pomeranian,pomeranian,0.5065328,"pomeranian, samoyed, great_pyrenees, Ragdoll, japanese_chin",True,True
Birman_176,Birman,Ragdoll,0.5139452,"Ragdoll, Birman, Siamese, samoyed, american_bulldog",False,True
Maine_Coon_210,Maine_Coon,Maine_Coon,0.51222414,"Maine_Coon, Persian, english_setter, wheaten_terrier, yorkshire_terrier",True,True
shiba_inu_166,shiba_inu,shiba_inu,0.56630147,"shiba_inu, pomeranian, beagle, chihuahua, american_pit_bull_terrier",True,True
Ragdoll_97,Ragdoll,Ragdoll,0.55956334,"Ragdoll, japanese_chin, Birman, Maine_Coon, Persian",True,True
boxer_124,boxer,german_shorthaired,0.20151329,"german_shorthaired, wheaten_terrier, shiba_inu, Egyptian_Mau, boxer",False,True
British_Shorthair_68,British_Shorthair,Abyssinian,0.3168944,"Abyssinian, Sphynx, chihuahua, american_pit_bull_terrier, beagle",False,False
Ragdoll_128,Ragdoll,Ragdoll,0.7509571,"Ragdoll, Persian, samoyed, Birman, Maine_Coon",True,True
miniature_pinscher_66,miniature_pinscher,miniature_pinscher,0.9102079,"miniature_pinscher, boxer, staffordshire_bull_terrier, basset_hound, chihuahua",True,True
Bengal_176,Bengal,Russian_Blue,0.34886065,"Russian_Blue, British_Shorthair, Egyptian_Mau, Abyssinian, american_pit_bull_terrier",False,False
miniature_pinscher_97,miniature_pinscher,miniature_pinscher,0.49855378,"miniature_pinscher, boxer, basset_hound, german_shorthaired, staffordshire_bull_terrier",True,True
Bombay_141,Bombay,Bombay,0.61995786,"Bombay, Siamese, miniature_pinscher, scottish_terrier, Russian_Blue",True,True
Siamese_94,Siamese,Siamese,0.5922757,"Siamese, Birman, Ragdoll, chihuahua, american_bulldog",True,True
British_Shorthair_58,British_Shorthair,British_Shorthair,0.8307164,"British_Shorthair, Russian_Blue, Abyssinian, Maine_Coon, Persian",True,True
keeshond_136,keeshond,keeshond,0.29804417,"keeshond, Maine_Coon, havanese, Persian, english_setter",True,True
Persian_89,Persian,Persian,0.2688191,"Persian, Ragdoll, samoyed, British_Shorthair, Birman",True,True
Birman_128,Birman,Siamese,0.63499403,"Siamese, Birman, chihuahua, Ragdoll, shiba_inu",False,True
scottish_terrier_39,scottish_terrier,great_pyrenees,0.31927937,"great_pyrenees, american_pit_bull_terrier, wheaten_terrier, american_bulldog, samoyed",False,False
newfoundland_26,newfoundland,boxer,0.35725656,"boxer, german_shorthaired, staffordshire_bull_terrier, miniature_pinscher, american_pit_bull_terrier",False,False
wheaten_terrier_4,wheaten_terrier,wheaten_terrier,0.23347399,"wheaten_terrier, keeshond, havanese, scottish_terrier, Persian",True,True
miniature_pinscher_9,miniature_pinscher,chihuahua,0.6811562,"chihuahua, american_pit_bull_terrier, Ragdoll, shiba_inu, beagle",False,False
havanese_70,havanese,havanese,0.31288117,"havanese, english_cocker_spaniel, newfoundland, japanese_chin, yorkshire_terrier",True,True
great_pyrenees_130,great_pyrenees,great_pyrenees,0.84894955,"great_pyrenees, samoyed, american_bulldog, saint_bernard, american_pit_bull_terrier",True,True
japanese_chin_41,japanese_chin,saint_bernard,0.54811835,"saint_bernard, japanese_chin, american_bulldog, beagle, great_pyrenees",False,True
english_setter_124,english_setter,english_setter,0.7757947,"english_setter, english_cocker_spaniel, wheaten_terrier, yorkshire_terrier, Maine_Coon",True,True
staffordshire_bull_terrier_12,staffordshire_bull_terrier,beagle,0.19858563,"beagle, american_pit_bull_terrier, basset_hound, staffordshire_bull_terrier, boxer",False,True
British_Shorthair_207,British_Shorthair,Russian_Blue,0.55273986,"Russian_Blue, British_Shorthair, Egyptian_Mau, Bombay, staffordshire_bull_terrier",False,True
Russian_Blue_34,Russian_Blue,Russian_Blue,0.38097563,"Russian_Blue, British_Shorthair, american_pit_bull_terrier, american_bulldog, staffordshire_bull_terrier",True,True
Egyptian_Mau_8,Egyptian_Mau,Egyptian_Mau,0.99312615,"Egyptian_Mau, Bengal, Maine_Coon, german_shorthaired, english_setter",True,True
american_bulldog_111,american_bulldog,american_bulldog,0.8843278,"american_bulldog, pug, american_pit_bull_terrier, saint_bernard, staffordshire_bull_terrier",True,True
Egyptian_Mau_215,Egyptian_Mau,Bengal,0.4464365,"Bengal, Maine_Coon, Abyssinian, Egyptian_Mau, yorkshire_terrier",False,True
Persian_141,Persian,Persian,0.42771578,"Persian, Maine_Coon, Abyssinian, Ragdoll, yorkshire_terrier",True,True
havanese_129,havanese,scottish_terrier,0.8546842,"scottish_terrier, english_cocker_spaniel, havanese, yorkshire_terrier, Maine_Coon",False,True
english_setter_170,english_setter,wheaten_terrier,0.20766217,"wheaten_terrier, english_setter, Bengal, Maine_Coon, english_cocker_spaniel",False,True
miniature_pinscher_39,miniature_pinscher,miniature_pinscher,0.30265823,"miniature_pinscher, boxer, german_shorthaired, basset_hound, american_pit_bull_terrier",True,True
yorkshire_terrier_109,yorkshire_terrier,yorkshire_terrier,0.41381678,"yorkshire_terrier, havanese, Maine_Coon, wheaten_terrier, scottish_terrier",True,True
american_bulldog_181,american_bulldog,american_bulldog,0.612281,"american_bulldog, great_pyrenees, samoyed, american_pit_bull_terrier, chihuahua",True,True
miniature_pinscher_8,miniature_pinscher,Abyssinian,0.40363473,"Abyssinian, chihuahua, miniature_pinscher, Sphynx, shiba_inu",False,True
german_shorthaired_151,german_shorthaired,staffordshire_bull_terrier,0.46677735,"staffordshire_bull_terrier, newfoundland, german_shorthaired, leonberger, english_cocker_spaniel",False,True
american_pit_bull_terrier_30,american_pit_bull_terrier,english_cocker_spaniel,0.2335452,"english_cocker_spaniel, boxer, german_shorthaired, staffordshire_bull_terrier, american_pit_bull_terrier",False,True
Abyssinian_31,Abyssinian,Abyssinian,0.65093064,"Abyssinian, Russian_Blue, British_Shorthair, Bengal, Maine_Coon",True,True
english_cocker_spaniel_55,english_cocker_spaniel,english_setter,0.74191105,"english_setter, english_cocker_spaniel, pug, havanese, german_shorthaired",False,True
saint_bernard_133,saint_bernard,saint_bernard,0.530035,"saint_bernard, japanese_chin, american_bulldog, american_pit_bull_terrier, staffordshire_bull_terrier",True,True
Maine_Coon_47,Maine_Coon,wheaten_terrier,0.23819357,"wheaten_terrier, scottish_terrier, newfoundland, japanese_chin, havanese",False,False
staffordshire_bull_terrier_154,staffordshire_bull_terrier,staffordshire_bull_terrier,0.38916427,"staffordshire_bull_terrier, american_pit_bull_terrier, american_bulldog, beagle, boxer",True,True
japanese_chin_61,japanese_chin,saint_bernard,0.26290306,"saint_bernard, japanese_chin, beagle, american_pit_bull_terrier, english_cocker_spaniel",False,True
samoyed_1,samoyed,samoyed,0.83647877,"samoyed, great_pyrenees, pomeranian, Ragdoll, Persian",True,True
Sphynx_174,Sphynx,Bengal,0.18166031,"Bengal, Maine_Coon, Egyptian_Mau, Abyssinian, Sphynx",False,True
pug_116,pug,pug,0.962683,"pug, english_setter, american_bulldog, havanese, english_cocker_spaniel",True,True
leonberger_32,leonberger,leonberger,0.86318356,"leonberger, keeshond, yorkshire_terrier, newfoundland, pomeranian",True,True
Abyssinian_142,Abyssinian,american_pit_bull_terrier,0.20767586,"american_pit_bull_terrier, german_shorthaired, Abyssinian, chihuahua, boxer",False,True
american_pit_bull_terrier_74,american_pit_bull_terrier,boxer,0.25374398,"boxer, american_pit_bull_terrier, beagle, miniature_pinscher, chihuahua",False,True
Bombay_1,Bombay,scottish_terrier,0.44530863,"scottish_terrier, Bombay, german_shorthaired, staffordshire_bull_terrier, newfoundland",False,True
beagle_73,beagle,shiba_inu,0.39282292,"shiba_inu, chihuahua, beagle, american_pit_bull_terrier, pomeranian",False,True
pomeranian_157,pomeranian,pomeranian,0.46913013,"pomeranian, shiba_inu, chihuahua, Abyssinian, american_pit_bull_terrier",True,True
Bombay_20,Bombay,Siamese,0.40850174,"Siamese, Bombay, Russian_Blue, staffordshire_bull_terrier, British_Shorthair",False,True
Egyptian_Mau_148,Egyptian_Mau,pug,0.22284159,"pug, Maine_Coon, Egyptian_Mau, Bengal, english_setter",False,True
beagle_76,beagle,saint_bernard,0.46197778,"saint_bernard, japanese_chin, beagle, basset_hound, boxer",False,True
miniature_pinscher_85,miniature_pinscher,basset_hound,0.25655523,"basset_hound, boxer, american_pit_bull_terrier, beagle, english_cocker_spaniel",False,False
British_Shorthair_178,British_Shorthair,Maine_Coon,0.69520813,"Maine_Coon, Abyssinian, Ragdoll, British_Shorthair, Sphynx",False,True
Maine_Coon_184,Maine_Coon,Maine_Coon,0.50137275,"Maine_Coon, Persian, Ragdoll, Abyssinian, pomeranian",True,True
japanese_chin_156,japanese_chin,Ragdoll,0.16102439,"Ragdoll, Maine_Coon, japanese_chin, Persian, havanese",False,True
english_cocker_spaniel_32,english_cocker_spaniel,yorkshire_terrier,0.3227512,"yorkshire_terrier, havanese, english_cocker_spaniel, english_setter, japanese_chin",False,True
scottish_terrier_140,scottish_terrier,Bombay,0.29824817,"Bombay, miniature_pinscher, Abyssinian, Russian_Blue, boxer",False,False
scottish_terrier_192,scottish_terrier,scottish_terrier,0.307092,"scottish_terrier, havanese, keeshond, yorkshire_terrier, newfoundland",True,True
Bombay_220,Bombay,Bombay,0.66523045,"Bombay, Russian_Blue, scottish_terrier, British_Shorthair, Siamese",True,True
Bengal_106,Bengal,Bengal,0.7924278,"Bengal, boxer, miniature_pinscher, Abyssinian, chihuahua",True,True
newfoundland_61,newfoundland,newfoundland,0.8128148,"newfoundland, scottish_terrier, Bombay, english_cocker_spaniel, wheaten_terrier",True,True
newfoundland_64,newfoundland,newfoundland,0.8979359,"newfoundland, scottish_terrier, english_cocker_spaniel, havanese, staffordshire_bull_terrier",True,True
Bombay_80,Bombay,Bombay,0.92647374,"Bombay, Siamese, Russian_Blue, scottish_terrier, Sphynx",True,True
newfoundland_114,newfoundland,scottish_terrier,0.82939833,"scottish_terrier, newfoundland, english_cocker_spaniel, havanese, german_shorthaired",False,True
British_Shorthair_98,British_Shorthair,British_Shorthair,0.5670042,"British_Shorthair, Egyptian_Mau, Russian_Blue, Abyssinian, Maine_Coon",True,True
english_cocker_spaniel_44,english_cocker_spaniel,english_setter,0.3392258,"english_setter, wheaten_terrier, english_cocker_spaniel, great_pyrenees, havanese",False,True
wheaten_terrier_156,wheaten_terrier,wheaten_terrier,0.9139227,"wheaten_terrier, american_pit_bull_terrier, pomeranian, english_cocker_spaniel, Persian",True,True
Maine_Coon_42,Maine_Coon,wheaten_terrier,0.3221944,"wheaten_terrier, Persian, pomeranian, havanese, scottish_terrier",False,False
Russian_Blue_151,Russian_Blue,Russian_Blue,0.5017116,"Russian_Blue, British_Shorthair, Sphynx, Egyptian_Mau, Abyssinian",True,True
beagle_162,beagle,basset_hound,0.39340693,"basset_hound, beagle, boxer, chihuahua, miniature_pinscher",False,True
japanese_chin_142,japanese_chin,japanese_chin,0.55550796,"japanese_chin, pomeranian, leonberger, saint_bernard, havanese",True,True
yorkshire_terrier_182,yorkshire_terrier,yorkshire_terrier,0.9778656,"yorkshire_terrier, leonberger, english_cocker_spaniel, wheaten_terrier, staffordshire_bull_terrier",True,True
havanese_2,havanese,wheaten_terrier,0.49293396,"wheaten_terrier, havanese, Persian, great_pyrenees, scottish_terrier",False,True
Bengal_76,Bengal,Bengal,0.95715195,"Bengal, Maine_Coon, english_cocker_spaniel, Abyssinian, yorkshire_terrier",True,True
scottish_terrier_111,scottish_terrier,scottish_terrier,0.12440622,"scottish_terrier, wheaten_terrier, english_cocker_spaniel, newfoundland, leonberger",True,True
english_cocker_spaniel_196,english_cocker_spaniel,yorkshire_terrier,0.3136587,"yorkshire_terrier, leonberger, english_cocker_spaniel, newfoundland, wheaten_terrier",False,True
american_bulldog_3,american_bulldog,beagle,0.2001679,"beagle, saint_bernard, american_bulldog, american_pit_bull_terrier, chihuahua",False,True
newfoundland_117,newfoundland,scottish_terrier,0.6776411,"scottish_terrier, newfoundland, havanese, english_cocker_spaniel, Bombay",False,True
pug_39,pug,pug,0.5090616,"pug, american_bulldog, english_setter, american_pit_bull_terrier, staffordshire_bull_terrier",True,True
great_pyrenees_174,great_pyrenees,great_pyrenees,0.83491963,"great_pyrenees, samoyed, pomeranian, havanese, japanese_chin",True,True
chihuahua_117,chihuahua,chihuahua,0.3408766,"chihuahua, Sphynx, american_pit_bull_terrier, miniature_pinscher, beagle",True,True
Abyssinian_101,Abyssinian,Abyssinian,0.69106233,"Abyssinian, Maine_Coon, Sphynx, chihuahua, Bengal",True,True
Siamese_41,Siamese,Ragdoll,0.51252085,"Ragdoll, Birman, Siamese, Sphynx, chihuahua",False,True
Abyssinian_225,Abyssinian,Abyssinian,0.6336561,"Abyssinian, Maine_Coon, Bengal, Sphynx, Persian",True,True
Maine_Coon_187,Maine_Coon,Persian,0.4248271,"Persian, Maine_Coon, Ragdoll, samoyed, scottish_terrier",False,True
beagle_131,beagle,beagle,0.7522118,"beagle, saint_bernard, basset_hound, american_pit_bull_terrier, chihuahua",True,True
japanese_chin_193,japanese_chin,chihuahua,0.35837215,"chihuahua, Sphynx, american_pit_bull_terrier, shiba_inu, american_bulldog",False,False
english_cocker_spaniel_120,english_cocker_spaniel,yorkshire_terrier,0.3416446,"yorkshire_terrier, english_cocker_spaniel, english_setter, wheaten_terrier, havanese",False,True
staffordshire_bull_terrier_85,staffordshire_bull_terrier,pug,0.51991105,"pug, american_bulldog, american_pit_bull_terrier, staffordshire_bull_terrier, chihuahua",False,True
newfoundland_53,newfoundland,newfoundland,0.77976894,"newfoundland, english_cocker_spaniel, scottish_terrier, leonberger, wheaten_terrier",True,True
Bengal_166,Bengal,Egyptian_Mau,0.5860346,"Egyptian_Mau, Bengal, British_Shorthair, Sphynx, Maine_Coon",False,True
Maine_Coon_253,Maine_Coon,Maine_Coon,0.7709185,"Maine_Coon, Persian, Bengal, Abyssinian, yorkshire_terrier",True,True
miniature_pinscher_158,miniature_pinscher,miniature_pinscher,0.9333508,"miniature_pinscher, boxer, chihuahua, Abyssinian, staffordshire_bull_terrier",True,True
saint_bernard_94,saint_bernard,saint_bernard,0.47918516,"saint_bernard, japanese_chin, basset_hound, english_cocker_spaniel, boxer",True,True
boxer_43,boxer,boxer,0.54912126,"boxer, Bengal, german_shorthaired, miniature_pinscher, basset_hound",True,True
american_bulldog_220,american_bulldog,american_bulldog,0.5080607,"american_bulldog, great_pyrenees, american_pit_bull_terrier, samoyed, pug",True,True
saint_bernard_139,saint_bernard,saint_bernard,0.45729306,"saint_bernard, japanese_chin, beagle, american_bulldog, american_pit_bull_terrier",True,True
Russian_Blue_166,Russian_Blue,Russian_Blue,0.1788042,"Russian_Blue, British_Shorthair, Abyssinian, keeshond, Persian",True,True
pug_71,pug,pug,0.9222282,"pug, american_bulldog, chihuahua, Sphynx, Ragdoll",True,True
keeshond_19,keeshond,staffordshire_bull_terrier,0.17961417,"staffordshire_bull_terrier, scottish_terrier, american_pit_bull_terrier, Russian_Blue, newfoundland",False,False
miniature_pinscher_2,miniature_pinscher,staffordshire_bull_terrier,0.29170102,"staffordshire_bull_terrier, miniature_pinscher, boxer, german_shorthaired, Bombay",False,True
Persian_74,Persian,Persian,0.95552236,"Persian, wheaten_terrier, Maine_Coon, pomeranian, Ragdoll",True,True
great_pyrenees_146,great_pyrenees,wheaten_terrier,0.32842186,"wheaten_terrier, great_pyrenees, pomeranian, havanese, american_pit_bull_terrier",False,True
american_bulldog_109,american_bulldog,samoyed,0.2769376,"samoyed, great_pyrenees, american_bulldog, american_pit_bull_terrier, staffordshire_bull_terrier",False,True
chihuahua_109,chihuahua,Sphynx,0.16118191,"Sphynx, Abyssinian, Maine_Coon, miniature_pinscher, chihuahua",False,True
Bombay_107,Bombay,Bombay,0.91542894,"Bombay, scottish_terrier, newfoundland, Siamese, Russian_Blue",True,True
Maine_Coon_84,Maine_Coon,Maine_Coon,0.33457044,"Maine_Coon, yorkshire_terrier, leonberger, Persian, Abyssinian",True,True
pug_76,pug,samoyed,0.74991304,"samoyed, great_pyrenees, shiba_inu, pomeranian, american_bulldog",False,False
pomeranian_113,pomeranian,wheaten_terrier,0.4735404,"wheaten_terrier, Persian, pomeranian, Maine_Coon, scottish_terrier",False,True
Persian_175,Persian,Persian,0.30945727,"Persian, Sphynx, Abyssinian, Ragdoll, Maine_Coon",True,True
Siamese_200,Siamese,Siamese,0.36306173,"Siamese, Birman, Ragdoll, chihuahua, Sphynx",True,True
chihuahua_5,chihuahua,miniature_pinscher,0.23267262,"miniature_pinscher, boxer, chihuahua, american_pit_bull_terrier, shiba_inu",False,True
american_bulldog_112,american_bulldog,american_bulldog,0.54849005,"american_bulldog, american_pit_bull_terrier, beagle, staffordshire_bull_terrier, chihuahua",True,True
american_bulldog_59,american_bulldog,pug,0.28822738,"pug, staffordshire_bull_terrier, american_bulldog, boxer, american_pit_bull_terrier",False,True
pug_70,pug,beagle,0.16870652,"beagle, saint_bernard, japanese_chin, boxer, american_bulldog",False,False
leonberger_109,leonberger,leonberger,0.3697743,"leonberger, keeshond, staffordshire_bull_terrier, havanese, yorkshire_terrier",True,True
shiba_inu_168,shiba_inu,pomeranian,0.47577426,"pomeranian, shiba_inu, beagle, japanese_chin, american_pit_bull_terrier",False,True
Egyptian_Mau_110,Egyptian_Mau,Egyptian_Mau,0.9136734,"Egyptian_Mau, Bengal, english_setter, Maine_Coon, pug",True,True
keeshond_166,keeshond,scottish_terrier,0.28398076,"scottish_terrier, staffordshire_bull_terrier, keeshond, Bombay, yorkshire_terrier",False,True
Birman_184,Birman,Maine_Coon,0.24453989,"Maine_Coon, Ragdoll, Birman, Siamese, Persian",False,True
miniature_pinscher_114,miniature_pinscher,yorkshire_terrier,0.33763772,"yorkshire_terrier, leonberger, chihuahua, pomeranian, shiba_inu",False,False
english_setter_153,english_setter,wheaten_terrier,0.5187144,"wheaten_terrier, english_setter, english_cocker_spaniel, havanese, Maine_Coon",False,True
havanese_169,havanese,newfoundland,0.5212941,"newfoundland, scottish_terrier, staffordshire_bull_terrier, english_cocker_spaniel, german_shorthaired",False,False
Maine_Coon_43,Maine_Coon,Maine_Coon,0.5939803,"Maine_Coon, Abyssinian, Persian, Egyptian_Mau, Sphynx",True,True
havanese_12,havanese,yorkshire_terrier,0.30922437,"yorkshire_terrier, english_cocker_spaniel, scottish_terrier, havanese, leonberger",False,True
miniature_pinscher_87,miniature_pinscher,miniature_pinscher,0.5212627,"miniature_pinscher, american_pit_bull_terrier, shiba_inu, chihuahua, staffordshire_bull_terrier",True,True
miniature_pinscher_197,miniature_pinscher,boxer,0.2762988,"boxer, miniature_pinscher, basset_hound, beagle, chihuahua",False,True
american_pit_bull_terrier_86,american_pit_bull_terrier,american_pit_bull_terrier,0.30860743,"american_pit_bull_terrier, miniature_pinscher, boxer, staffordshire_bull_terrier, chihuahua",True,True
Sphynx_239,Sphynx,Sphynx,0.6507404,"Sphynx, Abyssinian, chihuahua, shiba_inu, Russian_Blue",True,True
Egyptian_Mau_109,Egyptian_Mau,Egyptian_Mau,0.7609024,"Egyptian_Mau, Maine_Coon, Bengal, British_Shorthair, Abyssinian",True,True
english_cocker_spaniel_45,english_cocker_spaniel,wheaten_terrier,0.44994378,"wheaten_terrier, english_setter, havanese, english_cocker_spaniel, Maine_Coon",False,True
boxer_167,boxer,boxer,0.49330413,"boxer, american_pit_bull_terrier, basset_hound, beagle, miniature_pinscher",True,True
japanese_chin_198,japanese_chin,pomeranian,0.17457935,"pomeranian, Persian, Abyssinian, leonberger, British_Shorthair",False,False
pomeranian_68,pomeranian,Ragdoll,0.45530438,"Ragdoll, Persian, Birman, pomeranian, Sphynx",False,True
saint_bernard_195,saint_bernard,japanese_chin,0.54240984,"japanese_chin, saint_bernard, english_cocker_spaniel, american_bulldog, beagle",False,True
english_setter_147,english_setter,english_setter,0.5550671,"english_setter, english_cocker_spaniel, wheaten_terrier, Egyptian_Mau, Maine_Coon",True,True
basset_hound_188,basset_hound,Bombay,0.3016852,"Bombay, boxer, staffordshire_bull_terrier, scottish_terrier, miniature_pinscher",False,False
havanese_6,havanese,havanese,0.67077255,"havanese, wheaten_terrier, english_setter, english_cocker_spaniel, scottish_terrier",True,True
pug_155,pug,pug,0.9228129,"pug, american_bulldog, chihuahua, american_pit_bull_terrier, staffordshire_bull_terrier",True,True
english_cocker_spaniel_91,english_cocker_spaniel,english_cocker_spaniel,0.5712323,"english_cocker_spaniel, english_setter, german_shorthaired, wheaten_terrier, yorkshire_terrier",True,True
chihuahua_23,chihuahua,american_pit_bull_terrier,0.45585138,"american_pit_bull_terrier, miniature_pinscher, beagle, chihuahua, shiba_inu",False,True
english_setter_179,english_setter,samoyed,0.36446303,"samoyed, great_pyrenees, pomeranian, Ragdoll, Persian",False,False
chihuahua_160,chihuahua,beagle,0.42828244,"beagle, chihuahua, american_bulldog, american_pit_bull_terrier, Sphynx",False,True
Ragdoll_257,Ragdoll,Persian,0.32980195,"Persian, pomeranian, samoyed, great_pyrenees, wheaten_terrier",False,False
British_Shorthair_10,British_Shorthair,British_Shorthair,0.8166852,"British_Shorthair, Russian_Blue, Egyptian_Mau, Abyssinian, Maine_Coon",True,True
japanese_chin_43,japanese_chin,japanese_chin,0.67235386,"japanese_chin, saint_bernard, havanese, english_cocker_spaniel, english_setter",True,True
Ragdoll_139,Ragdoll,Ragdoll,0.45535588,"Ragdoll, pomeranian, Birman, japanese_chin, samoyed",True,True
chihuahua_92,chihuahua,chihuahua,0.19032648,"chihuahua, miniature_pinscher, yorkshire_terrier, boxer, american_pit_bull_terrier",True,True
keeshond_124,keeshond,keeshond,0.37141225,"keeshond, scottish_terrier, Siamese, Bombay, leonberger",True,True
miniature_pinscher_105,miniature_pinscher,miniature_pinscher,0.5044731,"miniature_pinscher, boxer, american_pit_bull_terrier, basset_hound, staffordshire_bull_terrier",True,True
american_pit_bull_terrier_162,american_pit_bull_terrier,great_pyrenees,0.34279826,"great_pyrenees, american_pit_bull_terrier, samoyed, american_bulldog, shiba_inu",False,True
pug_108,pug,pug,0.18367472,"pug, american_bulldog, american_pit_bull_terrier, boxer, beagle",True,True
american_pit_bull_terrier_15,american_pit_bull_terrier,staffordshire_bull_terrier,0.39047125,"staffordshire_bull_terrier, miniature_pinscher, boxer, german_shorthaired, american_pit_bull_terrier",False,True
english_cocker_spaniel_60,english_cocker_spaniel,english_cocker_spaniel,0.33753905,"english_cocker_spaniel, yorkshire_terrier, english_setter, wheaten_terrier, Maine_Coon",True,True
staffordshire_bull_terrier_15,staffordshire_bull_terrier,staffordshire_bull_terrier,0.5985071,"staffordshire_bull_terrier, scottish_terrier, german_shorthaired, newfoundland, english_cocker_spaniel",True,True
miniature_pinscher_61,miniature_pinscher,miniature_pinscher,0.8754949,"miniature_pinscher, Bombay, Abyssinian, boxer, chihuahua",True,True
american_bulldog_207,american_bulldog,great_pyrenees,0.31365877,"great_pyrenees, american_bulldog, american_pit_bull_terrier, samoyed, pug",False,True
pomeranian_118,pomeranian,samoyed,0.36783555,"samoyed, Persian, pomeranian, Ragdoll, great_pyrenees",False,True
Sphynx_72,Sphynx,Sphynx,0.83127236,"Sphynx, Abyssinian, Russian_Blue, chihuahua, Egyptian_Mau",True,True
keeshond_71,keeshond,keeshond,0.33198136,"keeshond, leonberger, newfoundland, scottish_terrier, staffordshire_bull_terrier",True,True
basset_hound_85,basset_hound,basset_hound,0.41104606,"basset_hound, beagle, saint_bernard, boxer, american_pit_bull_terrier",True,True
samoyed_100,samoyed,samoyed,0.36551932,"samoyed, great_pyrenees, Ragdoll, pomeranian, Persian",True,True
Siamese_67,Siamese,scottish_terrier,0.18314718,"scottish_terrier, staffordshire_bull_terrier, american_bulldog, american_pit_bull_terrier, chihuahua",False,False
great_pyrenees_142,great_pyrenees,great_pyrenees,0.152976,"great_pyrenees, american_bulldog, samoyed, american_pit_bull_terrier, chihuahua",True,True
Persian_15,Persian,Persian,0.80698156,"Persian, Ragdoll, pomeranian, Maine_Coon, samoyed",True,True
pug_29,pug,pug,0.7759422,"pug, american_bulldog, chihuahua, staffordshire_bull_terrier, american_pit_bull_terrier",True,True
Persian_14,Persian,Persian,0.82326615,"Persian, Ragdoll, samoyed, Maine_Coon, pomeranian",True,True
japanese_chin_8,japanese_chin,Ragdoll,0.2673752,"Ragdoll, japanese_chin, havanese, Birman, keeshond",False,True
miniature_pinscher_164,miniature_pinscher,miniature_pinscher,0.93998545,"miniature_pinscher, boxer, chihuahua, Abyssinian, Siamese",True,True
pomeranian_7,pomeranian,leonberger,0.48257822,"leonberger, pomeranian, shiba_inu, yorkshire_terrier, wheaten_terrier",False,True
Bengal_9,Bengal,miniature_pinscher,0.36174995,"miniature_pinscher, Sphynx, chihuahua, Abyssinian, Bombay",False,False
Egyptian_Mau_224,Egyptian_Mau,Egyptian_Mau,0.86390316,"Egyptian_Mau, Bengal, Maine_Coon, german_shorthaired, Abyssinian",True,True
Bengal_141,Bengal,german_shorthaired,0.26107904,"german_shorthaired, Egyptian_Mau, Bengal, english_setter, english_cocker_spaniel",False,True
wheaten_terrier_19,wheaten_terrier,havanese,0.725561,"havanese, leonberger, yorkshire_terrier, japanese_chin, english_cocker_spaniel",False,False
Persian_108,Persian,Ragdoll,0.52663517,"Ragdoll, chihuahua, Birman, pomeranian, samoyed",False,False
shiba_inu_159,shiba_inu,leonberger,0.71668035,"leonberger, keeshond, newfoundland, Bombay, Siamese",False,False
Bombay_43,Bombay,Bombay,0.46241105,"Bombay, miniature_pinscher, scottish_terrier, boxer, newfoundland",True,True
Persian_101,Persian,Persian,0.4310426,"Persian, Maine_Coon, Abyssinian, Ragdoll, British_Shorthair",True,True
staffordshire_bull_terrier_45,staffordshire_bull_terrier,american_pit_bull_terrier,0.33572552,"american_pit_bull_terrier, chihuahua, staffordshire_bull_terrier, american_bulldog, boxer",False,True
english_cocker_spaniel_185,english_cocker_spaniel,wheaten_terrier,0.17502044,"wheaten_terrier, english_cocker_spaniel, havanese, pomeranian, japanese_chin",False,True
american_bulldog_152,american_bulldog,boxer,0.28284016,"boxer, saint_bernard, staffordshire_bull_terrier, Bombay, beagle",False,False
Abyssinian_114,Abyssinian,Abyssinian,0.5522113,"Abyssinian, Sphynx, miniature_pinscher, Maine_Coon, chihuahua",True,True
wheaten_terrier_114,wheaten_terrier,British_Shorthair,0.12913564,"British_Shorthair, wheaten_terrier, english_cocker_spaniel, english_setter, Egyptian_Mau",False,True
leonberger_185,leonberger,leonberger,0.72438467,"leonberger, pomeranian, keeshond, japanese_chin, newfoundland",True,True
Persian_17,Persian,Persian,0.43901172,"Persian, keeshond, pomeranian, Ragdoll, Maine_Coon",True,True
Birman_129,Birman,Birman,0.59169096,"Birman, Siamese, Ragdoll, keeshond, pomeranian",True,True
Egyptian_Mau_142,Egyptian_Mau,Sphynx,0.28784412,"Sphynx, Abyssinian, Maine_Coon, Persian, Russian_Blue",False,False
Bombay_22,Bombay,Bombay,0.6120613,"Bombay, scottish_terrier, Siamese, miniature_pinscher, staffordshire_bull_terrier",True,True
scottish_terrier_105,scottish_terrier,shiba_inu,0.509704,"shiba_inu, pomeranian, american_pit_bull_terrier, chihuahua, wheaten_terrier",False,False
Egyptian_Mau_204,Egyptian_Mau,Egyptian_Mau,0.33057547,"Egyptian_Mau, Maine_Coon, Bengal, german_shorthaired, english_setter",True,True
english_setter_42,english_setter,english_setter,0.67613184,"english_setter, english_cocker_spaniel, havanese, yorkshire_terrier, wheaten_terrier",True,True
leonberger_34,leonberger,leonberger,0.6930572,"leonberger, newfoundland, english_cocker_spaniel, havanese, wheaten_terrier",True,True
Egyptian_Mau_162,Egyptian_Mau,Egyptian_Mau,0.6185167,"Egyptian_Mau, Bengal, Maine_Coon, Abyssinian, Sphynx",True,True
american_pit_bull_terrier_49,american_pit_bull_terrier,wheaten_terrier,0.22026774,"wheaten_terrier, yorkshire_terrier, boxer, english_cocker_spaniel, leonberger",False,False
japanese_chin_134,japanese_chin,japanese_chin,0.9678986,"japanese_chin, saint_bernard, Ragdoll, Birman, Siamese",True,True
Birman_24,Birman,Siamese,0.5515646,"Siamese, scottish_terrier, Bombay, Birman, chihuahua",False,True
Persian_200,Persian,Maine_Coon,0.7321834,"Maine_Coon, Persian, wheaten_terrier, Abyssinian, Egyptian_Mau",False,True
newfoundland_37,newfoundland,german_shorthaired,0.65009934,"german_shorthaired, staffordshire_bull_terrier, boxer, pug, english_cocker_spaniel",False,False
Sphynx_29,Sphynx,Sphynx,0.8377507,"Sphynx, chihuahua, Abyssinian, american_pit_bull_terrier, beagle",True,True
japanese_chin_132,japanese_chin,japanese_chin,0.51535136,"japanese_chin, saint_bernard, Ragdoll, american_bulldog, chihuahua",True,True
scottish_terrier_92,scottish_terrier,american_bulldog,0.1516554,"american_bulldog, american_pit_bull_terrier, german_shorthaired, great_pyrenees, english_setter",False,False
english_cocker_spaniel_11,english_cocker_spaniel,english_setter,0.71671045,"english_setter, english_cocker_spaniel, Egyptian_Mau, german_shorthaired, havanese",False,True
British_Shorthair_86,British_Shorthair,Sphynx,0.37866715,"Sphynx, Abyssinian, Egyptian_Mau, Russian_Blue, Bengal",False,False
staffordshire_bull_terrier_136,staffordshire_bull_terrier,japanese_chin,0.2665876,"japanese_chin, Ragdoll, samoyed, great_pyrenees, pomeranian",False,False
american_bulldog_41,american_bulldog,american_bulldog,0.43973073,"american_bulldog, saint_bernard, american_pit_bull_terrier, japanese_chin, staffordshire_bull_terrier",True,True
British_Shorthair_187,British_Shorthair,British_Shorthair,0.43234342,"British_Shorthair, Russian_Blue, Sphynx, Ragdoll, Abyssinian",True,True
chihuahua_95,chihuahua,beagle,0.31291744,"beagle, shiba_inu, american_pit_bull_terrier, basset_hound, american_bulldog",False,False
samoyed_123,samoyed,samoyed,0.2484126,"samoyed, shiba_inu, pomeranian, Ragdoll, chihuahua",True,True
pomeranian_18,pomeranian,samoyed,0.5072931,"samoyed, great_pyrenees, pug, american_bulldog, scottish_terrier",False,False
Persian_46,Persian,Persian,0.3832182,"Persian, Ragdoll, wheaten_terrier, havanese, Maine_Coon",True,True
yorkshire_terrier_198,yorkshire_terrier,yorkshire_terrier,0.8301031,"yorkshire_terrier, leonberger, pomeranian, havanese, english_cocker_spaniel",True,True
english_cocker_spaniel_59,english_cocker_spaniel,english_setter,0.22350799,"english_setter, english_cocker_spaniel, havanese, scottish_terrier, german_shorthaired",False,True
shiba_inu_144,shiba_inu,shiba_inu,0.6830574,"shiba_inu, pomeranian, american_pit_bull_terrier, chihuahua, beagle",True,True
havanese_185,havanese,havanese,0.4888757,"havanese, english_cocker_spaniel, english_setter, wheaten_terrier, yorkshire_terrier",True,True
staffordshire_bull_terrier_198,staffordshire_bull_terrier,staffordshire_bull_terrier,0.335354,"staffordshire_bull_terrier, german_shorthaired, boxer, american_pit_bull_terrier, english_cocker_spaniel",True,True
beagle_25,beagle,saint_bernard,0.33473372,"saint_bernard, beagle, basset_hound, japanese_chin, american_pit_bull_terrier",False,True
basset_hound_123,basset_hound,basset_hound,0.4439137,"basset_hound, beagle, saint_bernard, american_pit_bull_terrier, american_bulldog",True,True
german_shorthaired_84,german_shorthaired,german_shorthaired,0.69312036,"german_shorthaired, staffordshire_bull_terrier, english_cocker_spaniel, boxer, pug",True,True
scottish_terrier_91,scottish_terrier,pug,0.49027824,"pug, staffordshire_bull_terrier, miniature_pinscher, boxer, scottish_terrier",False,True
american_pit_bull_terrier_109,american_pit_bull_terrier,american_pit_bull_terrier,0.3249785,"american_pit_bull_terrier, american_bulldog, great_pyrenees, pug, chihuahua",True,True
Persian_189,Persian,Maine_Coon,0.5078754,"Maine_Coon, pomeranian, Persian, yorkshire_terrier, Ragdoll",False,True
Birman_121,Birman,Ragdoll,0.36992446,"Ragdoll, Siamese, Birman, Russian_Blue, Sphynx",False,True
beagle_181,beagle,beagle,0.27877805,"beagle, boxer, basset_hound, chihuahua, Sphynx",True,True
Sphynx_240,Sphynx,miniature_pinscher,0.12605673,"miniature_pinscher, chihuahua, american_pit_bull_terrier, staffordshire_bull_terrier, Abyssinian",False,False
german_shorthaired_184,german_shorthaired,Maine_Coon,0.12106765,"Maine_Coon, american_pit_bull_terrier, Bengal, english_setter, wheaten_terrier",False,False
english_cocker_spaniel_141,english_cocker_spaniel,scottish_terrier,0.7721538,"scottish_terrier, newfoundland, english_cocker_spaniel, staffordshire_bull_terrier, Bombay",False,True
beagle_136,beagle,japanese_chin,0.4270817,"japanese_chin, beagle, chihuahua, american_pit_bull_terrier, boxer",False,True
Ragdoll_199,Ragdoll,Ragdoll,0.6421241,"Ragdoll, Birman, Siamese, Persian, keeshond",True,True
yorkshire_terrier_194,yorkshire_terrier,wheaten_terrier,0.61098397,"wheaten_terrier, english_cocker_spaniel, havanese, yorkshire_terrier, english_setter",False,True
leonberger_184,leonberger,leonberger,0.7252288,"leonberger, keeshond, wheaten_terrier, newfoundland, havanese",True,True
great_pyrenees_121,great_pyrenees,samoyed,0.56404006,"samoyed, great_pyrenees, american_bulldog, japanese_chin, Ragdoll",False,True
english_setter_117,english_setter,great_pyrenees,0.5729964,"great_pyrenees, american_bulldog, pug, saint_bernard, english_setter",False,True
newfoundland_118,newfoundland,havanese,0.5819668,"havanese, english_cocker_spaniel, english_setter, scottish_terrier, wheaten_terrier",False,False
newfoundland_87,newfoundland,scottish_terrier,0.46549937,"scottish_terrier, newfoundland, english_cocker_spaniel, havanese, keeshond",False,True
newfoundland_41,newfoundland,newfoundland,0.33055082,"newfoundland, english_cocker_spaniel, havanese, leonberger, yorkshire_terrier",True,True
leonberger_170,leonberger,pomeranian,0.5792383,"pomeranian, shiba_inu, american_pit_bull_terrier, leonberger, saint_bernard",False,True
pug_145,pug,pug,0.85559434,"pug, english_setter, english_cocker_spaniel, german_shorthaired, havanese",True,True
pomeranian_32,pomeranian,pomeranian,0.11389318,"pomeranian, Sphynx, Siamese, Abyssinian, Birman",True,True
chihuahua_140,chihuahua,Sphynx,0.34796628,"Sphynx, chihuahua, american_bulldog, american_pit_bull_terrier, Ragdoll",False,True
english_setter_123,english_setter,english_cocker_spaniel,0.24186958,"english_cocker_spaniel, english_setter, wheaten_terrier, havanese, german_shorthaired",False,True
american_bulldog_189,american_bulldog,american_bulldog,0.70824593,"american_bulldog, pug, american_pit_bull_terrier, saint_bernard, staffordshire_bull_terrier",True,True
american_pit_bull_terrier_155,american_pit_bull_terrier,beagle,0.62254405,"beagle, american_pit_bull_terrier, american_bulldog, saint_bernard, basset_hound",False,True
american_bulldog_28,american_bulldog,great_pyrenees,0.42980993,"great_pyrenees, samoyed, wheaten_terrier, american_bulldog, British_Shorthair",False,True
wheaten_terrier_65,wheaten_terrier,wheaten_terrier,0.6373087,"wheaten_terrier, english_setter, german_shorthaired, english_cocker_spaniel, american_pit_bull_terrier",True,True
american_pit_bull_terrier_78,american_pit_bull_terrier,american_pit_bull_terrier,0.16364188,"american_pit_bull_terrier, Sphynx, chihuahua, boxer, shiba_inu",True,True
german_shorthaired_4,german_shorthaired,english_cocker_spaniel,0.14694744,"english_cocker_spaniel, english_setter, american_pit_bull_terrier, german_shorthaired, staffordshire_bull_terrier",False,True
scottish_terrier_123,scottish_terrier,scottish_terrier,0.32058102,"scottish_terrier, havanese, english_cocker_spaniel, yorkshire_terrier, japanese_chin",True,True
great_pyrenees_113,great_pyrenees,great_pyrenees,0.58492565,"great_pyrenees, wheaten_terrier, havanese, english_setter, scottish_terrier",True,True
english_setter_118,english_setter,american_bulldog,0.29335603,"american_bulldog, english_setter, great_pyrenees, american_pit_bull_terrier, saint_bernard",False,True
Egyptian_Mau_74,Egyptian_Mau,Maine_Coon,0.56981647,"Maine_Coon, english_setter, Egyptian_Mau, Bengal, english_cocker_spaniel",False,True
Maine_Coon_111,Maine_Coon,Ragdoll,0.37509036,"Ragdoll, Maine_Coon, Persian, Birman, Siamese",False,True
american_bulldog_67,american_bulldog,american_pit_bull_terrier,0.23266603,"american_pit_bull_terrier, american_bulldog, beagle, boxer, german_shorthaired",False,True
Ragdoll_162,Ragdoll,chihuahua,0.24231382,"chihuahua, Ragdoll, shiba_inu, Sphynx, Maine_Coon",False,True
wheaten_terrier_194,wheaten_terrier,wheaten_terrier,0.8469319,"wheaten_terrier, havanese, great_pyrenees, scottish_terrier, Persian",True,True
english_setter_62,english_setter,english_setter,0.61254984,"english_setter, english_cocker_spaniel, german_shorthaired, wheaten_terrier, yorkshire_terrier",True,True
staffordshire_bull_terrier_48,staffordshire_bull_terrier,english_setter,0.532863,"english_setter, german_shorthaired, english_cocker_spaniel, basset_hound, staffordshire_bull_terrier",False,True
Sphynx_25,Sphynx,Sphynx,0.89405674,"Sphynx, chihuahua, Abyssinian, Ragdoll, Siamese",True,True
Birman_65,Birman,Birman,0.76638985,"Birman, Siamese, Ragdoll, keeshond, chihuahua",True,True
havanese_27,havanese,havanese,0.8360882,"havanese, english_setter, english_cocker_spaniel, japanese_chin, scottish_terrier",True,True
chihuahua_126,chihuahua,chihuahua,0.44660896,"chihuahua, shiba_inu, beagle, miniature_pinscher, Sphynx",True,True
British_Shorthair_27,British_Shorthair,British_Shorthair,0.48926312,"British_Shorthair, Russian_Blue, Bombay, Siamese, Abyssinian",True,True
Bombay_39,Bombay,miniature_pinscher,0.2465813,"miniature_pinscher, boxer, Siamese, staffordshire_bull_terrier, Bombay",False,True
leonberger_49,leonberger,leonberger,0.90116066,"leonberger, keeshond, wheaten_terrier, pomeranian, havanese",True,True
Egyptian_Mau_53,Egyptian_Mau,Egyptian_Mau,0.34118798,"Egyptian_Mau, Maine_Coon, Bengal, Abyssinian, Persian",True,True
german_shorthaired_141,german_shorthaired,pug,0.3022045,"pug, boxer, staffordshire_bull_terrier, english_cocker_spaniel, german_shorthaired",False,True
Siamese_149,Siamese,Siamese,0.5225286,"Siamese, Bombay, Russian_Blue, miniature_pinscher, Abyssinian",True,True
Maine_Coon_196,Maine_Coon,Maine_Coon,0.6793306,"Maine_Coon, Bengal, Abyssinian, Persian, yorkshire_terrier",True,True
boxer_163,boxer,american_bulldog,0.49472216,"american_bulldog, beagle, american_pit_bull_terrier, Sphynx, chihuahua",False,False
saint_bernard_192,saint_bernard,american_bulldog,0.488079,"american_bulldog, saint_bernard, great_pyrenees, american_pit_bull_terrier, english_setter",False,True
pug_63,pug,pug,0.31679776,"pug, american_bulldog, american_pit_bull_terrier, english_cocker_spaniel, german_shorthaired",True,True
Ragdoll_135,Ragdoll,Birman,0.45260942,"Birman, japanese_chin, Ragdoll, Siamese, pomeranian",False,True
pug_17,pug,pug,0.848001,"pug, staffordshire_bull_terrier, boxer, english_cocker_spaniel, american_bulldog",True,True
keeshond_200,keeshond,pomeranian,0.44216242,"pomeranian, keeshond, leonberger, Birman, Persian",False,True
Birman_18,Birman,Birman,0.713256,"Birman, Ragdoll, Siamese, japanese_chin, samoyed",True,True
Egyptian_Mau_119,Egyptian_Mau,Egyptian_Mau,0.97468805,"Egyptian_Mau, Maine_Coon, Bengal, Persian, english_setter",True,True
pomeranian_178,pomeranian,pomeranian,0.48644987,"pomeranian, Ragdoll, Persian, Birman, havanese",True,True
British_Shorthair_116,British_Shorthair,British_Shorthair,0.66384226,"British_Shorthair, Russian_Blue, Bombay, Abyssinian, Egyptian_Mau",True,True
japanese_chin_28,japanese_chin,japanese_chin,0.6414365,"japanese_chin, saint_bernard, beagle, american_bulldog, basset_hound",True,True
yorkshire_terrier_162,yorkshire_terrier,yorkshire_terrier,0.8002425,"yorkshire_terrier, havanese, Maine_Coon, scottish_terrier, wheaten_terrier",True,True
pug_195,pug,american_bulldog,0.5715619,"american_bulldog, pug, american_pit_bull_terrier, saint_bernard, great_pyrenees",False,True
newfoundland_99,newfoundland,scottish_terrier,0.52938163,"scottish_terrier, newfoundland, english_cocker_spaniel, havanese, staffordshire_bull_terrier",False,True
Abyssinian_106,Abyssinian,Abyssinian,0.6327218,"Abyssinian, Maine_Coon, Sphynx, chihuahua, Persian",True,True
boxer_46,boxer,shiba_inu,0.27785832,"shiba_inu, american_pit_bull_terrier, pomeranian, beagle, samoyed",False,False
american_bulldog_80,american_bulldog,great_pyrenees,0.22637787,"great_pyrenees, english_setter, wheaten_terrier, english_cocker_spaniel, havanese",False,False
havanese_74,havanese,Persian,0.465771,"Persian, Ragdoll, pomeranian, samoyed, Birman",False,False
boxer_67,boxer,saint_bernard,0.47265083,"saint_bernard, japanese_chin, american_bulldog, boxer, pug",False,True
pug_26,pug,pug,0.7616812,"pug, Egyptian_Mau, english_setter, german_shorthaired, Bengal",True,True
samoyed_198,samoyed,samoyed,0.59429497,"samoyed, Persian, Ragdoll, pomeranian, shiba_inu",True,True
american_bulldog_99,american_bulldog,pug,0.3823415,"pug, american_bulldog, saint_bernard, english_cocker_spaniel, boxer",False,True
shiba_inu_58,shiba_inu,shiba_inu,0.73887604,"shiba_inu, pomeranian, american_pit_bull_terrier, chihuahua, beagle",True,True
Bengal_187,Bengal,Bengal,0.9854407,"Bengal, Egyptian_Mau, Maine_Coon, Abyssinian, english_setter",True,True
samoyed_179,samoyed,great_pyrenees,0.43182567,"great_pyrenees, samoyed, american_bulldog, american_pit_bull_terrier, Birman",False,True
Persian_176,Persian,Persian,0.3685878,"Persian, Maine_Coon, Ragdoll, havanese, wheaten_terrier",True,True
american_pit_bull_terrier_35,american_pit_bull_terrier,staffordshire_bull_terrier,0.41273963,"staffordshire_bull_terrier, german_shorthaired, boxer, basset_hound, american_pit_bull_terrier",False,True
havanese_65,havanese,havanese,0.29384425,"havanese, wheaten_terrier, great_pyrenees, english_setter, scottish_terrier",True,True
Egyptian_Mau_67,Egyptian_Mau,Sphynx,0.28431633,"Sphynx, Abyssinian, Egyptian_Mau, Maine_Coon, Russian_Blue",False,True
english_setter_174,english_setter,english_setter,0.38180065,"english_setter, english_cocker_spaniel, german_shorthaired, Bengal, american_pit_bull_terrier",True,True
Siamese_182,Siamese,Ragdoll,0.32344446,"Ragdoll, Birman, shiba_inu, chihuahua, Siamese",False,True
english_cocker_spaniel_86,english_cocker_spaniel,chihuahua,0.19722432,"chihuahua, shiba_inu, pomeranian, american_pit_bull_terrier, beagle",False,False
samoyed_82,samoyed,samoyed,0.83354145,"samoyed, Persian, Ragdoll, pomeranian, great_pyrenees",True,True
newfoundland_97,newfoundland,english_cocker_spaniel,0.5654233,"english_cocker_spaniel, english_setter, havanese, wheaten_terrier, yorkshire_terrier",False,False
Maine_Coon_169,Maine_Coon,Maine_Coon,0.6454637,"Maine_Coon, Persian, pomeranian, yorkshire_terrier, Ragdoll",True,True
american_pit_bull_terrier_199,american_pit_bull_terrier,staffordshire_bull_terrier,0.7035227,"staffordshire_bull_terrier, german_shorthaired, pug, american_pit_bull_terrier, english_cocker_spaniel",False,True
Maine_Coon_269,Maine_Coon,Persian,0.76156056,"Persian, Maine_Coon, wheaten_terrier, Abyssinian, Ragdoll",False,True
Ragdoll_48,Ragdoll,Ragdoll,0.4351929,"Ragdoll, Persian, Maine_Coon, Sphynx, samoyed",True,True
great_pyrenees_51,great_pyrenees,great_pyrenees,0.76116705,"great_pyrenees, samoyed, pomeranian, japanese_chin, Ragdoll",True,True
saint_bernard_120,saint_bernard,saint_bernard,0.3794195,"saint_bernard, american_bulldog, great_pyrenees, samoyed, japanese_chin",True,True
english_setter_91,english_setter,german_shorthaired,0.9062029,"german_shorthaired, english_setter, american_pit_bull_terrier, staffordshire_bull_terrier, Egyptian_Mau",False,True
pomeranian_140,pomeranian,pomeranian,0.47989747,"pomeranian, leonberger, yorkshire_terrier, Persian, wheaten_terrier",True,True
havanese_92,havanese,havanese,0.8929305,"havanese, wheaten_terrier, english_cocker_spaniel, english_setter, yorkshire_terrier",True,True
Sphynx_90,Sphynx,British_Shorthair,0.3079694,"British_Shorthair, Bombay, scottish_terrier, boxer, great_pyrenees",False,False
american_pit_bull_terrier_100,american_pit_bull_terrier,american_bulldog,0.32871142,"american_bulldog, samoyed, great_pyrenees, american_pit_bull_terrier, saint_bernard",False,True
Ragdoll_104,Ragdoll,Ragdoll,0.41615638,"Ragdoll, Birman, Siamese, chihuahua, pomeranian",True,True
american_bulldog_127,american_bulldog,saint_bernard,0.2750118,"saint_bernard, american_pit_bull_terrier, beagle, american_bulldog, english_setter",False,True
yorkshire_terrier_2,yorkshire_terrier,leonberger,0.20404296,"leonberger, american_pit_bull_terrier, wheaten_terrier, pomeranian, shiba_inu",False,False
english_setter_114,english_setter,english_setter,0.8986695,"english_setter, english_cocker_spaniel, german_shorthaired, havanese, wheaten_terrier",True,True
havanese_22,havanese,wheaten_terrier,0.71570796,"wheaten_terrier, havanese, english_setter, english_cocker_spaniel, great_pyrenees",False,True
British_Shorthair_126,British_Shorthair,Bengal,0.16158159,"Bengal, american_pit_bull_terrier, chihuahua, shiba_inu, beagle",False,False
basset_hound_144,basset_hound,beagle,0.3254601,"beagle, american_pit_bull_terrier, german_shorthaired, basset_hound, shiba_inu",False,True
pug_21,pug,pug,0.9910959,"pug, english_setter, staffordshire_bull_terrier, havanese, Siamese",True,True
Sphynx_8,Sphynx,Sphynx,0.6293224,"Sphynx, chihuahua, american_bulldog, pug, shiba_inu",True,True
japanese_chin_32,japanese_chin,saint_bernard,0.45428398,"saint_bernard, japanese_chin, american_bulldog, great_pyrenees, Ragdoll",False,True
Maine_Coon_102,Maine_Coon,Maine_Coon,0.6632973,"Maine_Coon, Abyssinian, Persian, Bengal, yorkshire_terrier",True,True
Birman_179,Birman,keeshond,0.38152915,"keeshond, scottish_terrier, havanese, pug, leonberger",False,False
japanese_chin_167,japanese_chin,japanese_chin,0.42821428,"japanese_chin, saint_bernard, beagle, basset_hound, english_setter",True,True
beagle_13,beagle,beagle,0.3479634,"beagle, shiba_inu, pomeranian, chihuahua, japanese_chin",True,True
staffordshire_bull_terrier_21,staffordshire_bull_terrier,english_cocker_spaniel,0.35891354,"english_cocker_spaniel, german_shorthaired, english_setter, boxer, wheaten_terrier",False,False
Siamese_158,Siamese,Siamese,0.29313532,"Siamese, Ragdoll, Birman, Sphynx, chihuahua",True,True
american_bulldog_172,american_bulldog,american_bulldog,0.38189256,"american_bulldog, american_pit_bull_terrier, saint_bernard, chihuahua, beagle",True,True
great_pyrenees_4,great_pyrenees,great_pyrenees,0.42568836,"great_pyrenees, scottish_terrier, wheaten_terrier, havanese, Persian",True,True
basset_hound_198,basset_hound,basset_hound,0.24320155,"basset_hound, beagle, american_pit_bull_terrier, boxer, german_shorthaired",True,True
boxer_83,boxer,miniature_pinscher,0.39167592,"miniature_pinscher, boxer, basset_hound, american_pit_bull_terrier, staffordshire_bull_terrier",False,True
Abyssinian_201,Abyssinian,american_pit_bull_terrier,0.31518158,"american_pit_bull_terrier, shiba_inu, chihuahua, boxer, miniature_pinscher",False,False
Birman_81,Birman,Birman,0.45865443,"Birman, Ragdoll, Siamese, chihuahua, Persian",True,True
japanese_chin_128,japanese_chin,japanese_chin,0.93538654,"japanese_chin, Ragdoll, Birman, Siamese, havanese",True,True
english_cocker_spaniel_94,english_cocker_spaniel,english_cocker_spaniel,0.66020846,"english_cocker_spaniel, newfoundland, staffordshire_bull_terrier, scottish_terrier, german_shorthaired",True,True
keeshond_177,keeshond,Birman,0.2813065,"Birman, keeshond, Ragdoll, Siamese, Maine_Coon",False,True
staffordshire_bull_terrier_86,staffordshire_bull_terrier,american_bulldog,0.68771034,"american_bulldog, saint_bernard, great_pyrenees, american_pit_bull_terrier, japanese_chin",False,False
Bombay_94,Bombay,Bombay,0.7959261,"Bombay, scottish_terrier, miniature_pinscher, boxer, Russian_Blue",True,True
Siamese_65,Siamese,Siamese,0.48842588,"Siamese, Birman, Ragdoll, chihuahua, Sphynx",True,True
staffordshire_bull_terrier_70,staffordshire_bull_terrier,boxer,0.24505529,"boxer, basset_hound, english_cocker_spaniel, leonberger, staffordshire_bull_terrier",False,True
British_Shorthair_101,British_Shorthair,Russian_Blue,0.70690805,"Russian_Blue, British_Shorthair, Abyssinian, Sphynx, Bombay",False,True
beagle_166,beagle,basset_hound,0.30891457,"basset_hound, beagle, shiba_inu, boxer, american_pit_bull_terrier",False,True
leonberger_41,leonberger,leonberger,0.547393,"leonberger, miniature_pinscher, boxer, staffordshire_bull_terrier, keeshond",True,True
japanese_chin_178,japanese_chin,Maine_Coon,0.23733287,"Maine_Coon, chihuahua, Ragdoll, yorkshire_terrier, Persian",False,False
havanese_88,havanese,havanese,0.39532766,"havanese, yorkshire_terrier, keeshond, leonberger, wheaten_terrier",True,True
Bombay_134,Bombay,Bombay,0.71721655,"Bombay, Russian_Blue, Siamese, scottish_terrier, Sphynx",True,True
staffordshire_bull_terrier_77,staffordshire_bull_terrier,american_bulldog,0.5215225,"american_bulldog, great_pyrenees, american_pit_bull_terrier, saint_bernard, english_setter",False,False
boxer_84,boxer,english_setter,0.28274447,"english_setter, american_bulldog, pug, saint_bernard, english_cocker_spaniel",False,False
Siamese_6,Siamese,Sphynx,0.18016101,"Sphynx, Abyssinian, chihuahua, Siamese, miniature_pinscher",False,True
pug_161,pug,pug,0.7832809,"pug, german_shorthaired, Egyptian_Mau, boxer, staffordshire_bull_terrier",True,True
newfoundland_29,newfoundland,staffordshire_bull_terrier,0.24802664,"staffordshire_bull_terrier, boxer, Bombay, german_shorthaired, american_pit_bull_terrier",False,False
miniature_pinscher_198,miniature_pinscher,american_pit_bull_terrier,0.27447683,"american_pit_bull_terrier, miniature_pinscher, Abyssinian, boxer, chihuahua",False,True
British_Shorthair_173,British_Shorthair,Russian_Blue,0.31957823,"Russian_Blue, Sphynx, British_Shorthair, Abyssinian, chihuahua",False,True
basset_hound_116,basset_hound,saint_bernard,0.29863638,"saint_bernard, american_pit_bull_terrier, staffordshire_bull_terrier, american_bulldog, japanese_chin",False,False
saint_bernard_74,saint_bernard,japanese_chin,0.5886926,"japanese_chin, saint_bernard, beagle, pomeranian, basset_hound",False,True
english_setter_127,english_setter,english_setter,0.5673659,"english_setter, Egyptian_Mau, pug, wheaten_terrier, english_cocker_spaniel",True,True
Bombay_102,Bombay,Bombay,0.87491554,"Bombay, Siamese, scottish_terrier, Russian_Blue, staffordshire_bull_terrier",True,True
great_pyrenees_165,great_pyrenees,great_pyrenees,0.53283614,"great_pyrenees, havanese, japanese_chin, pomeranian, wheaten_terrier",True,True
Siamese_195,Siamese,Siamese,0.7072118,"Siamese, Birman, Ragdoll, Sphynx, chihuahua",True,True
miniature_pinscher_77,miniature_pinscher,miniature_pinscher,0.95748574,"miniature_pinscher, Sphynx, chihuahua, Siamese, boxer",True,True
Egyptian_Mau_52,Egyptian_Mau,Egyptian_Mau,0.5214735,"Egyptian_Mau, Maine_Coon, Bengal, yorkshire_terrier, Abyssinian",True,True
shiba_inu_153,shiba_inu,beagle,0.60891235,"beagle, shiba_inu, american_pit_bull_terrier, chihuahua, saint_bernard",False,True
great_pyrenees_107,great_pyrenees,great_pyrenees,0.86240995,"great_pyrenees, american_bulldog, samoyed, havanese, wheaten_terrier",True,True
British_Shorthair_104,British_Shorthair,Abyssinian,0.42652243,"Abyssinian, Maine_Coon, British_Shorthair, Persian, Bengal",False,True
British_Shorthair_87,British_Shorthair,Sphynx,0.26020995,"Sphynx, Maine_Coon, British_Shorthair, Egyptian_Mau, Abyssinian",False,True
saint_bernard_175,saint_bernard,beagle,0.6367658,"beagle, basset_hound, saint_bernard, american_pit_bull_terrier, boxer",False,True
boxer_12,boxer,boxer,0.29935482,"boxer, staffordshire_bull_terrier, leonberger, american_pit_bull_terrier, german_shorthaired",True,True
Bengal_33,Bengal,Bengal,0.6886276,"Bengal, Abyssinian, miniature_pinscher, german_shorthaired, boxer",True,True
Abyssinian_149,Abyssinian,Abyssinian,0.6766328,"Abyssinian, Maine_Coon, Bengal, British_Shorthair, miniature_pinscher",True,True
Abyssinian_66,Abyssinian,Sphynx,0.29922432,"Sphynx, Abyssinian, Siamese, chihuahua, Ragdoll",False,True
pomeranian_69,pomeranian,pomeranian,0.93039584,"pomeranian, shiba_inu, Persian, Ragdoll, chihuahua",True,True
Birman_32,Birman,Birman,0.5032616,"Birman, keeshond, Siamese, japanese_chin, Ragdoll",True,True
boxer_85,boxer,japanese_chin,0.53356165,"japanese_chin, Ragdoll, pomeranian, saint_bernard, samoyed",False,False
British_Shorthair_185,British_Shorthair,British_Shorthair,0.6979087,"British_Shorthair, Russian_Blue, Abyssinian, Sphynx, Ragdoll",True,True
staffordshire_bull_terrier_53,staffordshire_bull_terrier,staffordshire_bull_terrier,0.34548903,"staffordshire_bull_terrier, boxer, german_shorthaired, american_pit_bull_terrier, english_cocker_spaniel",True,True
British_Shorthair_172,British_Shorthair,British_Shorthair,0.5879782,"British_Shorthair, Russian_Blue, Ragdoll, Siamese, Egyptian_Mau",True,True
Russian_Blue_101,Russian_Blue,Russian_Blue,0.6747309,"Russian_Blue, British_Shorthair, Abyssinian, Sphynx, Siamese",True,True
staffordshire_bull_terrier_72,staffordshire_bull_terrier,chihuahua,0.3759633,"chihuahua, Sphynx, Siamese, beagle, shiba_inu",False,False
staffordshire_bull_terrier_2,staffordshire_bull_terrier,staffordshire_bull_terrier,0.5067766,"staffordshire_bull_terrier, german_shorthaired, american_pit_bull_terrier, boxer, Bengal",True,True
pomeranian_194,pomeranian,Persian,0.32616252,"Persian, samoyed, Ragdoll, pomeranian, Maine_Coon",False,True
american_bulldog_184,american_bulldog,samoyed,0.25129586,"samoyed, British_Shorthair, american_bulldog, Russian_Blue, great_pyrenees",False,True
Ragdoll_30,Ragdoll,Ragdoll,0.55464953,"Ragdoll, Birman, Siamese, pug, Maine_Coon",True,True
pomeranian_195,pomeranian,pomeranian,0.6458753,"pomeranian, Persian, Ragdoll, japanese_chin, Maine_Coon",True,True
Birman_9,Birman,Birman,0.4674775,"Birman, Ragdoll, Siamese, japanese_chin, pomeranian",True,True
Siamese_153,Siamese,chihuahua,0.44002184,"chihuahua, Siamese, Sphynx, shiba_inu, american_pit_bull_terrier",False,True
Bombay_180,Bombay,Bombay,0.8102465,"Bombay, Siamese, miniature_pinscher, scottish_terrier, staffordshire_bull_terrier",True,True
Sphynx_211,Sphynx,pug,0.36037236,"pug, chihuahua, Sphynx, Bengal, Egyptian_Mau",False,True
english_setter_161,english_setter,english_setter,0.23891218,"english_setter, wheaten_terrier, Maine_Coon, english_cocker_spaniel, havanese",True,True
British_Shorthair_112,British_Shorthair,Russian_Blue,0.6698485,"Russian_Blue, British_Shorthair, Sphynx, Abyssinian, Egyptian_Mau",False,True
boxer_113,boxer,saint_bernard,0.5659839,"saint_bernard, basset_hound, beagle, japanese_chin, boxer",False,True
yorkshire_terrier_99,yorkshire_terrier,keeshond,0.57441795,"keeshond, leonberger, Russian_Blue, Siamese, staffordshire_bull_terrier",False,False
newfoundland_84,newfoundland,newfoundland,0.66428214,"newfoundland, staffordshire_bull_terrier, scottish_terrier, english_cocker_spaniel, leonberger",True,True
basset_hound_121,basset_hound,beagle,0.44792405,"beagle, basset_hound, boxer, saint_bernard, american_pit_bull_terrier",False,True
Bombay_214,Bombay,Bombay,0.6420102,"Bombay, Sphynx, Siamese, Persian, Abyssinian",True,True
Russian_Blue_186,Russian_Blue,Russian_Blue,0.58219224,"Russian_Blue, British_Shorthair, Sphynx, Abyssinian, american_pit_bull_terrier",True,True
Ragdoll_126,Ragdoll,Ragdoll,0.68507344,"Ragdoll, Birman, Siamese, chihuahua, Maine_Coon",True,True
saint_bernard_170,saint_bernard,german_shorthaired,0.31021628,"german_shorthaired, boxer, english_cocker_spaniel, staffordshire_bull_terrier, basset_hound",False,False
Birman_64,Birman,Ragdoll,0.32951322,"Ragdoll, Persian, Birman, pomeranian, Siamese",False,True
staffordshire_bull_terrier_150,staffordshire_bull_terrier,staffordshire_bull_terrier,0.33673778,"staffordshire_bull_terrier, american_bulldog, american_pit_bull_terrier, saint_bernard, german_shorthaired",True,True
staffordshire_bull_terrier_41,staffordshire_bull_terrier,saint_bernard,0.7219578,"saint_bernard, basset_hound, beagle, boxer, american_bulldog",False,False
english_cocker_spaniel_152,english_cocker_spaniel,english_cocker_spaniel,0.59009504,"english_cocker_spaniel, german_shorthaired, boxer, english_setter, newfoundland",True,True
Persian_202,Persian,Maine_Coon,0.6941853,"Maine_Coon, Persian, Bengal, Egyptian_Mau, Abyssinian",False,True
saint_bernard_105,saint_bernard,beagle,0.31258577,"beagle, basset_hound, boxer, pomeranian, leonberger",False,False
japanese_chin_35,japanese_chin,saint_bernard,0.29397663,"saint_bernard, american_bulldog, beagle, japanese_chin, american_pit_bull_terrier",False,True
japanese_chin_19,japanese_chin,japanese_chin,0.9588486,"japanese_chin, Ragdoll, Birman, Siamese, pomeranian",True,True
British_Shorthair_21,British_Shorthair,Ragdoll,0.64289534,"Ragdoll, Maine_Coon, Birman, Persian, Siamese",False,False
american_bulldog_57,american_bulldog,american_bulldog,0.29415187,"american_bulldog, saint_bernard, pug, staffordshire_bull_terrier, english_cocker_spaniel",True,True
american_bulldog_158,american_bulldog,american_pit_bull_terrier,0.15226488,"american_pit_bull_terrier, american_bulldog, great_pyrenees, pug, samoyed",False,True
yorkshire_terrier_88,yorkshire_terrier,yorkshire_terrier,0.479669,"yorkshire_terrier, english_cocker_spaniel, english_setter, wheaten_terrier, leonberger",True,True
samoyed_135,samoyed,samoyed,0.4946245,"samoyed, great_pyrenees, american_bulldog, american_pit_bull_terrier, saint_bernard",True,True
english_setter_51,english_setter,wheaten_terrier,0.3609059,"wheaten_terrier, english_cocker_spaniel, havanese, english_setter, leonberger",False,True
Persian_78,Persian,Ragdoll,0.28321713,"Ragdoll, Birman, japanese_chin, Siamese, pomeranian",False,False
Siamese_159,Siamese,Siamese,0.6960674,"Siamese, Birman, Ragdoll, chihuahua, keeshond",True,True
american_pit_bull_terrier_19,american_pit_bull_terrier,american_pit_bull_terrier,0.36370483,"american_pit_bull_terrier, american_bulldog, boxer, staffordshire_bull_terrier, chihuahua",True,True
Abyssinian_118,Abyssinian,Abyssinian,0.31059158,"Abyssinian, Sphynx, Ragdoll, Maine_Coon, chihuahua",True,True
shiba_inu_5,shiba_inu,shiba_inu,0.7680367,"shiba_inu, pomeranian, chihuahua, beagle, american_pit_bull_terrier",True,True
wheaten_terrier_171,wheaten_terrier,wheaten_terrier,0.43541455,"wheaten_terrier, Persian, Maine_Coon, keeshond, havanese",True,True
Abyssinian_206,Abyssinian,Abyssinian,0.6749001,"Abyssinian, Maine_Coon, Sphynx, Bengal, British_Shorthair",True,True
english_cocker_spaniel_26,english_cocker_spaniel,english_cocker_spaniel,0.35837123,"english_cocker_spaniel, leonberger, newfoundland, yorkshire_terrier, boxer",True,True
basset_hound_175,basset_hound,miniature_pinscher,0.22835365,"miniature_pinscher, Bengal, boxer, Maine_Coon, Abyssinian",False,False
Russian_Blue_41,Russian_Blue,Russian_Blue,0.5802711,"Russian_Blue, British_Shorthair, Abyssinian, Sphynx, Bombay",True,True
Birman_194,Birman,japanese_chin,0.782956,"japanese_chin, Birman, Ragdoll, havanese, pomeranian",False,True
boxer_20,boxer,basset_hound,0.36613697,"basset_hound, boxer, american_bulldog, beagle, american_pit_bull_terrier",False,True
shiba_inu_117,shiba_inu,Sphynx,0.33304456,"Sphynx, chihuahua, american_pit_bull_terrier, shiba_inu, Abyssinian",False,True
leonberger_92,leonberger,leonberger,0.9091655,"leonberger, pomeranian, newfoundland, wheaten_terrier, yorkshire_terrier",True,True
chihuahua_77,chihuahua,chihuahua,0.5290954,"chihuahua, shiba_inu, american_pit_bull_terrier, beagle, miniature_pinscher",True,True
Sphynx_212,Sphynx,Sphynx,0.2640196,"Sphynx, chihuahua, shiba_inu, american_pit_bull_terrier, Abyssinian",True,True
german_shorthaired_50,german_shorthaired,german_shorthaired,0.4822299,"german_shorthaired, staffordshire_bull_terrier, boxer, english_cocker_spaniel, american_pit_bull_terrier",True,True
Persian_163,Persian,Persian,0.40620485,"Persian, Maine_Coon, wheaten_terrier, yorkshire_terrier, Abyssinian",True,True
english_cocker_spaniel_164,english_cocker_spaniel,leonberger,0.27517113,"leonberger, havanese, english_cocker_spaniel, wheaten_terrier, staffordshire_bull_terrier",False,True
Ragdoll_254,Ragdoll,Persian,0.35974276,"Persian, Ragdoll, samoyed, pomeranian, Birman",False,True
Maine_Coon_197,Maine_Coon,Maine_Coon,0.45670304,"Maine_Coon, Ragdoll, Persian, havanese, english_setter",True,True
beagle_119,beagle,shiba_inu,0.19004796,"shiba_inu, chihuahua, american_pit_bull_terrier, beagle, basset_hound",False,True
Sphynx_182,Sphynx,Sphynx,0.85267794,"Sphynx, Bombay, Russian_Blue, chihuahua, miniature_pinscher",True,True
Bombay_160,Bombay,Bombay,0.6755523,"Bombay, Siamese, Abyssinian, miniature_pinscher, Birman",True,True
boxer_180,boxer,american_pit_bull_terrier,0.13918833,"american_pit_bull_terrier, pug, staffordshire_bull_terrier, boxer, wheaten_terrier",False,True
boxer_188,boxer,basset_hound,0.5302213,"basset_hound, boxer, saint_bernard, beagle, english_cocker_spaniel",False,True
Persian_126,Persian,Maine_Coon,0.5765915,"Maine_Coon, Persian, Bengal, Egyptian_Mau, wheaten_terrier",False,True
Russian_Blue_124,Russian_Blue,scottish_terrier,0.31719467,"scottish_terrier, British_Shorthair, newfoundland, wheaten_terrier, Russian_Blue",False,True
english_cocker_spaniel_24,english_cocker_spaniel,english_cocker_spaniel,0.26648393,"english_cocker_spaniel, english_setter, havanese, yorkshire_terrier, wheaten_terrier",True,True
samoyed_166,samoyed,samoyed,0.26803476,"samoyed, Ragdoll, Persian, British_Shorthair, great_pyrenees",True,True
american_pit_bull_terrier_2,american_pit_bull_terrier,american_pit_bull_terrier,0.20435585,"american_pit_bull_terrier, wheaten_terrier, staffordshire_bull_terrier, newfoundland, leonberger",True,True
wheaten_terrier_125,wheaten_terrier,english_cocker_spaniel,0.24860783,"english_cocker_spaniel, wheaten_terrier, havanese, english_setter, leonberger",False,True
staffordshire_bull_terrier_33,staffordshire_bull_terrier,american_bulldog,0.34218636,"american_bulldog, american_pit_bull_terrier, chihuahua, beagle, staffordshire_bull_terrier",False,True
Bengal_60,Bengal,Bengal,0.7267195,"Bengal, Egyptian_Mau, Maine_Coon, Abyssinian, Sphynx",True,True
leonberger_167,leonberger,english_cocker_spaniel,0.43501228,"english_cocker_spaniel, boxer, english_setter, yorkshire_terrier, staffordshire_bull_terrier",False,False
german_shorthaired_174,german_shorthaired,boxer,0.40560165,"boxer, staffordshire_bull_terrier, german_shorthaired, miniature_pinscher, american_pit_bull_terrier",False,True
chihuahua_177,chihuahua,chihuahua,0.4262932,"chihuahua, miniature_pinscher, Sphynx, american_pit_bull_terrier, shiba_inu",True,True
Egyptian_Mau_42,Egyptian_Mau,Egyptian_Mau,0.939947,"Egyptian_Mau, Bengal, german_shorthaired, Maine_Coon, pug",True,True
yorkshire_terrier_168,yorkshire_terrier,yorkshire_terrier,0.9935195,"yorkshire_terrier, english_cocker_spaniel, leonberger, havanese, english_setter",True,True
english_setter_121,english_setter,Bengal,0.11990004,"Bengal, american_pit_bull_terrier, english_setter, wheaten_terrier, shiba_inu",False,True
saint_bernard_103,saint_bernard,saint_bernard,0.32615775,"saint_bernard, japanese_chin, beagle, american_bulldog, american_pit_bull_terrier",True,True
wheaten_terrier_128,wheaten_terrier,wheaten_terrier,0.6990413,"wheaten_terrier, havanese, Persian, scottish_terrier, great_pyrenees",True,True
pomeranian_130,pomeranian,pomeranian,0.8780685,"pomeranian, Persian, shiba_inu, Ragdoll, samoyed",True,True
Bengal_66,Bengal,Bengal,0.90947825,"Bengal, Maine_Coon, Abyssinian, german_shorthaired, boxer",True,True
leonberger_98,leonberger,miniature_pinscher,0.6435663,"miniature_pinscher, boxer, leonberger, newfoundland, basset_hound",False,True
american_bulldog_86,american_bulldog,american_bulldog,0.62862074,"american_bulldog, pug, american_pit_bull_terrier, staffordshire_bull_terrier, chihuahua",True,True
shiba_inu_104,shiba_inu,shiba_inu,0.3196977,"shiba_inu, american_pit_bull_terrier, chihuahua, pomeranian, beagle",True,True
english_cocker_spaniel_174,english_cocker_spaniel,english_cocker_spaniel,0.70111847,"english_cocker_spaniel, german_shorthaired, english_setter, staffordshire_bull_terrier, boxer",True,True
basset_hound_67,basset_hound,miniature_pinscher,0.32404333,"miniature_pinscher, beagle, boxer, chihuahua, basset_hound",False,True
Abyssinian_52,Abyssinian,Abyssinian,0.25529552,"Abyssinian, miniature_pinscher, Maine_Coon, Bengal, boxer",True,True
yorkshire_terrier_167,yorkshire_terrier,yorkshire_terrier,0.38682443,"yorkshire_terrier, Maine_Coon, wheaten_terrier, english_cocker_spaniel, english_setter",True,True
american_bulldog_120,american_bulldog,great_pyrenees,0.45634824,"great_pyrenees, samoyed, american_bulldog, american_pit_bull_terrier, pomeranian",False,True
Sphynx_40,Sphynx,chihuahua,0.31179783,"chihuahua, Sphynx, american_pit_bull_terrier, beagle, boxer",False,True
english_cocker_spaniel_156,english_cocker_spaniel,english_cocker_spaniel,0.46750933,"english_cocker_spaniel, german_shorthaired, pug, english_setter, havanese",True,True
wheaten_terrier_164,wheaten_terrier,leonberger,0.22290182,"leonberger, wheaten_terrier, pomeranian, havanese, newfoundland",False,True
german_shorthaired_132,german_shorthaired,havanese,0.2829664,"havanese, wheaten_terrier, english_setter, great_pyrenees, Persian",False,False
shiba_inu_143,shiba_inu,miniature_pinscher,0.17150645,"miniature_pinscher, chihuahua, boxer, american_pit_bull_terrier, Sphynx",False,False
saint_bernard_68,saint_bernard,saint_bernard,0.8134931,"saint_bernard, japanese_chin, basset_hound, american_bulldog, english_cocker_spaniel",True,True
english_cocker_spaniel_50,english_cocker_spaniel,english_cocker_spaniel,0.36603686,"english_cocker_spaniel, leonberger, yorkshire_terrier, boxer, basset_hound",True,True
Siamese_49,Siamese,Siamese,0.7127193,"Siamese, Bombay, Birman, Russian_Blue, chihuahua",True,True
beagle_161,beagle,chihuahua,0.22173145,"chihuahua, staffordshire_bull_terrier, pug, japanese_chin, saint_bernard",False,False
saint_bernard_63,saint_bernard,saint_bernard,0.8297784,"saint_bernard, japanese_chin, beagle, american_bulldog, american_pit_bull_terrier",True,True
Egyptian_Mau_3,Egyptian_Mau,Egyptian_Mau,0.89403903,"Egyptian_Mau, Maine_Coon, Bengal, Persian, english_setter",True,True
Persian_51,Persian,Ragdoll,0.42735863,"Ragdoll, Siamese, Maine_Coon, keeshond, Birman",False,False
wheaten_terrier_15,wheaten_terrier,havanese,0.787092,"havanese, english_setter, english_cocker_spaniel, wheaten_terrier, great_pyrenees",False,True
pug_193,pug,Bombay,0.5894745,"Bombay, scottish_terrier, boxer, german_shorthaired, miniature_pinscher",False,False
wheaten_terrier_145,wheaten_terrier,wheaten_terrier,0.52027774,"wheaten_terrier, Persian, havanese, leonberger, yorkshire_terrier",True,True
chihuahua_22,chihuahua,beagle,0.3591948,"beagle, basset_hound, american_pit_bull_terrier, boxer, shiba_inu",False,False
Siamese_171,Siamese,american_pit_bull_terrier,0.32057405,"american_pit_bull_terrier, chihuahua, shiba_inu, miniature_pinscher, staffordshire_bull_terrier",False,False
Maine_Coon_140,Maine_Coon,yorkshire_terrier,0.24043109,"yorkshire_terrier, Maine_Coon, wheaten_terrier, english_setter, Bengal",False,True
english_cocker_spaniel_19,english_cocker_spaniel,english_cocker_spaniel,0.56160176,"english_cocker_spaniel, scottish_terrier, newfoundland, havanese, yorkshire_terrier",True,True
Birman_92,Birman,Birman,0.5094564,"Birman, Ragdoll, Siamese, pomeranian, keeshond",True,True
Abyssinian_32,Abyssinian,wheaten_terrier,0.090579465,"wheaten_terrier, american_pit_bull_terrier, boxer, english_cocker_spaniel, american_bulldog",False,False
beagle_191,beagle,Abyssinian,0.17427059,"Abyssinian, Maine_Coon, chihuahua, Bengal, yorkshire_terrier",False,False
leonberger_47,leonberger,english_cocker_spaniel,0.3003363,"english_cocker_spaniel, english_setter, havanese, staffordshire_bull_terrier, saint_bernard",False,False
english_cocker_spaniel_56,english_cocker_spaniel,english_cocker_spaniel,0.30856198,"english_cocker_spaniel, basset_hound, german_shorthaired, saint_bernard, english_setter",True,True
Abyssinian_12,Abyssinian,Sphynx,0.33335257,"Sphynx, chihuahua, Ragdoll, shiba_inu, Abyssinian",False,True
samoyed_52,samoyed,samoyed,0.88404554,"samoyed, Persian, Ragdoll, pomeranian, great_pyrenees",True,True
yorkshire_terrier_187,yorkshire_terrier,yorkshire_terrier,0.44779548,"yorkshire_terrier, Maine_Coon, english_cocker_spaniel, english_setter, Bengal",True,True
scottish_terrier_116,scottish_terrier,scottish_terrier,0.52287096,"scottish_terrier, newfoundland, english_cocker_spaniel, havanese, wheaten_terrier",True,True
British_Shorthair_53,British_Shorthair,Persian,0.26257387,"Persian, samoyed, Ragdoll, British_Shorthair, Maine_Coon",False,True
american_bulldog_105,american_bulldog,beagle,0.40765697,"beagle, american_pit_bull_terrier, basset_hound, chihuahua, boxer",False,False
Abyssinian_1,Abyssinian,Abyssinian,0.39414093,"Abyssinian, Bengal, Maine_Coon, shiba_inu, chihuahua",True,True
pug_75,pug,pug,0.7091607,"pug, staffordshire_bull_terrier, boxer, german_shorthaired, chihuahua",True,True
beagle_177,beagle,boxer,0.30095342,"boxer, beagle, staffordshire_bull_terrier, basset_hound, american_pit_bull_terrier",False,True
Ragdoll_137,Ragdoll,Birman,0.8094985,"Birman, Siamese, japanese_chin, Ragdoll, keeshond",False,True
pug_121,pug,staffordshire_bull_terrier,0.30129787,"staffordshire_bull_terrier, pug, german_shorthaired, scottish_terrier, Bombay",False,True
Abyssinian_10,Abyssinian,Maine_Coon,0.46100092,"Maine_Coon, Abyssinian, chihuahua, Sphynx, Bengal",False,True
pug_159,pug,american_pit_bull_terrier,0.25634024,"american_pit_bull_terrier, pug, american_bulldog, chihuahua, wheaten_terrier",False,True
yorkshire_terrier_68,yorkshire_terrier,yorkshire_terrier,0.62851685,"yorkshire_terrier, leonberger, english_cocker_spaniel, pomeranian, havanese",True,True
Egyptian_Mau_122,Egyptian_Mau,Egyptian_Mau,0.6086115,"Egyptian_Mau, Maine_Coon, Sphynx, British_Shorthair, Abyssinian",True,True
Russian_Blue_193,Russian_Blue,Russian_Blue,0.44059232,"Russian_Blue, British_Shorthair, Abyssinian, Bengal, Maine_Coon",True,True
British_Shorthair_153,British_Shorthair,British_Shorthair,0.42308882,"British_Shorthair, Russian_Blue, Ragdoll, pug, Siamese",True,True
scottish_terrier_130,scottish_terrier,British_Shorthair,0.4444253,"British_Shorthair, Russian_Blue, Bombay, Egyptian_Mau, scottish_terrier",False,True
beagle_105,beagle,beagle,0.2762478,"beagle, american_pit_bull_terrier, basset_hound, american_bulldog, staffordshire_bull_terrier",True,True
havanese_38,havanese,havanese,0.87077403,"havanese, wheaten_terrier, scottish_terrier, great_pyrenees, english_setter",True,True
leonberger_166,leonberger,leonberger,0.5351036,"leonberger, newfoundland, havanese, wheaten_terrier, scottish_terrier",True,True
english_setter_7,english_setter,havanese,0.3384997,"havanese, wheaten_terrier, english_setter, scottish_terrier, english_cocker_spaniel",False,True
pomeranian_112,pomeranian,pomeranian,0.6471222,"pomeranian, japanese_chin, Birman, Ragdoll, leonberger",True,True
samoyed_46,samoyed,samoyed,0.73792475,"samoyed, great_pyrenees, pomeranian, Persian, Ragdoll",True,True
basset_hound_162,basset_hound,basset_hound,0.36866772,"basset_hound, beagle, american_pit_bull_terrier, saint_bernard, german_shorthaired",True,True
great_pyrenees_40,great_pyrenees,english_setter,0.3472033,"english_setter, japanese_chin, saint_bernard, english_cocker_spaniel, american_pit_bull_terrier",False,False
Abyssinian_78,Abyssinian,Abyssinian,0.27423358,"Abyssinian, Sphynx, Russian_Blue, chihuahua, British_Shorthair",True,True
pomeranian_61,pomeranian,japanese_chin,0.50815475,"japanese_chin, pomeranian, Ragdoll, Birman, havanese",False,True
pug_143,pug,pug,0.9331307,"pug, american_bulldog, staffordshire_bull_terrier, american_pit_bull_terrier, boxer",True,True
havanese_115,havanese,wheaten_terrier,0.40454867,"wheaten_terrier, havanese, scottish_terrier, Persian, english_cocker_spaniel",False,True
Bombay_155,Bombay,Bombay,0.8998674,"Bombay, scottish_terrier, Russian_Blue, Siamese, boxer",True,True
american_pit_bull_terrier_107,american_pit_bull_terrier,staffordshire_bull_terrier,0.39392075,"staffordshire_bull_terrier, boxer, german_shorthaired, american_pit_bull_terrier, american_bulldog",False,True
yorkshire_terrier_186,yorkshire_terrier,yorkshire_terrier,0.9770272,"yorkshire_terrier, english_cocker_spaniel, wheaten_terrier, leonberger, havanese",True,True
yorkshire_terrier_95,yorkshire_terrier,wheaten_terrier,0.34569684,"wheaten_terrier, yorkshire_terrier, leonberger, english_cocker_spaniel, havanese",False,True
great_pyrenees_143,great_pyrenees,great_pyrenees,0.85243565,"great_pyrenees, american_bulldog, samoyed, american_pit_bull_terrier, pomeranian",True,True
British_Shorthair_141,British_Shorthair,British_Shorthair,0.23858045,"British_Shorthair, keeshond, Abyssinian, Maine_Coon, Russian_Blue",True,True
boxer_63,boxer,american_pit_bull_terrier,0.39631203,"american_pit_bull_terrier, chihuahua, beagle, shiba_inu, boxer",False,True
pomeranian_168,pomeranian,pomeranian,0.82021415,"pomeranian, havanese, great_pyrenees, japanese_chin, wheaten_terrier",True,True
newfoundland_108,newfoundland,wheaten_terrier,0.48419803,"wheaten_terrier, newfoundland, leonberger, scottish_terrier, havanese",False,True
american_bulldog_7,american_bulldog,great_pyrenees,0.18290477,"great_pyrenees, american_bulldog, samoyed, american_pit_bull_terrier, pug",False,True
saint_bernard_10,saint_bernard,saint_bernard,0.917494,"saint_bernard, japanese_chin, beagle, basset_hound, american_bulldog",True,True
British_Shorthair_103,British_Shorthair,Russian_Blue,0.18019128,"Russian_Blue, american_pit_bull_terrier, British_Shorthair, Siamese, chihuahua",False,True
boxer_7,boxer,boxer,0.18803294,"boxer, chihuahua, american_pit_bull_terrier, beagle, miniature_pinscher",True,True
beagle_88,beagle,shiba_inu,0.26472902,"shiba_inu, beagle, basset_hound, saint_bernard, boxer",False,True
leonberger_68,leonberger,japanese_chin,0.44349402,"japanese_chin, leonberger, havanese, keeshond, pomeranian",False,True
pug_38,pug,pug,0.4906959,"pug, american_bulldog, staffordshire_bull_terrier, german_shorthaired, american_pit_bull_terrier",True,True
american_bulldog_138,american_bulldog,american_bulldog,0.2106093,"american_bulldog, american_pit_bull_terrier, staffordshire_bull_terrier, samoyed, shiba_inu",True,True
leonberger_197,leonberger,leonberger,0.4112991,"leonberger, wheaten_terrier, english_cocker_spaniel, havanese, pomeranian",True,True
Bengal_13,Bengal,Bengal,0.83165526,"Bengal, german_shorthaired, english_cocker_spaniel, miniature_pinscher, Maine_Coon",True,True
Siamese_142,Siamese,Ragdoll,0.38240367,"Ragdoll, Birman, Siamese, Persian, keeshond",False,True
american_bulldog_73,american_bulldog,american_bulldog,0.7406377,"american_bulldog, american_pit_bull_terrier, beagle, pug, saint_bernard",True,True
newfoundland_71,newfoundland,staffordshire_bull_terrier,0.34153867,"staffordshire_bull_terrier, english_cocker_spaniel, german_shorthaired, newfoundland, boxer",False,True
newfoundland_127,newfoundland,newfoundland,0.29858238,"newfoundland, leonberger, scottish_terrier, staffordshire_bull_terrier, english_cocker_spaniel",True,True
american_bulldog_77,american_bulldog,saint_bernard,0.79711735,"saint_bernard, american_bulldog, beagle, american_pit_bull_terrier, basset_hound",False,True
Persian_147,Persian,Maine_Coon,0.11513725,"Maine_Coon, american_pit_bull_terrier, chihuahua, Ragdoll, pug",False,False
miniature_pinscher_126,miniature_pinscher,chihuahua,0.36815166,"chihuahua, beagle, boxer, american_pit_bull_terrier, shiba_inu",False,False
Egyptian_Mau_79,Egyptian_Mau,Abyssinian,0.35462204,"Abyssinian, Russian_Blue, British_Shorthair, Sphynx, Bombay",False,False
Maine_Coon_213,Maine_Coon,Persian,0.68617094,"Persian, wheaten_terrier, pomeranian, Maine_Coon, Abyssinian",False,True
Russian_Blue_142,Russian_Blue,Russian_Blue,0.6506711,"Russian_Blue, British_Shorthair, Abyssinian, Bombay, Sphynx",True,True
samoyed_81,samoyed,samoyed,0.9470271,"samoyed, great_pyrenees, pomeranian, american_bulldog, Persian",True,True
leonberger_139,leonberger,leonberger,0.35289833,"leonberger, pomeranian, keeshond, newfoundland, scottish_terrier",True,True
Siamese_140,Siamese,Birman,0.6521418,"Birman, Siamese, Ragdoll, japanese_chin, chihuahua",False,True
Birman_44,Birman,Birman,0.33930042,"Birman, Ragdoll, Siamese, chihuahua, Sphynx",True,True
Ragdoll_33,Ragdoll,Ragdoll,0.6183724,"Ragdoll, Birman, Persian, pomeranian, Siamese",True,True
wheaten_terrier_162,wheaten_terrier,wheaten_terrier,0.30747643,"wheaten_terrier, yorkshire_terrier, leonberger, english_cocker_spaniel, scottish_terrier",True,True
Birman_119,Birman,Ragdoll,0.55680054,"Ragdoll, Birman, samoyed, Persian, Siamese",False,True
american_bulldog_68,american_bulldog,american_bulldog,0.3504912,"american_bulldog, beagle, chihuahua, english_setter, pug",True,True
Sphynx_4,Sphynx,Sphynx,0.488976,"Sphynx, chihuahua, shiba_inu, Ragdoll, Abyssinian",True,True
Birman_28,Birman,Birman,0.7129591,"Birman, Ragdoll, Siamese, chihuahua, keeshond",True,True
yorkshire_terrier_67,yorkshire_terrier,yorkshire_terrier,0.9218446,"yorkshire_terrier, Maine_Coon, english_cocker_spaniel, leonberger, Bengal",True,True
boxer_1,boxer,beagle,0.31439587,"beagle, basset_hound, saint_bernard, american_pit_bull_terrier, boxer",False,True
english_cocker_spaniel_200,english_cocker_spaniel,english_cocker_spaniel,0.46587703,"english_cocker_spaniel, english_setter, havanese, yorkshire_terrier, scottish_terrier",True,True
wheaten_terrier_95,wheaten_terrier,english_cocker_spaniel,0.35232112,"english_cocker_spaniel, english_setter, wheaten_terrier, havanese, Maine_Coon",False,True
newfoundland_136,newfoundland,newfoundland,0.63655496,"newfoundland, leonberger, pomeranian, boxer, staffordshire_bull_terrier",True,True
Maine_Coon_56,Maine_Coon,Maine_Coon,0.21299848,"Maine_Coon, Abyssinian, Bombay, scottish_terrier, Bengal",True,True
havanese_150,havanese,english_cocker_spaniel,0.6263907,"english_cocker_spaniel, english_setter, german_shorthaired, scottish_terrier, havanese",False,True
leonberger_199,leonberger,newfoundland,0.34652746,"newfoundland, english_cocker_spaniel, leonberger, yorkshire_terrier, wheaten_terrier",False,True
shiba_inu_95,shiba_inu,shiba_inu,0.9091218,"shiba_inu, chihuahua, Abyssinian, beagle, pomeranian",True,True
Ragdoll_16,Ragdoll,Ragdoll,0.21754986,"Ragdoll, shiba_inu, chihuahua, Maine_Coon, Abyssinian",True,True
scottish_terrier_147,scottish_terrier,Bombay,0.42618892,"Bombay, scottish_terrier, german_shorthaired, english_cocker_spaniel, boxer",False,True
basset_hound_118,basset_hound,basset_hound,0.63107175,"basset_hound, saint_bernard, beagle, boxer, japanese_chin",True,True
staffordshire_bull_terrier_137,staffordshire_bull_terrier,staffordshire_bull_terrier,0.6895169,"staffordshire_bull_terrier, boxer, american_pit_bull_terrier, german_shorthaired, pug",True,True
leonberger_22,leonberger,leonberger,0.3632681,"leonberger, wheaten_terrier, english_cocker_spaniel, yorkshire_terrier, boxer",True,True
havanese_50,havanese,pug,0.58732927,"pug, japanese_chin, american_bulldog, saint_bernard, havanese",False,True
pomeranian_58,pomeranian,pomeranian,0.69697726,"pomeranian, shiba_inu, Ragdoll, Birman, Persian",True,True
Persian_69,Persian,wheaten_terrier,0.3921457,"wheaten_terrier, Persian, Maine_Coon, havanese, pomeranian",False,True
Maine_Coon_244,Maine_Coon,Ragdoll,0.4019288,"Ragdoll, Siamese, Birman, keeshond, chihuahua",False,False
wheaten_terrier_68,wheaten_terrier,yorkshire_terrier,0.63575697,"yorkshire_terrier, Maine_Coon, wheaten_terrier, Persian, havanese",False,True
pug_146,pug,pug,0.79951316,"pug, keeshond, staffordshire_bull_terrier, havanese, leonberger",True,True
Egyptian_Mau_98,Egyptian_Mau,Egyptian_Mau,0.9868694,"Egyptian_Mau, Maine_Coon, Bengal, Abyssinian, Sphynx",True,True
Sphynx_95,Sphynx,Sphynx,0.29343134,"Sphynx, chihuahua, Ragdoll, Siamese, Abyssinian",True,True
pomeranian_120,pomeranian,pomeranian,0.96097386,"pomeranian, shiba_inu, japanese_chin, chihuahua, beagle",True,True
american_bulldog_161,american_bulldog,great_pyrenees,0.53141004,"great_pyrenees, american_bulldog, american_pit_bull_terrier, pug, staffordshire_bull_terrier",False,True
yorkshire_terrier_151,yorkshire_terrier,havanese,0.30321136,"havanese, wheaten_terrier, english_setter, japanese_chin, english_cocker_spaniel",False,False
great_pyrenees_16,great_pyrenees,pug,0.33247685,"pug, Ragdoll, Siamese, american_bulldog, chihuahua",False,False
boxer_147,boxer,boxer,0.5353756,"boxer, staffordshire_bull_terrier, basset_hound, miniature_pinscher, american_pit_bull_terrier",True,True
scottish_terrier_2,scottish_terrier,scottish_terrier,0.80346996,"scottish_terrier, newfoundland, staffordshire_bull_terrier, english_cocker_spaniel, keeshond",True,True
japanese_chin_104,japanese_chin,pomeranian,0.26234034,"pomeranian, japanese_chin, leonberger, yorkshire_terrier, beagle",False,True
basset_hound_120,basset_hound,beagle,0.5220435,"beagle, basset_hound, boxer, saint_bernard, chihuahua",False,True
Bombay_79,Bombay,Bombay,0.67884374,"Bombay, Russian_Blue, British_Shorthair, Abyssinian, Siamese",True,True
leonberger_138,leonberger,leonberger,0.48803225,"leonberger, newfoundland, wheaten_terrier, english_cocker_spaniel, yorkshire_terrier",True,True
leonberger_90,leonberger,japanese_chin,0.27336362,"japanese_chin, pomeranian, Ragdoll, Birman, havanese",False,False
Abyssinian_156,Abyssinian,yorkshire_terrier,0.38230303,"yorkshire_terrier, Maine_Coon, wheaten_terrier, english_cocker_spaniel, Abyssinian",False,True
keeshond_11,keeshond,Birman,0.5171274,"Birman, keeshond, Siamese, Ragdoll, japanese_chin",False,True
great_pyrenees_122,great_pyrenees,great_pyrenees,0.3353401,"great_pyrenees, samoyed, wheaten_terrier, Persian, havanese",True,True
Russian_Blue_51,Russian_Blue,Ragdoll,0.3843527,"Ragdoll, Siamese, Birman, Russian_Blue, British_Shorthair",False,True
havanese_99,havanese,havanese,0.31773284,"havanese, pug, english_setter, american_bulldog, staffordshire_bull_terrier",True,True
Bengal_146,Bengal,Maine_Coon,0.43423072,"Maine_Coon, Persian, Bengal, wheaten_terrier, english_setter",False,True
great_pyrenees_193,great_pyrenees,great_pyrenees,0.68017906,"great_pyrenees, samoyed, pomeranian, american_bulldog, havanese",True,True
basset_hound_88,basset_hound,basset_hound,0.39388737,"basset_hound, boxer, beagle, saint_bernard, miniature_pinscher",True,True
yorkshire_terrier_47,yorkshire_terrier,yorkshire_terrier,0.4917015,"yorkshire_terrier, Maine_Coon, Bengal, Persian, english_cocker_spaniel",True,True
miniature_pinscher_145,miniature_pinscher,Abyssinian,0.17768547,"Abyssinian, miniature_pinscher, Bengal, Maine_Coon, chihuahua",False,True
keeshond_129,keeshond,keeshond,0.9545202,"keeshond, leonberger, havanese, Birman, scottish_terrier",True,True
Birman_145,Birman,Birman,0.631988,"Birman, Ragdoll, Siamese, keeshond, pomeranian",True,True
wheaten_terrier_10,wheaten_terrier,wheaten_terrier,0.23599148,"wheaten_terrier, american_pit_bull_terrier, great_pyrenees, beagle, pomeranian",True,True
english_cocker_spaniel_39,english_cocker_spaniel,newfoundland,0.5169796,"newfoundland, scottish_terrier, english_cocker_spaniel, havanese, yorkshire_terrier",False,True
english_setter_177,english_setter,scottish_terrier,0.2865148,"scottish_terrier, keeshond, havanese, english_setter, Maine_Coon",False,True
Egyptian_Mau_132,Egyptian_Mau,staffordshire_bull_terrier,0.32627565,"staffordshire_bull_terrier, Russian_Blue, german_shorthaired, american_pit_bull_terrier, boxer",False,False
staffordshire_bull_terrier_190,staffordshire_bull_terrier,chihuahua,0.27955225,"chihuahua, american_bulldog, japanese_chin, Siamese, pug",False,False
Birman_148,Birman,Birman,0.76829153,"Birman, Siamese, Ragdoll, pomeranian, japanese_chin",True,True
Sphynx_3,Sphynx,Sphynx,0.43277252,"Sphynx, miniature_pinscher, chihuahua, Abyssinian, Bombay",True,True
Birman_167,Birman,Birman,0.44325918,"Birman, Ragdoll, Siamese, chihuahua, pug",True,True
boxer_142,boxer,boxer,0.29139438,"boxer, wheaten_terrier, american_pit_bull_terrier, beagle, english_cocker_spaniel",True,True
samoyed_94,samoyed,pomeranian,0.48125744,"pomeranian, Persian, havanese, great_pyrenees, japanese_chin",False,False
Persian_179,Persian,Persian,0.7974701,"Persian, Ragdoll, Maine_Coon, pomeranian, Birman",True,True
saint_bernard_174,saint_bernard,saint_bernard,0.84484535,"saint_bernard, staffordshire_bull_terrier, basset_hound, american_bulldog, japanese_chin",True,True
american_pit_bull_terrier_88,american_pit_bull_terrier,boxer,0.13341153,"boxer, german_shorthaired, english_cocker_spaniel, english_setter, Bengal",False,False
boxer_117,boxer,boxer,0.6089623,"boxer, basset_hound, german_shorthaired, miniature_pinscher, american_pit_bull_terrier",True,True
scottish_terrier_171,scottish_terrier,newfoundland,0.3289551,"newfoundland, Bombay, pomeranian, japanese_chin, Persian",False,False
keeshond_158,keeshond,keeshond,0.98191375,"keeshond, Persian, leonberger, Ragdoll, Birman",True,True
yorkshire_terrier_70,yorkshire_terrier,yorkshire_terrier,0.8067104,"yorkshire_terrier, english_cocker_spaniel, leonberger, wheaten_terrier, havanese",True,True
Maine_Coon_36,Maine_Coon,Maine_Coon,0.25183642,"Maine_Coon, wheaten_terrier, Abyssinian, Persian, yorkshire_terrier",True,True
Egyptian_Mau_154,Egyptian_Mau,Persian,0.47985703,"Persian, Maine_Coon, wheaten_terrier, keeshond, havanese",False,False
Abyssinian_110,Abyssinian,Abyssinian,0.88555664,"Abyssinian, Sphynx, Russian_Blue, British_Shorthair, Maine_Coon",True,True
Bengal_79,Bengal,Bengal,0.987028,"Bengal, Maine_Coon, german_shorthaired, Egyptian_Mau, Abyssinian",True,True
english_cocker_spaniel_108,english_cocker_spaniel,english_setter,0.6841894,"english_setter, wheaten_terrier, english_cocker_spaniel, havanese, great_pyrenees",False,True
boxer_183,boxer,miniature_pinscher,0.7369242,"miniature_pinscher, boxer, chihuahua, american_pit_bull_terrier, Sphynx",False,True
boxer_191,boxer,american_pit_bull_terrier,0.23646712,"american_pit_bull_terrier, leonberger, boxer, staffordshire_bull_terrier, basset_hound",False,True
Ragdoll_193,Ragdoll,Ragdoll,0.60188395,"Ragdoll, Birman, Siamese, pomeranian, Persian",True,True
basset_hound_132,basset_hound,boxer,0.2899556,"boxer, basset_hound, beagle, saint_bernard, miniature_pinscher",False,True
Persian_16,Persian,Persian,0.8421663,"Persian, British_Shorthair, Ragdoll, Maine_Coon, samoyed",True,True
beagle_8,beagle,pomeranian,0.4580761,"pomeranian, shiba_inu, chihuahua, Siamese, beagle",False,True
chihuahua_78,chihuahua,beagle,0.36631343,"beagle, chihuahua, american_pit_bull_terrier, Sphynx, american_bulldog",False,True
beagle_150,beagle,boxer,0.3097943,"boxer, beagle, american_bulldog, basset_hound, american_pit_bull_terrier",False,True
newfoundland_152,newfoundland,scottish_terrier,0.14205666,"scottish_terrier, newfoundland, Maine_Coon, Bombay, Bengal",False,True
Bengal_29,Bengal,Bengal,0.8976623,"Bengal, Maine_Coon, Abyssinian, miniature_pinscher, german_shorthaired",True,True
Persian_197,Persian,Ragdoll,0.6682736,"Ragdoll, Persian, Maine_Coon, Birman, Siamese",False,True
newfoundland_4,newfoundland,newfoundland,0.9561938,"newfoundland, scottish_terrier, wheaten_terrier, havanese, english_cocker_spaniel",True,True
British_Shorthair_182,British_Shorthair,Russian_Blue,0.28181398,"Russian_Blue, Siamese, British_Shorthair, Ragdoll, Sphynx",False,True
pomeranian_48,pomeranian,pomeranian,0.8606308,"pomeranian, shiba_inu, Persian, japanese_chin, samoyed",True,True
english_cocker_spaniel_25,english_cocker_spaniel,leonberger,0.3614646,"leonberger, yorkshire_terrier, newfoundland, english_cocker_spaniel, havanese",False,True
Abyssinian_89,Abyssinian,boxer,0.17933723,"boxer, miniature_pinscher, american_pit_bull_terrier, chihuahua, Abyssinian",False,True
keeshond_148,keeshond,keeshond,0.8731839,"keeshond, leonberger, Birman, Siamese, Ragdoll",True,True
Birman_13,Birman,Ragdoll,0.3467893,"Ragdoll, Siamese, Birman, pug, chihuahua",False,True
Birman_124,Birman,Birman,0.6632032,"Birman, Siamese, Ragdoll, keeshond, japanese_chin",True,True
english_cocker_spaniel_198,english_cocker_spaniel,yorkshire_terrier,0.2368337,"yorkshire_terrier, boxer, leonberger, english_cocker_spaniel, Abyssinian",False,True
Maine_Coon_155,Maine_Coon,Maine_Coon,0.6835024,"Maine_Coon, Bengal, english_setter, Persian, Egyptian_Mau",True,True
Egyptian_Mau_218,Egyptian_Mau,Egyptian_Mau,0.42454335,"Egyptian_Mau, pug, english_setter, Bengal, english_cocker_spaniel",True,True
Bombay_52,Bombay,Bombay,0.9552841,"Bombay, scottish_terrier, newfoundland, Siamese, Persian",True,True
wheaten_terrier_133,wheaten_terrier,wheaten_terrier,0.78970414,"wheaten_terrier, havanese, Persian, yorkshire_terrier, english_cocker_spaniel",True,True
Maine_Coon_64,Maine_Coon,Maine_Coon,0.4872266,"Maine_Coon, Bengal, Abyssinian, yorkshire_terrier, Persian",True,True
pug_80,pug,pug,0.41856885,"pug, german_shorthaired, staffordshire_bull_terrier, american_bulldog, english_setter",True,True
Maine_Coon_78,Maine_Coon,samoyed,0.5392647,"samoyed, Ragdoll, great_pyrenees, pomeranian, Birman",False,False
newfoundland_76,newfoundland,newfoundland,0.43879443,"newfoundland, scottish_terrier, english_cocker_spaniel, wheaten_terrier, havanese",True,True
chihuahua_62,chihuahua,chihuahua,0.6181365,"chihuahua, beagle, Sphynx, american_pit_bull_terrier, shiba_inu",True,True
boxer_135,boxer,scottish_terrier,0.49028915,"scottish_terrier, Bombay, staffordshire_bull_terrier, newfoundland, pug",False,False
basset_hound_54,basset_hound,american_pit_bull_terrier,0.2357206,"american_pit_bull_terrier, saint_bernard, american_bulldog, beagle, boxer",False,False
american_pit_bull_terrier_22,american_pit_bull_terrier,american_pit_bull_terrier,0.34686238,"american_pit_bull_terrier, beagle, boxer, chihuahua, shiba_inu",True,True
Russian_Blue_181,Russian_Blue,Russian_Blue,0.55103874,"Russian_Blue, British_Shorthair, Sphynx, Abyssinian, chihuahua",True,True
British_Shorthair_44,British_Shorthair,Persian,0.4378559,"Persian, British_Shorthair, Maine_Coon, Ragdoll, samoyed",False,True
Bengal_75,Bengal,Bengal,0.89561397,"Bengal, Maine_Coon, Abyssinian, Egyptian_Mau, yorkshire_terrier",True,True
Bengal_189,Bengal,Egyptian_Mau,0.7981998,"Egyptian_Mau, Bengal, Maine_Coon, german_shorthaired, Abyssinian",False,True
newfoundland_141,newfoundland,newfoundland,0.8220141,"newfoundland, scottish_terrier, wheaten_terrier, leonberger, staffordshire_bull_terrier",True,True
chihuahua_192,chihuahua,miniature_pinscher,0.2867213,"miniature_pinscher, boxer, shiba_inu, chihuahua, american_pit_bull_terrier",False,True
basset_hound_157,basset_hound,english_setter,0.20484547,"english_setter, english_cocker_spaniel, american_pit_bull_terrier, basset_hound, boxer",False,True
British_Shorthair_166,British_Shorthair,British_Shorthair,0.52456874,"British_Shorthair, Russian_Blue, Egyptian_Mau, Abyssinian, Sphynx",True,True
Russian_Blue_161,Russian_Blue,Russian_Blue,0.23282382,"Russian_Blue, British_Shorthair, Abyssinian, Sphynx, shiba_inu",True,True
wheaten_terrier_21,wheaten_terrier,wheaten_terrier,0.94086516,"wheaten_terrier, havanese, Persian, scottish_terrier, Maine_Coon",True,True
samoyed_140,samoyed,British_Shorthair,0.2683186,"British_Shorthair, Russian_Blue, american_pit_bull_terrier, Abyssinian, american_bulldog",False,False
japanese_chin_191,japanese_chin,japanese_chin,0.69515985,"japanese_chin, pomeranian, leonberger, keeshond, saint_bernard",True,True
havanese_197,havanese,wheaten_terrier,0.35382,"wheaten_terrier, yorkshire_terrier, Maine_Coon, havanese, english_setter",False,True
great_pyrenees_151,great_pyrenees,great_pyrenees,0.63910246,"great_pyrenees, samoyed, wheaten_terrier, pomeranian, american_bulldog",True,True
shiba_inu_46,shiba_inu,shiba_inu,0.7882275,"shiba_inu, pomeranian, beagle, chihuahua, american_pit_bull_terrier",True,True
British_Shorthair_71,British_Shorthair,British_Shorthair,0.41644415,"British_Shorthair, Russian_Blue, Bombay, scottish_terrier, Siamese",True,True
Russian_Blue_196,Russian_Blue,British_Shorthair,0.4676855,"British_Shorthair, Russian_Blue, Abyssinian, Maine_Coon, Sphynx",False,True
British_Shorthair_248,British_Shorthair,beagle,0.1478614,"beagle, British_Shorthair, american_pit_bull_terrier, Russian_Blue, chihuahua",False,True
german_shorthaired_134,german_shorthaired,american_pit_bull_terrier,0.13182849,"american_pit_bull_terrier, american_bulldog, chihuahua, pug, beagle",False,False
havanese_103,havanese,havanese,0.2575769,"havanese, Persian, pomeranian, wheaten_terrier, leonberger",True,True
Bengal_170,Bengal,Egyptian_Mau,0.80116785,"Egyptian_Mau, Bengal, Maine_Coon, english_setter, german_shorthaired",False,True
leonberger_188,leonberger,leonberger,0.6728923,"leonberger, keeshond, newfoundland, yorkshire_terrier, havanese",True,True
British_Shorthair_268,British_Shorthair,Maine_Coon,0.39457282,"Maine_Coon, Abyssinian, Egyptian_Mau, British_Shorthair, Persian",False,True
Maine_Coon_148,Maine_Coon,Maine_Coon,0.24337478,"Maine_Coon, Persian, keeshond, yorkshire_terrier, pomeranian",True,True
Russian_Blue_45,Russian_Blue,British_Shorthair,0.4982521,"British_Shorthair, Russian_Blue, Sphynx, Ragdoll, Abyssinian",False,True
boxer_175,boxer,english_cocker_spaniel,0.22929324,"english_cocker_spaniel, wheaten_terrier, german_shorthaired, boxer, american_pit_bull_terrier",False,True
Siamese_238,Siamese,Siamese,0.8907517,"Siamese, Birman, chihuahua, Sphynx, Bombay",True,True
boxer_10,boxer,american_bulldog,0.20747058,"american_bulldog, american_pit_bull_terrier, saint_bernard, beagle, boxer",False,True
basset_hound_36,basset_hound,basset_hound,0.72495365,"basset_hound, beagle, boxer, saint_bernard, american_pit_bull_terrier",True,True
newfoundland_177,newfoundland,newfoundland,0.33562687,"newfoundland, Persian, wheaten_terrier, Maine_Coon, pomeranian",True,True
keeshond_127,keeshond,keeshond,0.98604673,"keeshond, leonberger, Birman, havanese, Ragdoll",True,True
Sphynx_206,Sphynx,Sphynx,0.8834346,"Sphynx, Abyssinian, Egyptian_Mau, Persian, Maine_Coon",True,True
British_Shorthair_168,British_Shorthair,american_pit_bull_terrier,0.10842249,"american_pit_bull_terrier, wheaten_terrier, British_Shorthair, Egyptian_Mau, great_pyrenees",False,True
wheaten_terrier_132,wheaten_terrier,great_pyrenees,0.5768492,"great_pyrenees, wheaten_terrier, english_setter, english_cocker_spaniel, samoyed",False,True
