file,true,pred_top1,confidence,pred_top5,correct_top1,correct_top5
wheaten_terrier_107,wheaten_terrier,wheaten_terrier,0.9991596,"wheaten_terrier, great_pyrenees, havanese, english_cocker_spaniel, english_setter",True,True
Russian_Blue_24,Russian_Blue,Russian_Blue,0.99913615,"Russian_Blue, British_Shorthair, Egyptian_Mau, shiba_inu, Bombay",True,True
pug_81,pug,pug,0.9132424,"pug, american_bulldog, wheaten_terrier, american_pit_bull_terrier, havanese",True,True
boxer_144,boxer,boxer,0.9452958,"boxer, miniature_pinscher, basset_hound, leonberger, saint_bernard",True,True
British_Shorthair_154,British_Shorthair,British_Shorthair,0.9854931,"British_Shorthair, Russian_Blue, Egyptian_Mau, newfoundland, Bombay",True,True
pug_109,pug,pug,0.9999876,"pug, Siamese, american_bulldog, boxer, leonberger",True,True
leonberger_127,leonberger,leonberger,0.9880806,"leonberger, keeshond, great_pyrenees, newfoundland, staffordshire_bull_terrier",True,True
Siamese_154,Siamese,Siamese,0.3925658,"Siamese, Birman, Ragdoll, Abyssinian, Sphynx",True,True
keeshond_157,keeshond,keeshond,0.99769515,"keeshond, leonberger, Birman, great_pyrenees, scottish_terrier",True,True
Ragdoll_224,Ragdoll,Ragdoll,0.8605945,"Ragdoll, Maine_Coon, Persian, Abyssinian, pomeranian",True,True
boxer_79,boxer,boxer,0.9503898,"boxer, leonberger, staffordshire_bull_terrier, american_pit_bull_terrier, german_shorthaired",True,True
english_setter_97,english_setter,english_setter,0.25999936,"english_setter, english_cocker_spaniel, american_bulldog, basset_hound, wheaten_terrier",True,True
newfoundland_188,newfoundland,newfoundland,0.9990694,"newfoundland, english_cocker_spaniel, leonberger, havanese, British_Shorthair",True,True
american_pit_bull_terrier_32,american_pit_bull_terrier,boxer,0.67184985,"boxer, leonberger, pug, miniature_pinscher, basset_hound",False,False
Bengal_83,Bengal,Bengal,0.99514365,"Bengal, Egyptian_Mau, Maine_Coon, Abyssinian, basset_hound",True,True
pomeranian_136,pomeranian,pomeranian,0.99824667,"pomeranian, shiba_inu, chihuahua, samoyed, yorkshire_terrier",True,True
Bengal_186,Bengal,Bengal,0.93327296,"Bengal, Abyssinian, Egyptian_Mau, Maine_Coon, chihuahua",True,True
Ragdoll_63,Ragdoll,Ragdoll,0.99672794,"Ragdoll, Birman, american_bulldog, Persian, samoyed",True,True
great_pyrenees_197,great_pyrenees,great_pyrenees,0.9611907,"great_pyrenees, wheaten_terrier, leonberger, english_cocker_spaniel, samoyed",True,True
Sphynx_87,Sphynx,Sphynx,0.9450069,"Sphynx, american_bulldog, chihuahua, basset_hound, Bengal",True,True
yorkshire_terrier_169,yorkshire_terrier,yorkshire_terrier,0.9773423,"yorkshire_terrier, scottish_terrier, wheaten_terrier, english_cocker_spaniel, Persian",True,True
great_pyrenees_12,great_pyrenees,great_pyrenees,0.9319809,"great_pyrenees, samoyed, staffordshire_bull_terrier, havanese, american_bulldog",True,True
beagle_26,beagle,beagle,0.8954577,"beagle, chihuahua, shiba_inu, staffordshire_bull_terrier, pug",True,True
english_cocker_spaniel_173,english_cocker_spaniel,english_setter,0.7901199,"english_setter, english_cocker_spaniel, miniature_pinscher, basset_hound, great_pyrenees",False,True
wheaten_terrier_45,wheaten_terrier,wheaten_terrier,0.6191627,"wheaten_terrier, havanese, english_setter, yorkshire_terrier, english_cocker_spaniel",True,True
english_setter_193,english_setter,english_setter,0.93925977,"english_setter, saint_bernard, great_pyrenees, english_cocker_spaniel, basset_hound",True,True
beagle_197,beagle,beagle,0.99040973,"beagle, basset_hound, american_bulldog, staffordshire_bull_terrier, saint_bernard",True,True
japanese_chin_49,japanese_chin,japanese_chin,0.9997292,"japanese_chin, havanese, pomeranian, Ragdoll, chihuahua",True,True
Bengal_85,Bengal,Bengal,0.9956559,"Bengal, Egyptian_Mau, Abyssinian, Maine_Coon, basset_hound",True,True
american_pit_bull_terrier_56,american_pit_bull_terrier,boxer,0.39437744,"boxer, german_shorthaired, american_bulldog, beagle, basset_hound",False,False
keeshond_5,keeshond,keeshond,0.9998006,"keeshond, Birman, leonberger, Maine_Coon, pomeranian",True,True
newfoundland_49,newfoundland,newfoundland,0.9989943,"newfoundland, leonberger, keeshond, scottish_terrier, pomeranian",True,True
Bengal_65,Bengal,Bengal,0.9999354,"Bengal, Maine_Coon, Egyptian_Mau, yorkshire_terrier, english_cocker_spaniel",True,True
Birman_74,Birman,Birman,0.9119867,"Birman, Ragdoll, Siamese, Persian, keeshond",True,True
Siamese_249,Siamese,Siamese,0.9996062,"Siamese, Bombay, Birman, chihuahua, pug",True,True
Maine_Coon_87,Maine_Coon,Maine_Coon,0.12301955,"Maine_Coon, english_setter, yorkshire_terrier, english_cocker_spaniel, havanese",True,True
english_cocker_spaniel_125,english_cocker_spaniel,english_setter,0.84272665,"english_setter, wheaten_terrier, english_cocker_spaniel, american_bulldog, german_shorthaired",False,True
Abyssinian_158,Abyssinian,Abyssinian,0.7945867,"Abyssinian, Russian_Blue, Egyptian_Mau, Sphynx, British_Shorthair",True,True
Birman_60,Birman,Birman,0.88671374,"Birman, Siamese, Ragdoll, keeshond, wheaten_terrier",True,True
saint_bernard_93,saint_bernard,saint_bernard,0.98957205,"saint_bernard, boxer, leonberger, japanese_chin, basset_hound",True,True
yorkshire_terrier_64,yorkshire_terrier,yorkshire_terrier,0.9634914,"yorkshire_terrier, scottish_terrier, english_cocker_spaniel, wheaten_terrier, Bengal",True,True
pomeranian_88,pomeranian,pomeranian,0.9830033,"pomeranian, shiba_inu, samoyed, japanese_chin, chihuahua",True,True
japanese_chin_171,japanese_chin,japanese_chin,0.9901162,"japanese_chin, Ragdoll, havanese, american_bulldog, Persian",True,True
Ragdoll_138,Ragdoll,Birman,0.9988341,"Birman, Siamese, Ragdoll, japanese_chin, pug",False,True
Russian_Blue_156,Russian_Blue,Russian_Blue,0.99891627,"Russian_Blue, shiba_inu, Siamese, Egyptian_Mau, British_Shorthair",True,True
Sphynx_76,Sphynx,Sphynx,0.9999312,"Sphynx, american_bulldog, chihuahua, Egyptian_Mau, Abyssinian",True,True
Russian_Blue_119,Russian_Blue,staffordshire_bull_terrier,0.59625787,"staffordshire_bull_terrier, german_shorthaired, Russian_Blue, British_Shorthair, beagle",False,True
Abyssinian_71,Abyssinian,Abyssinian,0.8734703,"Abyssinian, Bengal, Sphynx, British_Shorthair, Maine_Coon",True,True
Birman_5,Birman,Birman,0.99317247,"Birman, leonberger, Siamese, japanese_chin, keeshond",True,True
Birman_183,Birman,Birman,0.94646806,"Birman, Siamese, Ragdoll, keeshond, leonberger",True,True
japanese_chin_74,japanese_chin,japanese_chin,0.9996569,"japanese_chin, havanese, saint_bernard, pomeranian, Birman",True,True
Birman_90,Birman,Birman,0.6552486,"Birman, Siamese, Ragdoll, samoyed, keeshond",True,True
shiba_inu_203,shiba_inu,shiba_inu,0.99908113,"shiba_inu, beagle, chihuahua, Abyssinian, Siamese",True,True
Persian_261,Persian,Persian,0.808254,"Persian, Maine_Coon, Ragdoll, japanese_chin, great_pyrenees",True,True
german_shorthaired_28,german_shorthaired,german_shorthaired,0.9417571,"german_shorthaired, staffordshire_bull_terrier, newfoundland, american_pit_bull_terrier, Russian_Blue",True,True
British_Shorthair_175,British_Shorthair,British_Shorthair,0.9997807,"British_Shorthair, german_shorthaired, Bombay, Russian_Blue, Persian",True,True
Siamese_35,Siamese,Siamese,0.9900225,"Siamese, Birman, Abyssinian, leonberger, miniature_pinscher",True,True
saint_bernard_138,saint_bernard,saint_bernard,0.9857012,"saint_bernard, basset_hound, beagle, boxer, Bengal",True,True
scottish_terrier_42,scottish_terrier,scottish_terrier,0.99986887,"scottish_terrier, Bombay, yorkshire_terrier, english_cocker_spaniel, chihuahua",True,True
american_pit_bull_terrier_65,american_pit_bull_terrier,american_pit_bull_terrier,0.96268547,"american_pit_bull_terrier, staffordshire_bull_terrier, chihuahua, american_bulldog, english_setter",True,True
english_setter_111,english_setter,english_setter,0.32710117,"english_setter, american_pit_bull_terrier, american_bulldog, basset_hound, saint_bernard",True,True
japanese_chin_67,japanese_chin,saint_bernard,0.46877456,"saint_bernard, japanese_chin, beagle, basset_hound, english_cocker_spaniel",False,True
Birman_66,Birman,Siamese,0.90590256,"Siamese, Birman, pug, leonberger, japanese_chin",False,True
leonberger_116,leonberger,leonberger,0.99933845,"leonberger, great_pyrenees, saint_bernard, keeshond, boxer",True,True
havanese_108,havanese,havanese,0.9963838,"havanese, english_setter, yorkshire_terrier, english_cocker_spaniel, japanese_chin",True,True
shiba_inu_57,shiba_inu,shiba_inu,0.99970156,"shiba_inu, chihuahua, samoyed, pomeranian, beagle",True,True
yorkshire_terrier_18,yorkshire_terrier,yorkshire_terrier,0.998409,"yorkshire_terrier, havanese, english_cocker_spaniel, scottish_terrier, wheaten_terrier",True,True
wheaten_terrier_47,wheaten_terrier,wheaten_terrier,0.9993255,"wheaten_terrier, havanese, scottish_terrier, american_bulldog, samoyed",True,True
Bombay_105,Bombay,Bombay,0.99754757,"Bombay, British_Shorthair, scottish_terrier, Siamese, Russian_Blue",True,True
shiba_inu_13,shiba_inu,shiba_inu,0.9838807,"shiba_inu, beagle, miniature_pinscher, yorkshire_terrier, Bengal",True,True
Egyptian_Mau_96,Egyptian_Mau,Egyptian_Mau,0.99989307,"Egyptian_Mau, Bengal, Russian_Blue, Sphynx, British_Shorthair",True,True
keeshond_87,keeshond,keeshond,0.95269716,"keeshond, scottish_terrier, Russian_Blue, newfoundland, Bombay",True,True
yorkshire_terrier_1,yorkshire_terrier,yorkshire_terrier,0.9929208,"yorkshire_terrier, scottish_terrier, havanese, wheaten_terrier, english_cocker_spaniel",True,True
english_cocker_spaniel_191,english_cocker_spaniel,english_cocker_spaniel,0.98622614,"english_cocker_spaniel, english_setter, basset_hound, newfoundland, german_shorthaired",True,True
British_Shorthair_57,British_Shorthair,British_Shorthair,0.9994679,"British_Shorthair, Russian_Blue, Persian, Bombay, Abyssinian",True,True
great_pyrenees_39,great_pyrenees,great_pyrenees,0.9952851,"great_pyrenees, samoyed, pomeranian, wheaten_terrier, leonberger",True,True
leonberger_45,leonberger,leonberger,0.96211404,"leonberger, newfoundland, keeshond, scottish_terrier, boxer",True,True
chihuahua_145,chihuahua,american_pit_bull_terrier,0.3282429,"american_pit_bull_terrier, chihuahua, miniature_pinscher, beagle, pug",False,True
Birman_105,Birman,Birman,0.9988418,"Birman, Siamese, Ragdoll, japanese_chin, leonberger",True,True
japanese_chin_181,japanese_chin,japanese_chin,0.825772,"japanese_chin, english_cocker_spaniel, saint_bernard, chihuahua, english_setter",True,True
Russian_Blue_179,Russian_Blue,Russian_Blue,0.99515533,"Russian_Blue, Egyptian_Mau, Siamese, Sphynx, British_Shorthair",True,True
basset_hound_95,basset_hound,basset_hound,0.99854666,"basset_hound, boxer, beagle, english_cocker_spaniel, leonberger",True,True
pug_147,pug,pug,0.9999627,"pug, american_bulldog, boxer, japanese_chin, Siamese",True,True
boxer_18,boxer,american_bulldog,0.93323815,"american_bulldog, english_setter, Sphynx, Egyptian_Mau, great_pyrenees",False,False
miniature_pinscher_194,miniature_pinscher,miniature_pinscher,0.64564395,"miniature_pinscher, chihuahua, Bengal, Abyssinian, Bombay",True,True
Maine_Coon_58,Maine_Coon,Maine_Coon,0.99941695,"Maine_Coon, Egyptian_Mau, english_setter, Persian, wheaten_terrier",True,True
Bombay_29,Bombay,Bombay,0.23417005,"Bombay, staffordshire_bull_terrier, boxer, german_shorthaired, beagle",True,True
Ragdoll_260,Ragdoll,Ragdoll,0.99179405,"Ragdoll, samoyed, Maine_Coon, Birman, pomeranian",True,True
shiba_inu_106,shiba_inu,shiba_inu,0.9975629,"shiba_inu, beagle, samoyed, Abyssinian, pomeranian",True,True
pomeranian_134,pomeranian,pomeranian,0.99905103,"pomeranian, yorkshire_terrier, japanese_chin, keeshond, chihuahua",True,True
beagle_9,beagle,beagle,0.9999329,"beagle, american_bulldog, boxer, german_shorthaired, japanese_chin",True,True
shiba_inu_118,shiba_inu,shiba_inu,0.9936719,"shiba_inu, pomeranian, chihuahua, beagle, leonberger",True,True
newfoundland_176,newfoundland,newfoundland,0.9819265,"newfoundland, leonberger, staffordshire_bull_terrier, great_pyrenees, keeshond",True,True
samoyed_38,samoyed,samoyed,0.9814975,"samoyed, great_pyrenees, pomeranian, shiba_inu, keeshond",True,True
leonberger_125,leonberger,leonberger,0.9961132,"leonberger, keeshond, Maine_Coon, saint_bernard, Abyssinian",True,True
Persian_107,Persian,Persian,0.6652109,"Persian, Ragdoll, Maine_Coon, keeshond, British_Shorthair",True,True
samoyed_120,samoyed,samoyed,0.99508613,"samoyed, great_pyrenees, shiba_inu, pomeranian, Ragdoll",True,True
great_pyrenees_31,great_pyrenees,great_pyrenees,0.99928194,"great_pyrenees, havanese, english_setter, english_cocker_spaniel, wheaten_terrier",True,True
wheaten_terrier_144,wheaten_terrier,yorkshire_terrier,0.49975902,"yorkshire_terrier, wheaten_terrier, scottish_terrier, english_cocker_spaniel, pomeranian",False,True
newfoundland_167,newfoundland,newfoundland,0.6237042,"newfoundland, english_cocker_spaniel, leonberger, german_shorthaired, saint_bernard",True,True
miniature_pinscher_90,miniature_pinscher,miniature_pinscher,0.44687328,"miniature_pinscher, chihuahua, Sphynx, shiba_inu, Siamese",True,True
saint_bernard_90,saint_bernard,saint_bernard,0.9996437,"saint_bernard, Bengal, leonberger, basset_hound, english_setter",True,True
scottish_terrier_104,scottish_terrier,Bombay,0.5786283,"Bombay, scottish_terrier, Russian_Blue, staffordshire_bull_terrier, miniature_pinscher",False,True
japanese_chin_17,japanese_chin,japanese_chin,0.9980001,"japanese_chin, havanese, Ragdoll, pug, saint_bernard",True,True
Persian_62,Persian,Persian,0.9902469,"Persian, Maine_Coon, British_Shorthair, Ragdoll, english_setter",True,True
english_setter_120,english_setter,english_setter,0.8213798,"english_setter, american_bulldog, great_pyrenees, german_shorthaired, havanese",True,True
english_cocker_spaniel_81,english_cocker_spaniel,english_cocker_spaniel,0.84521127,"english_cocker_spaniel, basset_hound, wheaten_terrier, saint_bernard, beagle",True,True
Siamese_167,Siamese,Siamese,0.9935349,"Siamese, Abyssinian, miniature_pinscher, chihuahua, pug",True,True
samoyed_4,samoyed,samoyed,0.9948114,"samoyed, shiba_inu, pomeranian, Ragdoll, great_pyrenees",True,True
boxer_59,boxer,american_bulldog,0.9998802,"american_bulldog, american_pit_bull_terrier, boxer, Sphynx, staffordshire_bull_terrier",False,True
keeshond_68,keeshond,keeshond,0.9130681,"keeshond, scottish_terrier, leonberger, newfoundland, Bombay",True,True
chihuahua_198,chihuahua,chihuahua,0.99958116,"chihuahua, Sphynx, pomeranian, miniature_pinscher, shiba_inu",True,True
japanese_chin_139,japanese_chin,japanese_chin,0.99649245,"japanese_chin, chihuahua, saint_bernard, Ragdoll, pomeranian",True,True
chihuahua_21,chihuahua,chihuahua,0.9985197,"chihuahua, shiba_inu, Siamese, pug, miniature_pinscher",True,True
newfoundland_80,newfoundland,newfoundland,0.9993125,"newfoundland, scottish_terrier, leonberger, keeshond, german_shorthaired",True,True
Bengal_46,Bengal,Bengal,0.9201198,"Bengal, Egyptian_Mau, Maine_Coon, Abyssinian, Sphynx",True,True
beagle_81,beagle,beagle,0.99817777,"beagle, basset_hound, chihuahua, japanese_chin, saint_bernard",True,True
shiba_inu_206,shiba_inu,shiba_inu,0.99902034,"shiba_inu, samoyed, staffordshire_bull_terrier, scottish_terrier, chihuahua",True,True
miniature_pinscher_49,miniature_pinscher,miniature_pinscher,0.3998699,"miniature_pinscher, chihuahua, shiba_inu, Siamese, Sphynx",True,True
Sphynx_80,Sphynx,Sphynx,0.99965,"Sphynx, chihuahua, american_bulldog, Egyptian_Mau, miniature_pinscher",True,True
samoyed_23,samoyed,samoyed,0.9974801,"samoyed, shiba_inu, great_pyrenees, pomeranian, Ragdoll",True,True
samoyed_148,samoyed,great_pyrenees,0.87611365,"great_pyrenees, samoyed, havanese, Ragdoll, Persian",False,True
yorkshire_terrier_82,yorkshire_terrier,yorkshire_terrier,0.97991383,"yorkshire_terrier, english_cocker_spaniel, havanese, Maine_Coon, scottish_terrier",True,True
wheaten_terrier_198,wheaten_terrier,wheaten_terrier,0.9043585,"wheaten_terrier, havanese, scottish_terrier, yorkshire_terrier, english_cocker_spaniel",True,True
boxer_178,boxer,boxer,0.75330853,"boxer, pug, leonberger, german_shorthaired, staffordshire_bull_terrier",True,True
english_cocker_spaniel_49,english_cocker_spaniel,english_cocker_spaniel,0.99929917,"english_cocker_spaniel, basset_hound, english_setter, newfoundland, havanese",True,True
yorkshire_terrier_86,yorkshire_terrier,yorkshire_terrier,0.9901994,"yorkshire_terrier, havanese, scottish_terrier, wheaten_terrier, english_cocker_spaniel",True,True
pomeranian_77,pomeranian,pomeranian,0.99398535,"pomeranian, samoyed, shiba_inu, yorkshire_terrier, keeshond",True,True
english_setter_70,english_setter,english_setter,0.64393425,"english_setter, basset_hound, saint_bernard, english_cocker_spaniel, beagle",True,True
Egyptian_Mau_18,Egyptian_Mau,Egyptian_Mau,0.6412897,"Egyptian_Mau, Bengal, Maine_Coon, Abyssinian, Russian_Blue",True,True
english_cocker_spaniel_17,english_cocker_spaniel,english_cocker_spaniel,0.9652654,"english_cocker_spaniel, english_setter, basset_hound, yorkshire_terrier, german_shorthaired",True,True
Bombay_61,Bombay,Bombay,0.9643466,"Bombay, scottish_terrier, Russian_Blue, Siamese, keeshond",True,True
Ragdoll_261,Ragdoll,Ragdoll,0.98565257,"Ragdoll, Persian, samoyed, Birman, Maine_Coon",True,True
scottish_terrier_107,scottish_terrier,shiba_inu,0.5537544,"shiba_inu, samoyed, pomeranian, Ragdoll, chihuahua",False,False
pomeranian_175,pomeranian,pomeranian,0.9995435,"pomeranian, keeshond, yorkshire_terrier, Persian, japanese_chin",True,True
american_pit_bull_terrier_166,american_pit_bull_terrier,american_pit_bull_terrier,0.992856,"american_pit_bull_terrier, miniature_pinscher, staffordshire_bull_terrier, chihuahua, Bombay",True,True
Bombay_114,Bombay,Bombay,0.88811654,"Bombay, Russian_Blue, Egyptian_Mau, British_Shorthair, Sphynx",True,True
havanese_7,havanese,havanese,0.99906427,"havanese, yorkshire_terrier, great_pyrenees, wheaten_terrier, english_setter",True,True
beagle_65,beagle,beagle,0.9599577,"beagle, basset_hound, boxer, miniature_pinscher, staffordshire_bull_terrier",True,True
Bombay_154,Bombay,Bombay,0.99985373,"Bombay, Siamese, scottish_terrier, chihuahua, Sphynx",True,True
Abyssinian_182,Abyssinian,Bengal,0.76863605,"Bengal, Abyssinian, Maine_Coon, Egyptian_Mau, miniature_pinscher",False,True
staffordshire_bull_terrier_61,staffordshire_bull_terrier,staffordshire_bull_terrier,0.66565543,"staffordshire_bull_terrier, german_shorthaired, american_pit_bull_terrier, newfoundland, Russian_Blue",True,True
beagle_112,beagle,basset_hound,0.5748044,"basset_hound, beagle, english_setter, american_bulldog, yorkshire_terrier",False,True
saint_bernard_28,saint_bernard,saint_bernard,0.99912304,"saint_bernard, japanese_chin, beagle, basset_hound, great_pyrenees",True,True
Maine_Coon_16,Maine_Coon,Maine_Coon,0.88835704,"Maine_Coon, wheaten_terrier, english_setter, yorkshire_terrier, Bengal",True,True
havanese_61,havanese,havanese,0.9846224,"havanese, wheaten_terrier, yorkshire_terrier, english_setter, great_pyrenees",True,True
beagle_192,beagle,beagle,0.99985516,"beagle, american_bulldog, basset_hound, chihuahua, japanese_chin",True,True
samoyed_133,samoyed,samoyed,0.81033206,"samoyed, great_pyrenees, Ragdoll, wheaten_terrier, pomeranian",True,True
saint_bernard_59,saint_bernard,english_cocker_spaniel,0.22735544,"english_cocker_spaniel, saint_bernard, beagle, english_setter, japanese_chin",False,True
Abyssinian_22,Abyssinian,Abyssinian,0.991736,"Abyssinian, Bengal, Maine_Coon, Russian_Blue, Egyptian_Mau",True,True
Bombay_33,Bombay,Bombay,0.99491817,"Bombay, British_Shorthair, Russian_Blue, staffordshire_bull_terrier, Siamese",True,True
american_pit_bull_terrier_97,american_pit_bull_terrier,american_pit_bull_terrier,0.9895837,"american_pit_bull_terrier, german_shorthaired, basset_hound, english_setter, staffordshire_bull_terrier",True,True
english_setter_137,english_setter,english_setter,0.62600553,"english_setter, english_cocker_spaniel, havanese, pug, german_shorthaired",True,True
miniature_pinscher_132,miniature_pinscher,miniature_pinscher,0.9470774,"miniature_pinscher, Abyssinian, Bengal, basset_hound, boxer",True,True
Ragdoll_161,Ragdoll,Ragdoll,0.9894667,"Ragdoll, Birman, american_bulldog, Persian, samoyed",True,True
staffordshire_bull_terrier_98,staffordshire_bull_terrier,staffordshire_bull_terrier,0.99579394,"staffordshire_bull_terrier, american_pit_bull_terrier, miniature_pinscher, boxer, german_shorthaired",True,True
pomeranian_97,pomeranian,samoyed,0.4689172,"samoyed, wheaten_terrier, Birman, Ragdoll, Persian",False,False
chihuahua_188,chihuahua,chihuahua,0.93212366,"chihuahua, Bombay, japanese_chin, miniature_pinscher, Sphynx",True,True
miniature_pinscher_120,miniature_pinscher,miniature_pinscher,0.980534,"miniature_pinscher, american_pit_bull_terrier, chihuahua, german_shorthaired, staffordshire_bull_terrier",True,True
pug_104,pug,pug,0.9999765,"pug, american_bulldog, leonberger, Siamese, havanese",True,True
japanese_chin_141,japanese_chin,japanese_chin,0.99894744,"japanese_chin, pomeranian, Ragdoll, chihuahua, havanese",True,True
Russian_Blue_68,Russian_Blue,Russian_Blue,0.9997881,"Russian_Blue, British_Shorthair, Egyptian_Mau, shiba_inu, scottish_terrier",True,True
german_shorthaired_85,german_shorthaired,german_shorthaired,0.9988606,"german_shorthaired, american_pit_bull_terrier, staffordshire_bull_terrier, american_bulldog, english_cocker_spaniel",True,True
wheaten_terrier_166,wheaten_terrier,wheaten_terrier,0.65495193,"wheaten_terrier, english_cocker_spaniel, havanese, great_pyrenees, newfoundland",True,True
beagle_51,beagle,beagle,0.9592205,"beagle, english_cocker_spaniel, miniature_pinscher, basset_hound, english_setter",True,True
english_cocker_spaniel_151,english_cocker_spaniel,english_cocker_spaniel,0.94181544,"english_cocker_spaniel, english_setter, beagle, Bengal, chihuahua",True,True
miniature_pinscher_48,miniature_pinscher,miniature_pinscher,0.9999652,"miniature_pinscher, american_pit_bull_terrier, german_shorthaired, boxer, chihuahua",True,True
havanese_145,havanese,newfoundland,0.95566845,"newfoundland, english_cocker_spaniel, havanese, scottish_terrier, yorkshire_terrier",False,True
american_pit_bull_terrier_142,american_pit_bull_terrier,american_pit_bull_terrier,0.98980427,"american_pit_bull_terrier, chihuahua, english_setter, shiba_inu, saint_bernard",True,True
Ragdoll_81,Ragdoll,Ragdoll,0.67247444,"Ragdoll, Birman, Persian, Siamese, american_bulldog",True,True
yorkshire_terrier_150,yorkshire_terrier,american_pit_bull_terrier,0.43595582,"american_pit_bull_terrier, miniature_pinscher, english_setter, chihuahua, yorkshire_terrier",False,True
havanese_164,havanese,scottish_terrier,0.35953808,"scottish_terrier, yorkshire_terrier, wheaten_terrier, english_cocker_spaniel, havanese",False,True
samoyed_186,samoyed,samoyed,0.9687449,"samoyed, great_pyrenees, Ragdoll, pomeranian, keeshond",True,True
scottish_terrier_155,scottish_terrier,scottish_terrier,0.99011993,"scottish_terrier, newfoundland, english_cocker_spaniel, german_shorthaired, yorkshire_terrier",True,True
Siamese_194,Siamese,Siamese,0.913756,"Siamese, Birman, chihuahua, Ragdoll, Sphynx",True,True
beagle_39,beagle,beagle,0.99797577,"beagle, basset_hound, japanese_chin, chihuahua, miniature_pinscher",True,True
havanese_63,havanese,havanese,0.987445,"havanese, wheaten_terrier, samoyed, scottish_terrier, great_pyrenees",True,True
Siamese_100,Siamese,Siamese,0.88812333,"Siamese, Birman, chihuahua, Ragdoll, scottish_terrier",True,True
staffordshire_bull_terrier_144,staffordshire_bull_terrier,staffordshire_bull_terrier,0.99826604,"staffordshire_bull_terrier, american_pit_bull_terrier, boxer, german_shorthaired, american_bulldog",True,True
Bengal_152,Bengal,Egyptian_Mau,0.8374413,"Egyptian_Mau, Bengal, Abyssinian, Russian_Blue, British_Shorthair",False,True
Ragdoll_101,Ragdoll,Ragdoll,0.82602733,"Ragdoll, Birman, Persian, havanese, samoyed",True,True
german_shorthaired_37,german_shorthaired,german_shorthaired,0.99415886,"german_shorthaired, basset_hound, american_pit_bull_terrier, beagle, boxer",True,True
pomeranian_37,pomeranian,pomeranian,0.98063964,"pomeranian, shiba_inu, chihuahua, samoyed, japanese_chin",True,True
saint_bernard_190,saint_bernard,beagle,0.29332724,"beagle, saint_bernard, staffordshire_bull_terrier, american_bulldog, basset_hound",False,True
havanese_100,havanese,havanese,0.5677417,"havanese, wheaten_terrier, great_pyrenees, english_cocker_spaniel, english_setter",True,True
german_shorthaired_67,german_shorthaired,german_shorthaired,0.987277,"german_shorthaired, american_pit_bull_terrier, english_setter, american_bulldog, staffordshire_bull_terrier",True,True
Persian_95,Persian,Persian,0.98175335,"Persian, Maine_Coon, Ragdoll, keeshond, samoyed",True,True
staffordshire_bull_terrier_57,staffordshire_bull_terrier,staffordshire_bull_terrier,0.6241113,"staffordshire_bull_terrier, scottish_terrier, Bombay, american_pit_bull_terrier, german_shorthaired",True,True
boxer_19,boxer,boxer,0.98478043,"boxer, staffordshire_bull_terrier, american_bulldog, pug, saint_bernard",True,True
german_shorthaired_31,german_shorthaired,staffordshire_bull_terrier,0.74141854,"staffordshire_bull_terrier, american_pit_bull_terrier, miniature_pinscher, german_shorthaired, basset_hound",False,True
Bengal_62,Bengal,Bengal,0.9998909,"Bengal, Egyptian_Mau, Maine_Coon, saint_bernard, boxer",True,True
Bombay_176,Bombay,Bombay,0.99771726,"Bombay, scottish_terrier, Siamese, newfoundland, miniature_pinscher",True,True
Maine_Coon_205,Maine_Coon,Maine_Coon,0.9899475,"Maine_Coon, Persian, Ragdoll, wheaten_terrier, keeshond",True,True
yorkshire_terrier_69,yorkshire_terrier,yorkshire_terrier,0.99973434,"yorkshire_terrier, english_cocker_spaniel, scottish_terrier, wheaten_terrier, havanese",True,True
pug_3,pug,pug,0.9993994,"pug, american_bulldog, japanese_chin, boxer, chihuahua",True,True
chihuahua_55,chihuahua,miniature_pinscher,0.99699956,"miniature_pinscher, chihuahua, Siamese, Abyssinian, american_pit_bull_terrier",False,True
german_shorthaired_167,german_shorthaired,german_shorthaired,0.7093401,"german_shorthaired, basset_hound, american_pit_bull_terrier, beagle, boxer",True,True
pomeranian_109,pomeranian,pomeranian,0.99384034,"pomeranian, japanese_chin, havanese, samoyed, Persian",True,True
shiba_inu_132,shiba_inu,shiba_inu,0.9870521,"shiba_inu, chihuahua, pomeranian, beagle, Siamese",True,True
Ragdoll_57,Ragdoll,Ragdoll,0.97374266,"Ragdoll, Birman, Persian, Sphynx, american_bulldog",True,True
pug_74,pug,boxer,0.96424115,"boxer, beagle, american_bulldog, basset_hound, german_shorthaired",False,False
shiba_inu_198,shiba_inu,beagle,0.4492419,"beagle, shiba_inu, chihuahua, Abyssinian, american_pit_bull_terrier",False,True
British_Shorthair_278,British_Shorthair,British_Shorthair,0.9993285,"British_Shorthair, Bombay, Russian_Blue, Persian, keeshond",True,True
miniature_pinscher_180,miniature_pinscher,miniature_pinscher,0.98182905,"miniature_pinscher, american_pit_bull_terrier, chihuahua, Bombay, Siamese",True,True
Russian_Blue_116,Russian_Blue,Russian_Blue,0.9834959,"Russian_Blue, British_Shorthair, Egyptian_Mau, Abyssinian, Siamese",True,True
Persian_172,Persian,Persian,0.695617,"Persian, Ragdoll, Birman, japanese_chin, Siamese",True,True
shiba_inu_134,shiba_inu,shiba_inu,0.9999,"shiba_inu, beagle, samoyed, pomeranian, staffordshire_bull_terrier",True,True
american_pit_bull_terrier_187,american_pit_bull_terrier,american_pit_bull_terrier,0.9256301,"american_pit_bull_terrier, german_shorthaired, staffordshire_bull_terrier, american_bulldog, boxer",True,True
pomeranian_25,pomeranian,pomeranian,0.9974585,"pomeranian, samoyed, Ragdoll, keeshond, Persian",True,True
Bengal_151,Bengal,Bengal,0.50622123,"Bengal, Egyptian_Mau, Maine_Coon, Sphynx, english_setter",True,True
Ragdoll_164,Ragdoll,Ragdoll,0.8024979,"Ragdoll, Persian, samoyed, British_Shorthair, Birman",True,True
newfoundland_196,newfoundland,newfoundland,0.99893504,"newfoundland, leonberger, keeshond, english_cocker_spaniel, havanese",True,True
Egyptian_Mau_111,Egyptian_Mau,Egyptian_Mau,0.9883913,"Egyptian_Mau, Bengal, Russian_Blue, Abyssinian, Maine_Coon",True,True
japanese_chin_4,japanese_chin,japanese_chin,0.9999168,"japanese_chin, havanese, pomeranian, saint_bernard, chihuahua",True,True
keeshond_23,keeshond,keeshond,0.9999101,"keeshond, pomeranian, samoyed, leonberger, Persian",True,True
leonberger_30,leonberger,wheaten_terrier,0.8617848,"wheaten_terrier, pug, leonberger, boxer, english_cocker_spaniel",False,True
leonberger_91,leonberger,leonberger,0.78051895,"leonberger, newfoundland, basset_hound, english_cocker_spaniel, saint_bernard",True,True
Abyssinian_87,Abyssinian,Abyssinian,0.9999913,"Abyssinian, Siamese, Russian_Blue, British_Shorthair, Ragdoll",True,True
american_bulldog_32,american_bulldog,american_bulldog,0.997472,"american_bulldog, boxer, american_pit_bull_terrier, Sphynx, pug",True,True
scottish_terrier_62,scottish_terrier,scottish_terrier,0.85208863,"scottish_terrier, Bombay, newfoundland, Russian_Blue, pug",True,True
english_setter_172,english_setter,english_setter,0.9834448,"english_setter, wheaten_terrier, english_cocker_spaniel, american_bulldog, Egyptian_Mau",True,True
newfoundland_172,newfoundland,newfoundland,0.9219542,"newfoundland, scottish_terrier, Bombay, havanese, leonberger",True,True
american_bulldog_167,american_bulldog,american_bulldog,0.49933153,"american_bulldog, Sphynx, beagle, Bombay, Abyssinian",True,True
beagle_184,beagle,basset_hound,0.7173529,"basset_hound, beagle, boxer, miniature_pinscher, american_pit_bull_terrier",False,True
Persian_49,Persian,Persian,0.99979955,"Persian, Ragdoll, Maine_Coon, japanese_chin, pomeranian",True,True
leonberger_86,leonberger,leonberger,0.99145085,"leonberger, wheaten_terrier, boxer, saint_bernard, Maine_Coon",True,True
japanese_chin_18,japanese_chin,japanese_chin,0.99656326,"japanese_chin, Ragdoll, american_bulldog, pug, Birman",True,True
Sphynx_141,Sphynx,Sphynx,0.99978465,"Sphynx, chihuahua, Siamese, Russian_Blue, Bombay",True,True
wheaten_terrier_115,wheaten_terrier,wheaten_terrier,0.99953055,"wheaten_terrier, havanese, american_bulldog, english_cocker_spaniel, pug",True,True
boxer_93,boxer,boxer,0.853666,"boxer, american_bulldog, pug, beagle, japanese_chin",True,True
samoyed_126,samoyed,samoyed,0.9634366,"samoyed, shiba_inu, pomeranian, great_pyrenees, scottish_terrier",True,True
Russian_Blue_106,Russian_Blue,British_Shorthair,0.98748255,"British_Shorthair, Russian_Blue, Abyssinian, Bombay, Egyptian_Mau",False,True
Ragdoll_42,Ragdoll,Ragdoll,0.98786944,"Ragdoll, Maine_Coon, British_Shorthair, Persian, keeshond",True,True
Russian_Blue_170,Russian_Blue,British_Shorthair,0.66520417,"British_Shorthair, Russian_Blue, Bombay, staffordshire_bull_terrier, german_shorthaired",False,True
newfoundland_82,newfoundland,newfoundland,0.99932706,"newfoundland, leonberger, english_cocker_spaniel, scottish_terrier, keeshond",True,True
chihuahua_137,chihuahua,chihuahua,0.9998492,"chihuahua, Sphynx, american_pit_bull_terrier, miniature_pinscher, english_setter",True,True
boxer_196,boxer,boxer,0.9994362,"boxer, basset_hound, saint_bernard, miniature_pinscher, leonberger",True,True
Persian_68,Persian,Persian,0.9993581,"Persian, Maine_Coon, pomeranian, japanese_chin, Ragdoll",True,True
american_bulldog_96,american_bulldog,beagle,0.41038325,"beagle, american_bulldog, staffordshire_bull_terrier, shiba_inu, chihuahua",False,True
British_Shorthair_149,British_Shorthair,British_Shorthair,0.9710525,"British_Shorthair, Russian_Blue, Ragdoll, Persian, keeshond",True,True
saint_bernard_46,saint_bernard,saint_bernard,0.9957937,"saint_bernard, japanese_chin, basset_hound, english_cocker_spaniel, english_setter",True,True
Bombay_100,Bombay,Bombay,0.9999559,"Bombay, Siamese, scottish_terrier, chihuahua, miniature_pinscher",True,True
shiba_inu_147,shiba_inu,shiba_inu,0.9984281,"shiba_inu, chihuahua, pomeranian, Siamese, beagle",True,True
pomeranian_101,pomeranian,pomeranian,0.9999609,"pomeranian, yorkshire_terrier, japanese_chin, keeshond, samoyed",True,True
scottish_terrier_185,scottish_terrier,havanese,0.97329223,"havanese, wheaten_terrier, yorkshire_terrier, scottish_terrier, Ragdoll",False,True
Abyssinian_210,Abyssinian,Abyssinian,0.9571901,"Abyssinian, Maine_Coon, Bengal, Siamese, Bombay",True,True
havanese_28,havanese,havanese,0.8970957,"havanese, english_cocker_spaniel, yorkshire_terrier, newfoundland, english_setter",True,True
shiba_inu_156,shiba_inu,japanese_chin,0.8090774,"japanese_chin, pomeranian, leonberger, saint_bernard, yorkshire_terrier",False,False
staffordshire_bull_terrier_183,staffordshire_bull_terrier,staffordshire_bull_terrier,0.9717363,"staffordshire_bull_terrier, scottish_terrier, american_pit_bull_terrier, Russian_Blue, keeshond",True,True
samoyed_87,samoyed,samoyed,0.74360406,"samoyed, pomeranian, great_pyrenees, Persian, havanese",True,True
newfoundland_100,newfoundland,newfoundland,0.9994646,"newfoundland, scottish_terrier, leonberger, english_cocker_spaniel, keeshond",True,True
scottish_terrier_129,scottish_terrier,scottish_terrier,0.92433745,"scottish_terrier, newfoundland, yorkshire_terrier, english_cocker_spaniel, havanese",True,True
leonberger_179,leonberger,leonberger,0.9995882,"leonberger, keeshond, Maine_Coon, saint_bernard, great_pyrenees",True,True
Sphynx_31,Sphynx,Sphynx,0.9917596,"Sphynx, american_pit_bull_terrier, chihuahua, american_bulldog, Abyssinian",True,True
pomeranian_166,pomeranian,pomeranian,0.9999889,"pomeranian, shiba_inu, chihuahua, Persian, japanese_chin",True,True
basset_hound_158,basset_hound,saint_bernard,0.38577083,"saint_bernard, beagle, basset_hound, american_bulldog, boxer",False,True
american_bulldog_79,american_bulldog,american_bulldog,0.9131356,"american_bulldog, american_pit_bull_terrier, great_pyrenees, staffordshire_bull_terrier, english_setter",True,True
Persian_100,Persian,Persian,0.98680335,"Persian, Maine_Coon, British_Shorthair, Ragdoll, american_bulldog",True,True
american_bulldog_201,american_bulldog,american_bulldog,0.9952453,"american_bulldog, beagle, staffordshire_bull_terrier, american_pit_bull_terrier, Sphynx",True,True
leonberger_80,leonberger,leonberger,0.94035447,"leonberger, boxer, Maine_Coon, pug, english_setter",True,True
shiba_inu_52,shiba_inu,shiba_inu,0.9995285,"shiba_inu, samoyed, pomeranian, chihuahua, Russian_Blue",True,True
basset_hound_92,basset_hound,basset_hound,0.49836278,"basset_hound, beagle, boxer, german_shorthaired, saint_bernard",True,True
staffordshire_bull_terrier_44,staffordshire_bull_terrier,beagle,0.6193289,"beagle, staffordshire_bull_terrier, american_bulldog, chihuahua, boxer",False,True
miniature_pinscher_191,miniature_pinscher,miniature_pinscher,0.9993623,"miniature_pinscher, american_pit_bull_terrier, boxer, yorkshire_terrier, Bengal",True,True
samoyed_62,samoyed,samoyed,0.9176798,"samoyed, great_pyrenees, pomeranian, havanese, shiba_inu",True,True
pomeranian_9,pomeranian,yorkshire_terrier,0.4228675,"yorkshire_terrier, pomeranian, leonberger, keeshond, japanese_chin",False,True
japanese_chin_165,japanese_chin,japanese_chin,0.9998568,"japanese_chin, Birman, Ragdoll, havanese, beagle",True,True
boxer_100,boxer,boxer,0.9318966,"boxer, beagle, miniature_pinscher, basset_hound, american_bulldog",True,True
german_shorthaired_63,german_shorthaired,german_shorthaired,0.92369294,"german_shorthaired, boxer, american_bulldog, British_Shorthair, miniature_pinscher",True,True
japanese_chin_152,japanese_chin,japanese_chin,0.97922623,"japanese_chin, beagle, saint_bernard, english_setter, Birman",True,True
japanese_chin_91,japanese_chin,japanese_chin,0.9980253,"japanese_chin, havanese, boxer, saint_bernard, english_setter",True,True
english_cocker_spaniel_118,english_cocker_spaniel,english_cocker_spaniel,0.9961325,"english_cocker_spaniel, basset_hound, english_setter, yorkshire_terrier, wheaten_terrier",True,True
Bombay_110,Bombay,Bombay,0.98740023,"Bombay, scottish_terrier, staffordshire_bull_terrier, miniature_pinscher, Siamese",True,True
samoyed_89,samoyed,samoyed,0.9971021,"samoyed, great_pyrenees, keeshond, Persian, Ragdoll",True,True
pug_93,pug,pug,0.6529,"pug, american_bulldog, Sphynx, Birman, japanese_chin",True,True
scottish_terrier_69,scottish_terrier,scottish_terrier,0.97663146,"scottish_terrier, yorkshire_terrier, keeshond, staffordshire_bull_terrier, wheaten_terrier",True,True
Siamese_64,Siamese,Siamese,0.9973578,"Siamese, Birman, chihuahua, pug, Ragdoll",True,True
wheaten_terrier_140,wheaten_terrier,wheaten_terrier,0.97166103,"wheaten_terrier, english_cocker_spaniel, yorkshire_terrier, scottish_terrier, havanese",True,True
american_pit_bull_terrier_95,american_pit_bull_terrier,beagle,0.9831677,"beagle, american_bulldog, saint_bernard, american_pit_bull_terrier, basset_hound",False,True
Abyssinian_80,Abyssinian,Abyssinian,0.9992182,"Abyssinian, Sphynx, Siamese, Bengal, Russian_Blue",True,True
pug_181,pug,pug,0.9997048,"pug, american_bulldog, chihuahua, american_pit_bull_terrier, Siamese",True,True
shiba_inu_178,shiba_inu,shiba_inu,0.99301744,"shiba_inu, chihuahua, Siamese, Russian_Blue, Abyssinian",True,True
english_setter_41,english_setter,english_setter,0.92318416,"english_setter, english_cocker_spaniel, german_shorthaired, japanese_chin, havanese",True,True
Siamese_160,Siamese,Siamese,0.58803934,"Siamese, Birman, pug, Ragdoll, Sphynx",True,True
British_Shorthair_270,British_Shorthair,British_Shorthair,0.996229,"British_Shorthair, Russian_Blue, Persian, Egyptian_Mau, Ragdoll",True,True
Egyptian_Mau_95,Egyptian_Mau,Egyptian_Mau,0.9986197,"Egyptian_Mau, Russian_Blue, Bengal, english_setter, Sphynx",True,True
Siamese_113,Siamese,Birman,0.939764,"Birman, Siamese, Ragdoll, keeshond, pug",False,True
japanese_chin_1,japanese_chin,japanese_chin,0.9574925,"japanese_chin, Ragdoll, english_cocker_spaniel, havanese, saint_bernard",True,True
havanese_53,havanese,havanese,0.99935657,"havanese, wheaten_terrier, yorkshire_terrier, japanese_chin, pug",True,True
chihuahua_45,chihuahua,chihuahua,0.98758334,"chihuahua, shiba_inu, beagle, Abyssinian, British_Shorthair",True,True
english_cocker_spaniel_47,english_cocker_spaniel,english_cocker_spaniel,0.80226946,"english_cocker_spaniel, english_setter, havanese, leonberger, newfoundland",True,True
miniature_pinscher_153,miniature_pinscher,miniature_pinscher,0.9125763,"miniature_pinscher, english_setter, american_pit_bull_terrier, yorkshire_terrier, chihuahua",True,True
beagle_1,beagle,beagle,0.5658346,"beagle, basset_hound, miniature_pinscher, saint_bernard, english_setter",True,True
wheaten_terrier_3,wheaten_terrier,havanese,0.85196376,"havanese, wheaten_terrier, american_bulldog, Persian, pug",False,True
american_pit_bull_terrier_23,american_pit_bull_terrier,american_pit_bull_terrier,0.38284266,"american_pit_bull_terrier, beagle, american_bulldog, german_shorthaired, staffordshire_bull_terrier",True,True
saint_bernard_163,saint_bernard,american_bulldog,0.8415565,"american_bulldog, saint_bernard, english_setter, american_pit_bull_terrier, pug",False,True
Ragdoll_181,Ragdoll,Birman,0.694565,"Birman, Ragdoll, Siamese, Bengal, Persian",False,True
Birman_155,Birman,Birman,0.94809616,"Birman, Siamese, Ragdoll, pug, Sphynx",True,True
Birman_185,Birman,Birman,0.9952703,"Birman, Ragdoll, Persian, japanese_chin, keeshond",True,True
chihuahua_11,chihuahua,pomeranian,0.48114434,"pomeranian, chihuahua, Ragdoll, japanese_chin, shiba_inu",False,True
Bombay_188,Bombay,Bombay,0.9845979,"Bombay, chihuahua, miniature_pinscher, scottish_terrier, Persian",True,True
saint_bernard_39,saint_bernard,saint_bernard,0.9981445,"saint_bernard, basset_hound, boxer, american_bulldog, japanese_chin",True,True
american_bulldog_110,american_bulldog,american_bulldog,0.8689367,"american_bulldog, american_pit_bull_terrier, english_setter, pug, Sphynx",True,True
boxer_72,boxer,boxer,0.45163077,"boxer, saint_bernard, american_bulldog, Bengal, wheaten_terrier",True,True
pug_134,pug,pug,0.99756694,"pug, american_bulldog, american_pit_bull_terrier, Sphynx, chihuahua",True,True
Egyptian_Mau_44,Egyptian_Mau,Egyptian_Mau,0.9994487,"Egyptian_Mau, Bengal, german_shorthaired, english_setter, British_Shorthair",True,True
keeshond_150,keeshond,keeshond,0.95460224,"keeshond, pomeranian, leonberger, great_pyrenees, english_setter",True,True
miniature_pinscher_83,miniature_pinscher,miniature_pinscher,0.61370176,"miniature_pinscher, german_shorthaired, boxer, staffordshire_bull_terrier, British_Shorthair",True,True
newfoundland_24,newfoundland,newfoundland,0.9989513,"newfoundland, staffordshire_bull_terrier, leonberger, scottish_terrier, havanese",True,True
american_pit_bull_terrier_54,american_pit_bull_terrier,staffordshire_bull_terrier,0.33179656,"staffordshire_bull_terrier, boxer, basset_hound, beagle, german_shorthaired",False,False
scottish_terrier_127,scottish_terrier,scottish_terrier,0.9919808,"scottish_terrier, newfoundland, havanese, yorkshire_terrier, wheaten_terrier",True,True
Siamese_126,Siamese,Siamese,0.9343696,"Siamese, Birman, pug, Ragdoll, leonberger",True,True
Ragdoll_172,Ragdoll,Ragdoll,0.95774806,"Ragdoll, Birman, samoyed, Persian, havanese",True,True
chihuahua_199,chihuahua,chihuahua,0.9987203,"chihuahua, Sphynx, miniature_pinscher, english_setter, american_pit_bull_terrier",True,True
chihuahua_181,chihuahua,beagle,0.8178382,"beagle, chihuahua, american_bulldog, Sphynx, miniature_pinscher",False,True
Egyptian_Mau_171,Egyptian_Mau,Egyptian_Mau,0.94892156,"Egyptian_Mau, Bengal, Sphynx, english_setter, Russian_Blue",True,True
basset_hound_73,basset_hound,beagle,0.73856384,"beagle, basset_hound, staffordshire_bull_terrier, american_pit_bull_terrier, german_shorthaired",False,True
leonberger_55,leonberger,leonberger,0.85964847,"leonberger, pug, keeshond, wheaten_terrier, boxer",True,True
saint_bernard_4,saint_bernard,saint_bernard,0.9998882,"saint_bernard, basset_hound, leonberger, english_cocker_spaniel, Maine_Coon",True,True
shiba_inu_136,shiba_inu,shiba_inu,0.96126974,"shiba_inu, miniature_pinscher, staffordshire_bull_terrier, samoyed, pomeranian",True,True
scottish_terrier_18,scottish_terrier,scottish_terrier,0.9918566,"scottish_terrier, staffordshire_bull_terrier, newfoundland, Bombay, keeshond",True,True
great_pyrenees_96,great_pyrenees,great_pyrenees,0.9952211,"great_pyrenees, havanese, samoyed, saint_bernard, english_setter",True,True
Sphynx_33,Sphynx,Sphynx,0.996653,"Sphynx, american_bulldog, Egyptian_Mau, chihuahua, Abyssinian",True,True
havanese_177,havanese,havanese,0.98930395,"havanese, great_pyrenees, samoyed, wheaten_terrier, english_cocker_spaniel",True,True
english_setter_188,english_setter,english_setter,0.55310637,"english_setter, great_pyrenees, saint_bernard, samoyed, chihuahua",True,True
Siamese_180,Siamese,Siamese,0.48217517,"Siamese, Abyssinian, Ragdoll, Birman, Russian_Blue",True,True
havanese_45,havanese,havanese,0.99663794,"havanese, pug, wheaten_terrier, yorkshire_terrier, japanese_chin",True,True
samoyed_197,samoyed,samoyed,0.9765891,"samoyed, great_pyrenees, shiba_inu, pomeranian, Ragdoll",True,True
wheaten_terrier_13,wheaten_terrier,wheaten_terrier,0.9999498,"wheaten_terrier, havanese, american_bulldog, great_pyrenees, pug",True,True
Maine_Coon_70,Maine_Coon,Maine_Coon,0.94775563,"Maine_Coon, Bengal, Persian, Ragdoll, Abyssinian",True,True
scottish_terrier_124,scottish_terrier,scottish_terrier,0.9842508,"scottish_terrier, newfoundland, yorkshire_terrier, english_cocker_spaniel, keeshond",True,True
basset_hound_171,basset_hound,basset_hound,0.9742732,"basset_hound, boxer, beagle, miniature_pinscher, leonberger",True,True
Abyssinian_191,Abyssinian,Egyptian_Mau,0.5079268,"Egyptian_Mau, Bengal, Abyssinian, american_pit_bull_terrier, german_shorthaired",False,True
Sphynx_89,Sphynx,Sphynx,0.9991093,"Sphynx, Egyptian_Mau, Abyssinian, american_bulldog, Bengal",True,True
german_shorthaired_29,german_shorthaired,german_shorthaired,0.88396066,"german_shorthaired, leonberger, english_setter, beagle, newfoundland",True,True
Maine_Coon_144,Maine_Coon,Maine_Coon,0.9989849,"Maine_Coon, Bengal, Persian, Ragdoll, Abyssinian",True,True
Birman_153,Birman,Birman,0.94758725,"Birman, Ragdoll, Siamese, keeshond, Russian_Blue",True,True
shiba_inu_50,shiba_inu,shiba_inu,0.9978682,"shiba_inu, Ragdoll, chihuahua, samoyed, Abyssinian",True,True
havanese_39,havanese,havanese,0.9999132,"havanese, great_pyrenees, wheaten_terrier, japanese_chin, english_cocker_spaniel",True,True
newfoundland_51,newfoundland,newfoundland,0.9908749,"newfoundland, scottish_terrier, leonberger, Bombay, english_cocker_spaniel",True,True
Persian_213,Persian,Persian,0.7065147,"Persian, Maine_Coon, Ragdoll, english_setter, keeshond",True,True
Abyssinian_212,Abyssinian,Russian_Blue,0.5643381,"Russian_Blue, Egyptian_Mau, Sphynx, Abyssinian, chihuahua",False,True
wheaten_terrier_185,wheaten_terrier,wheaten_terrier,0.98360944,"wheaten_terrier, yorkshire_terrier, english_cocker_spaniel, havanese, scottish_terrier",True,True
english_cocker_spaniel_112,english_cocker_spaniel,english_cocker_spaniel,0.9999703,"english_cocker_spaniel, yorkshire_terrier, basset_hound, english_setter, wheaten_terrier",True,True
american_pit_bull_terrier_192,american_pit_bull_terrier,american_pit_bull_terrier,0.8941242,"american_pit_bull_terrier, staffordshire_bull_terrier, saint_bernard, american_bulldog, chihuahua",True,True
yorkshire_terrier_33,yorkshire_terrier,yorkshire_terrier,0.9912588,"yorkshire_terrier, Bengal, scottish_terrier, wheaten_terrier, miniature_pinscher",True,True
Maine_Coon_57,Maine_Coon,Maine_Coon,0.8779164,"Maine_Coon, Persian, Ragdoll, japanese_chin, Egyptian_Mau",True,True
basset_hound_177,basset_hound,basset_hound,0.9509355,"basset_hound, beagle, boxer, saint_bernard, american_bulldog",True,True
Sphynx_153,Sphynx,Sphynx,0.923125,"Sphynx, miniature_pinscher, Bombay, chihuahua, Bengal",True,True
pug_25,pug,pug,0.99997234,"pug, boxer, leonberger, Siamese, american_bulldog",True,True
great_pyrenees_129,great_pyrenees,great_pyrenees,0.9939865,"great_pyrenees, samoyed, Birman, saint_bernard, havanese",True,True
Persian_114,Persian,Maine_Coon,0.9755181,"Maine_Coon, Persian, Ragdoll, pomeranian, japanese_chin",False,True
British_Shorthair_164,British_Shorthair,British_Shorthair,0.78468096,"British_Shorthair, Ragdoll, Persian, Russian_Blue, shiba_inu",True,True
Sphynx_167,Sphynx,Sphynx,0.99994504,"Sphynx, Egyptian_Mau, Russian_Blue, chihuahua, american_bulldog",True,True
Egyptian_Mau_41,Egyptian_Mau,Egyptian_Mau,0.9979273,"Egyptian_Mau, Bengal, Russian_Blue, British_Shorthair, german_shorthaired",True,True
german_shorthaired_117,german_shorthaired,miniature_pinscher,0.7668155,"miniature_pinscher, staffordshire_bull_terrier, leonberger, boxer, Siamese",False,False
japanese_chin_166,japanese_chin,japanese_chin,0.99850523,"japanese_chin, saint_bernard, english_cocker_spaniel, havanese, english_setter",True,True
miniature_pinscher_13,miniature_pinscher,miniature_pinscher,0.99880755,"miniature_pinscher, boxer, Bengal, chihuahua, yorkshire_terrier",True,True
german_shorthaired_77,german_shorthaired,german_shorthaired,0.99928516,"german_shorthaired, american_pit_bull_terrier, beagle, staffordshire_bull_terrier, miniature_pinscher",True,True
leonberger_9,leonberger,leonberger,0.9394449,"leonberger, basset_hound, saint_bernard, english_cocker_spaniel, newfoundland",True,True
beagle_143,beagle,beagle,0.68027353,"beagle, basset_hound, english_setter, wheaten_terrier, english_cocker_spaniel",True,True
japanese_chin_57,japanese_chin,japanese_chin,0.9636643,"japanese_chin, pomeranian, chihuahua, beagle, havanese",True,True
pomeranian_122,pomeranian,pomeranian,0.999516,"pomeranian, chihuahua, samoyed, japanese_chin, havanese",True,True
great_pyrenees_69,great_pyrenees,great_pyrenees,0.99947757,"great_pyrenees, samoyed, english_setter, saint_bernard, american_bulldog",True,True
chihuahua_49,chihuahua,chihuahua,0.999519,"chihuahua, pomeranian, Sphynx, Ragdoll, japanese_chin",True,True
Egyptian_Mau_88,Egyptian_Mau,Egyptian_Mau,0.9987967,"Egyptian_Mau, Bengal, Russian_Blue, British_Shorthair, Sphynx",True,True
scottish_terrier_183,scottish_terrier,scottish_terrier,0.99903536,"scottish_terrier, newfoundland, yorkshire_terrier, keeshond, staffordshire_bull_terrier",True,True
german_shorthaired_157,german_shorthaired,german_shorthaired,0.98981315,"german_shorthaired, american_pit_bull_terrier, staffordshire_bull_terrier, english_setter, scottish_terrier",True,True
american_pit_bull_terrier_9,american_pit_bull_terrier,american_pit_bull_terrier,0.95536554,"american_pit_bull_terrier, american_bulldog, english_setter, staffordshire_bull_terrier, chihuahua",True,True
Sphynx_156,Sphynx,Sphynx,0.86531323,"Sphynx, Bengal, Abyssinian, Egyptian_Mau, boxer",True,True
japanese_chin_94,japanese_chin,japanese_chin,0.9955289,"japanese_chin, saint_bernard, english_setter, english_cocker_spaniel, havanese",True,True
leonberger_11,leonberger,miniature_pinscher,0.45159072,"miniature_pinscher, boxer, saint_bernard, leonberger, Siamese",False,True
keeshond_101,keeshond,keeshond,0.99992645,"keeshond, leonberger, Maine_Coon, english_setter, Persian",True,True
chihuahua_71,chihuahua,chihuahua,0.9979652,"chihuahua, pomeranian, miniature_pinscher, Sphynx, Siamese",True,True
Russian_Blue_28,Russian_Blue,Russian_Blue,0.31004196,"Russian_Blue, keeshond, scottish_terrier, Maine_Coon, staffordshire_bull_terrier",True,True
keeshond_36,keeshond,keeshond,0.99928683,"keeshond, leonberger, great_pyrenees, Birman, english_setter",True,True
yorkshire_terrier_21,yorkshire_terrier,yorkshire_terrier,0.99462163,"yorkshire_terrier, wheaten_terrier, scottish_terrier, havanese, english_cocker_spaniel",True,True
havanese_35,havanese,havanese,0.9981254,"havanese, yorkshire_terrier, english_cocker_spaniel, japanese_chin, english_setter",True,True
keeshond_111,keeshond,keeshond,0.9989454,"keeshond, pomeranian, yorkshire_terrier, leonberger, scottish_terrier",True,True
german_shorthaired_158,german_shorthaired,german_shorthaired,0.99357235,"german_shorthaired, english_setter, american_pit_bull_terrier, miniature_pinscher, beagle",True,True
Siamese_59,Siamese,Siamese,0.64447945,"Siamese, Birman, wheaten_terrier, saint_bernard, keeshond",True,True
boxer_108,boxer,boxer,0.98248196,"boxer, pug, american_bulldog, saint_bernard, staffordshire_bull_terrier",True,True
great_pyrenees_159,great_pyrenees,great_pyrenees,0.9800387,"great_pyrenees, saint_bernard, samoyed, english_setter, wheaten_terrier",True,True
american_bulldog_61,american_bulldog,beagle,0.9962528,"beagle, american_bulldog, boxer, basset_hound, staffordshire_bull_terrier",False,True
yorkshire_terrier_5,yorkshire_terrier,Maine_Coon,0.42845976,"Maine_Coon, yorkshire_terrier, scottish_terrier, Persian, keeshond",False,True
american_bulldog_60,american_bulldog,american_bulldog,0.9951988,"american_bulldog, Sphynx, pug, boxer, japanese_chin",True,True
Abyssinian_3,Abyssinian,Abyssinian,0.9938828,"Abyssinian, Bengal, Sphynx, Maine_Coon, wheaten_terrier",True,True
Ragdoll_37,Ragdoll,Ragdoll,0.96550024,"Ragdoll, samoyed, Maine_Coon, Persian, shiba_inu",True,True
american_bulldog_65,american_bulldog,saint_bernard,0.9960014,"saint_bernard, basset_hound, beagle, english_setter, american_bulldog",False,True
newfoundland_74,newfoundland,newfoundland,0.9540138,"newfoundland, english_cocker_spaniel, havanese, scottish_terrier, great_pyrenees",True,True
great_pyrenees_164,great_pyrenees,great_pyrenees,0.99229974,"great_pyrenees, samoyed, saint_bernard, english_setter, leonberger",True,True
Bombay_173,Bombay,Bombay,0.9776144,"Bombay, British_Shorthair, scottish_terrier, miniature_pinscher, Maine_Coon",True,True
staffordshire_bull_terrier_170,staffordshire_bull_terrier,staffordshire_bull_terrier,0.90668356,"staffordshire_bull_terrier, american_pit_bull_terrier, boxer, miniature_pinscher, basset_hound",True,True
beagle_56,beagle,beagle,0.60114723,"beagle, basset_hound, english_setter, german_shorthaired, saint_bernard",True,True
scottish_terrier_172,scottish_terrier,scottish_terrier,0.98996264,"scottish_terrier, newfoundland, Bombay, staffordshire_bull_terrier, chihuahua",True,True
chihuahua_123,chihuahua,chihuahua,0.9847009,"chihuahua, Sphynx, Ragdoll, miniature_pinscher, saint_bernard",True,True
scottish_terrier_153,scottish_terrier,scottish_terrier,0.9996557,"scottish_terrier, yorkshire_terrier, english_cocker_spaniel, newfoundland, wheaten_terrier",True,True
wheaten_terrier_127,wheaten_terrier,english_setter,0.4567262,"english_setter, wheaten_terrier, american_bulldog, havanese, pug",False,True
Bombay_123,Bombay,Bombay,0.9969844,"Bombay, scottish_terrier, newfoundland, yorkshire_terrier, British_Shorthair",True,True
Birman_7,Birman,Birman,0.9538003,"Birman, Siamese, Ragdoll, keeshond, leonberger",True,True
great_pyrenees_79,great_pyrenees,great_pyrenees,0.94344074,"great_pyrenees, samoyed, shiba_inu, pomeranian, leonberger",True,True
samoyed_83,samoyed,samoyed,0.70259255,"samoyed, scottish_terrier, Ragdoll, wheaten_terrier, havanese",True,True
samoyed_125,samoyed,samoyed,0.99435943,"samoyed, pomeranian, keeshond, great_pyrenees, shiba_inu",True,True
Birman_175,Birman,Birman,0.93514115,"Birman, Ragdoll, Persian, Siamese, keeshond",True,True
german_shorthaired_140,german_shorthaired,staffordshire_bull_terrier,0.52583724,"staffordshire_bull_terrier, german_shorthaired, Bombay, miniature_pinscher, scottish_terrier",False,True
leonberger_196,leonberger,leonberger,0.9848993,"leonberger, Bengal, saint_bernard, boxer, english_cocker_spaniel",True,True
keeshond_58,keeshond,keeshond,0.5974242,"keeshond, leonberger, great_pyrenees, newfoundland, english_cocker_spaniel",True,True
scottish_terrier_97,scottish_terrier,scottish_terrier,0.9905025,"scottish_terrier, yorkshire_terrier, wheaten_terrier, havanese, english_cocker_spaniel",True,True
pomeranian_169,pomeranian,pomeranian,0.99726796,"pomeranian, japanese_chin, chihuahua, keeshond, great_pyrenees",True,True
Sphynx_202,Sphynx,Sphynx,0.99838257,"Sphynx, Russian_Blue, american_bulldog, Egyptian_Mau, chihuahua",True,True
saint_bernard_57,saint_bernard,beagle,0.9994816,"beagle, basset_hound, boxer, saint_bernard, shiba_inu",False,True
Siamese_143,Siamese,Siamese,0.9888306,"Siamese, chihuahua, Birman, Abyssinian, pug",True,True
British_Shorthair_120,British_Shorthair,British_Shorthair,0.99943393,"British_Shorthair, german_shorthaired, Persian, Bombay, Egyptian_Mau",True,True
Abyssinian_175,Abyssinian,Abyssinian,0.9972065,"Abyssinian, Bengal, Siamese, Russian_Blue, Egyptian_Mau",True,True
great_pyrenees_55,great_pyrenees,great_pyrenees,0.97650176,"great_pyrenees, havanese, samoyed, pomeranian, english_cocker_spaniel",True,True
Sphynx_98,Sphynx,Sphynx,0.9996637,"Sphynx, american_bulldog, chihuahua, Abyssinian, Russian_Blue",True,True
pug_133,pug,pug,0.9962669,"pug, american_bulldog, english_setter, Sphynx, american_pit_bull_terrier",True,True
Bombay_97,Bombay,Bombay,0.87562317,"Bombay, British_Shorthair, Russian_Blue, scottish_terrier, newfoundland",True,True
pomeranian_115,pomeranian,pomeranian,0.99979347,"pomeranian, samoyed, keeshond, chihuahua, japanese_chin",True,True
wheaten_terrier_31,wheaten_terrier,english_cocker_spaniel,0.44366306,"english_cocker_spaniel, english_setter, wheaten_terrier, basset_hound, scottish_terrier",False,True
great_pyrenees_160,great_pyrenees,great_pyrenees,0.9993711,"great_pyrenees, wheaten_terrier, english_cocker_spaniel, samoyed, english_setter",True,True
Birman_62,Birman,Birman,0.987879,"Birman, Siamese, pug, japanese_chin, Ragdoll",True,True
Birman_73,Birman,Birman,0.99889416,"Birman, Siamese, Ragdoll, leonberger, pomeranian",True,True
shiba_inu_33,shiba_inu,shiba_inu,0.99570423,"shiba_inu, beagle, staffordshire_bull_terrier, american_pit_bull_terrier, chihuahua",True,True
german_shorthaired_133,german_shorthaired,german_shorthaired,0.872621,"german_shorthaired, staffordshire_bull_terrier, basset_hound, newfoundland, american_pit_bull_terrier",True,True
shiba_inu_119,shiba_inu,shiba_inu,0.99991906,"shiba_inu, chihuahua, samoyed, pomeranian, Ragdoll",True,True
scottish_terrier_177,scottish_terrier,scottish_terrier,0.9830687,"scottish_terrier, newfoundland, Bombay, english_cocker_spaniel, yorkshire_terrier",True,True
keeshond_59,keeshond,keeshond,0.852608,"keeshond, english_setter, japanese_chin, havanese, leonberger",True,True
keeshond_173,keeshond,keeshond,0.9993548,"keeshond, pomeranian, samoyed, leonberger, newfoundland",True,True
samoyed_41,samoyed,samoyed,0.99631065,"samoyed, Ragdoll, scottish_terrier, shiba_inu, pomeranian",True,True
Persian_115,Persian,Persian,0.9996557,"Persian, newfoundland, Maine_Coon, Ragdoll, pomeranian",True,True
basset_hound_48,basset_hound,basset_hound,0.99768186,"basset_hound, american_pit_bull_terrier, beagle, miniature_pinscher, german_shorthaired",True,True
Sphynx_159,Sphynx,Sphynx,0.9990388,"Sphynx, chihuahua, Egyptian_Mau, Abyssinian, Russian_Blue",True,True
leonberger_120,leonberger,leonberger,0.99910045,"leonberger, boxer, keeshond, pug, saint_bernard",True,True
Ragdoll_177,Ragdoll,Ragdoll,0.9424512,"Ragdoll, Birman, pomeranian, Persian, samoyed",True,True
Abyssinian_29,Abyssinian,Abyssinian,0.9935266,"Abyssinian, Ragdoll, Russian_Blue, British_Shorthair, Bengal",True,True
Egyptian_Mau_47,Egyptian_Mau,Egyptian_Mau,0.8036804,"Egyptian_Mau, Bengal, Sphynx, pug, english_setter",True,True
Bombay_202,Bombay,Bombay,0.9548518,"Bombay, Abyssinian, Bengal, Maine_Coon, British_Shorthair",True,True
boxer_109,boxer,american_bulldog,0.5643993,"american_bulldog, boxer, pug, basset_hound, beagle",False,True
boxer_184,boxer,boxer,0.74514186,"boxer, basset_hound, miniature_pinscher, beagle, Sphynx",True,True
japanese_chin_118,japanese_chin,japanese_chin,0.9648858,"japanese_chin, pomeranian, chihuahua, beagle, yorkshire_terrier",True,True
pug_101,pug,pug,0.9999759,"pug, american_bulldog, Siamese, boxer, staffordshire_bull_terrier",True,True
Ragdoll_165,Ragdoll,Ragdoll,0.9572614,"Ragdoll, Birman, saint_bernard, Maine_Coon, Persian",True,True
basset_hound_81,basset_hound,basset_hound,0.9977884,"basset_hound, beagle, english_setter, miniature_pinscher, saint_bernard",True,True
german_shorthaired_44,german_shorthaired,german_shorthaired,0.94357944,"german_shorthaired, english_setter, basset_hound, american_pit_bull_terrier, beagle",True,True
samoyed_31,samoyed,samoyed,0.99912375,"samoyed, pomeranian, Ragdoll, great_pyrenees, shiba_inu",True,True
Birman_160,Birman,Birman,0.96102923,"Birman, Ragdoll, pomeranian, Siamese, keeshond",True,True
Maine_Coon_60,Maine_Coon,Maine_Coon,0.9873453,"Maine_Coon, Abyssinian, Bengal, Ragdoll, Egyptian_Mau",True,True
shiba_inu_9,shiba_inu,shiba_inu,0.9753718,"shiba_inu, beagle, american_pit_bull_terrier, staffordshire_bull_terrier, american_bulldog",True,True
samoyed_73,samoyed,samoyed,0.98315424,"samoyed, shiba_inu, Ragdoll, great_pyrenees, scottish_terrier",True,True
american_bulldog_40,american_bulldog,american_pit_bull_terrier,0.55467457,"american_pit_bull_terrier, american_bulldog, english_setter, staffordshire_bull_terrier, great_pyrenees",False,True
chihuahua_164,chihuahua,chihuahua,0.75934356,"chihuahua, american_pit_bull_terrier, american_bulldog, shiba_inu, Bombay",True,True
english_setter_103,english_setter,english_setter,0.6751789,"english_setter, basset_hound, english_cocker_spaniel, german_shorthaired, beagle",True,True
pug_35,pug,pug,0.96562994,"pug, american_bulldog, boxer, leonberger, staffordshire_bull_terrier",True,True
english_setter_143,english_setter,english_setter,0.5308329,"english_setter, english_cocker_spaniel, saint_bernard, japanese_chin, leonberger",True,True
beagle_168,beagle,beagle,0.9541755,"beagle, shiba_inu, Abyssinian, boxer, basset_hound",True,True
Egyptian_Mau_51,Egyptian_Mau,Russian_Blue,0.62476534,"Russian_Blue, Egyptian_Mau, British_Shorthair, Sphynx, Abyssinian",False,True
yorkshire_terrier_84,yorkshire_terrier,yorkshire_terrier,0.99258536,"yorkshire_terrier, scottish_terrier, english_cocker_spaniel, havanese, pomeranian",True,True
newfoundland_98,newfoundland,newfoundland,0.99897814,"newfoundland, leonberger, great_pyrenees, havanese, english_cocker_spaniel",True,True
havanese_154,havanese,havanese,0.41558108,"havanese, pomeranian, great_pyrenees, Persian, samoyed",True,True
beagle_107,beagle,beagle,0.8229587,"beagle, basset_hound, english_cocker_spaniel, german_shorthaired, english_setter",True,True
yorkshire_terrier_92,yorkshire_terrier,yorkshire_terrier,0.99691665,"yorkshire_terrier, scottish_terrier, havanese, wheaten_terrier, pomeranian",True,True
pomeranian_174,pomeranian,pomeranian,0.99944264,"pomeranian, keeshond, chihuahua, yorkshire_terrier, japanese_chin",True,True
pug_56,pug,pug,0.99996936,"pug, leonberger, Siamese, american_bulldog, english_setter",True,True
staffordshire_bull_terrier_112,staffordshire_bull_terrier,staffordshire_bull_terrier,0.82820904,"staffordshire_bull_terrier, american_pit_bull_terrier, german_shorthaired, Sphynx, British_Shorthair",True,True
staffordshire_bull_terrier_60,staffordshire_bull_terrier,american_pit_bull_terrier,0.77350944,"american_pit_bull_terrier, american_bulldog, pug, staffordshire_bull_terrier, boxer",False,True
great_pyrenees_115,great_pyrenees,great_pyrenees,0.746551,"great_pyrenees, samoyed, shiba_inu, pomeranian, havanese",True,True
Bengal_128,Bengal,Bengal,0.9769518,"Bengal, Egyptian_Mau, boxer, Maine_Coon, Abyssinian",True,True
chihuahua_113,chihuahua,miniature_pinscher,0.49707237,"miniature_pinscher, chihuahua, Siamese, Bombay, american_pit_bull_terrier",False,True
great_pyrenees_141,great_pyrenees,saint_bernard,0.3234657,"saint_bernard, great_pyrenees, wheaten_terrier, beagle, english_cocker_spaniel",False,True
Egyptian_Mau_4,Egyptian_Mau,Egyptian_Mau,0.9084446,"Egyptian_Mau, Bengal, Abyssinian, chihuahua, Sphynx",True,True
pomeranian_162,pomeranian,pomeranian,0.99960417,"pomeranian, great_pyrenees, japanese_chin, chihuahua, keeshond",True,True
great_pyrenees_173,great_pyrenees,great_pyrenees,0.9983865,"great_pyrenees, samoyed, english_setter, american_bulldog, havanese",True,True
shiba_inu_125,shiba_inu,shiba_inu,0.99752265,"shiba_inu, chihuahua, samoyed, Ragdoll, Russian_Blue",True,True
german_shorthaired_80,german_shorthaired,german_shorthaired,0.999537,"german_shorthaired, english_setter, american_pit_bull_terrier, american_bulldog, beagle",True,True
Persian_61,Persian,Persian,0.9795455,"Persian, Ragdoll, Maine_Coon, British_Shorthair, Birman",True,True
great_pyrenees_70,great_pyrenees,great_pyrenees,0.99881077,"great_pyrenees, samoyed, english_setter, saint_bernard, american_bulldog",True,True
beagle_64,beagle,beagle,0.9630915,"beagle, american_bulldog, chihuahua, german_shorthaired, Sphynx",True,True
Birman_6,Birman,Birman,0.9952232,"Birman, Ragdoll, japanese_chin, Siamese, pomeranian",True,True
Bombay_86,Bombay,Bombay,0.975222,"Bombay, British_Shorthair, scottish_terrier, Siamese, miniature_pinscher",True,True
samoyed_49,samoyed,samoyed,0.998841,"samoyed, great_pyrenees, pomeranian, shiba_inu, Ragdoll",True,True
leonberger_60,leonberger,leonberger,0.6155726,"leonberger, Bengal, boxer, english_cocker_spaniel, wheaten_terrier",True,True
shiba_inu_137,shiba_inu,shiba_inu,0.47218043,"shiba_inu, beagle, boxer, Bengal, miniature_pinscher",True,True
english_setter_200,english_setter,english_setter,0.9926926,"english_setter, english_cocker_spaniel, basset_hound, great_pyrenees, american_pit_bull_terrier",True,True
yorkshire_terrier_164,yorkshire_terrier,yorkshire_terrier,0.99623173,"yorkshire_terrier, wheaten_terrier, havanese, english_cocker_spaniel, pomeranian",True,True
wheaten_terrier_57,wheaten_terrier,wheaten_terrier,0.9857625,"wheaten_terrier, havanese, english_cocker_spaniel, yorkshire_terrier, american_bulldog",True,True
american_bulldog_94,american_bulldog,american_bulldog,0.99844944,"american_bulldog, english_setter, great_pyrenees, american_pit_bull_terrier, Sphynx",True,True
British_Shorthair_15,British_Shorthair,British_Shorthair,0.99981195,"British_Shorthair, Bombay, Russian_Blue, Persian, Abyssinian",True,True
chihuahua_190,chihuahua,chihuahua,0.7332532,"chihuahua, miniature_pinscher, Sphynx, american_pit_bull_terrier, Siamese",True,True
boxer_49,boxer,boxer,0.98595446,"boxer, american_bulldog, staffordshire_bull_terrier, saint_bernard, german_shorthaired",True,True
newfoundland_65,newfoundland,newfoundland,0.9999212,"newfoundland, leonberger, english_cocker_spaniel, havanese, german_shorthaired",True,True
beagle_27,beagle,basset_hound,0.48814836,"basset_hound, beagle, saint_bernard, boxer, miniature_pinscher",False,True
scottish_terrier_4,scottish_terrier,scottish_terrier,0.99036,"scottish_terrier, Bombay, yorkshire_terrier, newfoundland, english_cocker_spaniel",True,True
american_pit_bull_terrier_139,american_pit_bull_terrier,saint_bernard,0.5004592,"saint_bernard, beagle, basset_hound, boxer, american_pit_bull_terrier",False,True
miniature_pinscher_190,miniature_pinscher,miniature_pinscher,0.9748878,"miniature_pinscher, chihuahua, pomeranian, leonberger, yorkshire_terrier",True,True
pug_92,pug,pug,0.96466357,"pug, american_bulldog, havanese, boxer, japanese_chin",True,True
Bombay_156,Bombay,Bombay,0.99491763,"Bombay, Siamese, Russian_Blue, scottish_terrier, British_Shorthair",True,True
english_setter_105,english_setter,english_setter,0.84029436,"english_setter, saint_bernard, english_cocker_spaniel, great_pyrenees, german_shorthaired",True,True
newfoundland_57,newfoundland,newfoundland,0.9604022,"newfoundland, scottish_terrier, keeshond, staffordshire_bull_terrier, havanese",True,True
boxer_45,boxer,boxer,0.9638341,"boxer, miniature_pinscher, basset_hound, Bengal, beagle",True,True
japanese_chin_101,japanese_chin,japanese_chin,0.9952873,"japanese_chin, Ragdoll, saint_bernard, Birman, havanese",True,True
pomeranian_12,pomeranian,pomeranian,0.9216127,"pomeranian, keeshond, leonberger, japanese_chin, yorkshire_terrier",True,True
american_bulldog_118,american_bulldog,american_bulldog,0.9997726,"american_bulldog, beagle, american_pit_bull_terrier, boxer, english_setter",True,True
staffordshire_bull_terrier_94,staffordshire_bull_terrier,staffordshire_bull_terrier,0.9730907,"staffordshire_bull_terrier, american_pit_bull_terrier, miniature_pinscher, shiba_inu, german_shorthaired",True,True
Ragdoll_151,Ragdoll,Ragdoll,0.95404005,"Ragdoll, samoyed, wheaten_terrier, scottish_terrier, Maine_Coon",True,True
chihuahua_151,chihuahua,chihuahua,0.99991393,"chihuahua, pomeranian, shiba_inu, miniature_pinscher, Siamese",True,True
scottish_terrier_40,scottish_terrier,scottish_terrier,0.99994016,"scottish_terrier, yorkshire_terrier, Bombay, newfoundland, english_cocker_spaniel",True,True
shiba_inu_27,shiba_inu,shiba_inu,0.9999863,"shiba_inu, beagle, staffordshire_bull_terrier, samoyed, chihuahua",True,True
scottish_terrier_103,scottish_terrier,scottish_terrier,0.70410514,"scottish_terrier, samoyed, english_setter, yorkshire_terrier, wheaten_terrier",True,True
english_cocker_spaniel_129,english_cocker_spaniel,english_cocker_spaniel,0.9925212,"english_cocker_spaniel, yorkshire_terrier, basset_hound, Bengal, leonberger",True,True
keeshond_15,keeshond,keeshond,0.9984665,"keeshond, leonberger, Birman, great_pyrenees, Siamese",True,True
Maine_Coon_142,Maine_Coon,Bengal,0.36323372,"Bengal, Egyptian_Mau, pug, Maine_Coon, Abyssinian",False,True
saint_bernard_184,saint_bernard,saint_bernard,0.9006115,"saint_bernard, japanese_chin, great_pyrenees, basset_hound, leonberger",True,True
keeshond_143,keeshond,keeshond,0.88640976,"keeshond, Birman, leonberger, Siamese, Persian",True,True
Birman_71,Birman,Birman,0.9950919,"Birman, Siamese, Ragdoll, havanese, japanese_chin",True,True
american_pit_bull_terrier_69,american_pit_bull_terrier,american_pit_bull_terrier,0.60854244,"american_pit_bull_terrier, american_bulldog, Abyssinian, Sphynx, staffordshire_bull_terrier",True,True
saint_bernard_9,saint_bernard,saint_bernard,0.99450654,"saint_bernard, english_setter, american_bulldog, english_cocker_spaniel, basset_hound",True,True
Bengal_145,Bengal,Bengal,0.51085764,"Bengal, Egyptian_Mau, Abyssinian, Sphynx, yorkshire_terrier",True,True
shiba_inu_157,shiba_inu,japanese_chin,0.27129024,"japanese_chin, pomeranian, Maine_Coon, leonberger, saint_bernard",False,False
german_shorthaired_129,german_shorthaired,german_shorthaired,0.95985603,"german_shorthaired, american_pit_bull_terrier, staffordshire_bull_terrier, american_bulldog, boxer",True,True
english_cocker_spaniel_117,english_cocker_spaniel,english_cocker_spaniel,0.5920241,"english_cocker_spaniel, basset_hound, miniature_pinscher, yorkshire_terrier, english_setter",True,True
Russian_Blue_86,Russian_Blue,Russian_Blue,0.9975904,"Russian_Blue, Abyssinian, Siamese, shiba_inu, Sphynx",True,True
pug_53,pug,pug,0.99878687,"pug, american_bulldog, Sphynx, english_setter, american_pit_bull_terrier",True,True
British_Shorthair_190,British_Shorthair,British_Shorthair,0.70657265,"British_Shorthair, Russian_Blue, Abyssinian, Persian, pug",True,True
newfoundland_39,newfoundland,newfoundland,0.9941743,"newfoundland, havanese, english_cocker_spaniel, leonberger, scottish_terrier",True,True
samoyed_168,samoyed,samoyed,0.99017054,"samoyed, great_pyrenees, Ragdoll, pomeranian, shiba_inu",True,True
shiba_inu_91,shiba_inu,shiba_inu,0.9998902,"shiba_inu, beagle, samoyed, staffordshire_bull_terrier, Russian_Blue",True,True
leonberger_99,leonberger,leonberger,0.7916067,"leonberger, pug, Siamese, wheaten_terrier, Birman",True,True
shiba_inu_146,shiba_inu,shiba_inu,0.99233586,"shiba_inu, pomeranian, beagle, samoyed, chihuahua",True,True
american_pit_bull_terrier_75,american_pit_bull_terrier,american_pit_bull_terrier,0.90169257,"american_pit_bull_terrier, staffordshire_bull_terrier, boxer, american_bulldog, miniature_pinscher",True,True
leonberger_169,leonberger,leonberger,0.9971968,"leonberger, pug, great_pyrenees, newfoundland, english_cocker_spaniel",True,True
english_setter_80,english_setter,english_setter,0.6875007,"english_setter, english_cocker_spaniel, great_pyrenees, leonberger, havanese",True,True
japanese_chin_6,japanese_chin,japanese_chin,0.98019195,"japanese_chin, havanese, pomeranian, great_pyrenees, english_cocker_spaniel",True,True
staffordshire_bull_terrier_6,staffordshire_bull_terrier,staffordshire_bull_terrier,0.9984347,"staffordshire_bull_terrier, american_pit_bull_terrier, boxer, pug, chihuahua",True,True
havanese_173,havanese,havanese,0.7892786,"havanese, wheaten_terrier, great_pyrenees, english_cocker_spaniel, samoyed",True,True
newfoundland_151,newfoundland,newfoundland,0.99944323,"newfoundland, leonberger, scottish_terrier, english_cocker_spaniel, havanese",True,True
samoyed_178,samoyed,samoyed,0.9886634,"samoyed, great_pyrenees, pomeranian, shiba_inu, keeshond",True,True
scottish_terrier_168,scottish_terrier,scottish_terrier,0.99992883,"scottish_terrier, yorkshire_terrier, english_cocker_spaniel, newfoundland, staffordshire_bull_terrier",True,True
keeshond_115,keeshond,keeshond,0.9998417,"keeshond, pomeranian, leonberger, scottish_terrier, yorkshire_terrier",True,True
boxer_105,boxer,boxer,0.99623305,"boxer, leonberger, saint_bernard, pug, basset_hound",True,True
Bengal_57,Bengal,Bengal,0.9974254,"Bengal, Egyptian_Mau, Maine_Coon, pug, english_cocker_spaniel",True,True
Bombay_66,Bombay,Bombay,0.8349929,"Bombay, Russian_Blue, Siamese, scottish_terrier, Abyssinian",True,True
scottish_terrier_68,scottish_terrier,scottish_terrier,0.55642146,"scottish_terrier, newfoundland, havanese, Bombay, staffordshire_bull_terrier",True,True
yorkshire_terrier_118,yorkshire_terrier,yorkshire_terrier,0.83230567,"yorkshire_terrier, miniature_pinscher, pomeranian, chihuahua, shiba_inu",True,True
chihuahua_172,chihuahua,chihuahua,0.7913945,"chihuahua, Siamese, miniature_pinscher, Bombay, Sphynx",True,True
Maine_Coon_170,Maine_Coon,Maine_Coon,0.994245,"Maine_Coon, Bengal, Ragdoll, Abyssinian, Persian",True,True
keeshond_183,keeshond,keeshond,0.99857557,"keeshond, great_pyrenees, leonberger, samoyed, pomeranian",True,True
British_Shorthair_140,British_Shorthair,British_Shorthair,0.9992624,"British_Shorthair, Bombay, german_shorthaired, Russian_Blue, Persian",True,True
beagle_3,beagle,beagle,0.98290735,"beagle, basset_hound, english_cocker_spaniel, english_setter, japanese_chin",True,True
Bengal_35,Bengal,Bengal,0.91902214,"Bengal, yorkshire_terrier, miniature_pinscher, Egyptian_Mau, Abyssinian",True,True
pug_19,pug,boxer,0.5839233,"boxer, pug, american_bulldog, British_Shorthair, Siamese",False,True
British_Shorthair_275,British_Shorthair,Russian_Blue,0.44164944,"Russian_Blue, British_Shorthair, Abyssinian, keeshond, Bombay",False,True
British_Shorthair_74,British_Shorthair,Russian_Blue,0.83427465,"Russian_Blue, Abyssinian, British_Shorthair, scottish_terrier, Sphynx",False,True
newfoundland_164,newfoundland,newfoundland,0.9862401,"newfoundland, leonberger, Persian, english_cocker_spaniel, wheaten_terrier",True,True
Birman_58,Birman,Siamese,0.7301184,"Siamese, Birman, Ragdoll, keeshond, great_pyrenees",False,True
shiba_inu_181,shiba_inu,shiba_inu,0.66253555,"shiba_inu, samoyed, Maine_Coon, saint_bernard, Ragdoll",True,True
miniature_pinscher_155,miniature_pinscher,miniature_pinscher,0.9999981,"miniature_pinscher, american_pit_bull_terrier, chihuahua, yorkshire_terrier, Siamese",True,True
Abyssinian_132,Abyssinian,Abyssinian,0.9558074,"Abyssinian, Bengal, Sphynx, Maine_Coon, Russian_Blue",True,True
samoyed_54,samoyed,samoyed,0.9984289,"samoyed, pomeranian, shiba_inu, great_pyrenees, keeshond",True,True
Bengal_100,Bengal,Bengal,0.67955303,"Bengal, Abyssinian, Egyptian_Mau, Maine_Coon, Sphynx",True,True
saint_bernard_53,saint_bernard,saint_bernard,0.9998317,"saint_bernard, leonberger, basset_hound, boxer, japanese_chin",True,True
Persian_59,Persian,Persian,0.99555296,"Persian, Ragdoll, samoyed, Maine_Coon, pomeranian",True,True
basset_hound_21,basset_hound,basset_hound,0.9669922,"basset_hound, english_cocker_spaniel, english_setter, beagle, german_shorthaired",True,True
havanese_84,havanese,havanese,0.9972264,"havanese, yorkshire_terrier, english_cocker_spaniel, newfoundland, english_setter",True,True
german_shorthaired_88,german_shorthaired,german_shorthaired,0.9725759,"german_shorthaired, english_cocker_spaniel, english_setter, american_pit_bull_terrier, basset_hound",True,True
scottish_terrier_79,scottish_terrier,scottish_terrier,0.37863067,"scottish_terrier, wheaten_terrier, english_cocker_spaniel, chihuahua, yorkshire_terrier",True,True
British_Shorthair_223,British_Shorthair,British_Shorthair,0.9091038,"British_Shorthair, Russian_Blue, Abyssinian, Egyptian_Mau, Sphynx",True,True
scottish_terrier_65,scottish_terrier,scottish_terrier,0.99972206,"scottish_terrier, yorkshire_terrier, keeshond, wheaten_terrier, newfoundland",True,True
Maine_Coon_91,Maine_Coon,Maine_Coon,0.9883371,"Maine_Coon, Egyptian_Mau, Persian, Ragdoll, scottish_terrier",True,True
keeshond_187,keeshond,keeshond,0.98338723,"keeshond, leonberger, Siamese, samoyed, pomeranian",True,True
shiba_inu_165,shiba_inu,shiba_inu,0.99841607,"shiba_inu, pomeranian, samoyed, chihuahua, Ragdoll",True,True
scottish_terrier_60,scottish_terrier,scottish_terrier,0.99336,"scottish_terrier, yorkshire_terrier, Russian_Blue, newfoundland, keeshond",True,True
newfoundland_185,newfoundland,newfoundland,0.97087395,"newfoundland, havanese, Persian, pug, english_cocker_spaniel",True,True
chihuahua_118,chihuahua,miniature_pinscher,0.74056345,"miniature_pinscher, chihuahua, american_pit_bull_terrier, Sphynx, staffordshire_bull_terrier",False,True
yorkshire_terrier_101,yorkshire_terrier,yorkshire_terrier,0.99338233,"yorkshire_terrier, havanese, wheaten_terrier, pomeranian, japanese_chin",True,True
keeshond_47,keeshond,keeshond,0.99967515,"keeshond, pomeranian, leonberger, great_pyrenees, samoyed",True,True
Russian_Blue_204,Russian_Blue,Russian_Blue,0.99825484,"Russian_Blue, Abyssinian, Egyptian_Mau, Siamese, British_Shorthair",True,True
american_bulldog_37,american_bulldog,american_bulldog,0.7749898,"american_bulldog, boxer, chihuahua, english_cocker_spaniel, beagle",True,True
chihuahua_24,chihuahua,miniature_pinscher,0.7099164,"miniature_pinscher, keeshond, Bombay, staffordshire_bull_terrier, Siamese",False,False
great_pyrenees_60,great_pyrenees,great_pyrenees,0.95320064,"great_pyrenees, samoyed, wheaten_terrier, staffordshire_bull_terrier, keeshond",True,True
scottish_terrier_37,scottish_terrier,scottish_terrier,0.98676455,"scottish_terrier, newfoundland, yorkshire_terrier, wheaten_terrier, staffordshire_bull_terrier",True,True
english_setter_112,english_setter,english_setter,0.9910341,"english_setter, english_cocker_spaniel, miniature_pinscher, german_shorthaired, leonberger",True,True
wheaten_terrier_97,wheaten_terrier,wheaten_terrier,0.9961033,"wheaten_terrier, havanese, english_cocker_spaniel, newfoundland, leonberger",True,True
Egyptian_Mau_78,Egyptian_Mau,Egyptian_Mau,0.9978842,"Egyptian_Mau, Bengal, Russian_Blue, Abyssinian, Sphynx",True,True
British_Shorthair_113,British_Shorthair,British_Shorthair,0.8131073,"British_Shorthair, Russian_Blue, german_shorthaired, Bombay, Egyptian_Mau",True,True
Siamese_184,Siamese,Siamese,0.9825989,"Siamese, Birman, pug, Abyssinian, Bombay",True,True
english_cocker_spaniel_136,english_cocker_spaniel,english_cocker_spaniel,0.99883884,"english_cocker_spaniel, english_setter, basset_hound, havanese, saint_bernard",True,True
newfoundland_200,newfoundland,scottish_terrier,0.5234974,"scottish_terrier, newfoundland, Bombay, staffordshire_bull_terrier, german_shorthaired",False,True
Birman_182,Birman,Birman,0.8133464,"Birman, Siamese, leonberger, yorkshire_terrier, scottish_terrier",True,True
Russian_Blue_188,Russian_Blue,Russian_Blue,0.39926472,"Russian_Blue, Bombay, staffordshire_bull_terrier, Ragdoll, British_Shorthair",True,True
Abyssinian_82,Abyssinian,Abyssinian,0.999889,"Abyssinian, Siamese, Russian_Blue, Sphynx, Maine_Coon",True,True
scottish_terrier_98,scottish_terrier,scottish_terrier,0.9263118,"scottish_terrier, samoyed, wheaten_terrier, Ragdoll, keeshond",True,True
shiba_inu_115,shiba_inu,shiba_inu,0.9988097,"shiba_inu, staffordshire_bull_terrier, samoyed, scottish_terrier, Russian_Blue",True,True
Maine_Coon_219,Maine_Coon,Maine_Coon,0.8681994,"Maine_Coon, Abyssinian, Bengal, Ragdoll, Persian",True,True
staffordshire_bull_terrier_169,staffordshire_bull_terrier,staffordshire_bull_terrier,0.94365853,"staffordshire_bull_terrier, american_pit_bull_terrier, boxer, miniature_pinscher, pug",True,True
Abyssinian_49,Abyssinian,Abyssinian,0.9800047,"Abyssinian, Ragdoll, Sphynx, Maine_Coon, american_bulldog",True,True
miniature_pinscher_139,miniature_pinscher,miniature_pinscher,0.9984933,"miniature_pinscher, chihuahua, yorkshire_terrier, Abyssinian, american_pit_bull_terrier",True,True
Birman_174,Birman,Birman,0.7234867,"Birman, Ragdoll, japanese_chin, keeshond, Persian",True,True
samoyed_50,samoyed,samoyed,0.99913067,"samoyed, great_pyrenees, scottish_terrier, shiba_inu, Ragdoll",True,True
Russian_Blue_208,Russian_Blue,Russian_Blue,0.78594846,"Russian_Blue, Siamese, British_Shorthair, shiba_inu, chihuahua",True,True
Russian_Blue_197,Russian_Blue,Russian_Blue,0.9536563,"Russian_Blue, Abyssinian, Egyptian_Mau, British_Shorthair, Maine_Coon",True,True
Bengal_188,Bengal,Bengal,0.9993476,"Bengal, Egyptian_Mau, Maine_Coon, Abyssinian, miniature_pinscher",True,True
beagle_41,beagle,beagle,0.9357987,"beagle, basset_hound, english_cocker_spaniel, great_pyrenees, shiba_inu",True,True
keeshond_108,keeshond,keeshond,0.92672324,"keeshond, Maine_Coon, pomeranian, Persian, leonberger",True,True
pug_88,pug,pug,0.9876365,"pug, american_bulldog, japanese_chin, Sphynx, Ragdoll",True,True
newfoundland_147,newfoundland,newfoundland,0.9564789,"newfoundland, scottish_terrier, staffordshire_bull_terrier, japanese_chin, havanese",True,True
japanese_chin_20,japanese_chin,japanese_chin,0.99945694,"japanese_chin, Ragdoll, boxer, beagle, Maine_Coon",True,True
miniature_pinscher_22,miniature_pinscher,miniature_pinscher,0.9762729,"miniature_pinscher, chihuahua, american_pit_bull_terrier, Siamese, Sphynx",True,True
miniature_pinscher_96,miniature_pinscher,miniature_pinscher,0.93637156,"miniature_pinscher, american_pit_bull_terrier, boxer, staffordshire_bull_terrier, chihuahua",True,True
basset_hound_181,basset_hound,beagle,0.6542556,"beagle, boxer, miniature_pinscher, staffordshire_bull_terrier, american_bulldog",False,False
British_Shorthair_40,British_Shorthair,British_Shorthair,0.9997484,"British_Shorthair, Persian, Abyssinian, Russian_Blue, Maine_Coon",True,True
miniature_pinscher_144,miniature_pinscher,miniature_pinscher,0.9974632,"miniature_pinscher, boxer, Bengal, yorkshire_terrier, leonberger",True,True
japanese_chin_154,japanese_chin,japanese_chin,0.99438596,"japanese_chin, Birman, havanese, Ragdoll, Persian",True,True
Sphynx_248,Sphynx,Sphynx,0.9897656,"Sphynx, chihuahua, american_bulldog, american_pit_bull_terrier, Egyptian_Mau",True,True
Abyssinian_139,Abyssinian,Abyssinian,0.9043956,"Abyssinian, Bengal, Sphynx, Maine_Coon, Ragdoll",True,True
Sphynx_175,Sphynx,Sphynx,0.9765029,"Sphynx, chihuahua, american_bulldog, scottish_terrier, Bombay",True,True
staffordshire_bull_terrier_34,staffordshire_bull_terrier,staffordshire_bull_terrier,0.9479613,"staffordshire_bull_terrier, american_pit_bull_terrier, german_shorthaired, miniature_pinscher, Sphynx",True,True
Sphynx_67,Sphynx,Sphynx,0.99809474,"Sphynx, Siamese, scottish_terrier, Egyptian_Mau, american_bulldog",True,True
scottish_terrier_143,scottish_terrier,scottish_terrier,0.99953365,"scottish_terrier, staffordshire_bull_terrier, Bombay, chihuahua, yorkshire_terrier",True,True
japanese_chin_119,japanese_chin,japanese_chin,0.96837014,"japanese_chin, Persian, pomeranian, Birman, Ragdoll",True,True
chihuahua_29,chihuahua,chihuahua,0.51192796,"chihuahua, Sphynx, japanese_chin, Abyssinian, american_bulldog",True,True
wheaten_terrier_175,wheaten_terrier,wheaten_terrier,0.990571,"wheaten_terrier, havanese, yorkshire_terrier, english_cocker_spaniel, english_setter",True,True
Persian_81,Persian,Persian,0.99956554,"Persian, British_Shorthair, Ragdoll, newfoundland, Maine_Coon",True,True
miniature_pinscher_30,miniature_pinscher,miniature_pinscher,0.9993411,"miniature_pinscher, Bombay, boxer, chihuahua, american_pit_bull_terrier",True,True
Abyssinian_57,Abyssinian,Maine_Coon,0.30860075,"Maine_Coon, Bengal, Abyssinian, shiba_inu, Siamese",False,True
pomeranian_73,pomeranian,pomeranian,0.9983342,"pomeranian, japanese_chin, chihuahua, yorkshire_terrier, shiba_inu",True,True
basset_hound_117,basset_hound,basset_hound,0.6549063,"basset_hound, english_setter, saint_bernard, beagle, american_bulldog",True,True
Bengal_44,Bengal,Bengal,0.9111167,"Bengal, Egyptian_Mau, boxer, yorkshire_terrier, pug",True,True
shiba_inu_163,shiba_inu,shiba_inu,0.9996655,"shiba_inu, samoyed, pomeranian, great_pyrenees, leonberger",True,True
miniature_pinscher_140,miniature_pinscher,Abyssinian,0.53916436,"Abyssinian, miniature_pinscher, boxer, american_pit_bull_terrier, chihuahua",False,True
scottish_terrier_99,scottish_terrier,scottish_terrier,0.9108619,"scottish_terrier, samoyed, yorkshire_terrier, wheaten_terrier, shiba_inu",True,True
leonberger_26,leonberger,leonberger,0.9941949,"leonberger, keeshond, newfoundland, great_pyrenees, saint_bernard",True,True
samoyed_21,samoyed,samoyed,0.9963379,"samoyed, great_pyrenees, shiba_inu, pomeranian, Ragdoll",True,True
yorkshire_terrier_87,yorkshire_terrier,yorkshire_terrier,0.9999424,"yorkshire_terrier, havanese, scottish_terrier, pomeranian, leonberger",True,True
newfoundland_160,newfoundland,newfoundland,0.78843534,"newfoundland, Bombay, staffordshire_bull_terrier, Russian_Blue, miniature_pinscher",True,True
miniature_pinscher_195,miniature_pinscher,chihuahua,0.6301395,"chihuahua, miniature_pinscher, shiba_inu, american_pit_bull_terrier, beagle",False,True
newfoundland_32,newfoundland,newfoundland,0.99661297,"newfoundland, english_cocker_spaniel, havanese, leonberger, scottish_terrier",True,True
scottish_terrier_81,scottish_terrier,scottish_terrier,0.9638319,"scottish_terrier, Bombay, newfoundland, yorkshire_terrier, Russian_Blue",True,True
staffordshire_bull_terrier_175,staffordshire_bull_terrier,staffordshire_bull_terrier,0.34741282,"staffordshire_bull_terrier, boxer, shiba_inu, miniature_pinscher, basset_hound",True,True
Bengal_84,Bengal,Bengal,0.9685952,"Bengal, Abyssinian, miniature_pinscher, Maine_Coon, yorkshire_terrier",True,True
keeshond_70,keeshond,keeshond,0.99322456,"keeshond, scottish_terrier, leonberger, yorkshire_terrier, staffordshire_bull_terrier",True,True
samoyed_188,samoyed,samoyed,0.9839443,"samoyed, great_pyrenees, pomeranian, Persian, shiba_inu",True,True
Birman_83,Birman,Birman,0.5822279,"Birman, Siamese, leonberger, keeshond, pomeranian",True,True
Bengal_19,Bengal,Bengal,0.99883467,"Bengal, Egyptian_Mau, Maine_Coon, boxer, Abyssinian",True,True
pug_117,pug,pug,0.7872037,"pug, american_bulldog, staffordshire_bull_terrier, saint_bernard, wheaten_terrier",True,True
saint_bernard_112,saint_bernard,saint_bernard,0.9903853,"saint_bernard, japanese_chin, leonberger, english_setter, basset_hound",True,True
chihuahua_32,chihuahua,chihuahua,0.9980702,"chihuahua, miniature_pinscher, Abyssinian, Sphynx, Siamese",True,True
staffordshire_bull_terrier_103,staffordshire_bull_terrier,staffordshire_bull_terrier,0.63184536,"staffordshire_bull_terrier, american_pit_bull_terrier, boxer, miniature_pinscher, american_bulldog",True,True
newfoundland_3,newfoundland,leonberger,0.9663334,"leonberger, great_pyrenees, newfoundland, english_setter, keeshond",False,True
wheaten_terrier_96,wheaten_terrier,wheaten_terrier,0.9999143,"wheaten_terrier, havanese, great_pyrenees, english_cocker_spaniel, leonberger",True,True
Birman_84,Birman,Birman,0.9907952,"Birman, Ragdoll, Siamese, Persian, japanese_chin",True,True
Persian_156,Persian,Persian,0.9999329,"Persian, Ragdoll, samoyed, Maine_Coon, pomeranian",True,True
boxer_54,boxer,boxer,0.9992198,"boxer, american_bulldog, saint_bernard, beagle, staffordshire_bull_terrier",True,True
yorkshire_terrier_184,yorkshire_terrier,yorkshire_terrier,0.9992242,"yorkshire_terrier, pomeranian, english_cocker_spaniel, miniature_pinscher, havanese",True,True
miniature_pinscher_157,miniature_pinscher,miniature_pinscher,0.99993944,"miniature_pinscher, Bengal, Siamese, leonberger, chihuahua",True,True
staffordshire_bull_terrier_23,staffordshire_bull_terrier,miniature_pinscher,0.6933833,"miniature_pinscher, boxer, american_pit_bull_terrier, staffordshire_bull_terrier, american_bulldog",False,True
staffordshire_bull_terrier_106,staffordshire_bull_terrier,staffordshire_bull_terrier,0.98954505,"staffordshire_bull_terrier, american_pit_bull_terrier, german_shorthaired, newfoundland, pug",True,True
staffordshire_bull_terrier_78,staffordshire_bull_terrier,samoyed,0.8771109,"samoyed, great_pyrenees, staffordshire_bull_terrier, shiba_inu, scottish_terrier",False,True
miniature_pinscher_11,miniature_pinscher,miniature_pinscher,0.92462033,"miniature_pinscher, german_shorthaired, Abyssinian, american_pit_bull_terrier, basset_hound",True,True
Birman_57,Birman,Siamese,0.5791588,"Siamese, Birman, Ragdoll, leonberger, pug",False,True
Birman_144,Birman,Persian,0.6254917,"Persian, Birman, Ragdoll, havanese, samoyed",False,True
english_cocker_spaniel_61,english_cocker_spaniel,english_cocker_spaniel,0.9960271,"english_cocker_spaniel, yorkshire_terrier, english_setter, havanese, Bengal",True,True
english_setter_169,english_setter,wheaten_terrier,0.8744259,"wheaten_terrier, english_setter, american_bulldog, havanese, Egyptian_Mau",False,True
yorkshire_terrier_138,yorkshire_terrier,yorkshire_terrier,0.99896705,"yorkshire_terrier, pomeranian, havanese, miniature_pinscher, japanese_chin",True,True
pomeranian_99,pomeranian,pomeranian,0.9997392,"pomeranian, japanese_chin, shiba_inu, yorkshire_terrier, chihuahua",True,True
japanese_chin_96,japanese_chin,japanese_chin,0.6444381,"japanese_chin, pomeranian, saint_bernard, beagle, chihuahua",True,True
Egyptian_Mau_11,Egyptian_Mau,British_Shorthair,0.5875968,"British_Shorthair, Egyptian_Mau, Russian_Blue, Abyssinian, Sphynx",False,True
Persian_12,Persian,Persian,0.77710646,"Persian, Ragdoll, keeshond, British_Shorthair, Birman",True,True
staffordshire_bull_terrier_200,staffordshire_bull_terrier,staffordshire_bull_terrier,0.63389033,"staffordshire_bull_terrier, american_pit_bull_terrier, miniature_pinscher, chihuahua, Russian_Blue",True,True
shiba_inu_195,shiba_inu,Bengal,0.39764267,"Bengal, shiba_inu, staffordshire_bull_terrier, Egyptian_Mau, Maine_Coon",False,True
english_cocker_spaniel_140,english_cocker_spaniel,english_cocker_spaniel,0.9045629,"english_cocker_spaniel, english_setter, basset_hound, great_pyrenees, wheaten_terrier",True,True
scottish_terrier_184,scottish_terrier,scottish_terrier,0.99436647,"scottish_terrier, yorkshire_terrier, havanese, wheaten_terrier, keeshond",True,True
basset_hound_10,basset_hound,basset_hound,0.9957618,"basset_hound, saint_bernard, beagle, boxer, english_cocker_spaniel",True,True
Abyssinian_124,Abyssinian,Abyssinian,0.99790144,"Abyssinian, Russian_Blue, British_Shorthair, Maine_Coon, Sphynx",True,True
Ragdoll_132,Ragdoll,Ragdoll,0.9996389,"Ragdoll, British_Shorthair, Birman, Persian, Abyssinian",True,True
japanese_chin_77,japanese_chin,japanese_chin,0.76097655,"japanese_chin, english_cocker_spaniel, havanese, yorkshire_terrier, newfoundland",True,True
Siamese_90,Siamese,Birman,0.7496027,"Birman, Siamese, Ragdoll, keeshond, Russian_Blue",False,True
saint_bernard_25,saint_bernard,saint_bernard,0.17967352,"saint_bernard, Abyssinian, german_shorthaired, american_bulldog, basset_hound",True,True
great_pyrenees_67,great_pyrenees,great_pyrenees,0.99849236,"great_pyrenees, english_setter, samoyed, american_bulldog, leonberger",True,True
english_cocker_spaniel_149,english_cocker_spaniel,english_cocker_spaniel,0.6777004,"english_cocker_spaniel, english_setter, wheaten_terrier, basset_hound, Maine_Coon",True,True
saint_bernard_107,saint_bernard,saint_bernard,0.8100381,"saint_bernard, english_setter, american_bulldog, great_pyrenees, chihuahua",True,True
Bombay_34,Bombay,Bombay,0.97257465,"Bombay, scottish_terrier, staffordshire_bull_terrier, British_Shorthair, Russian_Blue",True,True
shiba_inu_116,shiba_inu,shiba_inu,0.9895483,"shiba_inu, chihuahua, samoyed, beagle, Russian_Blue",True,True
english_cocker_spaniel_106,english_cocker_spaniel,english_cocker_spaniel,0.99939454,"english_cocker_spaniel, newfoundland, havanese, scottish_terrier, basset_hound",True,True
english_setter_154,english_setter,english_setter,0.8122182,"english_setter, great_pyrenees, havanese, english_cocker_spaniel, chihuahua",True,True
chihuahua_155,chihuahua,chihuahua,0.99049157,"chihuahua, miniature_pinscher, american_pit_bull_terrier, Sphynx, pomeranian",True,True
beagle_172,beagle,beagle,0.94760084,"beagle, chihuahua, boxer, pomeranian, german_shorthaired",True,True
Ragdoll_105,Ragdoll,Ragdoll,0.9806569,"Ragdoll, Persian, Birman, British_Shorthair, pomeranian",True,True
american_pit_bull_terrier_71,american_pit_bull_terrier,american_pit_bull_terrier,0.8348138,"american_pit_bull_terrier, staffordshire_bull_terrier, basset_hound, miniature_pinscher, boxer",True,True
Persian_165,Persian,Persian,0.9993175,"Persian, Ragdoll, havanese, Maine_Coon, samoyed",True,True
Russian_Blue_48,Russian_Blue,Russian_Blue,0.9096012,"Russian_Blue, British_Shorthair, Abyssinian, Egyptian_Mau, Sphynx",True,True
staffordshire_bull_terrier_16,staffordshire_bull_terrier,boxer,0.54523027,"boxer, staffordshire_bull_terrier, american_bulldog, pug, american_pit_bull_terrier",False,True
Sphynx_105,Sphynx,Sphynx,0.9050711,"Sphynx, american_pit_bull_terrier, american_bulldog, chihuahua, miniature_pinscher",True,True
havanese_123,havanese,havanese,0.9977182,"havanese, wheaten_terrier, english_setter, yorkshire_terrier, english_cocker_spaniel",True,True
Ragdoll_94,Ragdoll,Birman,0.5277996,"Birman, Ragdoll, Persian, japanese_chin, samoyed",False,True
yorkshire_terrier_29,yorkshire_terrier,yorkshire_terrier,0.592654,"yorkshire_terrier, havanese, Sphynx, wheaten_terrier, japanese_chin",True,True
english_cocker_spaniel_110,english_cocker_spaniel,beagle,0.51128507,"beagle, english_setter, saint_bernard, chihuahua, leonberger",False,False
havanese_128,havanese,scottish_terrier,0.98618144,"scottish_terrier, yorkshire_terrier, english_cocker_spaniel, newfoundland, havanese",False,True
basset_hound_167,basset_hound,basset_hound,0.9951938,"basset_hound, beagle, english_setter, german_shorthaired, american_pit_bull_terrier",True,True
Russian_Blue_90,Russian_Blue,Russian_Blue,0.95366186,"Russian_Blue, Abyssinian, British_Shorthair, Siamese, keeshond",True,True
english_cocker_spaniel_65,english_cocker_spaniel,english_cocker_spaniel,0.5736599,"english_cocker_spaniel, german_shorthaired, beagle, basset_hound, english_setter",True,True
basset_hound_55,basset_hound,basset_hound,0.99963176,"basset_hound, beagle, english_cocker_spaniel, saint_bernard, boxer",True,True
keeshond_46,keeshond,keeshond,0.9908007,"keeshond, leonberger, Maine_Coon, scottish_terrier, pomeranian",True,True
samoyed_90,samoyed,samoyed,0.9067597,"samoyed, keeshond, pomeranian, great_pyrenees, shiba_inu",True,True
boxer_4,boxer,boxer,0.95449024,"boxer, german_shorthaired, american_bulldog, staffordshire_bull_terrier, miniature_pinscher",True,True
newfoundland_150,newfoundland,newfoundland,0.9948003,"newfoundland, english_cocker_spaniel, leonberger, keeshond, scottish_terrier",True,True
Ragdoll_80,Ragdoll,Maine_Coon,0.94925207,"Maine_Coon, Ragdoll, Persian, British_Shorthair, Abyssinian",False,True
Bombay_58,Bombay,Bombay,0.27636003,"Bombay, Abyssinian, american_bulldog, Sphynx, Bengal",True,True
Persian_43,Persian,Persian,0.99936956,"Persian, japanese_chin, Maine_Coon, Ragdoll, newfoundland",True,True
american_pit_bull_terrier_12,american_pit_bull_terrier,american_pit_bull_terrier,0.8583683,"american_pit_bull_terrier, german_shorthaired, beagle, american_bulldog, miniature_pinscher",True,True
Bombay_129,Bombay,Bombay,0.9996978,"Bombay, Siamese, scottish_terrier, chihuahua, miniature_pinscher",True,True
Ragdoll_88,Ragdoll,Ragdoll,0.9981822,"Ragdoll, Birman, Persian, pomeranian, samoyed",True,True
basset_hound_91,basset_hound,basset_hound,0.9530055,"basset_hound, boxer, miniature_pinscher, beagle, saint_bernard",True,True
Persian_66,Persian,Persian,0.9999411,"Persian, japanese_chin, Ragdoll, Maine_Coon, newfoundland",True,True
american_pit_bull_terrier_148,american_pit_bull_terrier,american_pit_bull_terrier,0.9055721,"american_pit_bull_terrier, american_bulldog, beagle, chihuahua, saint_bernard",True,True
Birman_115,Birman,Birman,0.9986546,"Birman, Siamese, Ragdoll, leonberger, pug",True,True
Maine_Coon_214,Maine_Coon,Maine_Coon,0.92520416,"Maine_Coon, english_setter, Persian, Bengal, Egyptian_Mau",True,True
wheaten_terrier_122,wheaten_terrier,wheaten_terrier,0.9952624,"wheaten_terrier, havanese, yorkshire_terrier, american_bulldog, scottish_terrier",True,True
american_bulldog_90,american_bulldog,american_bulldog,0.67299336,"american_bulldog, american_pit_bull_terrier, staffordshire_bull_terrier, Sphynx, basset_hound",True,True
Sphynx_41,Sphynx,Sphynx,0.98778373,"Sphynx, american_bulldog, Bengal, boxer, Egyptian_Mau",True,True
newfoundland_36,newfoundland,newfoundland,0.99355304,"newfoundland, leonberger, scottish_terrier, keeshond, english_cocker_spaniel",True,True
english_cocker_spaniel_41,english_cocker_spaniel,english_cocker_spaniel,0.9340338,"english_cocker_spaniel, english_setter, Bengal, basset_hound, yorkshire_terrier",True,True
British_Shorthair_169,British_Shorthair,British_Shorthair,0.9047853,"British_Shorthair, Russian_Blue, staffordshire_bull_terrier, Bombay, german_shorthaired",True,True
Birman_79,Birman,Ragdoll,0.99230826,"Ragdoll, Birman, Persian, Maine_Coon, British_Shorthair",False,True
wheaten_terrier_30,wheaten_terrier,wheaten_terrier,0.875137,"wheaten_terrier, havanese, yorkshire_terrier, scottish_terrier, samoyed",True,True
samoyed_93,samoyed,samoyed,0.9994091,"samoyed, shiba_inu, scottish_terrier, great_pyrenees, pomeranian",True,True
boxer_168,boxer,boxer,0.9959645,"boxer, staffordshire_bull_terrier, saint_bernard, american_bulldog, miniature_pinscher",True,True
Sphynx_201,Sphynx,Sphynx,0.99081504,"Sphynx, chihuahua, Egyptian_Mau, Abyssinian, Siamese",True,True
american_pit_bull_terrier_170,american_pit_bull_terrier,american_pit_bull_terrier,0.9142369,"american_pit_bull_terrier, american_bulldog, staffordshire_bull_terrier, chihuahua, english_setter",True,True
Bombay_126,Bombay,Bombay,0.9969171,"Bombay, miniature_pinscher, British_Shorthair, Siamese, Russian_Blue",True,True
Sphynx_11,Sphynx,Sphynx,0.9975527,"Sphynx, chihuahua, american_bulldog, Ragdoll, scottish_terrier",True,True
american_bulldog_122,american_bulldog,american_bulldog,0.99311346,"american_bulldog, american_pit_bull_terrier, staffordshire_bull_terrier, beagle, english_setter",True,True
saint_bernard_162,saint_bernard,saint_bernard,0.67319375,"saint_bernard, basset_hound, beagle, american_bulldog, english_cocker_spaniel",True,True
Russian_Blue_115,Russian_Blue,Russian_Blue,0.99724966,"Russian_Blue, British_Shorthair, Abyssinian, keeshond, scottish_terrier",True,True
Bombay_115,Bombay,Bombay,0.9907443,"Bombay, Abyssinian, Siamese, British_Shorthair, miniature_pinscher",True,True
american_bulldog_74,american_bulldog,american_bulldog,0.9349594,"american_bulldog, boxer, pug, japanese_chin, chihuahua",True,True
great_pyrenees_13,great_pyrenees,great_pyrenees,0.99432963,"great_pyrenees, wheaten_terrier, english_setter, american_bulldog, samoyed",True,True
keeshond_151,keeshond,keeshond,0.9992267,"keeshond, pomeranian, leonberger, samoyed, Birman",True,True
Russian_Blue_16,Russian_Blue,British_Shorthair,0.8521233,"British_Shorthair, Bombay, Russian_Blue, keeshond, Egyptian_Mau",False,True
Abyssinian_205,Abyssinian,Bengal,0.34345323,"Bengal, american_pit_bull_terrier, Abyssinian, english_setter, miniature_pinscher",False,True
japanese_chin_42,japanese_chin,japanese_chin,0.99911076,"japanese_chin, english_setter, Ragdoll, pug, beagle",True,True
american_bulldog_175,american_bulldog,american_pit_bull_terrier,0.77856886,"american_pit_bull_terrier, staffordshire_bull_terrier, american_bulldog, boxer, beagle",False,True
chihuahua_67,chihuahua,chihuahua,0.91728437,"chihuahua, Sphynx, Abyssinian, Ragdoll, shiba_inu",True,True
Sphynx_233,Sphynx,Sphynx,0.9989856,"Sphynx, american_bulldog, chihuahua, Egyptian_Mau, Russian_Blue",True,True
Birman_141,Birman,Birman,0.9885843,"Birman, Siamese, Ragdoll, japanese_chin, keeshond",True,True
Bombay_194,Bombay,Bombay,0.9997508,"Bombay, Siamese, scottish_terrier, Abyssinian, miniature_pinscher",True,True
scottish_terrier_9,scottish_terrier,scottish_terrier,0.98450506,"scottish_terrier, newfoundland, Bombay, Sphynx, staffordshire_bull_terrier",True,True
basset_hound_155,basset_hound,basset_hound,0.9995183,"basset_hound, beagle, english_cocker_spaniel, saint_bernard, shiba_inu",True,True
beagle_203,beagle,beagle,0.8798684,"beagle, basset_hound, saint_bernard, boxer, staffordshire_bull_terrier",True,True
Abyssinian_21,Abyssinian,Persian,0.7769663,"Persian, British_Shorthair, keeshond, Ragdoll, great_pyrenees",False,False
scottish_terrier_86,scottish_terrier,scottish_terrier,0.9859789,"scottish_terrier, wheaten_terrier, samoyed, havanese, Ragdoll",True,True
shiba_inu_140,shiba_inu,shiba_inu,0.99990773,"shiba_inu, beagle, staffordshire_bull_terrier, samoyed, american_pit_bull_terrier",True,True
miniature_pinscher_20,miniature_pinscher,miniature_pinscher,0.9998043,"miniature_pinscher, boxer, Bengal, chihuahua, Siamese",True,True
staffordshire_bull_terrier_158,staffordshire_bull_terrier,staffordshire_bull_terrier,0.9517698,"staffordshire_bull_terrier, beagle, boxer, saint_bernard, Bombay",True,True
american_pit_bull_terrier_176,american_pit_bull_terrier,american_pit_bull_terrier,0.798101,"american_pit_bull_terrier, miniature_pinscher, staffordshire_bull_terrier, chihuahua, english_setter",True,True
wheaten_terrier_61,wheaten_terrier,havanese,0.54166824,"havanese, wheaten_terrier, great_pyrenees, yorkshire_terrier, scottish_terrier",False,True
american_pit_bull_terrier_163,american_pit_bull_terrier,american_pit_bull_terrier,0.30484113,"american_pit_bull_terrier, Sphynx, miniature_pinscher, staffordshire_bull_terrier, german_shorthaired",True,True
scottish_terrier_23,scottish_terrier,wheaten_terrier,0.7687779,"wheaten_terrier, scottish_terrier, yorkshire_terrier, samoyed, Ragdoll",False,True
Persian_187,Persian,Persian,0.933251,"Persian, Ragdoll, pomeranian, samoyed, japanese_chin",True,True
american_pit_bull_terrier_125,american_pit_bull_terrier,american_pit_bull_terrier,0.98412144,"american_pit_bull_terrier, staffordshire_bull_terrier, miniature_pinscher, boxer, shiba_inu",True,True
basset_hound_153,basset_hound,basset_hound,0.9429159,"basset_hound, english_setter, Bengal, english_cocker_spaniel, saint_bernard",True,True
pomeranian_42,pomeranian,pomeranian,0.90506077,"pomeranian, chihuahua, japanese_chin, shiba_inu, Ragdoll",True,True
german_shorthaired_194,german_shorthaired,german_shorthaired,0.6052237,"german_shorthaired, boxer, beagle, american_bulldog, Bombay",True,True
chihuahua_19,chihuahua,chihuahua,0.93659526,"chihuahua, Sphynx, Siamese, Abyssinian, Ragdoll",True,True
pomeranian_67,pomeranian,pomeranian,0.9998549,"pomeranian, keeshond, shiba_inu, yorkshire_terrier, japanese_chin",True,True
Bengal_43,Bengal,Bengal,0.99999845,"Bengal, Egyptian_Mau, Maine_Coon, Abyssinian, miniature_pinscher",True,True
scottish_terrier_56,scottish_terrier,scottish_terrier,0.99895835,"scottish_terrier, staffordshire_bull_terrier, Bombay, havanese, yorkshire_terrier",True,True
Bengal_49,Bengal,Bengal,0.9135747,"Bengal, Egyptian_Mau, german_shorthaired, boxer, miniature_pinscher",True,True
samoyed_150,samoyed,great_pyrenees,0.4243094,"great_pyrenees, samoyed, havanese, american_bulldog, english_setter",False,True
american_bulldog_146,american_bulldog,american_bulldog,0.6530583,"american_bulldog, boxer, pug, staffordshire_bull_terrier, beagle",True,True
american_bulldog_211,american_bulldog,american_bulldog,0.989052,"american_bulldog, beagle, Sphynx, British_Shorthair, american_pit_bull_terrier",True,True
yorkshire_terrier_60,yorkshire_terrier,yorkshire_terrier,0.9578397,"yorkshire_terrier, Bengal, Maine_Coon, miniature_pinscher, english_cocker_spaniel",True,True
beagle_180,beagle,american_bulldog,0.89699435,"american_bulldog, american_pit_bull_terrier, pug, beagle, boxer",False,True
Maine_Coon_132,Maine_Coon,Maine_Coon,0.99674857,"Maine_Coon, Bengal, Abyssinian, leonberger, Egyptian_Mau",True,True
keeshond_196,keeshond,keeshond,0.99446553,"keeshond, Birman, leonberger, havanese, samoyed",True,True
keeshond_190,keeshond,keeshond,0.99189305,"keeshond, newfoundland, scottish_terrier, leonberger, pomeranian",True,True
samoyed_7,samoyed,samoyed,0.96667147,"samoyed, great_pyrenees, pomeranian, keeshond, shiba_inu",True,True
chihuahua_136,chihuahua,chihuahua,0.9987734,"chihuahua, pomeranian, miniature_pinscher, shiba_inu, japanese_chin",True,True
shiba_inu_6,shiba_inu,shiba_inu,0.9805572,"shiba_inu, Russian_Blue, chihuahua, samoyed, Siamese",True,True
miniature_pinscher_161,miniature_pinscher,miniature_pinscher,0.9999291,"miniature_pinscher, chihuahua, american_pit_bull_terrier, Bengal, yorkshire_terrier",True,True
american_pit_bull_terrier_158,american_pit_bull_terrier,american_pit_bull_terrier,0.69284517,"american_pit_bull_terrier, miniature_pinscher, beagle, chihuahua, american_bulldog",True,True
american_bulldog_43,american_bulldog,american_bulldog,0.571989,"american_bulldog, american_pit_bull_terrier, english_setter, saint_bernard, beagle",True,True
shiba_inu_65,shiba_inu,boxer,0.6598321,"boxer, shiba_inu, Bengal, basset_hound, leonberger",False,True
wheaten_terrier_136,wheaten_terrier,wheaten_terrier,0.98926765,"wheaten_terrier, havanese, american_bulldog, scottish_terrier, yorkshire_terrier",True,True
Maine_Coon_95,Maine_Coon,Ragdoll,0.6795563,"Ragdoll, Maine_Coon, Persian, Abyssinian, Bengal",False,True
yorkshire_terrier_81,yorkshire_terrier,yorkshire_terrier,0.9933816,"yorkshire_terrier, havanese, scottish_terrier, wheaten_terrier, english_cocker_spaniel",True,True
Bombay_217,Bombay,Bombay,0.99994636,"Bombay, Siamese, scottish_terrier, chihuahua, Russian_Blue",True,True
Bengal_131,Bengal,Abyssinian,0.8485388,"Abyssinian, american_bulldog, Sphynx, Ragdoll, Bengal",False,True
havanese_199,havanese,scottish_terrier,0.9799478,"scottish_terrier, wheaten_terrier, english_cocker_spaniel, yorkshire_terrier, newfoundland",False,False
Sphynx_134,Sphynx,Sphynx,0.998982,"Sphynx, american_bulldog, chihuahua, Russian_Blue, american_pit_bull_terrier",True,True
British_Shorthair_42,British_Shorthair,British_Shorthair,0.9989121,"British_Shorthair, Russian_Blue, Egyptian_Mau, Persian, Bombay",True,True
scottish_terrier_1,scottish_terrier,scottish_terrier,0.9965814,"scottish_terrier, Russian_Blue, Bombay, newfoundland, staffordshire_bull_terrier",True,True
basset_hound_65,basset_hound,basset_hound,0.8283047,"basset_hound, german_shorthaired, staffordshire_bull_terrier, beagle, american_pit_bull_terrier",True,True
Siamese_193,Siamese,Siamese,0.9940154,"Siamese, Birman, pug, Abyssinian, Ragdoll",True,True
english_setter_113,english_setter,english_setter,0.9997619,"english_setter, english_cocker_spaniel, german_shorthaired, basset_hound, miniature_pinscher",True,True
american_bulldog_20,american_bulldog,american_bulldog,0.99483156,"american_bulldog, pug, american_pit_bull_terrier, Sphynx, Ragdoll",True,True
wheaten_terrier_2,wheaten_terrier,wheaten_terrier,0.9986558,"wheaten_terrier, leonberger, havanese, scottish_terrier, english_cocker_spaniel",True,True
Bengal_31,Bengal,Bengal,0.91930956,"Bengal, Egyptian_Mau, Abyssinian, Sphynx, chihuahua",True,True
keeshond_146,keeshond,keeshond,0.98671967,"keeshond, leonberger, pomeranian, Maine_Coon, great_pyrenees",True,True
Maine_Coon_211,Maine_Coon,Maine_Coon,0.98737,"Maine_Coon, Persian, english_setter, Ragdoll, japanese_chin",True,True
pomeranian_83,pomeranian,pomeranian,0.9633367,"pomeranian, Maine_Coon, shiba_inu, samoyed, Persian",True,True
staffordshire_bull_terrier_35,staffordshire_bull_terrier,staffordshire_bull_terrier,0.99836224,"staffordshire_bull_terrier, american_pit_bull_terrier, newfoundland, german_shorthaired, miniature_pinscher",True,True
english_setter_166,english_setter,english_setter,0.52381504,"english_setter, wheaten_terrier, leonberger, yorkshire_terrier, english_cocker_spaniel",True,True
yorkshire_terrier_180,yorkshire_terrier,yorkshire_terrier,0.9970245,"yorkshire_terrier, english_cocker_spaniel, pomeranian, wheaten_terrier, leonberger",True,True
samoyed_27,samoyed,samoyed,0.90284693,"samoyed, great_pyrenees, Ragdoll, pomeranian, shiba_inu",True,True
english_cocker_spaniel_126,english_cocker_spaniel,english_cocker_spaniel,0.8282596,"english_cocker_spaniel, english_setter, basset_hound, german_shorthaired, newfoundland",True,True
english_setter_167,english_setter,english_setter,0.9997774,"english_setter, english_cocker_spaniel, leonberger, basset_hound, wheaten_terrier",True,True
newfoundland_50,newfoundland,newfoundland,0.98600113,"newfoundland, Bombay, leonberger, staffordshire_bull_terrier, scottish_terrier",True,True
Ragdoll_118,Ragdoll,Maine_Coon,0.7264818,"Maine_Coon, Ragdoll, Persian, British_Shorthair, Abyssinian",False,True
Siamese_17,Siamese,Siamese,0.97775674,"Siamese, Birman, Russian_Blue, pug, Ragdoll",True,True
keeshond_198,keeshond,keeshond,0.75776887,"keeshond, Siamese, scottish_terrier, yorkshire_terrier, Birman",True,True
Siamese_133,Siamese,Siamese,0.98837566,"Siamese, Abyssinian, Bombay, miniature_pinscher, Birman",True,True
samoyed_134,samoyed,samoyed,0.51778954,"samoyed, shiba_inu, pomeranian, Russian_Blue, great_pyrenees",True,True
miniature_pinscher_28,miniature_pinscher,miniature_pinscher,0.9602661,"miniature_pinscher, american_pit_bull_terrier, beagle, staffordshire_bull_terrier, shiba_inu",True,True
newfoundland_110,newfoundland,newfoundland,0.9999405,"newfoundland, leonberger, havanese, British_Shorthair, Russian_Blue",True,True
Bombay_2,Bombay,Bombay,0.98712224,"Bombay, British_Shorthair, Russian_Blue, Abyssinian, Sphynx",True,True
american_pit_bull_terrier_116,american_pit_bull_terrier,american_pit_bull_terrier,0.8099163,"american_pit_bull_terrier, miniature_pinscher, german_shorthaired, chihuahua, Bengal",True,True
beagle_194,beagle,beagle,0.86304516,"beagle, basset_hound, boxer, miniature_pinscher, german_shorthaired",True,True
german_shorthaired_145,german_shorthaired,german_shorthaired,0.9942486,"german_shorthaired, beagle, american_pit_bull_terrier, english_cocker_spaniel, english_setter",True,True
yorkshire_terrier_119,yorkshire_terrier,yorkshire_terrier,0.991967,"yorkshire_terrier, scottish_terrier, havanese, pomeranian, miniature_pinscher",True,True
yorkshire_terrier_106,yorkshire_terrier,havanese,0.98560506,"havanese, yorkshire_terrier, wheaten_terrier, scottish_terrier, japanese_chin",False,True
american_bulldog_34,american_bulldog,american_bulldog,0.99973434,"american_bulldog, beagle, american_pit_bull_terrier, Sphynx, pug",True,True
american_pit_bull_terrier_99,american_pit_bull_terrier,american_pit_bull_terrier,0.6839955,"american_pit_bull_terrier, american_bulldog, Sphynx, english_setter, german_shorthaired",True,True
scottish_terrier_178,scottish_terrier,scottish_terrier,0.7936263,"scottish_terrier, yorkshire_terrier, wheaten_terrier, boxer, english_cocker_spaniel",True,True
american_pit_bull_terrier_101,american_pit_bull_terrier,basset_hound,0.98984224,"basset_hound, boxer, beagle, american_pit_bull_terrier, saint_bernard",False,True
Maine_Coon_28,Maine_Coon,Maine_Coon,0.9832455,"Maine_Coon, Persian, Egyptian_Mau, Bengal, english_cocker_spaniel",True,True
staffordshire_bull_terrier_143,staffordshire_bull_terrier,staffordshire_bull_terrier,0.38355196,"staffordshire_bull_terrier, beagle, american_bulldog, boxer, saint_bernard",True,True
staffordshire_bull_terrier_120,staffordshire_bull_terrier,staffordshire_bull_terrier,0.99135745,"staffordshire_bull_terrier, american_pit_bull_terrier, german_shorthaired, miniature_pinscher, Russian_Blue",True,True
scottish_terrier_96,scottish_terrier,scottish_terrier,0.98583555,"scottish_terrier, wheaten_terrier, yorkshire_terrier, samoyed, english_cocker_spaniel",True,True
staffordshire_bull_terrier_176,staffordshire_bull_terrier,staffordshire_bull_terrier,0.7375368,"staffordshire_bull_terrier, boxer, pug, miniature_pinscher, wheaten_terrier",True,True
Abyssinian_117,Abyssinian,Abyssinian,0.7653282,"Abyssinian, Russian_Blue, Sphynx, chihuahua, Egyptian_Mau",True,True
chihuahua_75,chihuahua,chihuahua,0.9440414,"chihuahua, shiba_inu, Siamese, Ragdoll, japanese_chin",True,True
pomeranian_167,pomeranian,pomeranian,0.86778474,"pomeranian, chihuahua, yorkshire_terrier, miniature_pinscher, Siamese",True,True
Bombay_157,Bombay,Bombay,0.99988544,"Bombay, British_Shorthair, Siamese, scottish_terrier, chihuahua",True,True
american_bulldog_93,american_bulldog,american_bulldog,0.9849939,"american_bulldog, beagle, english_setter, american_pit_bull_terrier, great_pyrenees",True,True
newfoundland_166,newfoundland,newfoundland,0.993956,"newfoundland, havanese, leonberger, Persian, english_cocker_spaniel",True,True
havanese_89,havanese,havanese,0.9991242,"havanese, yorkshire_terrier, english_setter, japanese_chin, english_cocker_spaniel",True,True
Maine_Coon_3,Maine_Coon,Maine_Coon,0.49274087,"Maine_Coon, Bengal, Abyssinian, Ragdoll, Bombay",True,True
german_shorthaired_107,german_shorthaired,german_shorthaired,0.99286157,"german_shorthaired, staffordshire_bull_terrier, american_pit_bull_terrier, boxer, basset_hound",True,True
american_pit_bull_terrier_8,american_pit_bull_terrier,american_pit_bull_terrier,0.8565633,"american_pit_bull_terrier, american_bulldog, Sphynx, chihuahua, english_setter",True,True
Bombay_121,Bombay,Bombay,0.9986608,"Bombay, scottish_terrier, Siamese, chihuahua, yorkshire_terrier",True,True
Bombay_130,Bombay,Bombay,0.99991727,"Bombay, scottish_terrier, staffordshire_bull_terrier, Siamese, chihuahua",True,True
miniature_pinscher_108,miniature_pinscher,miniature_pinscher,0.9997625,"miniature_pinscher, chihuahua, Siamese, boxer, american_pit_bull_terrier",True,True
Bengal_105,Bengal,german_shorthaired,0.3079062,"german_shorthaired, Egyptian_Mau, boxer, Bengal, american_bulldog",False,True
pomeranian_35,pomeranian,Persian,0.6898643,"Persian, samoyed, pomeranian, Ragdoll, great_pyrenees",False,True
havanese_148,havanese,havanese,0.9218539,"havanese, wheaten_terrier, english_cocker_spaniel, english_setter, japanese_chin",True,True
japanese_chin_138,japanese_chin,Ragdoll,0.39724836,"Ragdoll, japanese_chin, english_setter, Maine_Coon, chihuahua",False,True
samoyed_71,samoyed,samoyed,0.9639705,"samoyed, shiba_inu, great_pyrenees, scottish_terrier, Ragdoll",True,True
english_setter_25,english_setter,english_setter,0.9995865,"english_setter, english_cocker_spaniel, american_bulldog, great_pyrenees, wheaten_terrier",True,True
japanese_chin_124,japanese_chin,japanese_chin,0.9921332,"japanese_chin, pomeranian, Birman, beagle, english_setter",True,True
Abyssinian_148,Abyssinian,Abyssinian,0.5614205,"Abyssinian, Bengal, miniature_pinscher, Maine_Coon, basset_hound",True,True
miniature_pinscher_174,miniature_pinscher,miniature_pinscher,0.98327476,"miniature_pinscher, yorkshire_terrier, american_pit_bull_terrier, english_cocker_spaniel, Bengal",True,True
Egyptian_Mau_182,Egyptian_Mau,Egyptian_Mau,0.99031746,"Egyptian_Mau, Bengal, Bombay, Russian_Blue, British_Shorthair",True,True
wheaten_terrier_77,wheaten_terrier,wheaten_terrier,0.46309778,"wheaten_terrier, havanese, Egyptian_Mau, British_Shorthair, great_pyrenees",True,True
newfoundland_60,newfoundland,newfoundland,0.99678123,"newfoundland, havanese, leonberger, english_cocker_spaniel, scottish_terrier",True,True
pomeranian_187,pomeranian,pomeranian,0.995771,"pomeranian, chihuahua, japanese_chin, shiba_inu, havanese",True,True
havanese_183,havanese,havanese,0.99107504,"havanese, wheaten_terrier, yorkshire_terrier, scottish_terrier, japanese_chin",True,True
British_Shorthair_161,British_Shorthair,British_Shorthair,0.99152327,"British_Shorthair, Persian, Maine_Coon, Ragdoll, Abyssinian",True,True
Sphynx_232,Sphynx,Sphynx,0.9961593,"Sphynx, chihuahua, american_bulldog, english_setter, Egyptian_Mau",True,True
beagle_186,beagle,beagle,0.99279094,"beagle, american_bulldog, basset_hound, great_pyrenees, english_setter",True,True
Bengal_10,Bengal,Bengal,0.99943453,"Bengal, Egyptian_Mau, Maine_Coon, Abyssinian, english_setter",True,True
Siamese_30,Siamese,Siamese,0.99945766,"Siamese, miniature_pinscher, Bombay, chihuahua, Abyssinian",True,True
wheaten_terrier_103,wheaten_terrier,wheaten_terrier,0.6796202,"wheaten_terrier, havanese, american_bulldog, english_setter, pug",True,True
Ragdoll_180,Ragdoll,Ragdoll,0.990549,"Ragdoll, Persian, Maine_Coon, japanese_chin, Birman",True,True
Bengal_54,Bengal,Bengal,0.86948085,"Bengal, Egyptian_Mau, Maine_Coon, Abyssinian, Bombay",True,True
scottish_terrier_84,scottish_terrier,scottish_terrier,0.6208393,"scottish_terrier, yorkshire_terrier, english_cocker_spaniel, newfoundland, havanese",True,True
British_Shorthair_31,British_Shorthair,British_Shorthair,0.7652292,"British_Shorthair, Russian_Blue, Ragdoll, keeshond, Abyssinian",True,True
english_setter_184,english_setter,english_setter,0.81972784,"english_setter, american_pit_bull_terrier, german_shorthaired, english_cocker_spaniel, basset_hound",True,True
japanese_chin_39,japanese_chin,japanese_chin,0.9964379,"japanese_chin, Birman, Ragdoll, havanese, saint_bernard",True,True
Siamese_181,Siamese,Siamese,0.97830164,"Siamese, Russian_Blue, Birman, Abyssinian, Ragdoll",True,True
german_shorthaired_159,german_shorthaired,beagle,0.3067817,"beagle, german_shorthaired, basset_hound, boxer, saint_bernard",False,True
Bombay_150,Bombay,Bombay,0.9999732,"Bombay, Siamese, scottish_terrier, chihuahua, miniature_pinscher",True,True
miniature_pinscher_117,miniature_pinscher,miniature_pinscher,0.99991834,"miniature_pinscher, american_pit_bull_terrier, chihuahua, Bengal, yorkshire_terrier",True,True
Egyptian_Mau_48,Egyptian_Mau,Egyptian_Mau,0.99055815,"Egyptian_Mau, Bengal, Maine_Coon, Abyssinian, British_Shorthair",True,True
Birman_36,Birman,Ragdoll,0.84508026,"Ragdoll, Birman, Siamese, shiba_inu, Abyssinian",False,True
Ragdoll_133,Ragdoll,Ragdoll,0.98005784,"Ragdoll, Persian, Maine_Coon, British_Shorthair, samoyed",True,True
american_pit_bull_terrier_48,american_pit_bull_terrier,german_shorthaired,0.54541343,"german_shorthaired, boxer, basset_hound, staffordshire_bull_terrier, american_bulldog",False,False
chihuahua_57,chihuahua,chihuahua,0.9454215,"chihuahua, Sphynx, Siamese, miniature_pinscher, shiba_inu",True,True
basset_hound_69,basset_hound,basset_hound,0.99434197,"basset_hound, beagle, boxer, german_shorthaired, miniature_pinscher",True,True
great_pyrenees_179,great_pyrenees,great_pyrenees,0.99436754,"great_pyrenees, samoyed, havanese, english_setter, wheaten_terrier",True,True
samoyed_152,samoyed,samoyed,0.99144506,"samoyed, great_pyrenees, Ragdoll, shiba_inu, pomeranian",True,True
Bengal_113,Bengal,Bengal,0.87031925,"Bengal, Egyptian_Mau, Sphynx, chihuahua, miniature_pinscher",True,True
newfoundland_119,newfoundland,newfoundland,0.44453093,"newfoundland, english_cocker_spaniel, japanese_chin, great_pyrenees, havanese",True,True
Maine_Coon_38,Maine_Coon,Maine_Coon,0.97256225,"Maine_Coon, keeshond, Egyptian_Mau, Persian, english_setter",True,True
shiba_inu_124,shiba_inu,shiba_inu,0.99527377,"shiba_inu, miniature_pinscher, beagle, staffordshire_bull_terrier, yorkshire_terrier",True,True
pug_189,pug,american_pit_bull_terrier,0.8235907,"american_pit_bull_terrier, newfoundland, staffordshire_bull_terrier, miniature_pinscher, pug",False,True
Abyssinian_165,Abyssinian,Abyssinian,0.9883614,"Abyssinian, Bengal, Egyptian_Mau, Maine_Coon, Russian_Blue",True,True
samoyed_192,samoyed,samoyed,0.9729134,"samoyed, keeshond, great_pyrenees, scottish_terrier, shiba_inu",True,True
newfoundland_10,newfoundland,english_cocker_spaniel,0.6494648,"english_cocker_spaniel, newfoundland, leonberger, basset_hound, saint_bernard",False,True
samoyed_129,samoyed,samoyed,0.85801286,"samoyed, great_pyrenees, shiba_inu, pomeranian, saint_bernard",True,True
Egyptian_Mau_139,Egyptian_Mau,Egyptian_Mau,0.99968314,"Egyptian_Mau, Bengal, Russian_Blue, Sphynx, chihuahua",True,True
american_pit_bull_terrier_46,american_pit_bull_terrier,staffordshire_bull_terrier,0.5379639,"staffordshire_bull_terrier, american_pit_bull_terrier, basset_hound, american_bulldog, beagle",False,True
great_pyrenees_47,great_pyrenees,great_pyrenees,0.90047604,"great_pyrenees, saint_bernard, samoyed, english_setter, american_bulldog",True,True
beagle_127,beagle,beagle,0.63989466,"beagle, basset_hound, miniature_pinscher, chihuahua, saint_bernard",True,True
yorkshire_terrier_49,yorkshire_terrier,yorkshire_terrier,0.6745315,"yorkshire_terrier, havanese, wheaten_terrier, english_cocker_spaniel, newfoundland",True,True
japanese_chin_79,japanese_chin,japanese_chin,0.99916446,"japanese_chin, english_cocker_spaniel, Ragdoll, Birman, pomeranian",True,True
Maine_Coon_21,Maine_Coon,Maine_Coon,0.7425899,"Maine_Coon, Persian, Ragdoll, Abyssinian, Bengal",True,True
yorkshire_terrier_160,yorkshire_terrier,yorkshire_terrier,0.9879908,"yorkshire_terrier, scottish_terrier, english_cocker_spaniel, miniature_pinscher, wheaten_terrier",True,True
german_shorthaired_191,german_shorthaired,german_shorthaired,0.8225862,"german_shorthaired, english_cocker_spaniel, staffordshire_bull_terrier, British_Shorthair, Russian_Blue",True,True
american_bulldog_91,american_bulldog,staffordshire_bull_terrier,0.5396411,"staffordshire_bull_terrier, shiba_inu, beagle, american_pit_bull_terrier, basset_hound",False,False
Abyssinian_153,Abyssinian,Abyssinian,0.64619964,"Abyssinian, Bengal, Maine_Coon, boxer, shiba_inu",True,True
great_pyrenees_118,great_pyrenees,great_pyrenees,0.94634163,"great_pyrenees, samoyed, havanese, wheaten_terrier, english_setter",True,True
Sphynx_130,Sphynx,Abyssinian,0.8300793,"Abyssinian, american_bulldog, Sphynx, Siamese, Ragdoll",False,True
Maine_Coon_192,Maine_Coon,Maine_Coon,0.90503997,"Maine_Coon, Bengal, Abyssinian, wheaten_terrier, Ragdoll",True,True
chihuahua_94,chihuahua,chihuahua,0.7696063,"chihuahua, miniature_pinscher, Bombay, Siamese, Sphynx",True,True
keeshond_65,keeshond,keeshond,0.987981,"keeshond, pomeranian, newfoundland, scottish_terrier, samoyed",True,True
Egyptian_Mau_33,Egyptian_Mau,Egyptian_Mau,0.9993325,"Egyptian_Mau, Bengal, Russian_Blue, British_Shorthair, Sphynx",True,True
saint_bernard_177,saint_bernard,beagle,0.4309226,"beagle, saint_bernard, boxer, basset_hound, leonberger",False,True
Abyssinian_141,Abyssinian,Abyssinian,0.4895557,"Abyssinian, Maine_Coon, Egyptian_Mau, Russian_Blue, British_Shorthair",True,True
scottish_terrier_33,scottish_terrier,Bengal,0.8161205,"Bengal, scottish_terrier, yorkshire_terrier, english_cocker_spaniel, pug",False,True
Bengal_92,Bengal,Bengal,0.9901895,"Bengal, Egyptian_Mau, Maine_Coon, Abyssinian, yorkshire_terrier",True,True
japanese_chin_192,japanese_chin,japanese_chin,0.99928814,"japanese_chin, Ragdoll, beagle, havanese, saint_bernard",True,True
Egyptian_Mau_133,Egyptian_Mau,Egyptian_Mau,0.9935395,"Egyptian_Mau, Bengal, British_Shorthair, havanese, Maine_Coon",True,True
japanese_chin_85,japanese_chin,japanese_chin,0.9989919,"japanese_chin, Birman, english_cocker_spaniel, beagle, pomeranian",True,True
great_pyrenees_120,great_pyrenees,great_pyrenees,0.9989492,"great_pyrenees, samoyed, wheaten_terrier, beagle, american_bulldog",True,True
great_pyrenees_6,great_pyrenees,great_pyrenees,0.75803614,"great_pyrenees, english_setter, Persian, leonberger, wheaten_terrier",True,True
Sphynx_189,Sphynx,Sphynx,0.99994326,"Sphynx, american_bulldog, chihuahua, Russian_Blue, Egyptian_Mau",True,True
Bengal_193,Bengal,Bengal,0.87249404,"Bengal, Egyptian_Mau, Maine_Coon, miniature_pinscher, pug",True,True
japanese_chin_162,japanese_chin,japanese_chin,0.96218103,"japanese_chin, pomeranian, chihuahua, Ragdoll, saint_bernard",True,True
Russian_Blue_211,Russian_Blue,Russian_Blue,0.93479717,"Russian_Blue, British_Shorthair, Ragdoll, german_shorthaired, Sphynx",True,True
Bombay_49,Bombay,Bombay,0.99375665,"Bombay, miniature_pinscher, British_Shorthair, scottish_terrier, Siamese",True,True
english_setter_45,english_setter,english_setter,0.9976533,"english_setter, american_pit_bull_terrier, english_cocker_spaniel, german_shorthaired, great_pyrenees",True,True
german_shorthaired_65,german_shorthaired,german_shorthaired,0.8680807,"german_shorthaired, British_Shorthair, staffordshire_bull_terrier, newfoundland, english_cocker_spaniel",True,True
Russian_Blue_30,Russian_Blue,Russian_Blue,0.979325,"Russian_Blue, Siamese, British_Shorthair, shiba_inu, Bombay",True,True
Persian_152,Persian,Persian,0.9968911,"Persian, Maine_Coon, British_Shorthair, Ragdoll, pomeranian",True,True
pomeranian_144,pomeranian,pomeranian,0.9752085,"pomeranian, chihuahua, japanese_chin, Ragdoll, yorkshire_terrier",True,True
havanese_107,havanese,havanese,0.99980086,"havanese, yorkshire_terrier, wheaten_terrier, scottish_terrier, japanese_chin",True,True
Maine_Coon_105,Maine_Coon,Maine_Coon,0.9183822,"Maine_Coon, Persian, British_Shorthair, keeshond, english_setter",True,True
Abyssinian_6,Abyssinian,Abyssinian,0.93795544,"Abyssinian, Sphynx, Bengal, Russian_Blue, Egyptian_Mau",True,True
german_shorthaired_94,german_shorthaired,german_shorthaired,0.992924,"german_shorthaired, staffordshire_bull_terrier, newfoundland, miniature_pinscher, beagle",True,True
Siamese_39,Siamese,Siamese,0.9863659,"Siamese, Birman, leonberger, keeshond, Abyssinian",True,True
British_Shorthair_144,British_Shorthair,British_Shorthair,0.67137945,"British_Shorthair, Russian_Blue, Abyssinian, Ragdoll, Siamese",True,True
great_pyrenees_88,great_pyrenees,great_pyrenees,0.6825156,"great_pyrenees, samoyed, pomeranian, havanese, english_cocker_spaniel",True,True
Sphynx_191,Sphynx,Sphynx,0.9998882,"Sphynx, american_bulldog, Egyptian_Mau, chihuahua, Russian_Blue",True,True
yorkshire_terrier_51,yorkshire_terrier,yorkshire_terrier,0.86264825,"yorkshire_terrier, havanese, japanese_chin, english_cocker_spaniel, scottish_terrier",True,True
wheaten_terrier_87,wheaten_terrier,wheaten_terrier,0.9399165,"wheaten_terrier, staffordshire_bull_terrier, scottish_terrier, english_cocker_spaniel, yorkshire_terrier",True,True
american_pit_bull_terrier_40,american_pit_bull_terrier,american_bulldog,0.9781366,"american_bulldog, english_setter, basset_hound, american_pit_bull_terrier, beagle",False,True
Abyssinian_202,Abyssinian,Abyssinian,0.99459994,"Abyssinian, Bengal, Sphynx, Ragdoll, Maine_Coon",True,True
keeshond_82,keeshond,keeshond,0.99987483,"keeshond, leonberger, pomeranian, yorkshire_terrier, scottish_terrier",True,True
shiba_inu_158,shiba_inu,shiba_inu,0.57194877,"shiba_inu, Abyssinian, leonberger, Siamese, Maine_Coon",True,True
great_pyrenees_150,great_pyrenees,great_pyrenees,0.9989215,"great_pyrenees, english_setter, english_cocker_spaniel, havanese, leonberger",True,True
havanese_119,havanese,havanese,0.571268,"havanese, wheaten_terrier, Egyptian_Mau, english_cocker_spaniel, english_setter",True,True
wheaten_terrier_78,wheaten_terrier,wheaten_terrier,0.8664801,"wheaten_terrier, scottish_terrier, yorkshire_terrier, havanese, english_setter",True,True
boxer_195,boxer,boxer,0.7269741,"boxer, beagle, basset_hound, american_bulldog, staffordshire_bull_terrier",True,True
Bengal_26,Bengal,Bengal,0.91770154,"Bengal, Egyptian_Mau, Sphynx, Abyssinian, wheaten_terrier",True,True
japanese_chin_150,japanese_chin,japanese_chin,0.99974555,"japanese_chin, pomeranian, saint_bernard, Ragdoll, havanese",True,True
leonberger_119,leonberger,leonberger,0.99383414,"leonberger, newfoundland, great_pyrenees, saint_bernard, keeshond",True,True
Ragdoll_75,Ragdoll,Ragdoll,0.9868717,"Ragdoll, Persian, samoyed, Maine_Coon, Birman",True,True
german_shorthaired_150,german_shorthaired,german_shorthaired,0.9183086,"german_shorthaired, english_setter, american_bulldog, newfoundland, British_Shorthair",True,True
keeshond_162,keeshond,keeshond,0.9999261,"keeshond, leonberger, Maine_Coon, english_setter, Persian",True,True
Persian_268,Persian,Persian,0.63534135,"Persian, Ragdoll, samoyed, pomeranian, havanese",True,True
Russian_Blue_12,Russian_Blue,Russian_Blue,0.99126476,"Russian_Blue, British_Shorthair, Abyssinian, Egyptian_Mau, Sphynx",True,True
Bengal_53,Bengal,Bengal,0.9993723,"Bengal, Egyptian_Mau, Maine_Coon, english_cocker_spaniel, yorkshire_terrier",True,True
great_pyrenees_117,great_pyrenees,great_pyrenees,0.9889425,"great_pyrenees, samoyed, havanese, pomeranian, wheaten_terrier",True,True
chihuahua_76,chihuahua,chihuahua,0.9666868,"chihuahua, Sphynx, miniature_pinscher, staffordshire_bull_terrier, Siamese",True,True
saint_bernard_40,saint_bernard,saint_bernard,0.9999919,"saint_bernard, leonberger, great_pyrenees, basset_hound, japanese_chin",True,True
pug_176,pug,pug,0.99988544,"pug, Siamese, american_bulldog, leonberger, japanese_chin",True,True
Bengal_94,Bengal,Bengal,0.99771225,"Bengal, Egyptian_Mau, Abyssinian, Maine_Coon, Bombay",True,True
american_pit_bull_terrier_64,american_pit_bull_terrier,staffordshire_bull_terrier,0.88449377,"staffordshire_bull_terrier, american_pit_bull_terrier, american_bulldog, boxer, miniature_pinscher",False,True
yorkshire_terrier_178,yorkshire_terrier,yorkshire_terrier,0.9826277,"yorkshire_terrier, pomeranian, miniature_pinscher, Bengal, Abyssinian",True,True
saint_bernard_152,saint_bernard,saint_bernard,0.9654447,"saint_bernard, leonberger, basset_hound, japanese_chin, great_pyrenees",True,True
german_shorthaired_122,german_shorthaired,Bombay,0.45067537,"Bombay, german_shorthaired, Russian_Blue, scottish_terrier, staffordshire_bull_terrier",False,True
beagle_171,beagle,basset_hound,0.9764731,"basset_hound, beagle, boxer, miniature_pinscher, staffordshire_bull_terrier",False,True
Birman_23,Birman,Birman,0.98313177,"Birman, Persian, Ragdoll, Siamese, japanese_chin",True,True
Siamese_225,Siamese,Siamese,0.789809,"Siamese, chihuahua, Abyssinian, Birman, miniature_pinscher",True,True
wheaten_terrier_46,wheaten_terrier,wheaten_terrier,0.7263049,"wheaten_terrier, english_setter, american_bulldog, great_pyrenees, english_cocker_spaniel",True,True
great_pyrenees_3,great_pyrenees,american_bulldog,0.5682246,"american_bulldog, great_pyrenees, saint_bernard, beagle, english_setter",False,True
english_cocker_spaniel_160,english_cocker_spaniel,english_cocker_spaniel,0.8999185,"english_cocker_spaniel, beagle, english_setter, basset_hound, great_pyrenees",True,True
Russian_Blue_62,Russian_Blue,Russian_Blue,0.9981699,"Russian_Blue, British_Shorthair, Egyptian_Mau, Abyssinian, Sphynx",True,True
Abyssinian_146,Abyssinian,Abyssinian,0.9927819,"Abyssinian, Maine_Coon, Russian_Blue, Ragdoll, Egyptian_Mau",True,True
Siamese_198,Siamese,Siamese,0.9898184,"Siamese, pug, Birman, wheaten_terrier, Abyssinian",True,True
pug_43,pug,pug,0.9974254,"pug, american_bulldog, Sphynx, boxer, havanese",True,True
Russian_Blue_194,Russian_Blue,Russian_Blue,0.99893147,"Russian_Blue, shiba_inu, Abyssinian, British_Shorthair, Egyptian_Mau",True,True
american_pit_bull_terrier_4,american_pit_bull_terrier,american_pit_bull_terrier,0.8657228,"american_pit_bull_terrier, german_shorthaired, american_bulldog, miniature_pinscher, staffordshire_bull_terrier",True,True
Bengal_118,Bengal,Bengal,0.91297454,"Bengal, Egyptian_Mau, Abyssinian, Maine_Coon, miniature_pinscher",True,True
american_bulldog_25,american_bulldog,american_bulldog,0.99903166,"american_bulldog, pug, boxer, english_setter, Sphynx",True,True
yorkshire_terrier_44,yorkshire_terrier,yorkshire_terrier,0.99834514,"yorkshire_terrier, english_cocker_spaniel, miniature_pinscher, pomeranian, scottish_terrier",True,True
yorkshire_terrier_132,yorkshire_terrier,yorkshire_terrier,0.98294765,"yorkshire_terrier, pomeranian, miniature_pinscher, Bengal, Persian",True,True
Persian_97,Persian,Persian,0.986966,"Persian, Maine_Coon, Ragdoll, British_Shorthair, japanese_chin",True,True
beagle_101,beagle,beagle,0.9997037,"beagle, american_bulldog, chihuahua, japanese_chin, shiba_inu",True,True
newfoundland_2,newfoundland,newfoundland,0.97393054,"newfoundland, scottish_terrier, english_cocker_spaniel, Bombay, havanese",True,True
havanese_124,havanese,havanese,0.83302027,"havanese, english_cocker_spaniel, wheaten_terrier, great_pyrenees, english_setter",True,True
saint_bernard_100,saint_bernard,saint_bernard,0.99964845,"saint_bernard, japanese_chin, leonberger, great_pyrenees, basset_hound",True,True
english_setter_148,english_setter,english_setter,0.82527786,"english_setter, english_cocker_spaniel, havanese, great_pyrenees, basset_hound",True,True
Bengal_144,Bengal,Bengal,0.7937503,"Bengal, Abyssinian, Egyptian_Mau, american_pit_bull_terrier, Ragdoll",True,True
basset_hound_70,basset_hound,basset_hound,0.9916312,"basset_hound, beagle, american_pit_bull_terrier, german_shorthaired, boxer",True,True
chihuahua_166,chihuahua,chihuahua,0.3834606,"chihuahua, american_pit_bull_terrier, miniature_pinscher, shiba_inu, Siamese",True,True
Birman_107,Birman,Birman,0.9619639,"Birman, Siamese, Ragdoll, keeshond, samoyed",True,True
yorkshire_terrier_54,yorkshire_terrier,yorkshire_terrier,0.9994899,"yorkshire_terrier, pomeranian, miniature_pinscher, havanese, leonberger",True,True
english_setter_173,english_setter,english_setter,0.9966534,"english_setter, american_pit_bull_terrier, american_bulldog, german_shorthaired, great_pyrenees",True,True
great_pyrenees_103,great_pyrenees,great_pyrenees,0.99750334,"great_pyrenees, english_setter, samoyed, saint_bernard, havanese",True,True
yorkshire_terrier_14,yorkshire_terrier,yorkshire_terrier,0.8333962,"yorkshire_terrier, english_cocker_spaniel, havanese, wheaten_terrier, japanese_chin",True,True
saint_bernard_37,saint_bernard,saint_bernard,0.90111214,"saint_bernard, leonberger, beagle, english_setter, japanese_chin",True,True
Maine_Coon_106,Maine_Coon,Maine_Coon,0.9961804,"Maine_Coon, Bengal, Persian, Abyssinian, Ragdoll",True,True
Ragdoll_45,Ragdoll,Persian,0.8154685,"Persian, samoyed, Ragdoll, keeshond, Maine_Coon",False,True
Maine_Coon_127,Maine_Coon,Persian,0.9477005,"Persian, Maine_Coon, yorkshire_terrier, Birman, japanese_chin",False,True
British_Shorthair_67,British_Shorthair,British_Shorthair,0.99976283,"British_Shorthair, Persian, Maine_Coon, Egyptian_Mau, Ragdoll",True,True
Bengal_67,Bengal,Bengal,0.9891117,"Bengal, Maine_Coon, Egyptian_Mau, Abyssinian, yorkshire_terrier",True,True
wheaten_terrier_119,wheaten_terrier,newfoundland,0.6484328,"newfoundland, german_shorthaired, english_cocker_spaniel, leonberger, Bengal",False,False
great_pyrenees_196,great_pyrenees,great_pyrenees,0.9854879,"great_pyrenees, wheaten_terrier, samoyed, american_bulldog, saint_bernard",True,True
english_setter_149,english_setter,english_setter,0.6815619,"english_setter, great_pyrenees, american_bulldog, english_cocker_spaniel, Sphynx",True,True
american_pit_bull_terrier_37,american_pit_bull_terrier,german_shorthaired,0.4517268,"german_shorthaired, american_pit_bull_terrier, beagle, basset_hound, staffordshire_bull_terrier",False,True
pomeranian_10,pomeranian,pomeranian,0.69341356,"pomeranian, samoyed, shiba_inu, Maine_Coon, Ragdoll",True,True
leonberger_76,leonberger,leonberger,0.7795391,"leonberger, keeshond, newfoundland, great_pyrenees, scottish_terrier",True,True
Siamese_233,Siamese,Siamese,0.9946768,"Siamese, Bombay, pug, chihuahua, Abyssinian",True,True
leonberger_96,leonberger,leonberger,0.9515961,"leonberger, newfoundland, keeshond, wheaten_terrier, great_pyrenees",True,True
newfoundland_54,newfoundland,newfoundland,0.69258606,"newfoundland, havanese, Russian_Blue, British_Shorthair, great_pyrenees",True,True
english_setter_8,english_setter,basset_hound,0.20432827,"basset_hound, saint_bernard, american_pit_bull_terrier, beagle, english_setter",False,True
Ragdoll_127,Ragdoll,Ragdoll,0.92965657,"Ragdoll, Birman, Persian, Siamese, Maine_Coon",True,True
newfoundland_30,newfoundland,scottish_terrier,0.57643706,"scottish_terrier, newfoundland, staffordshire_bull_terrier, wheaten_terrier, keeshond",False,True
japanese_chin_133,japanese_chin,Bengal,0.45722917,"Bengal, Abyssinian, wheaten_terrier, pomeranian, shiba_inu",False,False
Persian_41,Persian,Persian,0.9530943,"Persian, Ragdoll, Birman, keeshond, japanese_chin",True,True
Siamese_77,Siamese,Siamese,0.79860765,"Siamese, Birman, pug, japanese_chin, Ragdoll",True,True
samoyed_18,samoyed,samoyed,0.9943598,"samoyed, great_pyrenees, scottish_terrier, keeshond, pomeranian",True,True
saint_bernard_7,saint_bernard,saint_bernard,0.8040743,"saint_bernard, basset_hound, boxer, beagle, american_bulldog",True,True
Maine_Coon_76,Maine_Coon,Maine_Coon,0.9992368,"Maine_Coon, Persian, Ragdoll, english_setter, Bengal",True,True
great_pyrenees_86,great_pyrenees,great_pyrenees,0.5993469,"great_pyrenees, english_setter, leonberger, english_cocker_spaniel, havanese",True,True
english_setter_88,english_setter,english_setter,0.7299549,"english_setter, english_cocker_spaniel, havanese, basset_hound, miniature_pinscher",True,True
leonberger_65,leonberger,leonberger,0.99950063,"leonberger, great_pyrenees, boxer, saint_bernard, pug",True,True
pomeranian_52,pomeranian,pomeranian,0.99966896,"pomeranian, japanese_chin, Persian, samoyed, yorkshire_terrier",True,True
Ragdoll_201,Ragdoll,Birman,0.9284654,"Birman, Ragdoll, Siamese, samoyed, keeshond",False,True
wheaten_terrier_55,wheaten_terrier,wheaten_terrier,0.91300803,"wheaten_terrier, Abyssinian, Siamese, american_bulldog, pug",True,True
american_bulldog_205,american_bulldog,american_bulldog,0.96854645,"american_bulldog, Sphynx, beagle, great_pyrenees, staffordshire_bull_terrier",True,True
saint_bernard_108,saint_bernard,saint_bernard,0.9925447,"saint_bernard, leonberger, english_setter, english_cocker_spaniel, japanese_chin",True,True
pomeranian_84,pomeranian,pomeranian,0.890178,"pomeranian, japanese_chin, great_pyrenees, Ragdoll, samoyed",True,True
Bengal_99,Bengal,Bengal,0.9998659,"Bengal, Egyptian_Mau, Abyssinian, Maine_Coon, miniature_pinscher",True,True
Abyssinian_79,Abyssinian,Abyssinian,0.9858074,"Abyssinian, Siamese, Russian_Blue, British_Shorthair, Maine_Coon",True,True
miniature_pinscher_36,miniature_pinscher,miniature_pinscher,0.9862357,"miniature_pinscher, boxer, Siamese, basset_hound, leonberger",True,True
miniature_pinscher_167,miniature_pinscher,miniature_pinscher,0.98646635,"miniature_pinscher, chihuahua, beagle, american_pit_bull_terrier, Siamese",True,True
samoyed_191,samoyed,samoyed,0.32141733,"samoyed, scottish_terrier, wheaten_terrier, english_cocker_spaniel, english_setter",True,True
Bombay_89,Bombay,Bombay,0.9978648,"Bombay, scottish_terrier, Siamese, British_Shorthair, newfoundland",True,True
Persian_267,Persian,Maine_Coon,0.75483334,"Maine_Coon, Persian, pomeranian, Ragdoll, Abyssinian",False,True
boxer_171,boxer,beagle,0.41498318,"beagle, boxer, american_bulldog, staffordshire_bull_terrier, american_pit_bull_terrier",False,True
Maine_Coon_24,Maine_Coon,Maine_Coon,0.79489374,"Maine_Coon, english_setter, Persian, yorkshire_terrier, wheaten_terrier",True,True
pug_98,pug,pug,0.9978315,"pug, american_bulldog, boxer, leonberger, staffordshire_bull_terrier",True,True
Birman_150,Birman,Birman,0.9999534,"Birman, Ragdoll, Siamese, japanese_chin, keeshond",True,True
samoyed_161,samoyed,samoyed,0.7959244,"samoyed, great_pyrenees, Ragdoll, Persian, pomeranian",True,True
havanese_178,havanese,havanese,0.7604838,"havanese, wheaten_terrier, yorkshire_terrier, newfoundland, english_cocker_spaniel",True,True
german_shorthaired_45,german_shorthaired,german_shorthaired,0.9290179,"german_shorthaired, english_cocker_spaniel, basset_hound, newfoundland, english_setter",True,True
yorkshire_terrier_75,yorkshire_terrier,yorkshire_terrier,0.9998374,"yorkshire_terrier, pomeranian, leonberger, havanese, miniature_pinscher",True,True
keeshond_69,keeshond,keeshond,0.9844194,"keeshond, leonberger, great_pyrenees, staffordshire_bull_terrier, scottish_terrier",True,True
Ragdoll_235,Ragdoll,Siamese,0.9557725,"Siamese, Birman, Ragdoll, chihuahua, miniature_pinscher",False,True
Bombay_170,Bombay,Bombay,0.99893063,"Bombay, scottish_terrier, British_Shorthair, newfoundland, staffordshire_bull_terrier",True,True
pomeranian_158,pomeranian,pomeranian,0.99877983,"pomeranian, samoyed, japanese_chin, Persian, yorkshire_terrier",True,True
english_setter_187,english_setter,english_setter,0.95105594,"english_setter, english_cocker_spaniel, great_pyrenees, saint_bernard, basset_hound",True,True
wheaten_terrier_49,wheaten_terrier,wheaten_terrier,0.99793243,"wheaten_terrier, havanese, pug, great_pyrenees, leonberger",True,True
Sphynx_116,Sphynx,Sphynx,0.9996406,"Sphynx, american_bulldog, Egyptian_Mau, Abyssinian, chihuahua",True,True
american_pit_bull_terrier_39,american_pit_bull_terrier,american_pit_bull_terrier,0.9990928,"american_pit_bull_terrier, staffordshire_bull_terrier, german_shorthaired, miniature_pinscher, american_bulldog",True,True
boxer_120,boxer,german_shorthaired,0.23669602,"german_shorthaired, boxer, staffordshire_bull_terrier, basset_hound, miniature_pinscher",False,True
Sphynx_44,Sphynx,Sphynx,0.99893624,"Sphynx, american_bulldog, american_pit_bull_terrier, miniature_pinscher, german_shorthaired",True,True
beagle_94,beagle,beagle,0.8525195,"beagle, english_setter, american_bulldog, german_shorthaired, great_pyrenees",True,True
Persian_60,Persian,Persian,0.42687723,"Persian, Ragdoll, Maine_Coon, japanese_chin, Birman",True,True
shiba_inu_196,shiba_inu,shiba_inu,0.9992254,"shiba_inu, chihuahua, Russian_Blue, samoyed, staffordshire_bull_terrier",True,True
Siamese_130,Siamese,Sphynx,0.7796221,"Sphynx, Ragdoll, Birman, american_bulldog, Siamese",False,True
yorkshire_terrier_177,yorkshire_terrier,yorkshire_terrier,0.991568,"yorkshire_terrier, english_cocker_spaniel, wheaten_terrier, havanese, pomeranian",True,True
Sphynx_170,Sphynx,Sphynx,0.99923027,"Sphynx, Russian_Blue, chihuahua, Egyptian_Mau, Abyssinian",True,True
pomeranian_75,pomeranian,pomeranian,0.97590274,"pomeranian, japanese_chin, great_pyrenees, samoyed, Ragdoll",True,True
staffordshire_bull_terrier_171,staffordshire_bull_terrier,staffordshire_bull_terrier,0.9659682,"staffordshire_bull_terrier, american_pit_bull_terrier, boxer, miniature_pinscher, american_bulldog",True,True
boxer_27,boxer,boxer,0.92930996,"boxer, saint_bernard, american_bulldog, staffordshire_bull_terrier, pug",True,True
Bengal_200,Bengal,Bengal,0.97721446,"Bengal, Egyptian_Mau, Maine_Coon, Abyssinian, miniature_pinscher",True,True
keeshond_6,keeshond,keeshond,0.9997086,"keeshond, pomeranian, leonberger, samoyed, scottish_terrier",True,True
havanese_195,havanese,havanese,0.8377931,"havanese, wheaten_terrier, english_cocker_spaniel, english_setter, great_pyrenees",True,True
Abyssinian_7,Abyssinian,Abyssinian,0.8362989,"Abyssinian, Bengal, British_Shorthair, Egyptian_Mau, Sphynx",True,True
yorkshire_terrier_61,yorkshire_terrier,yorkshire_terrier,0.7859776,"yorkshire_terrier, havanese, wheaten_terrier, english_cocker_spaniel, scottish_terrier",True,True
Abyssinian_102,Abyssinian,Abyssinian,0.98990726,"Abyssinian, British_Shorthair, Maine_Coon, Bengal, Siamese",True,True
havanese_91,havanese,havanese,0.9991341,"havanese, wheaten_terrier, japanese_chin, scottish_terrier, yorkshire_terrier",True,True
pug_44,pug,pug,0.999785,"pug, american_bulldog, staffordshire_bull_terrier, boxer, Sphynx",True,True
Bombay_59,Bombay,Bombay,0.99734074,"Bombay, British_Shorthair, Siamese, Russian_Blue, Maine_Coon",True,True
boxer_75,boxer,boxer,0.66020054,"boxer, miniature_pinscher, saint_bernard, leonberger, german_shorthaired",True,True
Siamese_37,Siamese,Siamese,0.99900275,"Siamese, Birman, miniature_pinscher, chihuahua, Abyssinian",True,True
samoyed_98,samoyed,samoyed,0.9991479,"samoyed, great_pyrenees, shiba_inu, keeshond, Ragdoll",True,True
keeshond_117,keeshond,keeshond,0.99818355,"keeshond, pomeranian, Russian_Blue, samoyed, Birman",True,True
samoyed_5,samoyed,samoyed,0.72547925,"samoyed, wheaten_terrier, Persian, great_pyrenees, pomeranian",True,True
english_setter_194,english_setter,saint_bernard,0.8769358,"saint_bernard, basset_hound, Bengal, english_cocker_spaniel, Abyssinian",False,False
Sphynx_223,Sphynx,Sphynx,0.97579986,"Sphynx, american_pit_bull_terrier, american_bulldog, chihuahua, miniature_pinscher",True,True
keeshond_52,keeshond,keeshond,0.99909925,"keeshond, scottish_terrier, leonberger, staffordshire_bull_terrier, newfoundland",True,True
havanese_114,havanese,havanese,0.81340134,"havanese, yorkshire_terrier, wheaten_terrier, japanese_chin, scottish_terrier",True,True
german_shorthaired_34,german_shorthaired,german_shorthaired,0.95016676,"german_shorthaired, english_setter, american_pit_bull_terrier, Russian_Blue, american_bulldog",True,True
Sphynx_183,Sphynx,Sphynx,0.9519603,"Sphynx, chihuahua, american_bulldog, Siamese, Bombay",True,True
english_cocker_spaniel_189,english_cocker_spaniel,english_cocker_spaniel,0.9080742,"english_cocker_spaniel, english_setter, german_shorthaired, basset_hound, beagle",True,True
Sphynx_119,Sphynx,Sphynx,0.9998981,"Sphynx, Russian_Blue, american_bulldog, chihuahua, Egyptian_Mau",True,True
Maine_Coon_161,Maine_Coon,Maine_Coon,0.9955117,"Maine_Coon, Abyssinian, Bengal, Ragdoll, Egyptian_Mau",True,True
staffordshire_bull_terrier_166,staffordshire_bull_terrier,boxer,0.9159028,"boxer, leonberger, basset_hound, miniature_pinscher, shiba_inu",False,False
english_cocker_spaniel_83,english_cocker_spaniel,english_cocker_spaniel,0.6464405,"english_cocker_spaniel, english_setter, wheaten_terrier, basset_hound, great_pyrenees",True,True
japanese_chin_60,japanese_chin,japanese_chin,0.84046185,"japanese_chin, beagle, english_setter, Ragdoll, english_cocker_spaniel",True,True
basset_hound_56,basset_hound,basset_hound,0.9893853,"basset_hound, beagle, boxer, saint_bernard, german_shorthaired",True,True
Maine_Coon_128,Maine_Coon,Maine_Coon,0.99404967,"Maine_Coon, Bengal, Persian, Egyptian_Mau, wheaten_terrier",True,True
chihuahua_187,chihuahua,chihuahua,0.4811637,"chihuahua, miniature_pinscher, Siamese, american_pit_bull_terrier, Abyssinian",True,True
Birman_50,Birman,Siamese,0.8921655,"Siamese, Birman, Ragdoll, Bombay, pug",False,True
Maine_Coon_124,Maine_Coon,Maine_Coon,0.9993617,"Maine_Coon, Persian, Ragdoll, Abyssinian, wheaten_terrier",True,True
wheaten_terrier_37,wheaten_terrier,wheaten_terrier,0.57284945,"wheaten_terrier, yorkshire_terrier, havanese, english_cocker_spaniel, scottish_terrier",True,True
english_cocker_spaniel_144,english_cocker_spaniel,english_cocker_spaniel,0.9992567,"english_cocker_spaniel, yorkshire_terrier, english_setter, wheaten_terrier, Bengal",True,True
pug_138,pug,pug,0.9976706,"pug, leonberger, boxer, Siamese, staffordshire_bull_terrier",True,True
newfoundland_139,newfoundland,newfoundland,0.9806604,"newfoundland, english_cocker_spaniel, havanese, Bombay, japanese_chin",True,True
english_cocker_spaniel_188,english_cocker_spaniel,basset_hound,0.5818047,"basset_hound, english_cocker_spaniel, beagle, english_setter, german_shorthaired",False,True
yorkshire_terrier_19,yorkshire_terrier,yorkshire_terrier,0.37756667,"yorkshire_terrier, english_cocker_spaniel, english_setter, havanese, wheaten_terrier",True,True
pug_58,pug,pug,0.92931515,"pug, beagle, japanese_chin, boxer, leonberger",True,True
miniature_pinscher_18,miniature_pinscher,miniature_pinscher,0.99978465,"miniature_pinscher, boxer, german_shorthaired, Bengal, basset_hound",True,True
yorkshire_terrier_123,yorkshire_terrier,wheaten_terrier,0.45414546,"wheaten_terrier, yorkshire_terrier, havanese, leonberger, pomeranian",False,True
Ragdoll_62,Ragdoll,Birman,0.77230555,"Birman, Ragdoll, Persian, Siamese, japanese_chin",False,True
Siamese_99,Siamese,Siamese,0.99889296,"Siamese, Sphynx, Russian_Blue, chihuahua, Bombay",True,True
keeshond_74,keeshond,pomeranian,0.88789976,"pomeranian, keeshond, Maine_Coon, Persian, japanese_chin",False,True
staffordshire_bull_terrier_68,staffordshire_bull_terrier,staffordshire_bull_terrier,0.6161284,"staffordshire_bull_terrier, american_pit_bull_terrier, Russian_Blue, american_bulldog, german_shorthaired",True,True
Abyssinian_215,Abyssinian,Ragdoll,0.2675473,"Ragdoll, Abyssinian, Bengal, american_pit_bull_terrier, basset_hound",False,True
staffordshire_bull_terrier_177,staffordshire_bull_terrier,staffordshire_bull_terrier,0.9863644,"staffordshire_bull_terrier, Bombay, scottish_terrier, Russian_Blue, keeshond",True,True
saint_bernard_196,saint_bernard,beagle,0.59215343,"beagle, chihuahua, pomeranian, japanese_chin, english_cocker_spaniel",False,False
american_pit_bull_terrier_181,american_pit_bull_terrier,american_pit_bull_terrier,0.9885295,"american_pit_bull_terrier, staffordshire_bull_terrier, german_shorthaired, american_bulldog, miniature_pinscher",True,True
wheaten_terrier_143,wheaten_terrier,wheaten_terrier,0.9998098,"wheaten_terrier, havanese, english_cocker_spaniel, scottish_terrier, american_bulldog",True,True
British_Shorthair_239,British_Shorthair,Egyptian_Mau,0.8202049,"Egyptian_Mau, British_Shorthair, Russian_Blue, Persian, german_shorthaired",False,True
wheaten_terrier_28,wheaten_terrier,wheaten_terrier,0.8503463,"wheaten_terrier, havanese, english_cocker_spaniel, yorkshire_terrier, newfoundland",True,True
wheaten_terrier_69,wheaten_terrier,german_shorthaired,0.5062632,"german_shorthaired, Bombay, British_Shorthair, wheaten_terrier, Persian",False,True
Ragdoll_112,Ragdoll,Siamese,0.5381483,"Siamese, Ragdoll, Birman, Persian, Abyssinian",False,True
shiba_inu_162,shiba_inu,miniature_pinscher,0.32903582,"miniature_pinscher, Bengal, Abyssinian, chihuahua, Sphynx",False,False
newfoundland_28,newfoundland,staffordshire_bull_terrier,0.77491885,"staffordshire_bull_terrier, newfoundland, scottish_terrier, keeshond, Russian_Blue",False,True
basset_hound_59,basset_hound,basset_hound,0.92237604,"basset_hound, beagle, english_cocker_spaniel, english_setter, great_pyrenees",True,True
wheaten_terrier_163,wheaten_terrier,wheaten_terrier,0.99969506,"wheaten_terrier, havanese, great_pyrenees, english_cocker_spaniel, english_setter",True,True
Bengal_48,Bengal,Bengal,0.487275,"Bengal, Egyptian_Mau, Maine_Coon, Abyssinian, wheaten_terrier",True,True
Ragdoll_73,Ragdoll,Ragdoll,0.976238,"Ragdoll, Maine_Coon, Persian, British_Shorthair, Abyssinian",True,True
english_setter_16,english_setter,english_setter,0.96960014,"english_setter, english_cocker_spaniel, wheaten_terrier, havanese, american_bulldog",True,True
scottish_terrier_25,scottish_terrier,scottish_terrier,0.964072,"scottish_terrier, newfoundland, yorkshire_terrier, wheaten_terrier, english_cocker_spaniel",True,True
Bengal_153,Bengal,Bengal,0.8638588,"Bengal, Abyssinian, Ragdoll, chihuahua, Sphynx",True,True
yorkshire_terrier_107,yorkshire_terrier,yorkshire_terrier,0.9698201,"yorkshire_terrier, english_cocker_spaniel, Bengal, havanese, miniature_pinscher",True,True
pug_124,pug,pug,0.9997638,"pug, american_bulldog, Siamese, leonberger, american_pit_bull_terrier",True,True
pomeranian_107,pomeranian,pomeranian,0.66786236,"pomeranian, shiba_inu, yorkshire_terrier, chihuahua, keeshond",True,True
english_setter_61,english_setter,english_setter,0.47242543,"english_setter, beagle, miniature_pinscher, german_shorthaired, basset_hound",True,True
basset_hound_20,basset_hound,basset_hound,0.99812,"basset_hound, beagle, saint_bernard, english_cocker_spaniel, boxer",True,True
Sphynx_103,Sphynx,Sphynx,0.9999541,"Sphynx, chihuahua, american_bulldog, Russian_Blue, Egyptian_Mau",True,True
Siamese_152,Siamese,Siamese,0.9742517,"Siamese, leonberger, pug, Abyssinian, saint_bernard",True,True
english_cocker_spaniel_62,english_cocker_spaniel,english_cocker_spaniel,0.99967265,"english_cocker_spaniel, yorkshire_terrier, english_setter, basset_hound, havanese",True,True
german_shorthaired_125,german_shorthaired,german_shorthaired,0.6707867,"german_shorthaired, newfoundland, miniature_pinscher, american_pit_bull_terrier, boxer",True,True
Persian_5,Persian,Persian,0.98669237,"Persian, Maine_Coon, Ragdoll, japanese_chin, Birman",True,True
basset_hound_76,basset_hound,basset_hound,0.64234674,"basset_hound, beagle, miniature_pinscher, shiba_inu, boxer",True,True
saint_bernard_97,saint_bernard,saint_bernard,0.9976283,"saint_bernard, boxer, basset_hound, leonberger, Bengal",True,True
Persian_239,Persian,Persian,0.5711985,"Persian, keeshond, Maine_Coon, leonberger, newfoundland",True,True
Abyssinian_178,Abyssinian,Abyssinian,0.98392993,"Abyssinian, shiba_inu, chihuahua, Bengal, Siamese",True,True
miniature_pinscher_183,miniature_pinscher,beagle,0.76917374,"beagle, shiba_inu, miniature_pinscher, american_pit_bull_terrier, chihuahua",False,True
Birman_181,Birman,Birman,0.9997652,"Birman, Ragdoll, Siamese, japanese_chin, Persian",True,True
beagle_152,beagle,beagle,0.857628,"beagle, shiba_inu, basset_hound, boxer, staffordshire_bull_terrier",True,True
staffordshire_bull_terrier_139,staffordshire_bull_terrier,staffordshire_bull_terrier,0.9574674,"staffordshire_bull_terrier, saint_bernard, american_pit_bull_terrier, boxer, miniature_pinscher",True,True
boxer_50,boxer,boxer,0.99452704,"boxer, american_bulldog, beagle, pug, staffordshire_bull_terrier",True,True
Bombay_213,Bombay,Bombay,0.9675903,"Bombay, miniature_pinscher, chihuahua, american_pit_bull_terrier, Siamese",True,True
staffordshire_bull_terrier_18,staffordshire_bull_terrier,beagle,0.67052495,"beagle, staffordshire_bull_terrier, american_bulldog, great_pyrenees, shiba_inu",False,True
wheaten_terrier_182,wheaten_terrier,wheaten_terrier,0.99998593,"wheaten_terrier, havanese, american_bulldog, pug, scottish_terrier",True,True
Ragdoll_6,Ragdoll,Ragdoll,0.97707134,"Ragdoll, shiba_inu, Birman, samoyed, Siamese",True,True
keeshond_142,keeshond,leonberger,0.9148834,"leonberger, keeshond, boxer, miniature_pinscher, newfoundland",False,True
american_pit_bull_terrier_31,american_pit_bull_terrier,staffordshire_bull_terrier,0.7594012,"staffordshire_bull_terrier, american_pit_bull_terrier, miniature_pinscher, german_shorthaired, Sphynx",False,True
american_bulldog_98,american_bulldog,american_bulldog,0.9534798,"american_bulldog, american_pit_bull_terrier, beagle, staffordshire_bull_terrier, great_pyrenees",True,True
leonberger_106,leonberger,leonberger,0.9786023,"leonberger, keeshond, saint_bernard, english_setter, japanese_chin",True,True
staffordshire_bull_terrier_93,staffordshire_bull_terrier,american_pit_bull_terrier,0.6864414,"american_pit_bull_terrier, american_bulldog, staffordshire_bull_terrier, beagle, Sphynx",False,True
havanese_111,havanese,havanese,0.995812,"havanese, yorkshire_terrier, japanese_chin, newfoundland, Persian",True,True
newfoundland_20,newfoundland,newfoundland,0.94688237,"newfoundland, scottish_terrier, yorkshire_terrier, havanese, leonberger",True,True
chihuahua_105,chihuahua,chihuahua,0.38550526,"chihuahua, Bombay, miniature_pinscher, Siamese, Sphynx",True,True
english_setter_37,english_setter,english_cocker_spaniel,0.85033005,"english_cocker_spaniel, english_setter, havanese, basset_hound, newfoundland",False,True
Egyptian_Mau_75,Egyptian_Mau,Egyptian_Mau,0.97621506,"Egyptian_Mau, Sphynx, British_Shorthair, Russian_Blue, Bengal",True,True
saint_bernard_132,saint_bernard,saint_bernard,0.7762722,"saint_bernard, basset_hound, beagle, english_cocker_spaniel, boxer",True,True
Abyssinian_48,Abyssinian,Abyssinian,0.9841552,"Abyssinian, Maine_Coon, Sphynx, Bengal, Ragdoll",True,True
american_pit_bull_terrier_167,american_pit_bull_terrier,american_pit_bull_terrier,0.57049704,"american_pit_bull_terrier, miniature_pinscher, staffordshire_bull_terrier, chihuahua, Russian_Blue",True,True
samoyed_39,samoyed,samoyed,0.98858285,"samoyed, shiba_inu, pomeranian, great_pyrenees, Ragdoll",True,True
Abyssinian_13,Abyssinian,Abyssinian,0.9998795,"Abyssinian, Russian_Blue, British_Shorthair, Siamese, Ragdoll",True,True
american_pit_bull_terrier_21,american_pit_bull_terrier,boxer,0.725539,"boxer, miniature_pinscher, german_shorthaired, beagle, basset_hound",False,False
Bengal_147,Bengal,Bengal,0.95430726,"Bengal, miniature_pinscher, english_setter, american_pit_bull_terrier, Abyssinian",True,True
Siamese_22,Siamese,Sphynx,0.4334701,"Sphynx, american_bulldog, american_pit_bull_terrier, pug, boxer",False,False
newfoundland_83,newfoundland,newfoundland,0.9629616,"newfoundland, english_cocker_spaniel, scottish_terrier, havanese, japanese_chin",True,True
beagle_70,beagle,american_pit_bull_terrier,0.8205075,"american_pit_bull_terrier, chihuahua, beagle, miniature_pinscher, shiba_inu",False,True
saint_bernard_19,saint_bernard,saint_bernard,0.79966635,"saint_bernard, boxer, beagle, Sphynx, american_bulldog",True,True
British_Shorthair_157,British_Shorthair,British_Shorthair,0.98167634,"British_Shorthair, Bombay, Russian_Blue, Persian, staffordshire_bull_terrier",True,True
shiba_inu_208,shiba_inu,shiba_inu,0.98552763,"shiba_inu, samoyed, Russian_Blue, Ragdoll, staffordshire_bull_terrier",True,True
pug_73,pug,pug,0.9974547,"pug, boxer, leonberger, american_bulldog, Siamese",True,True
Persian_13,Persian,Persian,0.9991725,"Persian, Ragdoll, British_Shorthair, samoyed, Birman",True,True
shiba_inu_29,shiba_inu,shiba_inu,0.991089,"shiba_inu, pomeranian, samoyed, chihuahua, beagle",True,True
great_pyrenees_34,great_pyrenees,great_pyrenees,0.96507597,"great_pyrenees, samoyed, english_setter, saint_bernard, american_bulldog",True,True
saint_bernard_124,saint_bernard,saint_bernard,0.9998023,"saint_bernard, basset_hound, leonberger, japanese_chin, boxer",True,True
Abyssinian_55,Abyssinian,Abyssinian,0.99438405,"Abyssinian, Bengal, Maine_Coon, Egyptian_Mau, Russian_Blue",True,True
samoyed_97,samoyed,samoyed,0.9979087,"samoyed, shiba_inu, great_pyrenees, pomeranian, scottish_terrier",True,True
Birman_72,Birman,Birman,0.8625612,"Birman, Siamese, Ragdoll, saint_bernard, japanese_chin",True,True
leonberger_83,leonberger,leonberger,0.99602926,"leonberger, great_pyrenees, saint_bernard, pug, boxer",True,True
Russian_Blue_153,Russian_Blue,Russian_Blue,0.99555403,"Russian_Blue, British_Shorthair, Egyptian_Mau, Abyssinian, Siamese",True,True
Russian_Blue_20,Russian_Blue,Russian_Blue,0.91174597,"Russian_Blue, British_Shorthair, Egyptian_Mau, Abyssinian, german_shorthaired",True,True
japanese_chin_108,japanese_chin,japanese_chin,0.9918453,"japanese_chin, havanese, english_setter, saint_bernard, great_pyrenees",True,True
beagle_93,beagle,beagle,0.99721944,"beagle, chihuahua, american_bulldog, boxer, japanese_chin",True,True
Ragdoll_204,Ragdoll,Birman,0.7643092,"Birman, Ragdoll, Persian, samoyed, keeshond",False,True
wheaten_terrier_41,wheaten_terrier,wheaten_terrier,0.99936956,"wheaten_terrier, havanese, english_cocker_spaniel, american_bulldog, scottish_terrier",True,True
american_bulldog_199,american_bulldog,american_bulldog,0.63591754,"american_bulldog, beagle, great_pyrenees, pug, english_setter",True,True
Bombay_136,Bombay,Bombay,0.9999683,"Bombay, Siamese, scottish_terrier, chihuahua, miniature_pinscher",True,True
Siamese_47,Siamese,Siamese,0.7393628,"Siamese, Birman, Ragdoll, Abyssinian, wheaten_terrier",True,True
beagle_185,beagle,american_bulldog,0.44492573,"american_bulldog, english_setter, american_pit_bull_terrier, basset_hound, Sphynx",False,False
german_shorthaired_47,german_shorthaired,german_shorthaired,0.9993606,"german_shorthaired, miniature_pinscher, american_pit_bull_terrier, staffordshire_bull_terrier, english_setter",True,True
keeshond_137,keeshond,keeshond,0.999713,"keeshond, leonberger, great_pyrenees, Birman, samoyed",True,True
Abyssinian_135,Abyssinian,Abyssinian,0.98665875,"Abyssinian, Maine_Coon, British_Shorthair, Russian_Blue, Egyptian_Mau",True,True
samoyed_115,samoyed,samoyed,0.99541277,"samoyed, shiba_inu, scottish_terrier, great_pyrenees, Ragdoll",True,True
Egyptian_Mau_195,Egyptian_Mau,Egyptian_Mau,0.74855644,"Egyptian_Mau, Bengal, Maine_Coon, Abyssinian, Russian_Blue",True,True
staffordshire_bull_terrier_63,staffordshire_bull_terrier,staffordshire_bull_terrier,0.9988871,"staffordshire_bull_terrier, american_pit_bull_terrier, boxer, miniature_pinscher, Russian_Blue",True,True
shiba_inu_155,shiba_inu,shiba_inu,0.99689436,"shiba_inu, beagle, staffordshire_bull_terrier, chihuahua, pomeranian",True,True
Maine_Coon_116,Maine_Coon,Maine_Coon,0.47504115,"Maine_Coon, Abyssinian, wheaten_terrier, Persian, yorkshire_terrier",True,True
basset_hound_137,basset_hound,basset_hound,0.7867095,"basset_hound, beagle, boxer, Bengal, german_shorthaired",True,True
pug_64,pug,pug,0.9955857,"pug, american_bulldog, english_setter, Egyptian_Mau, Sphynx",True,True
boxer_5,boxer,boxer,0.9148999,"boxer, beagle, basset_hound, saint_bernard, american_bulldog",True,True
newfoundland_103,newfoundland,newfoundland,0.9923625,"newfoundland, leonberger, keeshond, english_cocker_spaniel, havanese",True,True
japanese_chin_10,japanese_chin,japanese_chin,0.9954639,"japanese_chin, Birman, english_setter, english_cocker_spaniel, saint_bernard",True,True
Siamese_42,Siamese,Siamese,0.9997155,"Siamese, Birman, pug, Abyssinian, Bombay",True,True
Ragdoll_265,Ragdoll,Persian,0.9115359,"Persian, Ragdoll, Birman, samoyed, pomeranian",False,True
Siamese_14,Siamese,Siamese,0.99450326,"Siamese, Bombay, Birman, Abyssinian, miniature_pinscher",True,True
shiba_inu_139,shiba_inu,shiba_inu,0.9970228,"shiba_inu, pomeranian, chihuahua, samoyed, Ragdoll",True,True
basset_hound_100,basset_hound,basset_hound,0.89223456,"basset_hound, yorkshire_terrier, Bengal, boxer, saint_bernard",True,True
Birman_11,Birman,Birman,0.9625884,"Birman, Ragdoll, Siamese, japanese_chin, english_cocker_spaniel",True,True
pug_97,pug,pug,0.98786306,"pug, american_bulldog, boxer, english_setter, wheaten_terrier",True,True
staffordshire_bull_terrier_140,staffordshire_bull_terrier,staffordshire_bull_terrier,0.9913658,"staffordshire_bull_terrier, american_pit_bull_terrier, boxer, miniature_pinscher, saint_bernard",True,True
Persian_166,Persian,Persian,0.99925977,"Persian, Ragdoll, samoyed, pomeranian, Birman",True,True
basset_hound_74,basset_hound,basset_hound,0.9751441,"basset_hound, beagle, english_cocker_spaniel, boxer, german_shorthaired",True,True
shiba_inu_210,shiba_inu,Abyssinian,0.55537057,"Abyssinian, miniature_pinscher, boxer, american_pit_bull_terrier, basset_hound",False,False
keeshond_26,keeshond,keeshond,0.82817304,"keeshond, havanese, samoyed, Birman, great_pyrenees",True,True
wheaten_terrier_42,wheaten_terrier,wheaten_terrier,0.46602222,"wheaten_terrier, leonberger, pug, english_setter, great_pyrenees",True,True
Abyssinian_62,Abyssinian,Bengal,0.34721553,"Bengal, shiba_inu, miniature_pinscher, Abyssinian, chihuahua",False,True
Persian_112,Persian,Persian,0.99922776,"Persian, Maine_Coon, Ragdoll, British_Shorthair, pomeranian",True,True
Abyssinian_183,Abyssinian,Abyssinian,0.9900315,"Abyssinian, Bengal, Maine_Coon, Russian_Blue, shiba_inu",True,True
scottish_terrier_188,scottish_terrier,scottish_terrier,0.99939466,"scottish_terrier, yorkshire_terrier, keeshond, newfoundland, havanese",True,True
Persian_58,Persian,Persian,0.9962537,"Persian, British_Shorthair, Maine_Coon, Ragdoll, keeshond",True,True
Abyssinian_176,Abyssinian,Abyssinian,0.9992403,"Abyssinian, Siamese, Bengal, Russian_Blue, miniature_pinscher",True,True
english_cocker_spaniel_8,english_cocker_spaniel,english_cocker_spaniel,0.99886274,"english_cocker_spaniel, english_setter, yorkshire_terrier, havanese, german_shorthaired",True,True
english_cocker_spaniel_135,english_cocker_spaniel,english_setter,0.87655604,"english_setter, american_bulldog, english_cocker_spaniel, saint_bernard, german_shorthaired",False,True
Sphynx_242,Sphynx,Sphynx,0.99988055,"Sphynx, Egyptian_Mau, Abyssinian, chihuahua, american_bulldog",True,True
american_bulldog_66,american_bulldog,american_bulldog,0.9918818,"american_bulldog, staffordshire_bull_terrier, american_pit_bull_terrier, boxer, pug",True,True
american_pit_bull_terrier_59,american_pit_bull_terrier,american_pit_bull_terrier,0.9193137,"american_pit_bull_terrier, staffordshire_bull_terrier, miniature_pinscher, basset_hound, shiba_inu",True,True
Russian_Blue_262,Russian_Blue,Russian_Blue,0.9963037,"Russian_Blue, Bombay, British_Shorthair, Abyssinian, Sphynx",True,True
keeshond_7,keeshond,keeshond,0.9999155,"keeshond, leonberger, pomeranian, Persian, Birman",True,True
Birman_48,Birman,Birman,0.9866028,"Birman, Ragdoll, Siamese, leonberger, keeshond",True,True
german_shorthaired_185,german_shorthaired,german_shorthaired,0.55570954,"german_shorthaired, beagle, boxer, basset_hound, english_cocker_spaniel",True,True
english_cocker_spaniel_78,english_cocker_spaniel,wheaten_terrier,0.74298656,"wheaten_terrier, english_cocker_spaniel, yorkshire_terrier, leonberger, basset_hound",False,True
shiba_inu_97,shiba_inu,pomeranian,0.7471247,"pomeranian, shiba_inu, chihuahua, beagle, japanese_chin",False,True
Bengal_183,Bengal,Bengal,0.9993411,"Bengal, Egyptian_Mau, Maine_Coon, miniature_pinscher, english_setter",True,True
american_pit_bull_terrier_70,american_pit_bull_terrier,american_pit_bull_terrier,0.99111474,"american_pit_bull_terrier, staffordshire_bull_terrier, miniature_pinscher, american_bulldog, shiba_inu",True,True
British_Shorthair_97,British_Shorthair,British_Shorthair,0.99817896,"British_Shorthair, Russian_Blue, Bombay, german_shorthaired, Ragdoll",True,True
British_Shorthair_70,British_Shorthair,British_Shorthair,0.98851657,"British_Shorthair, Persian, Russian_Blue, Bombay, german_shorthaired",True,True
shiba_inu_68,shiba_inu,shiba_inu,0.9999782,"shiba_inu, chihuahua, Siamese, samoyed, beagle",True,True
Russian_Blue_226,Russian_Blue,Russian_Blue,0.9449816,"Russian_Blue, British_Shorthair, Egyptian_Mau, Bombay, Abyssinian",True,True
boxer_106,boxer,boxer,0.9964246,"boxer, miniature_pinscher, leonberger, american_bulldog, saint_bernard",True,True
Abyssinian_85,Abyssinian,Abyssinian,0.99223596,"Abyssinian, Bengal, Ragdoll, Maine_Coon, Sphynx",True,True
Russian_Blue_183,Russian_Blue,Russian_Blue,0.9892371,"Russian_Blue, British_Shorthair, Bombay, staffordshire_bull_terrier, Egyptian_Mau",True,True
Bengal_18,Bengal,Bengal,0.9824218,"Bengal, Maine_Coon, yorkshire_terrier, leonberger, Egyptian_Mau",True,True
pug_192,pug,chihuahua,0.46122855,"chihuahua, pug, american_pit_bull_terrier, american_bulldog, japanese_chin",False,True
keeshond_104,keeshond,keeshond,0.99948716,"keeshond, leonberger, Siamese, samoyed, scottish_terrier",True,True
great_pyrenees_45,great_pyrenees,great_pyrenees,0.9205916,"great_pyrenees, wheaten_terrier, samoyed, havanese, english_setter",True,True
english_cocker_spaniel_90,english_cocker_spaniel,english_cocker_spaniel,0.99806994,"english_cocker_spaniel, english_setter, german_shorthaired, basset_hound, havanese",True,True
Bengal_34,Bengal,Bengal,0.943008,"Bengal, Maine_Coon, yorkshire_terrier, leonberger, Abyssinian",True,True
english_setter_192,english_setter,english_setter,0.99936193,"english_setter, english_cocker_spaniel, german_shorthaired, Egyptian_Mau, beagle",True,True
english_setter_115,english_setter,great_pyrenees,0.6542406,"great_pyrenees, english_cocker_spaniel, english_setter, havanese, american_bulldog",False,True
Sphynx_9,Sphynx,Sphynx,0.8326471,"Sphynx, chihuahua, american_bulldog, beagle, Egyptian_Mau",True,True
chihuahua_43,chihuahua,chihuahua,0.9705409,"chihuahua, Sphynx, japanese_chin, beagle, miniature_pinscher",True,True
beagle_149,beagle,basset_hound,0.56449366,"basset_hound, beagle, miniature_pinscher, boxer, Siamese",False,True
scottish_terrier_110,scottish_terrier,scottish_terrier,0.9983039,"scottish_terrier, staffordshire_bull_terrier, yorkshire_terrier, newfoundland, english_cocker_spaniel",True,True
Persian_31,Persian,Persian,0.9996406,"Persian, Ragdoll, Birman, British_Shorthair, japanese_chin",True,True
Maine_Coon_247,Maine_Coon,Bengal,0.89061135,"Bengal, Maine_Coon, yorkshire_terrier, Abyssinian, english_setter",False,True
British_Shorthair_209,British_Shorthair,British_Shorthair,0.9984646,"British_Shorthair, Russian_Blue, Abyssinian, Egyptian_Mau, Ragdoll",True,True
german_shorthaired_171,german_shorthaired,english_setter,0.7005777,"english_setter, german_shorthaired, saint_bernard, american_bulldog, beagle",False,True
staffordshire_bull_terrier_113,staffordshire_bull_terrier,staffordshire_bull_terrier,0.6185605,"staffordshire_bull_terrier, British_Shorthair, american_pit_bull_terrier, Russian_Blue, german_shorthaired",True,True
wheaten_terrier_35,wheaten_terrier,havanese,0.6059488,"havanese, great_pyrenees, samoyed, wheaten_terrier, english_setter",False,True
pomeranian_125,pomeranian,pomeranian,0.98938316,"pomeranian, samoyed, Persian, shiba_inu, japanese_chin",True,True
scottish_terrier_43,scottish_terrier,scottish_terrier,0.7334037,"scottish_terrier, havanese, yorkshire_terrier, wheaten_terrier, pug",True,True
Persian_42,Persian,Persian,0.9890348,"Persian, Ragdoll, British_Shorthair, Maine_Coon, american_bulldog",True,True
Bombay_24,Bombay,Bombay,0.9998078,"Bombay, Russian_Blue, scottish_terrier, Siamese, chihuahua",True,True
pug_7,pug,pug,0.8399001,"pug, american_bulldog, english_setter, havanese, Sphynx",True,True
yorkshire_terrier_43,yorkshire_terrier,yorkshire_terrier,0.9991616,"yorkshire_terrier, english_cocker_spaniel, wheaten_terrier, havanese, basset_hound",True,True
shiba_inu_175,shiba_inu,Abyssinian,0.9054294,"Abyssinian, Siamese, pug, shiba_inu, leonberger",False,True
Maine_Coon_138,Maine_Coon,Maine_Coon,0.99936765,"Maine_Coon, Persian, Ragdoll, Abyssinian, Egyptian_Mau",True,True
Maine_Coon_246,Maine_Coon,Maine_Coon,0.75401455,"Maine_Coon, Abyssinian, Russian_Blue, Egyptian_Mau, British_Shorthair",True,True
Egyptian_Mau_128,Egyptian_Mau,Egyptian_Mau,0.867533,"Egyptian_Mau, Bengal, British_Shorthair, Russian_Blue, Abyssinian",True,True
scottish_terrier_161,scottish_terrier,scottish_terrier,0.99118644,"scottish_terrier, staffordshire_bull_terrier, Russian_Blue, Bombay, chihuahua",True,True
shiba_inu_31,shiba_inu,shiba_inu,0.9839332,"shiba_inu, chihuahua, pomeranian, Ragdoll, Siamese",True,True
pug_77,pug,pug,0.99952793,"pug, leonberger, american_bulldog, Siamese, great_pyrenees",True,True
shiba_inu_28,shiba_inu,shiba_inu,0.97981036,"shiba_inu, chihuahua, samoyed, pomeranian, american_pit_bull_terrier",True,True
Ragdoll_117,Ragdoll,Ragdoll,0.9791141,"Ragdoll, Birman, samoyed, great_pyrenees, Persian",True,True
basset_hound_103,basset_hound,basset_hound,0.75242907,"basset_hound, boxer, beagle, american_pit_bull_terrier, german_shorthaired",True,True
havanese_31,havanese,havanese,0.9978362,"havanese, japanese_chin, yorkshire_terrier, wheaten_terrier, english_cocker_spaniel",True,True
Siamese_116,Siamese,Siamese,0.9783813,"Siamese, Abyssinian, Birman, miniature_pinscher, Bengal",True,True
Siamese_196,Siamese,Siamese,0.99891984,"Siamese, Bombay, Birman, chihuahua, shiba_inu",True,True
Maine_Coon_149,Maine_Coon,Maine_Coon,0.999954,"Maine_Coon, Egyptian_Mau, Persian, Bengal, Abyssinian",True,True
great_pyrenees_78,great_pyrenees,great_pyrenees,0.9590146,"great_pyrenees, english_setter, american_bulldog, samoyed, saint_bernard",True,True
great_pyrenees_140,great_pyrenees,great_pyrenees,0.9366162,"great_pyrenees, american_bulldog, samoyed, beagle, wheaten_terrier",True,True
Russian_Blue_76,Russian_Blue,Russian_Blue,0.9999273,"Russian_Blue, Egyptian_Mau, Bombay, British_Shorthair, shiba_inu",True,True
Ragdoll_1,Ragdoll,Ragdoll,0.9980872,"Ragdoll, Birman, samoyed, Persian, Maine_Coon",True,True
american_pit_bull_terrier_190,american_pit_bull_terrier,saint_bernard,0.33079612,"saint_bernard, chihuahua, beagle, english_setter, english_cocker_spaniel",False,False
basset_hound_22,basset_hound,basset_hound,0.9337834,"basset_hound, beagle, english_cocker_spaniel, english_setter, shiba_inu",True,True
pug_28,pug,pug,0.99199826,"pug, boxer, leonberger, american_bulldog, staffordshire_bull_terrier",True,True
Birman_47,Birman,Siamese,0.70193386,"Siamese, Birman, leonberger, Bombay, saint_bernard",False,True
great_pyrenees_139,great_pyrenees,great_pyrenees,0.9620954,"great_pyrenees, american_bulldog, samoyed, Ragdoll, wheaten_terrier",True,True
keeshond_96,keeshond,keeshond,0.6772166,"keeshond, pomeranian, Maine_Coon, yorkshire_terrier, samoyed",True,True
Persian_26,Persian,Persian,0.9941466,"Persian, Maine_Coon, pomeranian, British_Shorthair, Ragdoll",True,True
staffordshire_bull_terrier_116,staffordshire_bull_terrier,staffordshire_bull_terrier,0.7776641,"staffordshire_bull_terrier, american_pit_bull_terrier, boxer, german_shorthaired, saint_bernard",True,True
boxer_133,boxer,boxer,0.724129,"boxer, pug, american_bulldog, Bombay, staffordshire_bull_terrier",True,True
staffordshire_bull_terrier_189,staffordshire_bull_terrier,american_bulldog,0.7343586,"american_bulldog, english_setter, american_pit_bull_terrier, beagle, great_pyrenees",False,False
staffordshire_bull_terrier_62,staffordshire_bull_terrier,boxer,0.44148588,"boxer, staffordshire_bull_terrier, american_bulldog, american_pit_bull_terrier, basset_hound",False,True
saint_bernard_181,saint_bernard,saint_bernard,0.9970149,"saint_bernard, basset_hound, boxer, beagle, leonberger",True,True
British_Shorthair_158,British_Shorthair,British_Shorthair,0.9333466,"British_Shorthair, Russian_Blue, Egyptian_Mau, pug, staffordshire_bull_terrier",True,True
great_pyrenees_157,great_pyrenees,great_pyrenees,0.94852823,"great_pyrenees, english_cocker_spaniel, english_setter, samoyed, leonberger",True,True
staffordshire_bull_terrier_111,staffordshire_bull_terrier,staffordshire_bull_terrier,0.8286092,"staffordshire_bull_terrier, boxer, american_bulldog, beagle, pug",True,True
japanese_chin_153,japanese_chin,japanese_chin,0.9985771,"japanese_chin, havanese, english_setter, english_cocker_spaniel, yorkshire_terrier",True,True
shiba_inu_43,shiba_inu,shiba_inu,0.9968928,"shiba_inu, Abyssinian, pomeranian, samoyed, great_pyrenees",True,True
Birman_94,Birman,Ragdoll,0.46647787,"Ragdoll, Russian_Blue, Maine_Coon, Abyssinian, Birman",False,True
pug_165,pug,pug,0.96148956,"pug, Siamese, leonberger, american_pit_bull_terrier, chihuahua",True,True
Ragdoll_190,Ragdoll,Birman,0.77049875,"Birman, Ragdoll, Persian, american_bulldog, great_pyrenees",False,True
Ragdoll_121,Ragdoll,Ragdoll,0.99794465,"Ragdoll, Maine_Coon, Birman, Persian, British_Shorthair",True,True
havanese_170,havanese,scottish_terrier,0.7566749,"scottish_terrier, newfoundland, german_shorthaired, english_cocker_spaniel, staffordshire_bull_terrier",False,False
yorkshire_terrier_89,yorkshire_terrier,yorkshire_terrier,0.9825273,"yorkshire_terrier, scottish_terrier, wheaten_terrier, pomeranian, Maine_Coon",True,True
english_cocker_spaniel_182,english_cocker_spaniel,english_cocker_spaniel,0.42672396,"english_cocker_spaniel, miniature_pinscher, beagle, yorkshire_terrier, pomeranian",True,True
shiba_inu_126,shiba_inu,shiba_inu,0.99261063,"shiba_inu, chihuahua, pomeranian, samoyed, staffordshire_bull_terrier",True,True
shiba_inu_24,shiba_inu,shiba_inu,0.99759275,"shiba_inu, leonberger, beagle, miniature_pinscher, Abyssinian",True,True
Russian_Blue_221,Russian_Blue,Bombay,0.88557583,"Bombay, Russian_Blue, chihuahua, staffordshire_bull_terrier, scottish_terrier",False,True
saint_bernard_91,saint_bernard,saint_bernard,0.9958134,"saint_bernard, leonberger, basset_hound, Maine_Coon, Bengal",True,True
havanese_102,havanese,havanese,0.9980767,"havanese, yorkshire_terrier, wheaten_terrier, english_cocker_spaniel, japanese_chin",True,True
Maine_Coon_153,Maine_Coon,Maine_Coon,0.99970835,"Maine_Coon, Ragdoll, Persian, Bengal, Egyptian_Mau",True,True
shiba_inu_207,shiba_inu,shiba_inu,0.9992873,"shiba_inu, samoyed, chihuahua, beagle, staffordshire_bull_terrier",True,True
Siamese_183,Siamese,Siamese,0.5467462,"Siamese, Birman, Ragdoll, Sphynx, chihuahua",True,True
Ragdoll_113,Ragdoll,Ragdoll,0.9500135,"Ragdoll, Birman, Siamese, Persian, British_Shorthair",True,True
chihuahua_56,chihuahua,chihuahua,0.9756132,"chihuahua, beagle, shiba_inu, english_setter, american_pit_bull_terrier",True,True
american_bulldog_95,american_bulldog,staffordshire_bull_terrier,0.4644283,"staffordshire_bull_terrier, american_bulldog, boxer, beagle, american_pit_bull_terrier",False,True
miniature_pinscher_149,miniature_pinscher,miniature_pinscher,0.8487701,"miniature_pinscher, Bengal, english_cocker_spaniel, yorkshire_terrier, wheaten_terrier",True,True
Maine_Coon_99,Maine_Coon,Maine_Coon,0.98592895,"Maine_Coon, Persian, Ragdoll, wheaten_terrier, japanese_chin",True,True
staffordshire_bull_terrier_80,staffordshire_bull_terrier,staffordshire_bull_terrier,0.50850815,"staffordshire_bull_terrier, shiba_inu, beagle, american_pit_bull_terrier, chihuahua",True,True
Ragdoll_67,Ragdoll,Birman,0.5813805,"Birman, Ragdoll, keeshond, Persian, pomeranian",False,True
Persian_149,Persian,Persian,0.9406622,"Persian, Ragdoll, Maine_Coon, British_Shorthair, japanese_chin",True,True
japanese_chin_21,japanese_chin,japanese_chin,0.97623414,"japanese_chin, Birman, saint_bernard, beagle, pug",True,True
german_shorthaired_90,german_shorthaired,german_shorthaired,0.95372736,"german_shorthaired, american_pit_bull_terrier, staffordshire_bull_terrier, english_setter, basset_hound",True,True
japanese_chin_92,japanese_chin,japanese_chin,0.9979372,"japanese_chin, Birman, pomeranian, saint_bernard, havanese",True,True
Siamese_254,Siamese,Bengal,0.45088324,"Bengal, Birman, Ragdoll, Abyssinian, Bombay",False,False
great_pyrenees_80,great_pyrenees,great_pyrenees,0.9997948,"great_pyrenees, english_setter, english_cocker_spaniel, samoyed, leonberger",True,True
Egyptian_Mau_45,Egyptian_Mau,Egyptian_Mau,0.92977804,"Egyptian_Mau, Russian_Blue, Sphynx, Maine_Coon, British_Shorthair",True,True
Bombay_108,Bombay,Bombay,0.9835767,"Bombay, British_Shorthair, miniature_pinscher, Abyssinian, beagle",True,True
german_shorthaired_55,german_shorthaired,german_shorthaired,0.99513274,"german_shorthaired, basset_hound, english_cocker_spaniel, english_setter, boxer",True,True
saint_bernard_13,saint_bernard,saint_bernard,0.99918526,"saint_bernard, basset_hound, japanese_chin, beagle, great_pyrenees",True,True
wheaten_terrier_174,wheaten_terrier,wheaten_terrier,0.99997616,"wheaten_terrier, havanese, english_cocker_spaniel, pug, leonberger",True,True
german_shorthaired_176,german_shorthaired,Sphynx,0.92715394,"Sphynx, german_shorthaired, Russian_Blue, chihuahua, american_bulldog",False,True
Egyptian_Mau_27,Egyptian_Mau,Egyptian_Mau,0.99149114,"Egyptian_Mau, British_Shorthair, Abyssinian, Russian_Blue, Bengal",True,True
beagle_7,beagle,beagle,0.9996891,"beagle, japanese_chin, chihuahua, shiba_inu, english_setter",True,True
Russian_Blue_150,Russian_Blue,Russian_Blue,0.99734443,"Russian_Blue, Sphynx, Egyptian_Mau, Abyssinian, British_Shorthair",True,True
Sphynx_192,Sphynx,Sphynx,0.9905003,"Sphynx, american_bulldog, american_pit_bull_terrier, Egyptian_Mau, german_shorthaired",True,True
keeshond_105,keeshond,keeshond,0.99941015,"keeshond, leonberger, samoyed, Maine_Coon, Persian",True,True
basset_hound_17,basset_hound,basset_hound,0.99337655,"basset_hound, beagle, english_cocker_spaniel, staffordshire_bull_terrier, german_shorthaired",True,True
shiba_inu_81,shiba_inu,shiba_inu,0.6849108,"shiba_inu, samoyed, staffordshire_bull_terrier, Russian_Blue, scottish_terrier",True,True
Siamese_122,Siamese,Siamese,0.4494284,"Siamese, Ragdoll, Birman, Bombay, British_Shorthair",True,True
japanese_chin_170,japanese_chin,japanese_chin,0.7142567,"japanese_chin, havanese, great_pyrenees, Birman, saint_bernard",True,True
pomeranian_200,pomeranian,samoyed,0.5411729,"samoyed, shiba_inu, keeshond, great_pyrenees, pomeranian",False,True
British_Shorthair_124,British_Shorthair,British_Shorthair,0.99971133,"British_Shorthair, Egyptian_Mau, Russian_Blue, Bombay, Persian",True,True
english_cocker_spaniel_142,english_cocker_spaniel,British_Shorthair,0.4626472,"British_Shorthair, german_shorthaired, Russian_Blue, american_bulldog, english_setter",False,False
english_cocker_spaniel_162,english_cocker_spaniel,english_cocker_spaniel,0.94181544,"english_cocker_spaniel, english_setter, beagle, Bengal, chihuahua",True,True
american_bulldog_117,american_bulldog,american_bulldog,0.6592854,"american_bulldog, american_pit_bull_terrier, beagle, chihuahua, Sphynx",True,True
Bengal_132,Bengal,Egyptian_Mau,0.62188125,"Egyptian_Mau, Bengal, Abyssinian, Maine_Coon, Sphynx",False,True
basset_hound_134,basset_hound,basset_hound,0.623278,"basset_hound, english_cocker_spaniel, saint_bernard, beagle, boxer",True,True
basset_hound_4,basset_hound,beagle,0.6779968,"beagle, basset_hound, american_bulldog, english_setter, saint_bernard",False,True
Bombay_68,Bombay,Bombay,0.9993932,"Bombay, Russian_Blue, Abyssinian, staffordshire_bull_terrier, scottish_terrier",True,True
Sphynx_178,Sphynx,Sphynx,0.99267006,"Sphynx, chihuahua, Abyssinian, Russian_Blue, Egyptian_Mau",True,True
great_pyrenees_133,great_pyrenees,great_pyrenees,0.9865022,"great_pyrenees, english_setter, samoyed, havanese, english_cocker_spaniel",True,True
havanese_190,havanese,havanese,0.9996778,"havanese, great_pyrenees, Persian, japanese_chin, wheaten_terrier",True,True
keeshond_94,keeshond,keeshond,0.9999039,"keeshond, leonberger, pomeranian, great_pyrenees, Maine_Coon",True,True
pug_199,pug,pug,0.99979967,"pug, american_bulldog, american_pit_bull_terrier, Siamese, english_setter",True,True
german_shorthaired_22,german_shorthaired,german_shorthaired,0.9327216,"german_shorthaired, american_pit_bull_terrier, miniature_pinscher, basset_hound, staffordshire_bull_terrier",True,True
keeshond_89,keeshond,keeshond,0.9984958,"keeshond, Siamese, Birman, leonberger, samoyed",True,True
pomeranian_47,pomeranian,pomeranian,0.5125665,"pomeranian, great_pyrenees, samoyed, havanese, japanese_chin",True,True
Egyptian_Mau_199,Egyptian_Mau,Egyptian_Mau,0.59939355,"Egyptian_Mau, Bengal, Maine_Coon, Russian_Blue, Abyssinian",True,True
pug_22,pug,boxer,0.9881373,"boxer, pug, american_bulldog, saint_bernard, beagle",False,True
american_pit_bull_terrier_204,american_pit_bull_terrier,american_pit_bull_terrier,0.91951615,"american_pit_bull_terrier, beagle, american_bulldog, saint_bernard, chihuahua",True,True
chihuahua_115,chihuahua,chihuahua,0.92207587,"chihuahua, miniature_pinscher, Abyssinian, shiba_inu, pomeranian",True,True
Abyssinian_151,Abyssinian,Bengal,0.8944852,"Bengal, Abyssinian, Maine_Coon, Egyptian_Mau, boxer",False,True
leonberger_75,leonberger,leonberger,0.9971296,"leonberger, keeshond, great_pyrenees, saint_bernard, english_setter",True,True
pug_168,pug,pug,0.99688196,"pug, Siamese, american_bulldog, leonberger, chihuahua",True,True
British_Shorthair_119,British_Shorthair,British_Shorthair,0.9999554,"British_Shorthair, Russian_Blue, Persian, Bombay, german_shorthaired",True,True
english_setter_190,english_setter,saint_bernard,0.5980602,"saint_bernard, english_setter, japanese_chin, american_bulldog, havanese",False,True
havanese_192,havanese,havanese,0.9918759,"havanese, english_cocker_spaniel, yorkshire_terrier, wheaten_terrier, english_setter",True,True
great_pyrenees_155,great_pyrenees,great_pyrenees,0.950802,"great_pyrenees, samoyed, havanese, english_setter, american_bulldog",True,True
Russian_Blue_123,Russian_Blue,Russian_Blue,0.8110548,"Russian_Blue, British_Shorthair, staffordshire_bull_terrier, keeshond, german_shorthaired",True,True
Ragdoll_227,Ragdoll,Ragdoll,0.8341314,"Ragdoll, Abyssinian, chihuahua, Siamese, Russian_Blue",True,True
Ragdoll_134,Ragdoll,Ragdoll,0.9715236,"Ragdoll, Persian, Birman, samoyed, Maine_Coon",True,True
Abyssinian_128,Abyssinian,Abyssinian,0.9698618,"Abyssinian, Bengal, Maine_Coon, miniature_pinscher, shiba_inu",True,True
english_cocker_spaniel_4,english_cocker_spaniel,newfoundland,0.78966284,"newfoundland, english_cocker_spaniel, scottish_terrier, havanese, leonberger",False,True
Egyptian_Mau_161,Egyptian_Mau,Egyptian_Mau,0.99139565,"Egyptian_Mau, Russian_Blue, British_Shorthair, Bengal, Sphynx",True,True
saint_bernard_20,saint_bernard,saint_bernard,0.6266412,"saint_bernard, Bengal, boxer, leonberger, beagle",True,True
Ragdoll_35,Ragdoll,Birman,0.9660276,"Birman, Siamese, Ragdoll, leonberger, pug",False,True
great_pyrenees_1,great_pyrenees,great_pyrenees,0.9982863,"great_pyrenees, samoyed, leonberger, saint_bernard, pomeranian",True,True
Abyssinian_169,Abyssinian,Abyssinian,0.9973459,"Abyssinian, Maine_Coon, Bengal, Russian_Blue, Siamese",True,True
japanese_chin_11,japanese_chin,japanese_chin,0.9980533,"japanese_chin, Persian, pomeranian, Ragdoll, havanese",True,True
english_cocker_spaniel_199,english_cocker_spaniel,english_cocker_spaniel,0.99950933,"english_cocker_spaniel, yorkshire_terrier, basset_hound, wheaten_terrier, english_setter",True,True
Persian_260,Persian,Persian,0.9998864,"Persian, Ragdoll, samoyed, British_Shorthair, Maine_Coon",True,True
Maine_Coon_222,Maine_Coon,Persian,0.9644517,"Persian, Maine_Coon, Ragdoll, pomeranian, British_Shorthair",False,True
shiba_inu_8,shiba_inu,shiba_inu,0.99959415,"shiba_inu, samoyed, staffordshire_bull_terrier, beagle, chihuahua",True,True
Russian_Blue_242,Russian_Blue,Russian_Blue,0.9945992,"Russian_Blue, British_Shorthair, Abyssinian, Egyptian_Mau, Bombay",True,True
pug_183,pug,pug,0.9990376,"pug, american_bulldog, american_pit_bull_terrier, staffordshire_bull_terrier, boxer",True,True
samoyed_114,samoyed,samoyed,0.48748973,"samoyed, great_pyrenees, japanese_chin, pomeranian, havanese",True,True
english_cocker_spaniel_132,english_cocker_spaniel,english_cocker_spaniel,0.9997497,"english_cocker_spaniel, havanese, newfoundland, english_setter, scottish_terrier",True,True
english_setter_86,english_setter,english_setter,0.99998415,"english_setter, Egyptian_Mau, great_pyrenees, basset_hound, german_shorthaired",True,True
pomeranian_142,pomeranian,pomeranian,0.99905473,"pomeranian, yorkshire_terrier, chihuahua, japanese_chin, keeshond",True,True
Persian_70,Persian,Persian,0.9963146,"Persian, keeshond, British_Shorthair, Ragdoll, newfoundland",True,True
leonberger_53,leonberger,leonberger,0.9975211,"leonberger, keeshond, great_pyrenees, saint_bernard, newfoundland",True,True
havanese_106,havanese,scottish_terrier,0.37545514,"scottish_terrier, wheaten_terrier, havanese, yorkshire_terrier, english_cocker_spaniel",False,True
Ragdoll_174,Ragdoll,Ragdoll,0.999577,"Ragdoll, Birman, Persian, samoyed, British_Shorthair",True,True
chihuahua_116,chihuahua,chihuahua,0.9844127,"chihuahua, american_pit_bull_terrier, miniature_pinscher, shiba_inu, Sphynx",True,True
miniature_pinscher_42,miniature_pinscher,miniature_pinscher,0.44876817,"miniature_pinscher, chihuahua, Bengal, shiba_inu, Abyssinian",True,True
havanese_14,havanese,havanese,0.9937158,"havanese, wheaten_terrier, yorkshire_terrier, english_cocker_spaniel, english_setter",True,True
american_pit_bull_terrier_189,american_pit_bull_terrier,american_pit_bull_terrier,0.9941018,"american_pit_bull_terrier, staffordshire_bull_terrier, miniature_pinscher, american_bulldog, german_shorthaired",True,True
basset_hound_142,basset_hound,basset_hound,0.9921789,"basset_hound, beagle, english_cocker_spaniel, english_setter, saint_bernard",True,True
Bengal_172,Bengal,Bengal,0.4761407,"Bengal, Abyssinian, miniature_pinscher, Egyptian_Mau, Sphynx",True,True
american_bulldog_19,american_bulldog,american_bulldog,0.89192194,"american_bulldog, american_pit_bull_terrier, chihuahua, boxer, english_setter",True,True
samoyed_72,samoyed,samoyed,0.94173455,"samoyed, shiba_inu, great_pyrenees, pomeranian, Ragdoll",True,True
Persian_117,Persian,Persian,0.99599105,"Persian, Ragdoll, samoyed, Birman, pomeranian",True,True
great_pyrenees_125,great_pyrenees,great_pyrenees,0.9966355,"great_pyrenees, english_setter, samoyed, saint_bernard, havanese",True,True
miniature_pinscher_27,miniature_pinscher,miniature_pinscher,0.999936,"miniature_pinscher, yorkshire_terrier, Bengal, boxer, leonberger",True,True
japanese_chin_80,japanese_chin,japanese_chin,0.27710128,"japanese_chin, american_pit_bull_terrier, american_bulldog, beagle, Sphynx",True,True
english_cocker_spaniel_10,english_cocker_spaniel,english_cocker_spaniel,0.9966037,"english_cocker_spaniel, english_setter, basset_hound, beagle, yorkshire_terrier",True,True
samoyed_77,samoyed,samoyed,0.9970193,"samoyed, great_pyrenees, pomeranian, shiba_inu, Ragdoll",True,True
american_pit_bull_terrier_126,american_pit_bull_terrier,american_pit_bull_terrier,0.99964726,"american_pit_bull_terrier, chihuahua, miniature_pinscher, staffordshire_bull_terrier, american_bulldog",True,True
english_cocker_spaniel_123,english_cocker_spaniel,english_setter,0.5210848,"english_setter, english_cocker_spaniel, basset_hound, yorkshire_terrier, german_shorthaired",False,True
basset_hound_133,basset_hound,boxer,0.54205114,"boxer, pug, american_bulldog, japanese_chin, saint_bernard",False,False
pug_203,pug,pug,0.9994025,"pug, Siamese, american_bulldog, leonberger, american_pit_bull_terrier",True,True
wheaten_terrier_161,wheaten_terrier,wheaten_terrier,0.9943304,"wheaten_terrier, havanese, english_cocker_spaniel, scottish_terrier, american_bulldog",True,True
american_bulldog_142,american_bulldog,american_bulldog,0.98758566,"american_bulldog, staffordshire_bull_terrier, american_pit_bull_terrier, boxer, beagle",True,True
Abyssinian_46,Abyssinian,Sphynx,0.88237506,"Sphynx, american_bulldog, Abyssinian, Ragdoll, Russian_Blue",False,True
shiba_inu_112,shiba_inu,shiba_inu,0.90342623,"shiba_inu, miniature_pinscher, Abyssinian, staffordshire_bull_terrier, Russian_Blue",True,True
leonberger_84,leonberger,leonberger,0.99933463,"leonberger, pug, keeshond, newfoundland, Siamese",True,True
american_bulldog_221,american_bulldog,american_bulldog,0.99675083,"american_bulldog, great_pyrenees, beagle, american_pit_bull_terrier, english_setter",True,True
saint_bernard_89,saint_bernard,saint_bernard,0.95199037,"saint_bernard, leonberger, great_pyrenees, english_setter, basset_hound",True,True
japanese_chin_161,japanese_chin,japanese_chin,0.9891515,"japanese_chin, Ragdoll, Birman, havanese, saint_bernard",True,True
Ragdoll_79,Ragdoll,Ragdoll,0.47517833,"Ragdoll, american_bulldog, Persian, Birman, great_pyrenees",True,True
american_pit_bull_terrier_203,american_pit_bull_terrier,american_pit_bull_terrier,0.98657495,"american_pit_bull_terrier, american_bulldog, chihuahua, english_setter, Sphynx",True,True
english_setter_168,english_setter,english_setter,0.39888924,"english_setter, wheaten_terrier, leonberger, english_cocker_spaniel, great_pyrenees",True,True
american_bulldog_10,american_bulldog,american_bulldog,0.9993617,"american_bulldog, american_pit_bull_terrier, Sphynx, beagle, staffordshire_bull_terrier",True,True
shiba_inu_205,shiba_inu,samoyed,0.79385203,"samoyed, shiba_inu, american_bulldog, great_pyrenees, scottish_terrier",False,True
american_pit_bull_terrier_62,american_pit_bull_terrier,american_pit_bull_terrier,0.97558665,"american_pit_bull_terrier, american_bulldog, staffordshire_bull_terrier, german_shorthaired, boxer",True,True
British_Shorthair_51,British_Shorthair,British_Shorthair,0.99939585,"British_Shorthair, Persian, Maine_Coon, Ragdoll, Abyssinian",True,True
Sphynx_61,Sphynx,Sphynx,0.6953793,"Sphynx, american_bulldog, havanese, japanese_chin, Ragdoll",True,True
Bombay_78,Bombay,Bombay,0.9667104,"Bombay, scottish_terrier, Russian_Blue, newfoundland, Siamese",True,True
wheaten_terrier_108,wheaten_terrier,wheaten_terrier,0.99274594,"wheaten_terrier, havanese, scottish_terrier, yorkshire_terrier, american_bulldog",True,True
great_pyrenees_144,great_pyrenees,great_pyrenees,0.9843502,"great_pyrenees, english_setter, wheaten_terrier, american_bulldog, leonberger",True,True
english_setter_17,english_setter,english_setter,0.8307536,"english_setter, american_bulldog, english_cocker_spaniel, havanese, Sphynx",True,True
Russian_Blue_159,Russian_Blue,Russian_Blue,0.96920705,"Russian_Blue, scottish_terrier, Siamese, British_Shorthair, shiba_inu",True,True
pomeranian_170,pomeranian,pomeranian,0.9817301,"pomeranian, samoyed, Ragdoll, keeshond, shiba_inu",True,True
Bombay_56,Bombay,Bombay,0.99158317,"Bombay, Siamese, Russian_Blue, scottish_terrier, Abyssinian",True,True
basset_hound_7,basset_hound,basset_hound,0.83738023,"basset_hound, saint_bernard, american_bulldog, beagle, boxer",True,True
american_pit_bull_terrier_161,american_pit_bull_terrier,american_pit_bull_terrier,0.9968546,"american_pit_bull_terrier, staffordshire_bull_terrier, american_bulldog, chihuahua, pug",True,True
great_pyrenees_42,great_pyrenees,wheaten_terrier,0.5842337,"wheaten_terrier, great_pyrenees, havanese, samoyed, english_cocker_spaniel",False,True
Siamese_216,Siamese,Siamese,0.9990097,"Siamese, Bombay, Birman, chihuahua, pug",True,True
chihuahua_74,chihuahua,chihuahua,0.835517,"chihuahua, miniature_pinscher, Sphynx, Abyssinian, Siamese",True,True
samoyed_143,samoyed,samoyed,0.96312016,"samoyed, great_pyrenees, shiba_inu, Ragdoll, pomeranian",True,True
keeshond_18,keeshond,keeshond,0.99994373,"keeshond, leonberger, pomeranian, samoyed, Persian",True,True
beagle_79,beagle,beagle,0.9163432,"beagle, american_bulldog, american_pit_bull_terrier, boxer, staffordshire_bull_terrier",True,True
japanese_chin_64,japanese_chin,japanese_chin,0.99652654,"japanese_chin, havanese, english_cocker_spaniel, Ragdoll, yorkshire_terrier",True,True
Russian_Blue_158,Russian_Blue,Russian_Blue,0.44465864,"Russian_Blue, Sphynx, scottish_terrier, shiba_inu, Ragdoll",True,True
scottish_terrier_21,scottish_terrier,scottish_terrier,0.99745184,"scottish_terrier, yorkshire_terrier, newfoundland, keeshond, samoyed",True,True
pomeranian_90,pomeranian,pomeranian,0.99990976,"pomeranian, samoyed, Persian, keeshond, shiba_inu",True,True
shiba_inu_34,shiba_inu,shiba_inu,0.9999168,"shiba_inu, samoyed, Russian_Blue, chihuahua, miniature_pinscher",True,True
samoyed_15,samoyed,samoyed,0.9997782,"samoyed, great_pyrenees, shiba_inu, pomeranian, Ragdoll",True,True
Abyssinian_47,Abyssinian,Abyssinian,0.9691677,"Abyssinian, Sphynx, Ragdoll, Russian_Blue, american_bulldog",True,True
american_pit_bull_terrier_197,american_pit_bull_terrier,staffordshire_bull_terrier,0.8560902,"staffordshire_bull_terrier, american_pit_bull_terrier, miniature_pinscher, Bombay, boxer",False,True
scottish_terrier_57,scottish_terrier,scottish_terrier,0.9996605,"scottish_terrier, newfoundland, yorkshire_terrier, staffordshire_bull_terrier, Bombay",True,True
Abyssinian_134,Abyssinian,Abyssinian,0.69248545,"Abyssinian, Maine_Coon, British_Shorthair, Egyptian_Mau, Ragdoll",True,True
Egyptian_Mau_201,Egyptian_Mau,Bombay,0.58441925,"Bombay, Egyptian_Mau, Russian_Blue, Bengal, Sphynx",False,True
pomeranian_93,pomeranian,pomeranian,0.99849415,"pomeranian, Persian, keeshond, samoyed, yorkshire_terrier",True,True
german_shorthaired_72,german_shorthaired,german_shorthaired,0.99148226,"german_shorthaired, american_pit_bull_terrier, miniature_pinscher, english_setter, basset_hound",True,True
newfoundland_107,newfoundland,newfoundland,0.9995172,"newfoundland, leonberger, havanese, english_cocker_spaniel, Persian",True,True
chihuahua_161,chihuahua,chihuahua,0.6307639,"chihuahua, Siamese, pug, miniature_pinscher, Sphynx",True,True
great_pyrenees_15,great_pyrenees,great_pyrenees,0.9985656,"great_pyrenees, samoyed, pomeranian, havanese, saint_bernard",True,True
Egyptian_Mau_40,Egyptian_Mau,Bengal,0.87995034,"Bengal, Egyptian_Mau, pug, Maine_Coon, english_setter",False,True
basset_hound_110,basset_hound,beagle,0.9820219,"beagle, basset_hound, boxer, german_shorthaired, american_bulldog",False,True
British_Shorthair_77,British_Shorthair,British_Shorthair,0.96933115,"British_Shorthair, Persian, Russian_Blue, keeshond, Egyptian_Mau",True,True
miniature_pinscher_125,miniature_pinscher,chihuahua,0.70831174,"chihuahua, miniature_pinscher, Abyssinian, american_pit_bull_terrier, Sphynx",False,True
english_cocker_spaniel_113,english_cocker_spaniel,english_cocker_spaniel,0.9882591,"english_cocker_spaniel, wheaten_terrier, yorkshire_terrier, havanese, german_shorthaired",True,True
Siamese_110,Siamese,Birman,0.9653364,"Birman, Siamese, Ragdoll, japanese_chin, Persian",False,True
Abyssinian_70,Abyssinian,Abyssinian,0.5945441,"Abyssinian, Ragdoll, Maine_Coon, Bengal, Sphynx",True,True
basset_hound_26,basset_hound,basset_hound,0.51081777,"basset_hound, miniature_pinscher, beagle, boxer, saint_bernard",True,True
american_bulldog_164,american_bulldog,saint_bernard,0.9942597,"saint_bernard, american_bulldog, basset_hound, beagle, boxer",False,True
miniature_pinscher_98,miniature_pinscher,miniature_pinscher,0.9954092,"miniature_pinscher, boxer, american_pit_bull_terrier, staffordshire_bull_terrier, shiba_inu",True,True
german_shorthaired_89,german_shorthaired,german_shorthaired,0.9566602,"german_shorthaired, american_pit_bull_terrier, basset_hound, english_cocker_spaniel, english_setter",True,True
leonberger_146,leonberger,leonberger,0.997879,"leonberger, saint_bernard, boxer, basset_hound, newfoundland",True,True
wheaten_terrier_141,wheaten_terrier,wheaten_terrier,0.9961605,"wheaten_terrier, havanese, american_bulldog, great_pyrenees, english_setter",True,True
beagle_17,beagle,beagle,0.9898727,"beagle, basset_hound, shiba_inu, american_bulldog, staffordshire_bull_terrier",True,True
german_shorthaired_154,german_shorthaired,german_shorthaired,0.6612989,"german_shorthaired, basset_hound, staffordshire_bull_terrier, boxer, beagle",True,True
great_pyrenees_62,great_pyrenees,great_pyrenees,0.9982949,"great_pyrenees, samoyed, havanese, newfoundland, pomeranian",True,True
Sphynx_180,Sphynx,Sphynx,0.9996439,"Sphynx, chihuahua, Egyptian_Mau, american_bulldog, Abyssinian",True,True
yorkshire_terrier_142,yorkshire_terrier,yorkshire_terrier,0.99862087,"yorkshire_terrier, pomeranian, wheaten_terrier, scottish_terrier, Maine_Coon",True,True
german_shorthaired_12,german_shorthaired,german_shorthaired,0.9978933,"german_shorthaired, english_setter, american_pit_bull_terrier, basset_hound, miniature_pinscher",True,True
german_shorthaired_16,german_shorthaired,german_shorthaired,0.9997334,"german_shorthaired, american_pit_bull_terrier, miniature_pinscher, staffordshire_bull_terrier, american_bulldog",True,True
beagle_75,beagle,beagle,0.98830205,"beagle, boxer, japanese_chin, saint_bernard, basset_hound",True,True
newfoundland_101,newfoundland,newfoundland,0.9948218,"newfoundland, scottish_terrier, havanese, yorkshire_terrier, leonberger",True,True
Bengal_20,Bengal,Bengal,0.9359267,"Bengal, Maine_Coon, miniature_pinscher, yorkshire_terrier, Abyssinian",True,True
german_shorthaired_112,german_shorthaired,german_shorthaired,0.9998791,"german_shorthaired, american_bulldog, english_cocker_spaniel, staffordshire_bull_terrier, english_setter",True,True
havanese_155,havanese,havanese,0.9966538,"havanese, wheaten_terrier, scottish_terrier, yorkshire_terrier, japanese_chin",True,True
saint_bernard_32,saint_bernard,saint_bernard,0.9863789,"saint_bernard, basset_hound, beagle, american_bulldog, boxer",True,True
saint_bernard_36,saint_bernard,saint_bernard,0.71835357,"saint_bernard, leonberger, japanese_chin, boxer, basset_hound",True,True
keeshond_51,keeshond,keeshond,0.9998605,"keeshond, pomeranian, scottish_terrier, samoyed, yorkshire_terrier",True,True
Russian_Blue_64,Russian_Blue,Russian_Blue,0.9981483,"Russian_Blue, Egyptian_Mau, shiba_inu, Siamese, British_Shorthair",True,True
japanese_chin_88,japanese_chin,japanese_chin,0.9967173,"japanese_chin, pomeranian, leonberger, saint_bernard, chihuahua",True,True
beagle_36,beagle,beagle,0.9675923,"beagle, english_setter, german_shorthaired, english_cocker_spaniel, basset_hound",True,True
Russian_Blue_199,Russian_Blue,Russian_Blue,0.88358617,"Russian_Blue, British_Shorthair, Abyssinian, shiba_inu, Siamese",True,True
Siamese_176,Siamese,Siamese,0.5494876,"Siamese, Birman, Ragdoll, keeshond, pug",True,True
Ragdoll_122,Ragdoll,Ragdoll,0.99985135,"Ragdoll, Birman, Maine_Coon, Persian, samoyed",True,True
boxer_61,boxer,boxer,0.7993972,"boxer, staffordshire_bull_terrier, pug, american_bulldog, leonberger",True,True
great_pyrenees_38,great_pyrenees,great_pyrenees,0.44373566,"great_pyrenees, newfoundland, havanese, pomeranian, english_cocker_spaniel",True,True
miniature_pinscher_182,miniature_pinscher,miniature_pinscher,0.99925417,"miniature_pinscher, chihuahua, american_pit_bull_terrier, english_setter, Bengal",True,True
havanese_41,havanese,havanese,0.9960068,"havanese, wheaten_terrier, great_pyrenees, english_cocker_spaniel, yorkshire_terrier",True,True
chihuahua_99,chihuahua,chihuahua,0.9995946,"chihuahua, Sphynx, Siamese, miniature_pinscher, shiba_inu",True,True
samoyed_6,samoyed,samoyed,0.9991935,"samoyed, great_pyrenees, pomeranian, keeshond, shiba_inu",True,True
boxer_92,boxer,boxer,0.99423474,"boxer, staffordshire_bull_terrier, american_bulldog, pug, beagle",True,True
german_shorthaired_108,german_shorthaired,german_shorthaired,0.90146726,"german_shorthaired, english_setter, english_cocker_spaniel, leonberger, boxer",True,True
Russian_Blue_144,Russian_Blue,Russian_Blue,0.9689131,"Russian_Blue, British_Shorthair, Egyptian_Mau, Abyssinian, german_shorthaired",True,True
beagle_74,beagle,beagle,0.78410995,"beagle, great_pyrenees, english_setter, chihuahua, shiba_inu",True,True
Siamese_114,Siamese,Siamese,0.99952614,"Siamese, chihuahua, Bombay, Birman, Abyssinian",True,True
keeshond_109,keeshond,keeshond,0.9997613,"keeshond, leonberger, Birman, great_pyrenees, samoyed",True,True
english_setter_47,english_setter,english_setter,0.9764639,"english_setter, english_cocker_spaniel, german_shorthaired, american_pit_bull_terrier, wheaten_terrier",True,True
leonberger_148,leonberger,leonberger,0.6690094,"leonberger, Bengal, english_setter, saint_bernard, yorkshire_terrier",True,True
Persian_168,Persian,Persian,0.497441,"Persian, British_Shorthair, english_cocker_spaniel, Ragdoll, Birman",True,True
Bombay_91,Bombay,Bombay,0.99972767,"Bombay, scottish_terrier, Siamese, Russian_Blue, chihuahua",True,True
american_bulldog_114,american_bulldog,american_bulldog,0.99278754,"american_bulldog, beagle, boxer, american_pit_bull_terrier, staffordshire_bull_terrier",True,True
Siamese_81,Siamese,Birman,0.7386768,"Birman, Siamese, Ragdoll, pug, Sphynx",False,True
keeshond_116,keeshond,keeshond,0.9998878,"keeshond, leonberger, Maine_Coon, pomeranian, Persian",True,True
japanese_chin_58,japanese_chin,japanese_chin,0.99764353,"japanese_chin, havanese, saint_bernard, Ragdoll, pomeranian",True,True
Bombay_209,Bombay,Bombay,0.9997563,"Bombay, scottish_terrier, chihuahua, Siamese, miniature_pinscher",True,True
great_pyrenees_17,great_pyrenees,great_pyrenees,0.78044903,"great_pyrenees, english_setter, saint_bernard, english_cocker_spaniel, wheaten_terrier",True,True
British_Shorthair_230,British_Shorthair,Bombay,0.6470022,"Bombay, Russian_Blue, British_Shorthair, miniature_pinscher, staffordshire_bull_terrier",False,True
beagle_148,beagle,beagle,0.9820734,"beagle, basset_hound, saint_bernard, japanese_chin, miniature_pinscher",True,True
american_pit_bull_terrier_198,american_pit_bull_terrier,american_pit_bull_terrier,0.9723956,"american_pit_bull_terrier, chihuahua, english_setter, american_bulldog, miniature_pinscher",True,True
Ragdoll_53,Ragdoll,Birman,0.8069245,"Birman, Ragdoll, Siamese, yorkshire_terrier, pug",False,True
British_Shorthair_197,British_Shorthair,British_Shorthair,0.9996486,"British_Shorthair, Russian_Blue, Abyssinian, german_shorthaired, Bombay",True,True
american_pit_bull_terrier_57,american_pit_bull_terrier,american_pit_bull_terrier,0.32367545,"american_pit_bull_terrier, basset_hound, boxer, staffordshire_bull_terrier, german_shorthaired",True,True
Sphynx_184,Sphynx,Sphynx,0.9839304,"Sphynx, Egyptian_Mau, american_bulldog, Abyssinian, Bengal",True,True
miniature_pinscher_38,miniature_pinscher,Bombay,0.7675328,"Bombay, miniature_pinscher, staffordshire_bull_terrier, chihuahua, scottish_terrier",False,True
german_shorthaired_111,german_shorthaired,german_shorthaired,0.9995552,"german_shorthaired, basset_hound, english_setter, american_pit_bull_terrier, beagle",True,True
Maine_Coon_137,Maine_Coon,Maine_Coon,0.9964079,"Maine_Coon, Egyptian_Mau, Bengal, Abyssinian, Ragdoll",True,True
chihuahua_52,chihuahua,chihuahua,0.99904853,"chihuahua, japanese_chin, Sphynx, american_bulldog, pug",True,True
english_setter_79,english_setter,english_setter,0.9931451,"english_setter, english_cocker_spaniel, german_shorthaired, leonberger, Egyptian_Mau",True,True
english_cocker_spaniel_131,english_cocker_spaniel,newfoundland,0.8900423,"newfoundland, english_cocker_spaniel, scottish_terrier, havanese, leonberger",False,True
great_pyrenees_162,great_pyrenees,great_pyrenees,0.99264246,"great_pyrenees, samoyed, english_setter, american_bulldog, keeshond",True,True
beagle_90,beagle,beagle,0.9892259,"beagle, basset_hound, english_setter, american_bulldog, german_shorthaired",True,True
shiba_inu_15,shiba_inu,shiba_inu,0.9999379,"shiba_inu, chihuahua, pomeranian, beagle, samoyed",True,True
english_setter_196,english_setter,great_pyrenees,0.9724989,"great_pyrenees, english_setter, english_cocker_spaniel, wheaten_terrier, havanese",False,True
Bombay_184,Bombay,Bombay,0.9945702,"Bombay, staffordshire_bull_terrier, scottish_terrier, Sphynx, beagle",True,True
american_pit_bull_terrier_110,american_pit_bull_terrier,shiba_inu,0.9853056,"shiba_inu, miniature_pinscher, pomeranian, staffordshire_bull_terrier, american_pit_bull_terrier",False,True
leonberger_25,leonberger,leonberger,0.9985997,"leonberger, keeshond, newfoundland, scottish_terrier, english_cocker_spaniel",True,True
american_bulldog_58,american_bulldog,american_bulldog,0.98672473,"american_bulldog, boxer, staffordshire_bull_terrier, pug, saint_bernard",True,True
keeshond_43,keeshond,keeshond,0.9488943,"keeshond, leonberger, pomeranian, Birman, samoyed",True,True
Sphynx_34,Sphynx,Sphynx,0.99932694,"Sphynx, chihuahua, miniature_pinscher, american_bulldog, american_pit_bull_terrier",True,True
Bombay_109,Bombay,Bombay,0.9997124,"Bombay, scottish_terrier, British_Shorthair, chihuahua, newfoundland",True,True
British_Shorthair_200,British_Shorthair,British_Shorthair,0.9991424,"British_Shorthair, Russian_Blue, Abyssinian, Egyptian_Mau, Bombay",True,True
basset_hound_15,basset_hound,basset_hound,0.64380914,"basset_hound, german_shorthaired, beagle, english_setter, english_cocker_spaniel",True,True
Bengal_55,Bengal,Bengal,0.99936455,"Bengal, boxer, basset_hound, Egyptian_Mau, leonberger",True,True
Russian_Blue_79,Russian_Blue,Russian_Blue,0.99936205,"Russian_Blue, shiba_inu, British_Shorthair, Ragdoll, Egyptian_Mau",True,True
great_pyrenees_123,great_pyrenees,great_pyrenees,0.99988794,"great_pyrenees, samoyed, english_setter, saint_bernard, leonberger",True,True
havanese_56,havanese,havanese,0.9964199,"havanese, wheaten_terrier, english_cocker_spaniel, scottish_terrier, japanese_chin",True,True
wheaten_terrier_44,wheaten_terrier,wheaten_terrier,0.9840082,"wheaten_terrier, havanese, great_pyrenees, american_bulldog, english_cocker_spaniel",True,True
British_Shorthair_218,British_Shorthair,British_Shorthair,0.99976605,"British_Shorthair, Bombay, Russian_Blue, Abyssinian, Persian",True,True
chihuahua_102,chihuahua,chihuahua,0.5418329,"chihuahua, Sphynx, miniature_pinscher, japanese_chin, pug",True,True
Bengal_51,Bengal,Bengal,0.90044475,"Bengal, Maine_Coon, Egyptian_Mau, Abyssinian, wheaten_terrier",True,True
Maine_Coon_195,Maine_Coon,Maine_Coon,0.99925023,"Maine_Coon, Bengal, Persian, Abyssinian, wheaten_terrier",True,True
Sphynx_250,Sphynx,Sphynx,0.9697511,"Sphynx, chihuahua, Bengal, Egyptian_Mau, Abyssinian",True,True
pomeranian_24,pomeranian,pomeranian,0.9237545,"pomeranian, Persian, samoyed, Ragdoll, keeshond",True,True
staffordshire_bull_terrier_114,staffordshire_bull_terrier,staffordshire_bull_terrier,0.9915378,"staffordshire_bull_terrier, saint_bernard, american_pit_bull_terrier, boxer, miniature_pinscher",True,True
Maine_Coon_191,Maine_Coon,Maine_Coon,0.99187523,"Maine_Coon, Ragdoll, Egyptian_Mau, Bengal, english_setter",True,True
Birman_133,Birman,leonberger,0.7259372,"leonberger, Siamese, keeshond, boxer, miniature_pinscher",False,False
Bombay_144,Bombay,Bombay,0.99784136,"Bombay, British_Shorthair, Egyptian_Mau, staffordshire_bull_terrier, scottish_terrier",True,True
staffordshire_bull_terrier_5,staffordshire_bull_terrier,basset_hound,0.20961149,"basset_hound, boxer, staffordshire_bull_terrier, leonberger, shiba_inu",False,True
boxer_31,boxer,boxer,0.99574935,"boxer, saint_bernard, staffordshire_bull_terrier, basset_hound, american_bulldog",True,True
keeshond_75,keeshond,keeshond,0.95424104,"keeshond, Siamese, leonberger, Birman, english_setter",True,True
Maine_Coon_158,Maine_Coon,Maine_Coon,0.99846137,"Maine_Coon, english_setter, Bengal, Persian, Egyptian_Mau",True,True
Maine_Coon_174,Maine_Coon,Maine_Coon,0.99506384,"Maine_Coon, Persian, Bengal, Ragdoll, Abyssinian",True,True
saint_bernard_48,saint_bernard,saint_bernard,0.9999554,"saint_bernard, basset_hound, great_pyrenees, leonberger, beagle",True,True
american_bulldog_62,american_bulldog,american_pit_bull_terrier,0.9162837,"american_pit_bull_terrier, english_setter, american_bulldog, chihuahua, german_shorthaired",False,True
english_cocker_spaniel_101,english_cocker_spaniel,english_setter,0.6772878,"english_setter, english_cocker_spaniel, basset_hound, german_shorthaired, wheaten_terrier",False,True
beagle_163,beagle,beagle,0.99656147,"beagle, boxer, staffordshire_bull_terrier, american_pit_bull_terrier, miniature_pinscher",True,True
chihuahua_170,chihuahua,chihuahua,0.9991316,"chihuahua, Sphynx, pomeranian, american_pit_bull_terrier, shiba_inu",True,True
saint_bernard_55,saint_bernard,saint_bernard,0.994099,"saint_bernard, american_pit_bull_terrier, american_bulldog, basset_hound, staffordshire_bull_terrier",True,True
beagle_117,beagle,beagle,0.99926764,"beagle, german_shorthaired, american_bulldog, basset_hound, american_pit_bull_terrier",True,True
Siamese_157,Siamese,Siamese,0.9850477,"Siamese, Birman, Ragdoll, pug, shiba_inu",True,True
Abyssinian_152,Abyssinian,Abyssinian,0.7116921,"Abyssinian, Bengal, Maine_Coon, Egyptian_Mau, shiba_inu",True,True
staffordshire_bull_terrier_79,staffordshire_bull_terrier,staffordshire_bull_terrier,0.7892334,"staffordshire_bull_terrier, Russian_Blue, miniature_pinscher, scottish_terrier, american_pit_bull_terrier",True,True
Egyptian_Mau_23,Egyptian_Mau,Egyptian_Mau,0.9966834,"Egyptian_Mau, Bengal, British_Shorthair, Russian_Blue, english_setter",True,True
Sphynx_5,Sphynx,Sphynx,0.95393646,"Sphynx, miniature_pinscher, Siamese, american_bulldog, shiba_inu",True,True
boxer_174,boxer,leonberger,0.60910237,"leonberger, boxer, german_shorthaired, wheaten_terrier, miniature_pinscher",False,True
Abyssinian_185,Abyssinian,Abyssinian,0.88774353,"Abyssinian, Bengal, Maine_Coon, Egyptian_Mau, Sphynx",True,True
shiba_inu_98,shiba_inu,boxer,0.7064207,"boxer, shiba_inu, miniature_pinscher, basset_hound, american_pit_bull_terrier",False,True
Persian_64,Persian,Persian,0.99983764,"Persian, Ragdoll, British_Shorthair, Maine_Coon, pomeranian",True,True
scottish_terrier_74,scottish_terrier,scottish_terrier,0.525432,"scottish_terrier, yorkshire_terrier, wheaten_terrier, Bengal, english_cocker_spaniel",True,True
staffordshire_bull_terrier_121,staffordshire_bull_terrier,newfoundland,0.3183037,"newfoundland, german_shorthaired, american_pit_bull_terrier, British_Shorthair, Abyssinian",False,False
yorkshire_terrier_154,yorkshire_terrier,yorkshire_terrier,0.99313664,"yorkshire_terrier, havanese, pug, wheaten_terrier, scottish_terrier",True,True
Siamese_189,Siamese,Siamese,0.95505816,"Siamese, Ragdoll, Birman, Russian_Blue, pug",True,True
yorkshire_terrier_80,yorkshire_terrier,yorkshire_terrier,0.9978776,"yorkshire_terrier, scottish_terrier, english_cocker_spaniel, wheaten_terrier, Bengal",True,True
havanese_196,havanese,havanese,0.99837303,"havanese, yorkshire_terrier, japanese_chin, english_cocker_spaniel, scottish_terrier",True,True
american_bulldog_18,american_bulldog,american_pit_bull_terrier,0.52133465,"american_pit_bull_terrier, staffordshire_bull_terrier, american_bulldog, pug, boxer",False,True
havanese_186,havanese,havanese,0.9904806,"havanese, yorkshire_terrier, japanese_chin, english_cocker_spaniel, newfoundland",True,True
Abyssinian_99,Abyssinian,Bengal,0.8817227,"Bengal, Abyssinian, miniature_pinscher, Maine_Coon, Sphynx",False,True
english_cocker_spaniel_195,english_cocker_spaniel,english_cocker_spaniel,0.6668699,"english_cocker_spaniel, havanese, newfoundland, scottish_terrier, wheaten_terrier",True,True
beagle_23,beagle,beagle,0.9384171,"beagle, japanese_chin, basset_hound, english_setter, chihuahua",True,True
miniature_pinscher_94,miniature_pinscher,Abyssinian,0.46114117,"Abyssinian, miniature_pinscher, english_cocker_spaniel, american_pit_bull_terrier, german_shorthaired",False,True
Bengal_125,Bengal,Bengal,0.90374964,"Bengal, Egyptian_Mau, Abyssinian, Maine_Coon, yorkshire_terrier",True,True
Egyptian_Mau_56,Egyptian_Mau,Egyptian_Mau,0.99781054,"Egyptian_Mau, Sphynx, Bengal, Russian_Blue, german_shorthaired",True,True
Russian_Blue_232,Russian_Blue,British_Shorthair,0.83875394,"British_Shorthair, Russian_Blue, Bombay, Abyssinian, Egyptian_Mau",False,True
Siamese_175,Siamese,Siamese,0.997692,"Siamese, Bombay, pug, Birman, chihuahua",True,True
wheaten_terrier_84,wheaten_terrier,wheaten_terrier,0.6031777,"wheaten_terrier, yorkshire_terrier, havanese, leonberger, english_cocker_spaniel",True,True
British_Shorthair_274,British_Shorthair,British_Shorthair,0.94486004,"British_Shorthair, Russian_Blue, Egyptian_Mau, Bombay, Abyssinian",True,True
basset_hound_50,basset_hound,basset_hound,0.98625225,"basset_hound, beagle, english_cocker_spaniel, american_pit_bull_terrier, german_shorthaired",True,True
german_shorthaired_83,german_shorthaired,german_shorthaired,0.9996277,"german_shorthaired, english_setter, american_pit_bull_terrier, beagle, american_bulldog",True,True
miniature_pinscher_131,miniature_pinscher,miniature_pinscher,0.9996469,"miniature_pinscher, chihuahua, yorkshire_terrier, Bengal, american_pit_bull_terrier",True,True
yorkshire_terrier_155,yorkshire_terrier,havanese,0.76853096,"havanese, yorkshire_terrier, english_setter, great_pyrenees, samoyed",False,True
Ragdoll_154,Ragdoll,Ragdoll,0.9734986,"Ragdoll, Birman, samoyed, Abyssinian, Persian",True,True
Abyssinian_121,Abyssinian,Maine_Coon,0.48364183,"Maine_Coon, Abyssinian, Egyptian_Mau, Bengal, British_Shorthair",False,True
Russian_Blue_85,Russian_Blue,Russian_Blue,0.99750143,"Russian_Blue, Abyssinian, Siamese, Egyptian_Mau, Sphynx",True,True
wheaten_terrier_138,wheaten_terrier,wheaten_terrier,0.9931351,"wheaten_terrier, english_cocker_spaniel, great_pyrenees, havanese, Persian",True,True
keeshond_86,keeshond,keeshond,0.9812112,"keeshond, Birman, leonberger, yorkshire_terrier, scottish_terrier",True,True
scottish_terrier_122,scottish_terrier,scottish_terrier,0.8645529,"scottish_terrier, Bombay, chihuahua, newfoundland, keeshond",True,True
Persian_88,Persian,Persian,0.8732055,"Persian, keeshond, Ragdoll, Birman, Maine_Coon",True,True
keeshond_156,keeshond,Birman,0.57769394,"Birman, keeshond, samoyed, pomeranian, Ragdoll",False,True
Maine_Coon_265,Maine_Coon,Maine_Coon,0.8194347,"Maine_Coon, Egyptian_Mau, Bengal, Abyssinian, Persian",True,True
yorkshire_terrier_10,yorkshire_terrier,yorkshire_terrier,0.7072756,"yorkshire_terrier, english_cocker_spaniel, wheaten_terrier, havanese, scottish_terrier",True,True
keeshond_25,keeshond,keeshond,0.9369588,"keeshond, scottish_terrier, Birman, staffordshire_bull_terrier, yorkshire_terrier",True,True
British_Shorthair_139,British_Shorthair,British_Shorthair,0.9991437,"British_Shorthair, Russian_Blue, Persian, Abyssinian, Ragdoll",True,True
yorkshire_terrier_120,yorkshire_terrier,yorkshire_terrier,0.9997714,"yorkshire_terrier, english_cocker_spaniel, miniature_pinscher, pomeranian, Bengal",True,True
leonberger_145,leonberger,leonberger,0.9666696,"leonberger, newfoundland, english_cocker_spaniel, keeshond, saint_bernard",True,True
keeshond_191,keeshond,keeshond,0.99905545,"keeshond, leonberger, havanese, scottish_terrier, Birman",True,True
miniature_pinscher_179,miniature_pinscher,miniature_pinscher,0.99997175,"miniature_pinscher, chihuahua, american_pit_bull_terrier, yorkshire_terrier, Bengal",True,True
Maine_Coon_97,Maine_Coon,Maine_Coon,0.99777716,"Maine_Coon, Bengal, Abyssinian, Persian, wheaten_terrier",True,True
japanese_chin_123,japanese_chin,japanese_chin,0.975842,"japanese_chin, Ragdoll, beagle, pomeranian, Persian",True,True
english_cocker_spaniel_27,english_cocker_spaniel,english_cocker_spaniel,0.99812204,"english_cocker_spaniel, newfoundland, english_setter, scottish_terrier, german_shorthaired",True,True
saint_bernard_1,saint_bernard,saint_bernard,0.7800539,"saint_bernard, beagle, great_pyrenees, american_bulldog, basset_hound",True,True
pomeranian_185,pomeranian,scottish_terrier,0.26494136,"scottish_terrier, pomeranian, Bombay, newfoundland, keeshond",False,True
Bengal_52,Bengal,Bengal,0.9996051,"Bengal, Egyptian_Mau, saint_bernard, basset_hound, leonberger",True,True
miniature_pinscher_35,miniature_pinscher,miniature_pinscher,0.9996207,"miniature_pinscher, boxer, Bengal, yorkshire_terrier, german_shorthaired",True,True
american_bulldog_185,american_bulldog,american_bulldog,0.903437,"american_bulldog, american_pit_bull_terrier, english_setter, Sphynx, great_pyrenees",True,True
great_pyrenees_135,great_pyrenees,great_pyrenees,0.6842526,"great_pyrenees, english_setter, american_bulldog, samoyed, saint_bernard",True,True
Sphynx_213,Sphynx,Sphynx,0.6187783,"Sphynx, Russian_Blue, Abyssinian, chihuahua, Egyptian_Mau",True,True
Russian_Blue_93,Russian_Blue,Russian_Blue,0.9868565,"Russian_Blue, chihuahua, Sphynx, staffordshire_bull_terrier, British_Shorthair",True,True
great_pyrenees_26,great_pyrenees,great_pyrenees,0.9298647,"great_pyrenees, american_bulldog, samoyed, Ragdoll, saint_bernard",True,True
pomeranian_45,pomeranian,pomeranian,0.9985336,"pomeranian, samoyed, keeshond, chihuahua, shiba_inu",True,True
Bengal_77,Bengal,Bengal,0.9989126,"Bengal, Egyptian_Mau, Maine_Coon, Abyssinian, miniature_pinscher",True,True
samoyed_103,samoyed,samoyed,0.99986494,"samoyed, shiba_inu, great_pyrenees, scottish_terrier, pomeranian",True,True
Birman_134,Birman,Birman,0.99203897,"Birman, Ragdoll, Siamese, havanese, japanese_chin",True,True
Bengal_199,Bengal,Abyssinian,0.72124,"Abyssinian, Bengal, Maine_Coon, Egyptian_Mau, Russian_Blue",False,True
Egyptian_Mau_131,Egyptian_Mau,Egyptian_Mau,0.99912244,"Egyptian_Mau, Bengal, British_Shorthair, chihuahua, havanese",True,True
Sphynx_74,Sphynx,Sphynx,0.9863854,"Sphynx, american_bulldog, Abyssinian, chihuahua, basset_hound",True,True
saint_bernard_169,saint_bernard,saint_bernard,0.99892515,"saint_bernard, basset_hound, boxer, leonberger, wheaten_terrier",True,True
scottish_terrier_76,scottish_terrier,scottish_terrier,0.79372567,"scottish_terrier, wheaten_terrier, samoyed, havanese, yorkshire_terrier",True,True
chihuahua_171,chihuahua,miniature_pinscher,0.81099,"miniature_pinscher, chihuahua, american_pit_bull_terrier, Sphynx, yorkshire_terrier",False,True
Maine_Coon_31,Maine_Coon,Maine_Coon,0.9995932,"Maine_Coon, Persian, wheaten_terrier, english_setter, Bengal",True,True
shiba_inu_173,shiba_inu,Sphynx,0.4353069,"Sphynx, american_bulldog, boxer, beagle, pug",False,False
saint_bernard_44,saint_bernard,saint_bernard,0.99793077,"saint_bernard, beagle, japanese_chin, basset_hound, great_pyrenees",True,True
boxer_89,boxer,boxer,0.9974941,"boxer, american_bulldog, staffordshire_bull_terrier, american_pit_bull_terrier, beagle",True,True
Ragdoll_93,Ragdoll,great_pyrenees,0.2284439,"great_pyrenees, Ragdoll, Birman, wheaten_terrier, samoyed",False,True
Siamese_138,Siamese,Birman,0.90176463,"Birman, Siamese, Ragdoll, chihuahua, Bengal",False,True
Sphynx_198,Sphynx,Sphynx,0.9765253,"Sphynx, Abyssinian, american_bulldog, Russian_Blue, Egyptian_Mau",True,True
basset_hound_8,basset_hound,basset_hound,0.36033463,"basset_hound, american_bulldog, wheaten_terrier, american_pit_bull_terrier, beagle",True,True
Birman_159,Birman,Birman,0.9750855,"Birman, Ragdoll, keeshond, pomeranian, Siamese",True,True
Russian_Blue_127,Russian_Blue,Russian_Blue,0.9050657,"Russian_Blue, British_Shorthair, Egyptian_Mau, shiba_inu, Abyssinian",True,True
Bengal_22,Bengal,Bengal,0.90534604,"Bengal, Egyptian_Mau, german_shorthaired, english_cocker_spaniel, wheaten_terrier",True,True
yorkshire_terrier_149,yorkshire_terrier,yorkshire_terrier,0.9993575,"yorkshire_terrier, pomeranian, miniature_pinscher, scottish_terrier, english_cocker_spaniel",True,True
leonberger_85,leonberger,leonberger,0.98984665,"leonberger, newfoundland, keeshond, japanese_chin, Birman",True,True
pug_18,pug,pug,0.9104248,"pug, boxer, american_bulldog, staffordshire_bull_terrier, beagle",True,True
wheaten_terrier_192,wheaten_terrier,wheaten_terrier,0.9993094,"wheaten_terrier, Bengal, leonberger, shiba_inu, pug",True,True
Bombay_193,Bombay,Bombay,0.9984861,"Bombay, scottish_terrier, Siamese, yorkshire_terrier, Maine_Coon",True,True
pomeranian_57,pomeranian,pomeranian,0.999653,"pomeranian, yorkshire_terrier, shiba_inu, japanese_chin, samoyed",True,True
saint_bernard_77,saint_bernard,saint_bernard,0.99974245,"saint_bernard, basset_hound, english_cocker_spaniel, leonberger, english_setter",True,True
basset_hound_151,basset_hound,basset_hound,0.99951184,"basset_hound, beagle, english_cocker_spaniel, english_setter, american_pit_bull_terrier",True,True
havanese_139,havanese,havanese,0.73000294,"havanese, wheaten_terrier, english_cocker_spaniel, yorkshire_terrier, newfoundland",True,True
boxer_151,boxer,boxer,0.96986693,"boxer, saint_bernard, staffordshire_bull_terrier, american_bulldog, basset_hound",True,True
pomeranian_179,pomeranian,pomeranian,0.9998504,"pomeranian, Persian, samoyed, japanese_chin, Ragdoll",True,True
english_cocker_spaniel_12,english_cocker_spaniel,english_cocker_spaniel,0.70562106,"english_cocker_spaniel, english_setter, wheaten_terrier, beagle, great_pyrenees",True,True
german_shorthaired_120,german_shorthaired,german_shorthaired,0.99920446,"german_shorthaired, english_setter, beagle, american_pit_bull_terrier, Egyptian_Mau",True,True
Egyptian_Mau_138,Egyptian_Mau,Bengal,0.9245617,"Bengal, Egyptian_Mau, english_setter, Maine_Coon, yorkshire_terrier",False,True
english_setter_156,english_setter,beagle,0.40813705,"beagle, german_shorthaired, english_setter, american_bulldog, saint_bernard",False,True
american_bulldog_125,american_bulldog,american_bulldog,0.99990654,"american_bulldog, american_pit_bull_terrier, Sphynx, pug, chihuahua",True,True
boxer_17,boxer,boxer,0.96540326,"boxer, staffordshire_bull_terrier, beagle, american_bulldog, saint_bernard",True,True
Siamese_98,Siamese,Siamese,0.98909354,"Siamese, Birman, pug, Ragdoll, Bombay",True,True
Birman_1,Birman,Ragdoll,0.8958024,"Ragdoll, Birman, Siamese, pomeranian, Abyssinian",False,True
Sphynx_96,Sphynx,Sphynx,0.9995684,"Sphynx, Egyptian_Mau, Russian_Blue, chihuahua, american_bulldog",True,True
staffordshire_bull_terrier_28,staffordshire_bull_terrier,staffordshire_bull_terrier,0.569862,"staffordshire_bull_terrier, american_pit_bull_terrier, american_bulldog, german_shorthaired, beagle",True,True
Egyptian_Mau_28,Egyptian_Mau,Egyptian_Mau,0.7969986,"Egyptian_Mau, Sphynx, Bengal, Abyssinian, Maine_Coon",True,True
german_shorthaired_36,german_shorthaired,german_shorthaired,0.99995506,"german_shorthaired, american_pit_bull_terrier, english_setter, english_cocker_spaniel, staffordshire_bull_terrier",True,True
newfoundland_173,newfoundland,newfoundland,0.40194735,"newfoundland, english_cocker_spaniel, scottish_terrier, german_shorthaired, english_setter",True,True
newfoundland_43,newfoundland,newfoundland,0.891811,"newfoundland, staffordshire_bull_terrier, english_cocker_spaniel, scottish_terrier, leonberger",True,True
german_shorthaired_160,german_shorthaired,basset_hound,0.34292907,"basset_hound, boxer, miniature_pinscher, beagle, staffordshire_bull_terrier",False,False
wheaten_terrier_27,wheaten_terrier,wheaten_terrier,0.99932694,"wheaten_terrier, english_cocker_spaniel, great_pyrenees, havanese, leonberger",True,True
Maine_Coon_206,Maine_Coon,Maine_Coon,0.9967746,"Maine_Coon, Persian, British_Shorthair, Bengal, Abyssinian",True,True
Russian_Blue_178,Russian_Blue,Russian_Blue,0.8454734,"Russian_Blue, British_Shorthair, Egyptian_Mau, Abyssinian, keeshond",True,True
shiba_inu_129,shiba_inu,shiba_inu,0.9973379,"shiba_inu, pomeranian, chihuahua, beagle, samoyed",True,True
Ragdoll_95,Ragdoll,Bengal,0.13092563,"Bengal, wheaten_terrier, beagle, Abyssinian, english_cocker_spaniel",False,False
Russian_Blue_9,Russian_Blue,Russian_Blue,0.90469354,"Russian_Blue, Egyptian_Mau, Abyssinian, Sphynx, British_Shorthair",True,True
Egyptian_Mau_5,Egyptian_Mau,Egyptian_Mau,0.9996728,"Egyptian_Mau, Bengal, Sphynx, Russian_Blue, chihuahua",True,True
Bombay_185,Bombay,Bombay,0.99786264,"Bombay, Siamese, Bengal, Russian_Blue, scottish_terrier",True,True
boxer_23,boxer,american_bulldog,0.48286095,"american_bulldog, boxer, american_pit_bull_terrier, staffordshire_bull_terrier, german_shorthaired",False,True
Birman_201,Birman,Birman,0.962668,"Birman, Ragdoll, Persian, japanese_chin, pomeranian",True,True
yorkshire_terrier_113,yorkshire_terrier,havanese,0.58434075,"havanese, pomeranian, Ragdoll, Persian, great_pyrenees",False,False
saint_bernard_16,saint_bernard,beagle,0.5922549,"beagle, basset_hound, saint_bernard, boxer, shiba_inu",False,True
havanese_96,havanese,havanese,0.9999598,"havanese, japanese_chin, wheaten_terrier, yorkshire_terrier, great_pyrenees",True,True
havanese_87,havanese,havanese,0.7384316,"havanese, wheaten_terrier, english_cocker_spaniel, great_pyrenees, scottish_terrier",True,True
Birman_112,Birman,Birman,0.9978532,"Birman, Siamese, Ragdoll, japanese_chin, keeshond",True,True
scottish_terrier_3,scottish_terrier,english_cocker_spaniel,0.38503775,"english_cocker_spaniel, scottish_terrier, Siamese, pug, Birman",False,True
pomeranian_141,pomeranian,pomeranian,0.9996251,"pomeranian, japanese_chin, yorkshire_terrier, keeshond, Persian",True,True
basset_hound_47,basset_hound,basset_hound,0.9969356,"basset_hound, beagle, english_cocker_spaniel, saint_bernard, german_shorthaired",True,True
miniature_pinscher_79,miniature_pinscher,boxer,0.41907126,"boxer, miniature_pinscher, staffordshire_bull_terrier, german_shorthaired, basset_hound",False,True
havanese_198,havanese,havanese,0.22386819,"havanese, english_setter, english_cocker_spaniel, pug, yorkshire_terrier",True,True
basset_hound_119,basset_hound,basset_hound,0.9971763,"basset_hound, english_cocker_spaniel, saint_bernard, beagle, english_setter",True,True
miniature_pinscher_188,miniature_pinscher,miniature_pinscher,0.7101461,"miniature_pinscher, shiba_inu, american_pit_bull_terrier, Siamese, staffordshire_bull_terrier",True,True
Persian_194,Persian,Persian,0.9935482,"Persian, havanese, newfoundland, Maine_Coon, japanese_chin",True,True
Sphynx_92,Sphynx,Sphynx,0.9804776,"Sphynx, Egyptian_Mau, chihuahua, Russian_Blue, Siamese",True,True
wheaten_terrier_130,wheaten_terrier,wheaten_terrier,0.9945696,"wheaten_terrier, havanese, english_cocker_spaniel, pug, scottish_terrier",True,True
saint_bernard_2,saint_bernard,saint_bernard,0.99610573,"saint_bernard, japanese_chin, Maine_Coon, boxer, leonberger",True,True
Russian_Blue_110,Russian_Blue,Russian_Blue,0.98039025,"Russian_Blue, Abyssinian, British_Shorthair, Siamese, shiba_inu",True,True
german_shorthaired_3,german_shorthaired,german_shorthaired,0.9176735,"german_shorthaired, english_setter, american_bulldog, newfoundland, British_Shorthair",True,True
samoyed_96,samoyed,samoyed,0.9998511,"samoyed, shiba_inu, Ragdoll, great_pyrenees, scottish_terrier",True,True
keeshond_184,keeshond,keeshond,0.99954563,"keeshond, newfoundland, Persian, leonberger, scottish_terrier",True,True
basset_hound_127,basset_hound,miniature_pinscher,0.36779237,"miniature_pinscher, beagle, British_Shorthair, boxer, basset_hound",False,True
beagle_49,beagle,beagle,0.9597107,"beagle, basset_hound, saint_bernard, boxer, american_bulldog",True,True
staffordshire_bull_terrier_59,staffordshire_bull_terrier,american_pit_bull_terrier,0.990482,"american_pit_bull_terrier, german_shorthaired, american_bulldog, staffordshire_bull_terrier, miniature_pinscher",False,True
chihuahua_185,chihuahua,chihuahua,0.9997528,"chihuahua, miniature_pinscher, american_pit_bull_terrier, Siamese, pomeranian",True,True
saint_bernard_187,saint_bernard,saint_bernard,0.9988404,"saint_bernard, boxer, leonberger, japanese_chin, american_bulldog",True,True
pug_11,pug,pug,0.9998202,"pug, american_bulldog, Siamese, Birman, boxer",True,True
Abyssinian_207,Abyssinian,Abyssinian,0.49013028,"Abyssinian, Bengal, Ragdoll, Maine_Coon, Egyptian_Mau",True,True
Bombay_25,Bombay,Bombay,0.99977535,"Bombay, Siamese, scottish_terrier, chihuahua, Russian_Blue",True,True
great_pyrenees_110,great_pyrenees,great_pyrenees,0.99827266,"great_pyrenees, leonberger, english_cocker_spaniel, samoyed, shiba_inu",True,True
chihuahua_147,chihuahua,chihuahua,0.9979493,"chihuahua, american_pit_bull_terrier, pomeranian, miniature_pinscher, english_setter",True,True
British_Shorthair_45,British_Shorthair,British_Shorthair,0.9519419,"British_Shorthair, Persian, Ragdoll, Russian_Blue, pug",True,True
Egyptian_Mau_188,Egyptian_Mau,Egyptian_Mau,0.9877494,"Egyptian_Mau, Bengal, Russian_Blue, British_Shorthair, Sphynx",True,True
staffordshire_bull_terrier_32,staffordshire_bull_terrier,staffordshire_bull_terrier,0.43540853,"staffordshire_bull_terrier, beagle, american_bulldog, american_pit_bull_terrier, boxer",True,True
staffordshire_bull_terrier_51,staffordshire_bull_terrier,staffordshire_bull_terrier,0.2510513,"staffordshire_bull_terrier, pug, american_bulldog, Russian_Blue, german_shorthaired",True,True
havanese_24,havanese,havanese,0.9909059,"havanese, wheaten_terrier, scottish_terrier, great_pyrenees, samoyed",True,True
British_Shorthair_89,British_Shorthair,British_Shorthair,0.9992816,"British_Shorthair, Persian, Russian_Blue, Egyptian_Mau, Bombay",True,True
pomeranian_196,pomeranian,pomeranian,0.9992766,"pomeranian, samoyed, japanese_chin, chihuahua, keeshond",True,True
pomeranian_54,pomeranian,pomeranian,0.9990163,"pomeranian, japanese_chin, samoyed, great_pyrenees, Persian",True,True
english_cocker_spaniel_178,english_cocker_spaniel,english_cocker_spaniel,0.49401984,"english_cocker_spaniel, english_setter, saint_bernard, japanese_chin, havanese",True,True
Bengal_159,Bengal,Bengal,0.9395151,"Bengal, Egyptian_Mau, Maine_Coon, wheaten_terrier, Abyssinian",True,True
saint_bernard_34,saint_bernard,saint_bernard,0.9828153,"saint_bernard, leonberger, japanese_chin, english_cocker_spaniel, basset_hound",True,True
german_shorthaired_14,german_shorthaired,english_setter,0.47546688,"english_setter, german_shorthaired, Egyptian_Mau, english_cocker_spaniel, basset_hound",False,True
beagle_47,beagle,beagle,0.979779,"beagle, boxer, american_bulldog, shiba_inu, Abyssinian",True,True
chihuahua_14,chihuahua,miniature_pinscher,0.6182345,"miniature_pinscher, boxer, Sphynx, chihuahua, Siamese",False,True
keeshond_38,keeshond,keeshond,0.9992085,"keeshond, leonberger, great_pyrenees, samoyed, staffordshire_bull_terrier",True,True
Siamese_231,Siamese,Siamese,0.37677205,"Siamese, Abyssinian, Maine_Coon, yorkshire_terrier, Birman",True,True
keeshond_79,keeshond,keeshond,0.8381227,"keeshond, leonberger, great_pyrenees, pomeranian, english_setter",True,True
scottish_terrier_154,scottish_terrier,scottish_terrier,0.98980135,"scottish_terrier, english_cocker_spaniel, yorkshire_terrier, wheaten_terrier, newfoundland",True,True
Abyssinian_37,Abyssinian,Abyssinian,0.3566412,"Abyssinian, Bengal, Sphynx, Siamese, yorkshire_terrier",True,True
Birman_170,Birman,Siamese,0.9854334,"Siamese, Birman, Bombay, scottish_terrier, Abyssinian",False,True
Siamese_150,Siamese,Siamese,0.7752912,"Siamese, miniature_pinscher, boxer, yorkshire_terrier, leonberger",True,True
Siamese_74,Siamese,Siamese,0.98735166,"Siamese, shiba_inu, Birman, miniature_pinscher, chihuahua",True,True
german_shorthaired_153,german_shorthaired,german_shorthaired,0.99972755,"german_shorthaired, boxer, staffordshire_bull_terrier, american_pit_bull_terrier, beagle",True,True
english_cocker_spaniel_79,english_cocker_spaniel,english_cocker_spaniel,0.95764375,"english_cocker_spaniel, yorkshire_terrier, english_setter, basset_hound, wheaten_terrier",True,True
Bombay_46,Bombay,Bombay,0.9846096,"Bombay, miniature_pinscher, scottish_terrier, Sphynx, chihuahua",True,True
yorkshire_terrier_102,yorkshire_terrier,yorkshire_terrier,0.608765,"yorkshire_terrier, havanese, english_cocker_spaniel, wheaten_terrier, scottish_terrier",True,True
pomeranian_152,pomeranian,pomeranian,0.9614703,"pomeranian, leonberger, yorkshire_terrier, japanese_chin, keeshond",True,True
american_pit_bull_terrier_18,american_pit_bull_terrier,american_pit_bull_terrier,0.65268403,"american_pit_bull_terrier, staffordshire_bull_terrier, miniature_pinscher, beagle, basset_hound",True,True
boxer_47,boxer,boxer,0.9967219,"boxer, pug, american_bulldog, beagle, staffordshire_bull_terrier",True,True
wheaten_terrier_176,wheaten_terrier,wheaten_terrier,0.9959608,"wheaten_terrier, havanese, american_bulldog, pug, yorkshire_terrier",True,True
american_bulldog_81,american_bulldog,boxer,0.82881975,"boxer, american_bulldog, pug, saint_bernard, japanese_chin",False,True
havanese_78,havanese,havanese,0.9828441,"havanese, wheaten_terrier, great_pyrenees, english_setter, Persian",True,True
leonberger_126,leonberger,leonberger,0.9880856,"leonberger, keeshond, Maine_Coon, great_pyrenees, saint_bernard",True,True
boxer_166,boxer,boxer,0.968628,"boxer, staffordshire_bull_terrier, pug, american_bulldog, leonberger",True,True
pomeranian_46,pomeranian,pomeranian,0.99956983,"pomeranian, samoyed, Ragdoll, Persian, great_pyrenees",True,True
Ragdoll_252,Ragdoll,Birman,0.55387336,"Birman, Siamese, Ragdoll, samoyed, scottish_terrier",False,True
Ragdoll_51,Ragdoll,Ragdoll,0.8200307,"Ragdoll, Persian, pomeranian, British_Shorthair, samoyed",True,True
havanese_21,havanese,havanese,0.5969701,"havanese, samoyed, great_pyrenees, scottish_terrier, pomeranian",True,True
Abyssinian_228,Abyssinian,Abyssinian,0.99948883,"Abyssinian, Bengal, Maine_Coon, shiba_inu, chihuahua",True,True
Bombay_96,Bombay,Bombay,0.83186895,"Bombay, British_Shorthair, Abyssinian, newfoundland, Persian",True,True
Bombay_74,Bombay,Bombay,0.9973067,"Bombay, scottish_terrier, Siamese, newfoundland, chihuahua",True,True
newfoundland_171,newfoundland,newfoundland,0.8050983,"newfoundland, staffordshire_bull_terrier, Bombay, Russian_Blue, american_pit_bull_terrier",True,True
miniature_pinscher_118,miniature_pinscher,miniature_pinscher,0.92824423,"miniature_pinscher, american_pit_bull_terrier, Abyssinian, chihuahua, shiba_inu",True,True
Siamese_209,Siamese,Siamese,0.9996687,"Siamese, Birman, chihuahua, pug, leonberger",True,True
chihuahua_36,chihuahua,chihuahua,0.99871945,"chihuahua, pomeranian, Sphynx, shiba_inu, Abyssinian",True,True
beagle_16,beagle,beagle,0.99856395,"beagle, american_bulldog, chihuahua, japanese_chin, staffordshire_bull_terrier",True,True
american_pit_bull_terrier_113,american_pit_bull_terrier,american_pit_bull_terrier,0.99555355,"american_pit_bull_terrier, american_bulldog, staffordshire_bull_terrier, chihuahua, pug",True,True
keeshond_121,keeshond,keeshond,0.99051464,"keeshond, scottish_terrier, leonberger, great_pyrenees, pomeranian",True,True
boxer_197,boxer,boxer,0.974924,"boxer, german_shorthaired, beagle, american_bulldog, basset_hound",True,True
chihuahua_153,chihuahua,chihuahua,0.9955656,"chihuahua, miniature_pinscher, shiba_inu, american_pit_bull_terrier, Siamese",True,True
Egyptian_Mau_186,Egyptian_Mau,Egyptian_Mau,0.9985708,"Egyptian_Mau, Bengal, Russian_Blue, British_Shorthair, german_shorthaired",True,True
newfoundland_15,newfoundland,newfoundland,0.9577634,"newfoundland, keeshond, leonberger, havanese, english_cocker_spaniel",True,True
miniature_pinscher_24,miniature_pinscher,miniature_pinscher,0.9977399,"miniature_pinscher, boxer, beagle, american_pit_bull_terrier, staffordshire_bull_terrier",True,True
yorkshire_terrier_90,yorkshire_terrier,havanese,0.8709679,"havanese, yorkshire_terrier, scottish_terrier, pug, japanese_chin",False,True
newfoundland_156,newfoundland,newfoundland,0.9912354,"newfoundland, scottish_terrier, keeshond, samoyed, Persian",True,True
staffordshire_bull_terrier_173,staffordshire_bull_terrier,staffordshire_bull_terrier,0.9727983,"staffordshire_bull_terrier, pug, american_pit_bull_terrier, newfoundland, leonberger",True,True
basset_hound_33,basset_hound,basset_hound,0.98888797,"basset_hound, beagle, boxer, saint_bernard, english_cocker_spaniel",True,True
Persian_22,Persian,Persian,0.96323603,"Persian, keeshond, Ragdoll, British_Shorthair, samoyed",True,True
miniature_pinscher_192,miniature_pinscher,chihuahua,0.75342315,"chihuahua, miniature_pinscher, american_pit_bull_terrier, Siamese, Sphynx",False,True
pug_175,pug,pug,0.99969995,"pug, staffordshire_bull_terrier, leonberger, Siamese, boxer",True,True
pomeranian_65,pomeranian,pomeranian,0.98767173,"pomeranian, samoyed, keeshond, Persian, japanese_chin",True,True
yorkshire_terrier_91,yorkshire_terrier,yorkshire_terrier,0.8908526,"yorkshire_terrier, english_cocker_spaniel, scottish_terrier, wheaten_terrier, Maine_Coon",True,True
american_bulldog_85,american_bulldog,american_bulldog,0.991903,"american_bulldog, boxer, saint_bernard, pug, staffordshire_bull_terrier",True,True
Bombay_88,Bombay,Bombay,0.9989567,"Bombay, Siamese, scottish_terrier, Russian_Blue, chihuahua",True,True
beagle_18,beagle,beagle,0.9653627,"beagle, chihuahua, japanese_chin, american_bulldog, shiba_inu",True,True
Bombay_7,Bombay,Bombay,0.9997944,"Bombay, British_Shorthair, Siamese, scottish_terrier, miniature_pinscher",True,True
chihuahua_44,chihuahua,chihuahua,0.9968888,"chihuahua, pomeranian, Ragdoll, beagle, Sphynx",True,True
beagle_190,beagle,beagle,0.50327224,"beagle, leonberger, basset_hound, shiba_inu, boxer",True,True
pug_2,pug,pug,0.9502174,"pug, american_bulldog, english_setter, chihuahua, Sphynx",True,True
beagle_142,beagle,miniature_pinscher,0.7254497,"miniature_pinscher, american_pit_bull_terrier, beagle, german_shorthaired, Sphynx",False,True
american_bulldog_106,american_bulldog,american_bulldog,0.99883646,"american_bulldog, Sphynx, american_pit_bull_terrier, pug, english_setter",True,True
Sphynx_197,Sphynx,Sphynx,0.999918,"Sphynx, chihuahua, american_bulldog, Egyptian_Mau, Russian_Blue",True,True
miniature_pinscher_199,miniature_pinscher,miniature_pinscher,0.99996567,"miniature_pinscher, Bengal, chihuahua, boxer, yorkshire_terrier",True,True
Egyptian_Mau_46,Egyptian_Mau,Egyptian_Mau,0.9916432,"Egyptian_Mau, Bengal, Maine_Coon, Russian_Blue, Abyssinian",True,True
newfoundland_169,newfoundland,newfoundland,0.9515789,"newfoundland, leonberger, pomeranian, yorkshire_terrier, miniature_pinscher",True,True
chihuahua_197,chihuahua,chihuahua,0.41878346,"chihuahua, Bombay, miniature_pinscher, Siamese, yorkshire_terrier",True,True
leonberger_37,leonberger,leonberger,0.8697436,"leonberger, keeshond, american_pit_bull_terrier, newfoundland, english_setter",True,True
British_Shorthair_75,British_Shorthair,British_Shorthair,0.9998982,"British_Shorthair, Bombay, Russian_Blue, Persian, german_shorthaired",True,True
wheaten_terrier_116,wheaten_terrier,wheaten_terrier,0.99968326,"wheaten_terrier, english_cocker_spaniel, havanese, Abyssinian, Egyptian_Mau",True,True
boxer_177,boxer,boxer,0.30824158,"boxer, leonberger, german_shorthaired, staffordshire_bull_terrier, basset_hound",True,True
chihuahua_90,chihuahua,miniature_pinscher,0.26576468,"miniature_pinscher, staffordshire_bull_terrier, american_pit_bull_terrier, german_shorthaired, Sphynx",False,False
american_pit_bull_terrier_147,american_pit_bull_terrier,american_pit_bull_terrier,0.9465944,"american_pit_bull_terrier, staffordshire_bull_terrier, american_bulldog, english_setter, great_pyrenees",True,True
Russian_Blue_87,Russian_Blue,Russian_Blue,0.9441656,"Russian_Blue, Siamese, British_Shorthair, shiba_inu, Abyssinian",True,True
beagle_122,beagle,beagle,0.84030855,"beagle, basset_hound, american_bulldog, german_shorthaired, american_pit_bull_terrier",True,True
Egyptian_Mau_6,Egyptian_Mau,Egyptian_Mau,0.9989998,"Egyptian_Mau, Bengal, Russian_Blue, British_Shorthair, german_shorthaired",True,True
Sphynx_173,Sphynx,Sphynx,0.99656916,"Sphynx, american_bulldog, chihuahua, Abyssinian, Egyptian_Mau",True,True
saint_bernard_165,saint_bernard,saint_bernard,0.9950837,"saint_bernard, basset_hound, beagle, leonberger, great_pyrenees",True,True
Russian_Blue_176,Russian_Blue,Russian_Blue,0.9962942,"Russian_Blue, British_Shorthair, Sphynx, Egyptian_Mau, Abyssinian",True,True
Bengal_136,Bengal,Bengal,0.9548882,"Bengal, miniature_pinscher, pug, Abyssinian, yorkshire_terrier",True,True
Maine_Coon_139,Maine_Coon,Maine_Coon,0.9618062,"Maine_Coon, Bengal, yorkshire_terrier, Persian, leonberger",True,True
beagle_138,beagle,basset_hound,0.8153311,"basset_hound, beagle, american_pit_bull_terrier, english_cocker_spaniel, shiba_inu",False,True
newfoundland_38,newfoundland,newfoundland,0.9946032,"newfoundland, english_cocker_spaniel, havanese, leonberger, scottish_terrier",True,True
leonberger_10,leonberger,leonberger,0.65347415,"leonberger, newfoundland, german_shorthaired, english_setter, Abyssinian",True,True
leonberger_111,leonberger,leonberger,0.99024045,"leonberger, saint_bernard, newfoundland, boxer, basset_hound",True,True
english_setter_108,english_setter,english_setter,0.986552,"english_setter, english_cocker_spaniel, german_shorthaired, american_bulldog, basset_hound",True,True
Abyssinian_138,Abyssinian,Abyssinian,0.77258015,"Abyssinian, Russian_Blue, British_Shorthair, Ragdoll, Maine_Coon",True,True
shiba_inu_89,shiba_inu,shiba_inu,0.99370027,"shiba_inu, Ragdoll, chihuahua, samoyed, beagle",True,True
keeshond_182,keeshond,keeshond,0.99962354,"keeshond, pomeranian, samoyed, Persian, Birman",True,True
Ragdoll_54,Ragdoll,Ragdoll,0.9265543,"Ragdoll, Birman, samoyed, scottish_terrier, great_pyrenees",True,True
chihuahua_86,chihuahua,american_pit_bull_terrier,0.86298406,"american_pit_bull_terrier, chihuahua, staffordshire_bull_terrier, shiba_inu, miniature_pinscher",False,True
wheaten_terrier_83,wheaten_terrier,wheaten_terrier,0.9936231,"wheaten_terrier, leonberger, english_cocker_spaniel, great_pyrenees, havanese",True,True
Birman_41,Birman,Birman,0.6472969,"Birman, Ragdoll, samoyed, Siamese, Persian",True,True
Maine_Coon_180,Maine_Coon,Maine_Coon,0.985355,"Maine_Coon, Ragdoll, Bengal, Persian, Abyssinian",True,True
basset_hound_115,basset_hound,basset_hound,0.9999219,"basset_hound, beagle, english_cocker_spaniel, saint_bernard, english_setter",True,True
keeshond_107,keeshond,keeshond,0.9996306,"keeshond, pomeranian, leonberger, samoyed, Maine_Coon",True,True
keeshond_76,keeshond,keeshond,0.99934083,"keeshond, samoyed, leonberger, pomeranian, great_pyrenees",True,True
havanese_117,havanese,havanese,0.979035,"havanese, wheaten_terrier, yorkshire_terrier, english_cocker_spaniel, pug",True,True
english_cocker_spaniel_51,english_cocker_spaniel,english_cocker_spaniel,0.37175792,"english_cocker_spaniel, yorkshire_terrier, english_setter, basset_hound, miniature_pinscher",True,True
miniature_pinscher_14,miniature_pinscher,miniature_pinscher,0.9558589,"miniature_pinscher, boxer, american_pit_bull_terrier, staffordshire_bull_terrier, german_shorthaired",True,True
Maine_Coon_52,Maine_Coon,Maine_Coon,0.93880147,"Maine_Coon, Persian, Ragdoll, japanese_chin, keeshond",True,True
scottish_terrier_151,scottish_terrier,scottish_terrier,0.99984944,"scottish_terrier, yorkshire_terrier, english_cocker_spaniel, Bombay, staffordshire_bull_terrier",True,True
Persian_266,Persian,Ragdoll,0.35333526,"Ragdoll, samoyed, Persian, scottish_terrier, Birman",False,True
yorkshire_terrier_63,yorkshire_terrier,yorkshire_terrier,0.9988857,"yorkshire_terrier, wheaten_terrier, english_cocker_spaniel, scottish_terrier, Bengal",True,True
pomeranian_34,pomeranian,samoyed,0.29475003,"samoyed, pomeranian, Persian, Ragdoll, Birman",False,True
Bengal_82,Bengal,Bengal,0.999574,"Bengal, Egyptian_Mau, Abyssinian, Maine_Coon, miniature_pinscher",True,True
Abyssinian_50,Abyssinian,Abyssinian,0.28234205,"Abyssinian, wheaten_terrier, Bengal, Persian, Egyptian_Mau",True,True
Siamese_222,Siamese,chihuahua,0.8480916,"chihuahua, Siamese, Bombay, Birman, Ragdoll",False,True
miniature_pinscher_134,miniature_pinscher,miniature_pinscher,0.9997863,"miniature_pinscher, chihuahua, american_pit_bull_terrier, Bengal, staffordshire_bull_terrier",True,True
havanese_132,havanese,havanese,0.99498945,"havanese, yorkshire_terrier, japanese_chin, scottish_terrier, pomeranian",True,True
shiba_inu_79,shiba_inu,shiba_inu,0.99988055,"shiba_inu, chihuahua, samoyed, Siamese, Russian_Blue",True,True
english_cocker_spaniel_183,english_cocker_spaniel,wheaten_terrier,0.54723495,"wheaten_terrier, english_cocker_spaniel, saint_bernard, english_setter, great_pyrenees",False,True
saint_bernard_75,saint_bernard,saint_bernard,0.99512357,"saint_bernard, japanese_chin, english_setter, basset_hound, american_bulldog",True,True
Bombay_186,Bombay,Bombay,0.6453849,"Bombay, Russian_Blue, Siamese, chihuahua, British_Shorthair",True,True
yorkshire_terrier_185,yorkshire_terrier,yorkshire_terrier,0.9793235,"yorkshire_terrier, wheaten_terrier, scottish_terrier, havanese, pomeranian",True,True
boxer_9,boxer,boxer,0.9972264,"boxer, saint_bernard, pug, american_bulldog, leonberger",True,True
great_pyrenees_97,great_pyrenees,great_pyrenees,0.9968015,"great_pyrenees, saint_bernard, leonberger, samoyed, english_setter",True,True
Persian_65,Persian,Persian,0.98575485,"Persian, pomeranian, Ragdoll, japanese_chin, Maine_Coon",True,True
miniature_pinscher_34,miniature_pinscher,miniature_pinscher,0.9985385,"miniature_pinscher, boxer, Bengal, chihuahua, Abyssinian",True,True
yorkshire_terrier_144,yorkshire_terrier,havanese,0.54762846,"havanese, yorkshire_terrier, japanese_chin, Persian, wheaten_terrier",False,True
Siamese_54,Siamese,Siamese,0.9843128,"Siamese, Birman, leonberger, Bombay, keeshond",True,True
pomeranian_193,pomeranian,pomeranian,0.99929845,"pomeranian, japanese_chin, shiba_inu, yorkshire_terrier, samoyed",True,True
scottish_terrier_100,scottish_terrier,scottish_terrier,0.7823153,"scottish_terrier, samoyed, wheaten_terrier, havanese, yorkshire_terrier",True,True
havanese_13,havanese,havanese,0.7244652,"havanese, great_pyrenees, samoyed, Ragdoll, japanese_chin",True,True
Persian_182,Persian,Persian,0.9953441,"Persian, samoyed, Ragdoll, Birman, pomeranian",True,True
Egyptian_Mau_68,Egyptian_Mau,Egyptian_Mau,0.9980843,"Egyptian_Mau, Bengal, Sphynx, Russian_Blue, Abyssinian",True,True
Bengal_73,Bengal,Bengal,0.9990988,"Bengal, Maine_Coon, Egyptian_Mau, Abyssinian, boxer",True,True
shiba_inu_107,shiba_inu,shiba_inu,0.9998293,"shiba_inu, samoyed, beagle, staffordshire_bull_terrier, chihuahua",True,True
British_Shorthair_66,British_Shorthair,British_Shorthair,0.99934703,"British_Shorthair, Russian_Blue, Persian, Bombay, Egyptian_Mau",True,True
chihuahua_89,chihuahua,chihuahua,0.71755755,"chihuahua, miniature_pinscher, shiba_inu, american_pit_bull_terrier, pomeranian",True,True
British_Shorthair_108,British_Shorthair,British_Shorthair,0.99961865,"British_Shorthair, Russian_Blue, Egyptian_Mau, Persian, german_shorthaired",True,True
german_shorthaired_100,german_shorthaired,german_shorthaired,0.9917316,"german_shorthaired, american_bulldog, american_pit_bull_terrier, boxer, beagle",True,True
english_cocker_spaniel_114,english_cocker_spaniel,english_setter,0.82773846,"english_setter, english_cocker_spaniel, german_shorthaired, basset_hound, american_pit_bull_terrier",False,True
Bengal_63,Bengal,Bengal,0.999193,"Bengal, Maine_Coon, Egyptian_Mau, yorkshire_terrier, Sphynx",True,True
pug_59,pug,pug,0.99936587,"pug, Siamese, boxer, american_bulldog, japanese_chin",True,True
Ragdoll_2,Ragdoll,Ragdoll,0.96904457,"Ragdoll, Persian, Birman, British_Shorthair, Maine_Coon",True,True
american_pit_bull_terrier_141,american_pit_bull_terrier,american_pit_bull_terrier,0.9611563,"american_pit_bull_terrier, american_bulldog, boxer, staffordshire_bull_terrier, german_shorthaired",True,True
Egyptian_Mau_130,Egyptian_Mau,Egyptian_Mau,0.8586547,"Egyptian_Mau, Sphynx, British_Shorthair, Russian_Blue, Abyssinian",True,True
havanese_130,havanese,havanese,0.99981934,"havanese, wheaten_terrier, yorkshire_terrier, scottish_terrier, japanese_chin",True,True
english_cocker_spaniel_109,english_cocker_spaniel,english_cocker_spaniel,0.6320163,"english_cocker_spaniel, havanese, wheaten_terrier, english_setter, great_pyrenees",True,True
basset_hound_79,basset_hound,basset_hound,0.7643493,"basset_hound, beagle, saint_bernard, english_cocker_spaniel, staffordshire_bull_terrier",True,True
Birman_26,Birman,Birman,0.98847604,"Birman, Ragdoll, Siamese, keeshond, pomeranian",True,True
Russian_Blue_118,Russian_Blue,British_Shorthair,0.9931369,"British_Shorthair, Russian_Blue, Persian, keeshond, Abyssinian",False,True
Bombay_75,Bombay,Bombay,0.99703324,"Bombay, Siamese, British_Shorthair, Russian_Blue, chihuahua",True,True
Ragdoll_147,Ragdoll,Ragdoll,0.98799324,"Ragdoll, Maine_Coon, Persian, Birman, american_bulldog",True,True
great_pyrenees_172,great_pyrenees,great_pyrenees,0.46712968,"great_pyrenees, english_setter, samoyed, Russian_Blue, wheaten_terrier",True,True
pomeranian_124,pomeranian,pomeranian,0.92747766,"pomeranian, yorkshire_terrier, chihuahua, miniature_pinscher, keeshond",True,True
shiba_inu_16,shiba_inu,shiba_inu,0.9979405,"shiba_inu, samoyed, Russian_Blue, staffordshire_bull_terrier, Ragdoll",True,True
pug_180,pug,pug,0.98215204,"pug, chihuahua, american_pit_bull_terrier, english_setter, Siamese",True,True
staffordshire_bull_terrier_128,staffordshire_bull_terrier,staffordshire_bull_terrier,0.53241676,"staffordshire_bull_terrier, american_pit_bull_terrier, german_shorthaired, miniature_pinscher, american_bulldog",True,True
basset_hound_63,basset_hound,basset_hound,0.9561197,"basset_hound, beagle, boxer, american_bulldog, german_shorthaired",True,True
leonberger_1,leonberger,leonberger,0.9992798,"leonberger, Maine_Coon, keeshond, saint_bernard, english_setter",True,True
Persian_34,Persian,Persian,0.9995146,"Persian, Ragdoll, Birman, havanese, keeshond",True,True
samoyed_117,samoyed,samoyed,0.99861693,"samoyed, Ragdoll, great_pyrenees, shiba_inu, Persian",True,True
basset_hound_143,basset_hound,basset_hound,0.9324392,"basset_hound, beagle, english_setter, english_cocker_spaniel, american_pit_bull_terrier",True,True
keeshond_33,keeshond,keeshond,0.9869146,"keeshond, scottish_terrier, pomeranian, yorkshire_terrier, leonberger",True,True
english_setter_3,english_setter,english_setter,0.57342035,"english_setter, english_cocker_spaniel, japanese_chin, havanese, British_Shorthair",True,True
shiba_inu_80,shiba_inu,shiba_inu,0.9985367,"shiba_inu, chihuahua, samoyed, Siamese, scottish_terrier",True,True
Egyptian_Mau_126,Egyptian_Mau,Egyptian_Mau,0.99612856,"Egyptian_Mau, Bengal, english_setter, Sphynx, Maine_Coon",True,True
german_shorthaired_54,german_shorthaired,german_shorthaired,0.9992939,"german_shorthaired, beagle, english_cocker_spaniel, boxer, american_bulldog",True,True
yorkshire_terrier_173,yorkshire_terrier,yorkshire_terrier,0.9935427,"yorkshire_terrier, pomeranian, english_cocker_spaniel, Bengal, Persian",True,True
great_pyrenees_59,great_pyrenees,great_pyrenees,0.9981596,"great_pyrenees, samoyed, english_setter, saint_bernard, leonberger",True,True
japanese_chin_180,japanese_chin,japanese_chin,0.5165858,"japanese_chin, havanese, great_pyrenees, english_setter, Ragdoll",True,True
saint_bernard_109,saint_bernard,saint_bernard,0.95176953,"saint_bernard, japanese_chin, beagle, great_pyrenees, Maine_Coon",True,True
Ragdoll_82,Ragdoll,Ragdoll,0.89505917,"Ragdoll, Birman, Persian, British_Shorthair, samoyed",True,True
leonberger_70,leonberger,leonberger,0.76194394,"leonberger, wheaten_terrier, newfoundland, boxer, english_cocker_spaniel",True,True
Bengal_36,Bengal,Bengal,0.9954366,"Bengal, Egyptian_Mau, Abyssinian, Bombay, yorkshire_terrier",True,True
Bombay_47,Bombay,Bombay,0.8618133,"Bombay, scottish_terrier, boxer, staffordshire_bull_terrier, miniature_pinscher",True,True
samoyed_42,samoyed,samoyed,0.99931633,"samoyed, great_pyrenees, shiba_inu, scottish_terrier, Ragdoll",True,True
Maine_Coon_157,Maine_Coon,Maine_Coon,0.9984659,"Maine_Coon, Persian, wheaten_terrier, leonberger, english_setter",True,True
english_cocker_spaniel_43,english_cocker_spaniel,english_cocker_spaniel,0.9623423,"english_cocker_spaniel, english_setter, wheaten_terrier, yorkshire_terrier, basset_hound",True,True
Sphynx_148,Sphynx,Sphynx,0.7651983,"Sphynx, chihuahua, american_bulldog, american_pit_bull_terrier, Ragdoll",True,True
British_Shorthair_115,British_Shorthair,British_Shorthair,0.9998841,"British_Shorthair, Russian_Blue, Abyssinian, german_shorthaired, Persian",True,True
english_setter_19,english_setter,english_setter,0.99349713,"english_setter, great_pyrenees, american_bulldog, wheaten_terrier, american_pit_bull_terrier",True,True
miniature_pinscher_19,miniature_pinscher,miniature_pinscher,0.9891116,"miniature_pinscher, boxer, Bengal, beagle, Bombay",True,True
Birman_189,Birman,Birman,0.9935226,"Birman, Siamese, Ragdoll, leonberger, keeshond",True,True
boxer_95,boxer,boxer,0.96455073,"boxer, saint_bernard, american_bulldog, german_shorthaired, staffordshire_bull_terrier",True,True
Bengal_89,Bengal,Bengal,0.9985362,"Bengal, Maine_Coon, Egyptian_Mau, Abyssinian, shiba_inu",True,True
boxer_56,boxer,boxer,0.6696077,"boxer, pug, staffordshire_bull_terrier, american_bulldog, wheaten_terrier",True,True
german_shorthaired_59,german_shorthaired,german_shorthaired,0.9963988,"german_shorthaired, staffordshire_bull_terrier, boxer, newfoundland, miniature_pinscher",True,True
american_pit_bull_terrier_114,american_pit_bull_terrier,american_pit_bull_terrier,0.79283726,"american_pit_bull_terrier, miniature_pinscher, Siamese, shiba_inu, staffordshire_bull_terrier",True,True
great_pyrenees_189,great_pyrenees,great_pyrenees,0.9670497,"great_pyrenees, samoyed, english_setter, leonberger, keeshond",True,True
samoyed_76,samoyed,samoyed,0.9983627,"samoyed, great_pyrenees, pomeranian, shiba_inu, keeshond",True,True
Persian_3,Persian,Persian,0.9880828,"Persian, British_Shorthair, Maine_Coon, Ragdoll, pomeranian",True,True
wheaten_terrier_25,wheaten_terrier,wheaten_terrier,0.9903714,"wheaten_terrier, havanese, yorkshire_terrier, english_setter, english_cocker_spaniel",True,True
Abyssinian_105,Abyssinian,Abyssinian,0.5211659,"Abyssinian, Egyptian_Mau, Russian_Blue, shiba_inu, Sphynx",True,True
Egyptian_Mau_82,Egyptian_Mau,Egyptian_Mau,0.9679471,"Egyptian_Mau, Bengal, Sphynx, Maine_Coon, British_Shorthair",True,True
miniature_pinscher_170,miniature_pinscher,miniature_pinscher,0.996167,"miniature_pinscher, Bengal, chihuahua, yorkshire_terrier, american_pit_bull_terrier",True,True
Persian_138,Persian,Persian,0.9982413,"Persian, Ragdoll, Birman, Maine_Coon, japanese_chin",True,True
japanese_chin_147,japanese_chin,japanese_chin,0.9883627,"japanese_chin, beagle, saint_bernard, pomeranian, Birman",True,True
boxer_98,boxer,shiba_inu,0.20375119,"shiba_inu, staffordshire_bull_terrier, chihuahua, miniature_pinscher, boxer",False,True
Egyptian_Mau_80,Egyptian_Mau,Egyptian_Mau,0.33988082,"Egyptian_Mau, Abyssinian, Maine_Coon, British_Shorthair, Russian_Blue",True,True
Maine_Coon_18,Maine_Coon,Maine_Coon,0.99669623,"Maine_Coon, Persian, Bengal, yorkshire_terrier, Ragdoll",True,True
miniature_pinscher_80,miniature_pinscher,miniature_pinscher,0.97864336,"miniature_pinscher, Bengal, Sphynx, chihuahua, boxer",True,True
samoyed_19,samoyed,samoyed,0.92076963,"samoyed, great_pyrenees, Ragdoll, shiba_inu, Persian",True,True
Maine_Coon_254,Maine_Coon,Abyssinian,0.53945214,"Abyssinian, Bengal, Egyptian_Mau, Sphynx, Maine_Coon",False,True
japanese_chin_40,japanese_chin,japanese_chin,0.9849663,"japanese_chin, pomeranian, saint_bernard, Birman, great_pyrenees",True,True
Russian_Blue_44,Russian_Blue,Russian_Blue,0.9973346,"Russian_Blue, British_Shorthair, Siamese, Abyssinian, Egyptian_Mau",True,True
japanese_chin_36,japanese_chin,japanese_chin,0.9989247,"japanese_chin, saint_bernard, Ragdoll, Birman, great_pyrenees",True,True
yorkshire_terrier_27,yorkshire_terrier,yorkshire_terrier,0.9976622,"yorkshire_terrier, pomeranian, Maine_Coon, wheaten_terrier, leonberger",True,True
Sphynx_127,Sphynx,Sphynx,0.99957126,"Sphynx, american_bulldog, chihuahua, Russian_Blue, Abyssinian",True,True
english_setter_38,english_setter,english_setter,0.956445,"english_setter, great_pyrenees, german_shorthaired, english_cocker_spaniel, saint_bernard",True,True
basset_hound_97,basset_hound,basset_hound,0.90853035,"basset_hound, beagle, boxer, miniature_pinscher, saint_bernard",True,True
shiba_inu_160,shiba_inu,shiba_inu,0.55992657,"shiba_inu, Abyssinian, Bengal, Maine_Coon, wheaten_terrier",True,True
Bengal_16,Bengal,Bengal,0.9869949,"Bengal, Abyssinian, Maine_Coon, Egyptian_Mau, miniature_pinscher",True,True
Egyptian_Mau_179,Egyptian_Mau,Egyptian_Mau,0.7827044,"Egyptian_Mau, Bengal, Abyssinian, Sphynx, yorkshire_terrier",True,True
Bengal_174,Bengal,pug,0.39553675,"pug, Bengal, Egyptian_Mau, Abyssinian, Russian_Blue",False,True
British_Shorthair_123,British_Shorthair,British_Shorthair,0.95527196,"British_Shorthair, Russian_Blue, staffordshire_bull_terrier, keeshond, Persian",True,True
newfoundland_5,newfoundland,newfoundland,0.76634496,"newfoundland, scottish_terrier, staffordshire_bull_terrier, english_cocker_spaniel, german_shorthaired",True,True
leonberger_172,leonberger,leonberger,0.9882535,"leonberger, newfoundland, great_pyrenees, keeshond, saint_bernard",True,True
scottish_terrier_24,scottish_terrier,scottish_terrier,0.99856275,"scottish_terrier, yorkshire_terrier, newfoundland, Bombay, english_cocker_spaniel",True,True
basset_hound_42,basset_hound,basset_hound,0.9209289,"basset_hound, american_bulldog, american_pit_bull_terrier, beagle, english_setter",True,True
japanese_chin_146,japanese_chin,english_cocker_spaniel,0.4359706,"english_cocker_spaniel, japanese_chin, english_setter, beagle, chihuahua",False,True
Siamese_102,Siamese,Siamese,0.99991727,"Siamese, Birman, Bombay, pug, chihuahua",True,True
staffordshire_bull_terrier_31,staffordshire_bull_terrier,american_bulldog,0.8898485,"american_bulldog, staffordshire_bull_terrier, american_pit_bull_terrier, great_pyrenees, english_setter",False,True
english_setter_102,english_setter,english_setter,0.680466,"english_setter, english_cocker_spaniel, beagle, basset_hound, saint_bernard",True,True
British_Shorthair_199,British_Shorthair,British_Shorthair,0.97957945,"British_Shorthair, Russian_Blue, Egyptian_Mau, german_shorthaired, Bombay",True,True
Siamese_18,Siamese,Siamese,0.99875844,"Siamese, Birman, chihuahua, shiba_inu, Bombay",True,True
Egyptian_Mau_173,Egyptian_Mau,Egyptian_Mau,0.9970145,"Egyptian_Mau, Bengal, Russian_Blue, Sphynx, Abyssinian",True,True
pug_198,pug,pug,0.9911404,"pug, Siamese, chihuahua, american_pit_bull_terrier, miniature_pinscher",True,True
english_setter_141,english_setter,newfoundland,0.2693547,"newfoundland, keeshond, leonberger, english_cocker_spaniel, english_setter",False,True
leonberger_154,leonberger,keeshond,0.6357681,"keeshond, Birman, Siamese, leonberger, Ragdoll",False,True
yorkshire_terrier_153,yorkshire_terrier,yorkshire_terrier,0.4545642,"yorkshire_terrier, Maine_Coon, Bengal, english_setter, Persian",True,True
wheaten_terrier_88,wheaten_terrier,beagle,0.15265635,"beagle, shiba_inu, wheaten_terrier, american_bulldog, english_cocker_spaniel",False,True
samoyed_196,samoyed,samoyed,0.9911481,"samoyed, shiba_inu, pomeranian, great_pyrenees, Ragdoll",True,True
Abyssinian_157,Abyssinian,Abyssinian,0.9964425,"Abyssinian, shiba_inu, Bengal, British_Shorthair, Ragdoll",True,True
american_pit_bull_terrier_131,american_pit_bull_terrier,staffordshire_bull_terrier,0.88426864,"staffordshire_bull_terrier, american_pit_bull_terrier, pug, german_shorthaired, Russian_Blue",False,True
miniature_pinscher_147,miniature_pinscher,miniature_pinscher,0.99451834,"miniature_pinscher, american_pit_bull_terrier, chihuahua, german_shorthaired, staffordshire_bull_terrier",True,True
Bombay_210,Bombay,Bombay,0.9986608,"Bombay, scottish_terrier, Siamese, chihuahua, yorkshire_terrier",True,True
basset_hound_179,basset_hound,basset_hound,0.988524,"basset_hound, boxer, saint_bernard, beagle, miniature_pinscher",True,True
Siamese_224,Siamese,chihuahua,0.23854043,"chihuahua, Siamese, Abyssinian, american_pit_bull_terrier, Sphynx",False,True
newfoundland_81,newfoundland,newfoundland,0.99737525,"newfoundland, havanese, leonberger, english_cocker_spaniel, scottish_terrier",True,True
Ragdoll_255,Ragdoll,Ragdoll,0.7596558,"Ragdoll, Persian, pomeranian, samoyed, Birman",True,True
german_shorthaired_113,german_shorthaired,german_shorthaired,0.999456,"german_shorthaired, boxer, american_bulldog, beagle, basset_hound",True,True
great_pyrenees_82,great_pyrenees,great_pyrenees,0.9060848,"great_pyrenees, english_setter, saint_bernard, american_bulldog, english_cocker_spaniel",True,True
Siamese_27,Siamese,Siamese,0.99912745,"Siamese, pug, Birman, chihuahua, Abyssinian",True,True
Birman_171,Birman,Birman,0.9912515,"Birman, Ragdoll, Siamese, Persian, japanese_chin",True,True
Birman_34,Birman,Birman,0.83417517,"Birman, Siamese, keeshond, leonberger, Ragdoll",True,True
pomeranian_111,pomeranian,pomeranian,0.99629176,"pomeranian, Persian, japanese_chin, keeshond, yorkshire_terrier",True,True
British_Shorthair_213,British_Shorthair,British_Shorthair,0.9997527,"British_Shorthair, Persian, Russian_Blue, Bombay, Ragdoll",True,True
shiba_inu_18,shiba_inu,shiba_inu,0.99962616,"shiba_inu, samoyed, chihuahua, beagle, scottish_terrier",True,True
Birman_67,Birman,Birman,0.9271279,"Birman, Siamese, Ragdoll, pug, samoyed",True,True
great_pyrenees_76,great_pyrenees,great_pyrenees,0.99094814,"great_pyrenees, english_setter, havanese, american_bulldog, samoyed",True,True
Ragdoll_106,Ragdoll,Ragdoll,0.8959159,"Ragdoll, samoyed, Sphynx, Persian, american_bulldog",True,True
Sphynx_36,Sphynx,Sphynx,0.9942748,"Sphynx, american_bulldog, chihuahua, Abyssinian, Egyptian_Mau",True,True
pomeranian_164,pomeranian,samoyed,0.44385558,"samoyed, pomeranian, great_pyrenees, keeshond, Ragdoll",False,True
great_pyrenees_29,great_pyrenees,great_pyrenees,0.917627,"great_pyrenees, leonberger, saint_bernard, english_cocker_spaniel, english_setter",True,True
keeshond_145,keeshond,keeshond,0.5061868,"keeshond, leonberger, Maine_Coon, english_setter, Birman",True,True
keeshond_164,keeshond,keeshond,0.99788815,"keeshond, Birman, samoyed, scottish_terrier, Ragdoll",True,True
leonberger_177,leonberger,leonberger,0.99933004,"leonberger, keeshond, Maine_Coon, saint_bernard, great_pyrenees",True,True
shiba_inu_121,shiba_inu,shiba_inu,0.99990845,"shiba_inu, samoyed, chihuahua, Siamese, Russian_Blue",True,True
english_cocker_spaniel_143,english_cocker_spaniel,english_cocker_spaniel,0.9405466,"english_cocker_spaniel, yorkshire_terrier, basset_hound, leonberger, newfoundland",True,True
havanese_136,havanese,havanese,0.9747808,"havanese, yorkshire_terrier, newfoundland, Persian, japanese_chin",True,True
staffordshire_bull_terrier_17,staffordshire_bull_terrier,american_bulldog,0.6132565,"american_bulldog, staffordshire_bull_terrier, american_pit_bull_terrier, german_shorthaired, beagle",False,True
pomeranian_116,pomeranian,Maine_Coon,0.38447893,"Maine_Coon, samoyed, Ragdoll, shiba_inu, pomeranian",False,True
Persian_104,Persian,Persian,0.9998024,"Persian, Maine_Coon, keeshond, British_Shorthair, Ragdoll",True,True
pug_40,pug,pug,0.98334575,"pug, american_bulldog, havanese, wheaten_terrier, boxer",True,True
Bengal_108,Bengal,Bengal,0.9977956,"Bengal, Egyptian_Mau, Abyssinian, Maine_Coon, miniature_pinscher",True,True
Birman_101,Birman,Birman,0.9992955,"Birman, Siamese, Ragdoll, pug, japanese_chin",True,True
Russian_Blue_139,Russian_Blue,Russian_Blue,0.9685412,"Russian_Blue, British_Shorthair, Egyptian_Mau, Abyssinian, Siamese",True,True
english_setter_53,english_setter,english_setter,0.5348227,"english_setter, keeshond, leonberger, japanese_chin, yorkshire_terrier",True,True
Russian_Blue_263,Russian_Blue,Russian_Blue,0.98031175,"Russian_Blue, Abyssinian, Sphynx, chihuahua, British_Shorthair",True,True
Ragdoll_148,Ragdoll,Ragdoll,0.9980489,"Ragdoll, Birman, Persian, samoyed, British_Shorthair",True,True
Persian_28,Persian,Persian,0.6902254,"Persian, Ragdoll, pomeranian, Birman, Maine_Coon",True,True
Sphynx_114,Sphynx,Sphynx,0.99850744,"Sphynx, chihuahua, american_bulldog, Abyssinian, Russian_Blue",True,True
american_bulldog_44,american_bulldog,american_bulldog,0.99993,"american_bulldog, Sphynx, english_setter, american_pit_bull_terrier, pug",True,True
Ragdoll_99,Ragdoll,Ragdoll,0.9799831,"Ragdoll, Maine_Coon, Birman, Persian, japanese_chin",True,True
samoyed_85,samoyed,samoyed,0.97194606,"samoyed, great_pyrenees, pomeranian, shiba_inu, havanese",True,True
pug_122,pug,pug,0.97998327,"pug, boxer, american_bulldog, staffordshire_bull_terrier, chihuahua",True,True
scottish_terrier_26,scottish_terrier,scottish_terrier,0.9566966,"scottish_terrier, yorkshire_terrier, wheaten_terrier, samoyed, Ragdoll",True,True
Sphynx_53,Sphynx,Sphynx,0.999613,"Sphynx, american_bulldog, chihuahua, Abyssinian, Russian_Blue",True,True
Sphynx_157,Sphynx,Sphynx,0.99785715,"Sphynx, chihuahua, Abyssinian, Russian_Blue, Egyptian_Mau",True,True
wheaten_terrier_79,wheaten_terrier,wheaten_terrier,0.602023,"wheaten_terrier, havanese, english_cocker_spaniel, scottish_terrier, english_setter",True,True
Bombay_62,Bombay,Bombay,0.99848014,"Bombay, scottish_terrier, chihuahua, Siamese, Russian_Blue",True,True
english_setter_101,english_setter,english_setter,0.9907137,"english_setter, great_pyrenees, english_cocker_spaniel, havanese, japanese_chin",True,True
Egyptian_Mau_192,Egyptian_Mau,Egyptian_Mau,0.99969256,"Egyptian_Mau, Bengal, British_Shorthair, Bombay, Sphynx",True,True
samoyed_136,samoyed,samoyed,0.93799466,"samoyed, shiba_inu, scottish_terrier, staffordshire_bull_terrier, Ragdoll",True,True
pug_163,pug,pug,0.6410332,"pug, Bombay, american_pit_bull_terrier, staffordshire_bull_terrier, miniature_pinscher",True,True
scottish_terrier_119,scottish_terrier,scottish_terrier,0.97093415,"scottish_terrier, newfoundland, Bombay, english_cocker_spaniel, yorkshire_terrier",True,True
Siamese_69,Siamese,Siamese,0.9945696,"Siamese, Abyssinian, Birman, pug, shiba_inu",True,True
havanese_133,havanese,havanese,0.80544204,"havanese, great_pyrenees, samoyed, keeshond, pomeranian",True,True
japanese_chin_73,japanese_chin,japanese_chin,0.87593347,"japanese_chin, pomeranian, chihuahua, beagle, great_pyrenees",True,True
Siamese_141,Siamese,Siamese,0.99990237,"Siamese, Birman, Bombay, shiba_inu, pug",True,True
havanese_127,havanese,newfoundland,0.9789782,"newfoundland, english_cocker_spaniel, yorkshire_terrier, leonberger, havanese",False,True
keeshond_139,keeshond,keeshond,0.99890614,"keeshond, scottish_terrier, leonberger, samoyed, Birman",True,True
samoyed_170,samoyed,samoyed,0.54470855,"samoyed, Ragdoll, great_pyrenees, shiba_inu, pomeranian",True,True
chihuahua_132,chihuahua,shiba_inu,0.6664189,"shiba_inu, american_pit_bull_terrier, beagle, chihuahua, staffordshire_bull_terrier",False,True
wheaten_terrier_52,wheaten_terrier,wheaten_terrier,0.5013349,"wheaten_terrier, great_pyrenees, american_bulldog, english_setter, havanese",True,True
chihuahua_182,chihuahua,chihuahua,0.9287701,"chihuahua, miniature_pinscher, american_pit_bull_terrier, pomeranian, Abyssinian",True,True
staffordshire_bull_terrier_107,staffordshire_bull_terrier,staffordshire_bull_terrier,0.9902783,"staffordshire_bull_terrier, newfoundland, german_shorthaired, american_pit_bull_terrier, scottish_terrier",True,True
British_Shorthair_145,British_Shorthair,British_Shorthair,0.7839097,"British_Shorthair, Ragdoll, Abyssinian, Russian_Blue, Persian",True,True
Sphynx_58,Sphynx,Sphynx,0.9988906,"Sphynx, chihuahua, Egyptian_Mau, Abyssinian, american_bulldog",True,True
great_pyrenees_10,great_pyrenees,great_pyrenees,0.99906176,"great_pyrenees, samoyed, havanese, american_bulldog, english_setter",True,True
pug_137,pug,pug,0.99972826,"pug, Siamese, leonberger, american_bulldog, chihuahua",True,True
British_Shorthair_29,British_Shorthair,British_Shorthair,0.9963665,"British_Shorthair, Russian_Blue, Egyptian_Mau, Persian, Abyssinian",True,True
scottish_terrier_30,scottish_terrier,scottish_terrier,0.9912822,"scottish_terrier, english_cocker_spaniel, yorkshire_terrier, chihuahua, keeshond",True,True
pomeranian_126,pomeranian,pomeranian,0.8490198,"pomeranian, yorkshire_terrier, keeshond, miniature_pinscher, chihuahua",True,True
shiba_inu_30,shiba_inu,shiba_inu,0.9770621,"shiba_inu, chihuahua, samoyed, Russian_Blue, Siamese",True,True
Abyssinian_144,Abyssinian,Abyssinian,0.9950761,"Abyssinian, Maine_Coon, Russian_Blue, Bengal, shiba_inu",True,True
Siamese_179,Siamese,Siamese,0.34930754,"Siamese, chihuahua, Birman, Ragdoll, Abyssinian",True,True
Persian_45,Persian,Persian,0.99969316,"Persian, Maine_Coon, Ragdoll, keeshond, British_Shorthair",True,True
english_setter_100,english_setter,english_setter,0.9995247,"english_setter, american_pit_bull_terrier, great_pyrenees, english_cocker_spaniel, american_bulldog",True,True
german_shorthaired_143,german_shorthaired,german_shorthaired,0.9718259,"german_shorthaired, english_cocker_spaniel, miniature_pinscher, american_pit_bull_terrier, basset_hound",True,True
Persian_39,Persian,samoyed,0.50842535,"samoyed, Ragdoll, Persian, Birman, great_pyrenees",False,True
saint_bernard_12,saint_bernard,saint_bernard,0.9955258,"saint_bernard, american_bulldog, basset_hound, japanese_chin, english_setter",True,True
basset_hound_113,basset_hound,basset_hound,0.9973859,"basset_hound, beagle, english_setter, saint_bernard, boxer",True,True
american_pit_bull_terrier_102,american_pit_bull_terrier,staffordshire_bull_terrier,0.6449627,"staffordshire_bull_terrier, american_pit_bull_terrier, german_shorthaired, basset_hound, Russian_Blue",False,True
japanese_chin_106,japanese_chin,japanese_chin,0.8426975,"japanese_chin, saint_bernard, beagle, pomeranian, english_cocker_spaniel",True,True
american_bulldog_78,american_bulldog,saint_bernard,0.7611427,"saint_bernard, american_bulldog, basset_hound, american_pit_bull_terrier, english_setter",False,True
Birman_82,Birman,Birman,0.88698995,"Birman, Ragdoll, Siamese, Persian, pug",True,True
scottish_terrier_113,scottish_terrier,scottish_terrier,0.9938883,"scottish_terrier, Bombay, Siamese, yorkshire_terrier, keeshond",True,True
Russian_Blue_54,Russian_Blue,Russian_Blue,0.93837434,"Russian_Blue, British_Shorthair, Egyptian_Mau, Abyssinian, Sphynx",True,True
Bengal_61,Bengal,Bengal,0.9995776,"Bengal, Egyptian_Mau, Maine_Coon, Abyssinian, yorkshire_terrier",True,True
english_setter_142,english_setter,english_setter,0.99998915,"english_setter, english_cocker_spaniel, great_pyrenees, basset_hound, german_shorthaired",True,True
chihuahua_58,chihuahua,Egyptian_Mau,0.23767295,"Egyptian_Mau, Bombay, Bengal, chihuahua, Russian_Blue",False,True
american_pit_bull_terrier_196,american_pit_bull_terrier,american_pit_bull_terrier,0.73786825,"american_pit_bull_terrier, staffordshire_bull_terrier, german_shorthaired, Russian_Blue, pug",True,True
yorkshire_terrier_130,yorkshire_terrier,yorkshire_terrier,0.99461335,"yorkshire_terrier, miniature_pinscher, pomeranian, leonberger, Bengal",True,True
samoyed_132,samoyed,great_pyrenees,0.97577614,"great_pyrenees, samoyed, Birman, Ragdoll, keeshond",False,True
leonberger_151,leonberger,leonberger,0.9791961,"leonberger, keeshond, Maine_Coon, newfoundland, saint_bernard",True,True
miniature_pinscher_64,miniature_pinscher,miniature_pinscher,0.970131,"miniature_pinscher, boxer, beagle, Siamese, chihuahua",True,True
american_pit_bull_terrier_118,american_pit_bull_terrier,american_pit_bull_terrier,0.9125066,"american_pit_bull_terrier, miniature_pinscher, staffordshire_bull_terrier, chihuahua, shiba_inu",True,True
saint_bernard_179,saint_bernard,saint_bernard,0.6314459,"saint_bernard, boxer, beagle, american_bulldog, japanese_chin",True,True
beagle_59,beagle,beagle,0.9899991,"beagle, basset_hound, boxer, american_bulldog, shiba_inu",True,True
boxer_115,boxer,boxer,0.9911073,"boxer, american_bulldog, saint_bernard, staffordshire_bull_terrier, pug",True,True
Russian_Blue_149,Russian_Blue,Russian_Blue,0.99951494,"Russian_Blue, British_Shorthair, Egyptian_Mau, Abyssinian, Ragdoll",True,True
shiba_inu_12,shiba_inu,shiba_inu,0.60779107,"shiba_inu, Siamese, chihuahua, Russian_Blue, staffordshire_bull_terrier",True,True
Birman_188,Birman,Birman,0.9735034,"Birman, Ragdoll, Siamese, Persian, pug",True,True
leonberger_36,leonberger,leonberger,0.9994253,"leonberger, keeshond, saint_bernard, pug, great_pyrenees",True,True
Maine_Coon_238,Maine_Coon,Bombay,0.49913543,"Bombay, Ragdoll, japanese_chin, British_Shorthair, Birman",False,False
scottish_terrier_162,scottish_terrier,scottish_terrier,0.93403256,"scottish_terrier, newfoundland, Bombay, Persian, yorkshire_terrier",True,True
saint_bernard_135,saint_bernard,saint_bernard,0.9911068,"saint_bernard, english_setter, Maine_Coon, japanese_chin, basset_hound",True,True
Maine_Coon_129,Maine_Coon,Maine_Coon,0.99879515,"Maine_Coon, Ragdoll, Persian, Abyssinian, japanese_chin",True,True
boxer_172,boxer,pug,0.48355195,"pug, boxer, staffordshire_bull_terrier, leonberger, american_bulldog",False,True
american_pit_bull_terrier_191,american_pit_bull_terrier,american_pit_bull_terrier,0.40443367,"american_pit_bull_terrier, staffordshire_bull_terrier, Bombay, german_shorthaired, newfoundland",True,True
leonberger_43,leonberger,leonberger,0.9999125,"leonberger, saint_bernard, Maine_Coon, boxer, english_cocker_spaniel",True,True
english_setter_6,english_setter,english_setter,0.99613154,"english_setter, english_cocker_spaniel, american_pit_bull_terrier, wheaten_terrier, basset_hound",True,True
boxer_69,boxer,boxer,0.9973303,"boxer, staffordshire_bull_terrier, american_bulldog, german_shorthaired, saint_bernard",True,True
Sphynx_252,Sphynx,Sphynx,0.999833,"Sphynx, american_bulldog, Egyptian_Mau, chihuahua, Russian_Blue",True,True
pug_68,pug,beagle,0.48876122,"beagle, boxer, american_bulldog, pug, Birman",False,True
shiba_inu_199,shiba_inu,shiba_inu,0.9738603,"shiba_inu, chihuahua, miniature_pinscher, Abyssinian, Siamese",True,True
Bengal_110,Bengal,Bengal,0.997324,"Bengal, Abyssinian, Maine_Coon, Egyptian_Mau, shiba_inu",True,True
Sphynx_115,Sphynx,Sphynx,0.99852765,"Sphynx, american_bulldog, chihuahua, beagle, Russian_Blue",True,True
Sphynx_150,Sphynx,Sphynx,0.5492089,"Sphynx, Siamese, Bombay, Russian_Blue, chihuahua",True,True
Russian_Blue_10,Russian_Blue,Russian_Blue,0.99407023,"Russian_Blue, British_Shorthair, Abyssinian, Egyptian_Mau, shiba_inu",True,True
newfoundland_96,newfoundland,newfoundland,0.9996524,"newfoundland, scottish_terrier, english_cocker_spaniel, havanese, Persian",True,True
chihuahua_186,chihuahua,chihuahua,0.99036753,"chihuahua, pomeranian, Abyssinian, american_pit_bull_terrier, shiba_inu",True,True
boxer_81,boxer,boxer,0.88347703,"boxer, american_bulldog, miniature_pinscher, beagle, staffordshire_bull_terrier",True,True
german_shorthaired_155,german_shorthaired,german_shorthaired,0.95881486,"german_shorthaired, english_cocker_spaniel, american_pit_bull_terrier, basset_hound, english_setter",True,True
great_pyrenees_37,great_pyrenees,great_pyrenees,0.99264175,"great_pyrenees, samoyed, english_setter, pomeranian, havanese",True,True
Maine_Coon_241,Maine_Coon,Maine_Coon,0.99767035,"Maine_Coon, Abyssinian, Bengal, Ragdoll, Egyptian_Mau",True,True
newfoundland_13,newfoundland,newfoundland,0.94959176,"newfoundland, leonberger, scottish_terrier, pug, keeshond",True,True
Maine_Coon_239,Maine_Coon,Persian,0.3534735,"Persian, Maine_Coon, Abyssinian, Ragdoll, pomeranian",False,True
pug_179,pug,staffordshire_bull_terrier,0.42589706,"staffordshire_bull_terrier, newfoundland, pug, keeshond, american_pit_bull_terrier",False,True
British_Shorthair_65,British_Shorthair,British_Shorthair,0.9997824,"British_Shorthair, Russian_Blue, Persian, Bombay, Ragdoll",True,True
Bengal_59,Bengal,Bengal,0.9998951,"Bengal, Egyptian_Mau, Abyssinian, Maine_Coon, miniature_pinscher",True,True
leonberger_186,leonberger,leonberger,0.9631677,"leonberger, keeshond, great_pyrenees, newfoundland, pomeranian",True,True
Bombay_152,Bombay,Bombay,0.9930871,"Bombay, scottish_terrier, Siamese, chihuahua, Russian_Blue",True,True
wheaten_terrier_34,wheaten_terrier,scottish_terrier,0.7868822,"scottish_terrier, wheaten_terrier, shiba_inu, yorkshire_terrier, samoyed",False,True
Ragdoll_78,Ragdoll,Ragdoll,0.9934556,"Ragdoll, Maine_Coon, Abyssinian, Birman, British_Shorthair",True,True
Persian_18,Persian,Persian,0.99912304,"Persian, Ragdoll, British_Shorthair, samoyed, Maine_Coon",True,True
american_pit_bull_terrier_14,american_pit_bull_terrier,american_pit_bull_terrier,0.9913803,"american_pit_bull_terrier, staffordshire_bull_terrier, miniature_pinscher, german_shorthaired, chihuahua",True,True
wheaten_terrier_105,wheaten_terrier,wheaten_terrier,0.9966679,"wheaten_terrier, havanese, scottish_terrier, english_cocker_spaniel, american_bulldog",True,True
japanese_chin_15,japanese_chin,japanese_chin,0.9000328,"japanese_chin, english_setter, chihuahua, Persian, pomeranian",True,True
basset_hound_108,basset_hound,basset_hound,0.99840957,"basset_hound, beagle, miniature_pinscher, english_cocker_spaniel, boxer",True,True
pomeranian_44,pomeranian,pomeranian,0.93263346,"pomeranian, samoyed, keeshond, great_pyrenees, Persian",True,True
chihuahua_141,chihuahua,chihuahua,0.9995999,"chihuahua, Sphynx, miniature_pinscher, beagle, japanese_chin",True,True
scottish_terrier_149,scottish_terrier,scottish_terrier,0.99855775,"scottish_terrier, staffordshire_bull_terrier, wheaten_terrier, yorkshire_terrier, miniature_pinscher",True,True
english_cocker_spaniel_166,english_cocker_spaniel,english_cocker_spaniel,0.9262283,"english_cocker_spaniel, newfoundland, scottish_terrier, havanese, yorkshire_terrier",True,True
basset_hound_30,basset_hound,basset_hound,0.99524444,"basset_hound, beagle, english_setter, yorkshire_terrier, english_cocker_spaniel",True,True
pomeranian_181,pomeranian,pomeranian,0.99973935,"pomeranian, yorkshire_terrier, keeshond, samoyed, japanese_chin",True,True
Birman_37,Birman,Birman,0.8733127,"Birman, Ragdoll, Siamese, samoyed, pomeranian",True,True
British_Shorthair_105,British_Shorthair,British_Shorthair,0.78738457,"British_Shorthair, Russian_Blue, Egyptian_Mau, german_shorthaired, shiba_inu",True,True
Persian_116,Persian,Persian,0.78205186,"Persian, Birman, Ragdoll, japanese_chin, Maine_Coon",True,True
Maine_Coon_160,Maine_Coon,Maine_Coon,0.9984775,"Maine_Coon, Abyssinian, Persian, Bombay, Bengal",True,True
Sphynx_14,Sphynx,Sphynx,0.999481,"Sphynx, Abyssinian, Russian_Blue, american_bulldog, Egyptian_Mau",True,True
miniature_pinscher_52,miniature_pinscher,miniature_pinscher,0.49683553,"miniature_pinscher, shiba_inu, boxer, staffordshire_bull_terrier, basset_hound",True,True
Persian_159,Persian,samoyed,0.8409057,"samoyed, great_pyrenees, Persian, Ragdoll, pomeranian",False,True
British_Shorthair_46,British_Shorthair,British_Shorthair,0.9990036,"British_Shorthair, Russian_Blue, Egyptian_Mau, Persian, Abyssinian",True,True
havanese_181,havanese,havanese,0.355819,"havanese, japanese_chin, wheaten_terrier, english_cocker_spaniel, Persian",True,True
keeshond_83,keeshond,keeshond,0.99966955,"keeshond, leonberger, Birman, pomeranian, Persian",True,True
Siamese_174,Siamese,British_Shorthair,0.99449944,"British_Shorthair, Bombay, Ragdoll, german_shorthaired, Russian_Blue",False,False
english_setter_85,english_setter,english_setter,0.94723284,"english_setter, german_shorthaired, american_bulldog, english_cocker_spaniel, pug",True,True
Ragdoll_194,Ragdoll,Ragdoll,0.999928,"Ragdoll, Birman, British_Shorthair, Maine_Coon, Persian",True,True
boxer_123,boxer,boxer,0.78865,"boxer, miniature_pinscher, basset_hound, beagle, german_shorthaired",True,True
Egyptian_Mau_222,Egyptian_Mau,Egyptian_Mau,0.72107893,"Egyptian_Mau, Russian_Blue, British_Shorthair, english_setter, Sphynx",True,True
newfoundland_112,newfoundland,newfoundland,0.9854757,"newfoundland, leonberger, english_cocker_spaniel, staffordshire_bull_terrier, scottish_terrier",True,True
basset_hound_39,basset_hound,beagle,0.70375127,"beagle, basset_hound, boxer, staffordshire_bull_terrier, american_pit_bull_terrier",False,True
Ragdoll_34,Ragdoll,Ragdoll,0.9872617,"Ragdoll, Birman, japanese_chin, pomeranian, Persian",True,True
japanese_chin_30,japanese_chin,japanese_chin,0.99985003,"japanese_chin, pomeranian, beagle, chihuahua, saint_bernard",True,True
Abyssinian_9,Abyssinian,Abyssinian,0.97097766,"Abyssinian, Russian_Blue, Sphynx, Egyptian_Mau, Ragdoll",True,True
boxer_16,boxer,boxer,0.928916,"boxer, staffordshire_bull_terrier, american_pit_bull_terrier, american_bulldog, miniature_pinscher",True,True
miniature_pinscher_95,miniature_pinscher,Sphynx,0.5680176,"Sphynx, miniature_pinscher, american_pit_bull_terrier, chihuahua, german_shorthaired",False,True
pug_150,pug,pug,0.99978846,"pug, Siamese, leonberger, Birman, american_bulldog",True,True
Persian_111,Persian,Persian,0.9820722,"Persian, Ragdoll, japanese_chin, Maine_Coon, Birman",True,True
saint_bernard_26,saint_bernard,saint_bernard,0.99996686,"saint_bernard, basset_hound, leonberger, japanese_chin, Maine_Coon",True,True
Sphynx_234,Sphynx,Sphynx,0.99711776,"Sphynx, american_bulldog, chihuahua, Abyssinian, Egyptian_Mau",True,True
Abyssinian_56,Abyssinian,Abyssinian,0.9996846,"Abyssinian, Bengal, Sphynx, Siamese, Maine_Coon",True,True
samoyed_36,samoyed,samoyed,0.9732117,"samoyed, shiba_inu, scottish_terrier, keeshond, great_pyrenees",True,True
British_Shorthair_52,British_Shorthair,British_Shorthair,0.5002736,"British_Shorthair, Russian_Blue, Ragdoll, Abyssinian, Sphynx",True,True
english_cocker_spaniel_105,english_cocker_spaniel,english_cocker_spaniel,0.99861515,"english_cocker_spaniel, english_setter, basset_hound, beagle, havanese",True,True
basset_hound_99,basset_hound,basset_hound,0.9614562,"basset_hound, beagle, english_setter, american_pit_bull_terrier, american_bulldog",True,True
Siamese_72,Siamese,Siamese,0.9851633,"Siamese, Birman, miniature_pinscher, Abyssinian, Bombay",True,True
japanese_chin_151,japanese_chin,yorkshire_terrier,0.915184,"yorkshire_terrier, japanese_chin, miniature_pinscher, havanese, basset_hound",False,True
shiba_inu_74,shiba_inu,shiba_inu,0.9882493,"shiba_inu, Abyssinian, chihuahua, Russian_Blue, miniature_pinscher",True,True
pomeranian_15,pomeranian,pomeranian,0.84436494,"pomeranian, shiba_inu, chihuahua, Abyssinian, keeshond",True,True
chihuahua_163,chihuahua,chihuahua,0.96769494,"chihuahua, miniature_pinscher, american_pit_bull_terrier, pomeranian, Sphynx",True,True
american_bulldog_203,american_bulldog,american_bulldog,0.9863448,"american_bulldog, boxer, saint_bernard, beagle, basset_hound",True,True
Persian_184,Persian,Persian,0.9995671,"Persian, Ragdoll, British_Shorthair, Maine_Coon, samoyed",True,True
chihuahua_156,chihuahua,chihuahua,0.8540517,"chihuahua, miniature_pinscher, Bombay, staffordshire_bull_terrier, Russian_Blue",True,True
english_cocker_spaniel_157,english_cocker_spaniel,english_setter,0.26882654,"english_setter, saint_bernard, beagle, great_pyrenees, english_cocker_spaniel",False,True
leonberger_200,leonberger,wheaten_terrier,0.4264933,"wheaten_terrier, newfoundland, leonberger, yorkshire_terrier, scottish_terrier",False,True
Russian_Blue_202,Russian_Blue,Russian_Blue,0.9999094,"Russian_Blue, British_Shorthair, Egyptian_Mau, shiba_inu, Bombay",True,True
saint_bernard_182,saint_bernard,saint_bernard,0.98171026,"saint_bernard, basset_hound, leonberger, japanese_chin, great_pyrenees",True,True
Sphynx_176,Sphynx,Sphynx,0.98556584,"Sphynx, american_bulldog, chihuahua, american_pit_bull_terrier, Ragdoll",True,True
english_cocker_spaniel_42,english_cocker_spaniel,english_cocker_spaniel,0.70633996,"english_cocker_spaniel, english_setter, havanese, wheaten_terrier, basset_hound",True,True
saint_bernard_167,saint_bernard,saint_bernard,0.30351397,"saint_bernard, newfoundland, english_cocker_spaniel, basset_hound, english_setter",True,True
pug_140,pug,pug,0.999329,"pug, american_bulldog, american_pit_bull_terrier, Siamese, leonberger",True,True
staffordshire_bull_terrier_124,staffordshire_bull_terrier,staffordshire_bull_terrier,0.9944412,"staffordshire_bull_terrier, german_shorthaired, american_pit_bull_terrier, newfoundland, boxer",True,True
leonberger_150,leonberger,leonberger,0.99092734,"leonberger, saint_bernard, newfoundland, boxer, pug",True,True
Russian_Blue_240,Russian_Blue,Bombay,0.5959083,"Bombay, British_Shorthair, Russian_Blue, Egyptian_Mau, Siamese",False,True
saint_bernard_96,saint_bernard,saint_bernard,0.9687334,"saint_bernard, leonberger, Maine_Coon, Bengal, japanese_chin",True,True
Persian_80,Persian,Persian,0.9459755,"Persian, Ragdoll, Egyptian_Mau, British_Shorthair, english_setter",True,True
Bengal_27,Bengal,Maine_Coon,0.9853507,"Maine_Coon, Bengal, Abyssinian, Egyptian_Mau, english_setter",False,True
wheaten_terrier_73,wheaten_terrier,wheaten_terrier,0.6700491,"wheaten_terrier, havanese, english_setter, yorkshire_terrier, leonberger",True,True
chihuahua_107,chihuahua,chihuahua,0.441226,"chihuahua, miniature_pinscher, pomeranian, yorkshire_terrier, Abyssinian",True,True
chihuahua_16,chihuahua,chihuahua,0.9332562,"chihuahua, pomeranian, japanese_chin, shiba_inu, Ragdoll",True,True
Abyssinian_74,Abyssinian,Abyssinian,0.9994941,"Abyssinian, Maine_Coon, Russian_Blue, British_Shorthair, shiba_inu",True,True
pug_67,pug,pug,0.9954117,"pug, boxer, american_bulldog, leonberger, Persian",True,True
Russian_Blue_155,Russian_Blue,Russian_Blue,0.9955955,"Russian_Blue, Sphynx, Egyptian_Mau, British_Shorthair, Abyssinian",True,True
saint_bernard_148,saint_bernard,boxer,0.9964749,"boxer, beagle, staffordshire_bull_terrier, american_bulldog, saint_bernard",False,True
staffordshire_bull_terrier_147,staffordshire_bull_terrier,staffordshire_bull_terrier,0.59995794,"staffordshire_bull_terrier, american_pit_bull_terrier, miniature_pinscher, beagle, german_shorthaired",True,True
staffordshire_bull_terrier_9,staffordshire_bull_terrier,american_bulldog,0.97272056,"american_bulldog, american_pit_bull_terrier, staffordshire_bull_terrier, Sphynx, pug",False,True
german_shorthaired_119,german_shorthaired,miniature_pinscher,0.57872474,"miniature_pinscher, staffordshire_bull_terrier, american_pit_bull_terrier, german_shorthaired, boxer",False,True
Maine_Coon_270,Maine_Coon,Maine_Coon,0.45056504,"Maine_Coon, english_setter, Bengal, Egyptian_Mau, yorkshire_terrier",True,True
Bengal_167,Bengal,Bengal,0.99910045,"Bengal, Egyptian_Mau, Abyssinian, Maine_Coon, miniature_pinscher",True,True
Ragdoll_114,Ragdoll,Ragdoll,0.99484164,"Ragdoll, Maine_Coon, Persian, British_Shorthair, samoyed",True,True
beagle_125,beagle,beagle,0.9870433,"beagle, miniature_pinscher, shiba_inu, german_shorthaired, basset_hound",True,True
pomeranian_22,pomeranian,pomeranian,0.9909513,"pomeranian, samoyed, Ragdoll, japanese_chin, keeshond",True,True
english_setter_39,english_setter,wheaten_terrier,0.40284237,"wheaten_terrier, german_shorthaired, english_setter, english_cocker_spaniel, leonberger",False,True
Birman_31,Birman,Birman,0.98203903,"Birman, Ragdoll, Siamese, great_pyrenees, Persian",True,True
basset_hound_145,basset_hound,basset_hound,0.9409917,"basset_hound, beagle, english_cocker_spaniel, english_setter, yorkshire_terrier",True,True
yorkshire_terrier_165,yorkshire_terrier,yorkshire_terrier,0.9930756,"yorkshire_terrier, scottish_terrier, havanese, Sphynx, miniature_pinscher",True,True
Persian_77,Persian,Persian,0.49237478,"Persian, samoyed, Ragdoll, British_Shorthair, havanese",True,True
boxer_24,boxer,boxer,0.77335566,"boxer, american_bulldog, staffordshire_bull_terrier, pug, beagle",True,True
saint_bernard_114,saint_bernard,saint_bernard,0.9990293,"saint_bernard, boxer, basset_hound, leonberger, beagle",True,True
wheaten_terrier_6,wheaten_terrier,yorkshire_terrier,0.28827295,"yorkshire_terrier, wheaten_terrier, boxer, english_cocker_spaniel, basset_hound",False,True
yorkshire_terrier_197,yorkshire_terrier,yorkshire_terrier,0.99903226,"yorkshire_terrier, havanese, japanese_chin, pomeranian, english_cocker_spaniel",True,True
samoyed_177,samoyed,samoyed,0.9139499,"samoyed, Ragdoll, great_pyrenees, Persian, shiba_inu",True,True
wheaten_terrier_172,wheaten_terrier,wheaten_terrier,0.99363744,"wheaten_terrier, leonberger, english_setter, Maine_Coon, great_pyrenees",True,True
keeshond_131,keeshond,keeshond,0.99795735,"keeshond, leonberger, pomeranian, great_pyrenees, scottish_terrier",True,True
yorkshire_terrier_146,yorkshire_terrier,yorkshire_terrier,0.8249283,"yorkshire_terrier, miniature_pinscher, Bengal, english_setter, pomeranian",True,True
german_shorthaired_118,german_shorthaired,german_shorthaired,0.97752327,"german_shorthaired, english_setter, basset_hound, english_cocker_spaniel, beagle",True,True
beagle_144,beagle,beagle,0.9107814,"beagle, basset_hound, saint_bernard, japanese_chin, english_setter",True,True
Siamese_76,Siamese,Siamese,0.99983954,"Siamese, Bombay, chihuahua, Birman, pug",True,True
Bombay_69,Bombay,Bombay,0.99993074,"Bombay, Siamese, scottish_terrier, chihuahua, Russian_Blue",True,True
shiba_inu_209,shiba_inu,shiba_inu,0.9983296,"shiba_inu, chihuahua, Ragdoll, pomeranian, Abyssinian",True,True
english_cocker_spaniel_193,english_cocker_spaniel,english_cocker_spaniel,0.98683727,"english_cocker_spaniel, newfoundland, english_setter, yorkshire_terrier, basset_hound",True,True
yorkshire_terrier_41,yorkshire_terrier,yorkshire_terrier,0.99998724,"yorkshire_terrier, wheaten_terrier, leonberger, pomeranian, english_cocker_spaniel",True,True
scottish_terrier_75,scottish_terrier,scottish_terrier,0.6864642,"scottish_terrier, yorkshire_terrier, wheaten_terrier, Siamese, chihuahua",True,True
english_setter_14,english_setter,english_setter,0.8667506,"english_setter, wheaten_terrier, Maine_Coon, leonberger, german_shorthaired",True,True
Sphynx_136,Sphynx,Sphynx,0.9814352,"Sphynx, Siamese, Egyptian_Mau, Russian_Blue, scottish_terrier",True,True
beagle_156,beagle,beagle,0.999059,"beagle, american_bulldog, shiba_inu, basset_hound, chihuahua",True,True
beagle_113,beagle,beagle,0.98950654,"beagle, basset_hound, chihuahua, saint_bernard, japanese_chin",True,True
shiba_inu_193,shiba_inu,shiba_inu,0.8351675,"shiba_inu, samoyed, scottish_terrier, american_pit_bull_terrier, Russian_Blue",True,True
leonberger_89,leonberger,leonberger,0.99377006,"leonberger, saint_bernard, pug, Birman, boxer",True,True
Ragdoll_74,Ragdoll,Ragdoll,0.9811721,"Ragdoll, Maine_Coon, Persian, samoyed, Birman",True,True
japanese_chin_2,japanese_chin,japanese_chin,0.9981667,"japanese_chin, pomeranian, Ragdoll, Persian, english_cocker_spaniel",True,True
Abyssinian_69,Abyssinian,Abyssinian,0.99879825,"Abyssinian, Russian_Blue, Siamese, Sphynx, shiba_inu",True,True
leonberger_112,leonberger,leonberger,0.9999548,"leonberger, saint_bernard, boxer, wheaten_terrier, pug",True,True
yorkshire_terrier_188,yorkshire_terrier,yorkshire_terrier,0.99943525,"yorkshire_terrier, havanese, scottish_terrier, english_cocker_spaniel, miniature_pinscher",True,True
Birman_165,Birman,Birman,0.6817616,"Birman, Siamese, leonberger, keeshond, Ragdoll",True,True
leonberger_122,leonberger,Siamese,0.25457922,"Siamese, leonberger, scottish_terrier, keeshond, Birman",False,True
basset_hound_16,basset_hound,basset_hound,0.9258899,"basset_hound, english_setter, american_pit_bull_terrier, american_bulldog, english_cocker_spaniel",True,True
keeshond_35,keeshond,keeshond,0.99869055,"keeshond, pomeranian, samoyed, leonberger, Persian",True,True
samoyed_22,samoyed,samoyed,0.9972523,"samoyed, great_pyrenees, pomeranian, Persian, Ragdoll",True,True
pug_23,pug,pug,0.99824595,"pug, american_bulldog, Siamese, boxer, staffordshire_bull_terrier",True,True
german_shorthaired_130,german_shorthaired,beagle,0.34680316,"beagle, Sphynx, american_bulldog, chihuahua, german_shorthaired",False,True
Maine_Coon_117,Maine_Coon,Maine_Coon,0.98790354,"Maine_Coon, Ragdoll, Persian, Bengal, Abyssinian",True,True
beagle_10,beagle,beagle,0.5916918,"beagle, boxer, german_shorthaired, basset_hound, american_bulldog",True,True
Egyptian_Mau_164,Egyptian_Mau,Egyptian_Mau,0.9972965,"Egyptian_Mau, Bengal, english_setter, Russian_Blue, Sphynx",True,True
leonberger_171,leonberger,leonberger,0.999948,"leonberger, keeshond, saint_bernard, great_pyrenees, Siamese",True,True
scottish_terrier_166,scottish_terrier,scottish_terrier,0.9914234,"scottish_terrier, yorkshire_terrier, newfoundland, english_cocker_spaniel, Bombay",True,True
great_pyrenees_128,great_pyrenees,great_pyrenees,0.999223,"great_pyrenees, samoyed, saint_bernard, wheaten_terrier, english_setter",True,True
chihuahua_34,chihuahua,chihuahua,0.47598153,"chihuahua, american_pit_bull_terrier, english_setter, miniature_pinscher, saint_bernard",True,True
Russian_Blue_236,Russian_Blue,Russian_Blue,0.99247426,"Russian_Blue, British_Shorthair, Egyptian_Mau, Bombay, chihuahua",True,True
havanese_34,havanese,havanese,0.99976903,"havanese, great_pyrenees, wheaten_terrier, english_setter, english_cocker_spaniel",True,True
wheaten_terrier_63,wheaten_terrier,wheaten_terrier,0.99438184,"wheaten_terrier, yorkshire_terrier, scottish_terrier, havanese, american_bulldog",True,True
saint_bernard_136,saint_bernard,boxer,0.561052,"boxer, beagle, saint_bernard, japanese_chin, american_bulldog",False,True
boxer_193,boxer,boxer,0.54374737,"boxer, miniature_pinscher, leonberger, pug, shiba_inu",True,True
Persian_67,Persian,Persian,0.9997925,"Persian, Ragdoll, havanese, keeshond, japanese_chin",True,True
Persian_264,Persian,Persian,0.7878475,"Persian, Ragdoll, Maine_Coon, samoyed, japanese_chin",True,True
keeshond_2,keeshond,keeshond,0.99681145,"keeshond, scottish_terrier, leonberger, yorkshire_terrier, Birman",True,True
Maine_Coon_14,Maine_Coon,Bombay,0.47271204,"Bombay, Maine_Coon, Siamese, Persian, keeshond",False,True
Egyptian_Mau_175,Egyptian_Mau,Egyptian_Mau,0.57318455,"Egyptian_Mau, Bengal, Maine_Coon, Abyssinian, Sphynx",True,True
scottish_terrier_38,scottish_terrier,scottish_terrier,0.6035053,"scottish_terrier, samoyed, shiba_inu, wheaten_terrier, chihuahua",True,True
boxer_114,boxer,boxer,0.9994035,"boxer, american_bulldog, saint_bernard, pug, staffordshire_bull_terrier",True,True
japanese_chin_117,japanese_chin,japanese_chin,0.98436314,"japanese_chin, pomeranian, saint_bernard, Birman, leonberger",True,True
pomeranian_72,pomeranian,pomeranian,0.63377446,"pomeranian, keeshond, Maine_Coon, yorkshire_terrier, leonberger",True,True
great_pyrenees_98,great_pyrenees,great_pyrenees,0.99637765,"great_pyrenees, samoyed, english_setter, leonberger, wheaten_terrier",True,True
leonberger_51,leonberger,leonberger,0.757134,"leonberger, newfoundland, keeshond, great_pyrenees, english_cocker_spaniel",True,True
boxer_99,boxer,boxer,0.9972096,"boxer, miniature_pinscher, american_bulldog, leonberger, pug",True,True
american_bulldog_76,american_bulldog,american_bulldog,0.73797286,"american_bulldog, american_pit_bull_terrier, beagle, staffordshire_bull_terrier, great_pyrenees",True,True
basset_hound_165,basset_hound,basset_hound,0.8755129,"basset_hound, beagle, saint_bernard, Bombay, staffordshire_bull_terrier",True,True
Sphynx_228,Sphynx,Sphynx,0.95653117,"Sphynx, Egyptian_Mau, english_setter, chihuahua, scottish_terrier",True,True
shiba_inu_21,shiba_inu,shiba_inu,0.6811269,"shiba_inu, beagle, basset_hound, staffordshire_bull_terrier, chihuahua",True,True
British_Shorthair_110,British_Shorthair,British_Shorthair,0.88677275,"British_Shorthair, Russian_Blue, german_shorthaired, staffordshire_bull_terrier, newfoundland",True,True
samoyed_30,samoyed,great_pyrenees,0.79151374,"great_pyrenees, samoyed, havanese, Ragdoll, pomeranian",False,True
pomeranian_143,pomeranian,pomeranian,0.9991941,"pomeranian, Persian, samoyed, japanese_chin, Birman",True,True
British_Shorthair_136,British_Shorthair,British_Shorthair,0.8717039,"British_Shorthair, Russian_Blue, keeshond, german_shorthaired, Persian",True,True
boxer_107,boxer,boxer,0.99913245,"boxer, pug, leonberger, saint_bernard, american_bulldog",True,True
keeshond_134,keeshond,leonberger,0.84398055,"leonberger, keeshond, shiba_inu, great_pyrenees, staffordshire_bull_terrier",False,True
saint_bernard_159,saint_bernard,saint_bernard,0.99965644,"saint_bernard, basset_hound, leonberger, Bengal, Maine_Coon",True,True
samoyed_139,samoyed,samoyed,0.9925593,"samoyed, shiba_inu, great_pyrenees, pomeranian, Ragdoll",True,True
yorkshire_terrier_74,yorkshire_terrier,havanese,0.61539924,"havanese, wheaten_terrier, yorkshire_terrier, scottish_terrier, english_setter",False,True
leonberger_2,leonberger,leonberger,0.9974126,"leonberger, saint_bernard, boxer, keeshond, wheaten_terrier",True,True
saint_bernard_8,saint_bernard,saint_bernard,0.9874473,"saint_bernard, boxer, beagle, basset_hound, japanese_chin",True,True
leonberger_174,leonberger,leonberger,0.79828054,"leonberger, newfoundland, pug, great_pyrenees, keeshond",True,True
Sphynx_143,Sphynx,american_bulldog,0.5646196,"american_bulldog, Sphynx, english_setter, pug, Abyssinian",False,True
english_setter_72,english_setter,english_setter,0.5676765,"english_setter, english_cocker_spaniel, great_pyrenees, havanese, american_bulldog",True,True
scottish_terrier_80,scottish_terrier,scottish_terrier,0.999326,"scottish_terrier, yorkshire_terrier, english_cocker_spaniel, staffordshire_bull_terrier, newfoundland",True,True
Maine_Coon_27,Maine_Coon,Maine_Coon,0.8849716,"Maine_Coon, Ragdoll, Persian, samoyed, japanese_chin",True,True
japanese_chin_22,japanese_chin,japanese_chin,0.99318004,"japanese_chin, Ragdoll, pug, Birman, havanese",True,True
Russian_Blue_103,Russian_Blue,scottish_terrier,0.6979464,"scottish_terrier, Russian_Blue, keeshond, staffordshire_bull_terrier, shiba_inu",False,True
Sphynx_93,Sphynx,Sphynx,0.9774303,"Sphynx, chihuahua, miniature_pinscher, Egyptian_Mau, american_pit_bull_terrier",True,True
beagle_68,beagle,beagle,0.9983399,"beagle, basset_hound, english_cocker_spaniel, shiba_inu, japanese_chin",True,True
american_bulldog_147,american_bulldog,american_bulldog,0.7580354,"american_bulldog, german_shorthaired, english_setter, american_pit_bull_terrier, boxer",True,True
german_shorthaired_101,german_shorthaired,german_shorthaired,0.99956113,"german_shorthaired, american_pit_bull_terrier, english_setter, american_bulldog, Egyptian_Mau",True,True
havanese_76,havanese,havanese,0.97964805,"havanese, yorkshire_terrier, japanese_chin, wheaten_terrier, pomeranian",True,True
saint_bernard_29,saint_bernard,saint_bernard,0.98325664,"saint_bernard, basset_hound, beagle, american_bulldog, boxer",True,True
german_shorthaired_19,german_shorthaired,german_shorthaired,0.9107652,"german_shorthaired, english_setter, american_pit_bull_terrier, basset_hound, english_cocker_spaniel",True,True
British_Shorthair_134,British_Shorthair,British_Shorthair,0.9999292,"British_Shorthair, Russian_Blue, Persian, Bombay, Egyptian_Mau",True,True
shiba_inu_177,shiba_inu,Abyssinian,0.28322235,"Abyssinian, Bengal, shiba_inu, Ragdoll, basset_hound",False,True
samoyed_194,samoyed,samoyed,0.9929612,"samoyed, great_pyrenees, pomeranian, Persian, havanese",True,True
samoyed_174,samoyed,great_pyrenees,0.7355668,"great_pyrenees, samoyed, Ragdoll, saint_bernard, english_setter",False,True
Bengal_191,Bengal,Bengal,0.9801282,"Bengal, Egyptian_Mau, Maine_Coon, shiba_inu, yorkshire_terrier",True,True
Sphynx_94,Sphynx,Sphynx,0.92393714,"Sphynx, american_bulldog, Bombay, Abyssinian, boxer",True,True
american_pit_bull_terrier_50,american_pit_bull_terrier,chihuahua,0.23593788,"chihuahua, american_pit_bull_terrier, staffordshire_bull_terrier, Russian_Blue, pug",False,True
english_cocker_spaniel_2,english_cocker_spaniel,newfoundland,0.77754754,"newfoundland, english_cocker_spaniel, scottish_terrier, havanese, Persian",False,True
american_bulldog_36,american_bulldog,american_bulldog,0.91732883,"american_bulldog, staffordshire_bull_terrier, beagle, american_pit_bull_terrier, Sphynx",True,True
scottish_terrier_121,scottish_terrier,scottish_terrier,0.9999933,"scottish_terrier, newfoundland, english_cocker_spaniel, yorkshire_terrier, Bombay",True,True
Russian_Blue_27,Russian_Blue,Russian_Blue,0.9990839,"Russian_Blue, Siamese, British_Shorthair, Abyssinian, shiba_inu",True,True
pug_105,pug,pug,0.97642833,"pug, american_bulldog, great_pyrenees, japanese_chin, staffordshire_bull_terrier",True,True
saint_bernard_72,saint_bernard,saint_bernard,0.9747122,"saint_bernard, basset_hound, beagle, american_bulldog, boxer",True,True
Maine_Coon_34,Maine_Coon,Maine_Coon,0.9935394,"Maine_Coon, Bengal, Persian, Egyptian_Mau, Ragdoll",True,True
american_pit_bull_terrier_186,american_pit_bull_terrier,american_bulldog,0.55744195,"american_bulldog, staffordshire_bull_terrier, beagle, american_pit_bull_terrier, boxer",False,True
Abyssinian_27,Abyssinian,Abyssinian,0.9997787,"Abyssinian, Bengal, Maine_Coon, Siamese, British_Shorthair",True,True
miniature_pinscher_29,miniature_pinscher,miniature_pinscher,0.88620985,"miniature_pinscher, german_shorthaired, basset_hound, boxer, american_pit_bull_terrier",True,True
newfoundland_135,newfoundland,newfoundland,0.984809,"newfoundland, english_cocker_spaniel, leonberger, havanese, english_setter",True,True
basset_hound_2,basset_hound,basset_hound,0.99607676,"basset_hound, beagle, saint_bernard, boxer, american_pit_bull_terrier",True,True
boxer_148,boxer,boxer,0.6238109,"boxer, staffordshire_bull_terrier, american_bulldog, german_shorthaired, american_pit_bull_terrier",True,True
miniature_pinscher_88,miniature_pinscher,beagle,0.92852956,"beagle, miniature_pinscher, german_shorthaired, english_cocker_spaniel, english_setter",False,True
german_shorthaired_98,german_shorthaired,german_shorthaired,0.998863,"german_shorthaired, staffordshire_bull_terrier, Russian_Blue, american_bulldog, american_pit_bull_terrier",True,True
boxer_13,boxer,boxer,0.6442934,"boxer, beagle, american_bulldog, basset_hound, saint_bernard",True,True
wheaten_terrier_26,wheaten_terrier,wheaten_terrier,0.9981856,"wheaten_terrier, scottish_terrier, havanese, yorkshire_terrier, leonberger",True,True
keeshond_154,keeshond,keeshond,0.99324244,"keeshond, leonberger, Birman, yorkshire_terrier, wheaten_terrier",True,True
Ragdoll_176,Ragdoll,Birman,0.34222382,"Birman, Ragdoll, pomeranian, Siamese, keeshond",False,True
Egyptian_Mau_34,Egyptian_Mau,Egyptian_Mau,0.9982645,"Egyptian_Mau, Bengal, Russian_Blue, Sphynx, chihuahua",True,True
Egyptian_Mau_92,Egyptian_Mau,Egyptian_Mau,0.97761464,"Egyptian_Mau, Russian_Blue, British_Shorthair, german_shorthaired, Bengal",True,True
staffordshire_bull_terrier_27,staffordshire_bull_terrier,american_pit_bull_terrier,0.3372417,"american_pit_bull_terrier, staffordshire_bull_terrier, boxer, german_shorthaired, miniature_pinscher",False,True
saint_bernard_149,saint_bernard,saint_bernard,0.99907696,"saint_bernard, japanese_chin, basset_hound, american_bulldog, great_pyrenees",True,True
havanese_32,havanese,havanese,0.8463513,"havanese, english_cocker_spaniel, english_setter, wheaten_terrier, japanese_chin",True,True
scottish_terrier_35,scottish_terrier,scottish_terrier,0.7249109,"scottish_terrier, Bombay, german_shorthaired, chihuahua, miniature_pinscher",True,True
miniature_pinscher_72,miniature_pinscher,miniature_pinscher,0.99918896,"miniature_pinscher, Abyssinian, chihuahua, Siamese, boxer",True,True
samoyed_180,samoyed,samoyed,0.9985668,"samoyed, great_pyrenees, keeshond, shiba_inu, Ragdoll",True,True
Persian_76,Persian,Persian,0.99861073,"Persian, Ragdoll, Maine_Coon, samoyed, pomeranian",True,True
Bombay_63,Bombay,Bombay,0.99988186,"Bombay, Russian_Blue, British_Shorthair, Siamese, scottish_terrier",True,True
english_setter_92,english_setter,english_setter,0.9904467,"english_setter, english_cocker_spaniel, miniature_pinscher, basset_hound, beagle",True,True
german_shorthaired_15,german_shorthaired,german_shorthaired,0.99839526,"german_shorthaired, american_pit_bull_terrier, miniature_pinscher, basset_hound, english_setter",True,True
scottish_terrier_136,scottish_terrier,scottish_terrier,0.40717995,"scottish_terrier, wheaten_terrier, havanese, yorkshire_terrier, english_cocker_spaniel",True,True
great_pyrenees_199,great_pyrenees,great_pyrenees,0.9991479,"great_pyrenees, samoyed, havanese, pomeranian, english_cocker_spaniel",True,True
english_cocker_spaniel_172,english_cocker_spaniel,english_cocker_spaniel,0.83835477,"english_cocker_spaniel, english_setter, basset_hound, yorkshire_terrier, leonberger",True,True
Bombay_116,Bombay,Bombay,0.9993555,"Bombay, chihuahua, Siamese, newfoundland, scottish_terrier",True,True
yorkshire_terrier_170,yorkshire_terrier,yorkshire_terrier,0.74620646,"yorkshire_terrier, wheaten_terrier, Bengal, english_cocker_spaniel, scottish_terrier",True,True
great_pyrenees_36,great_pyrenees,great_pyrenees,0.7172599,"great_pyrenees, wheaten_terrier, scottish_terrier, samoyed, Bombay",True,True
Bombay_90,Bombay,Bombay,0.3708516,"Bombay, scottish_terrier, newfoundland, Russian_Blue, chihuahua",True,True
Russian_Blue_140,Russian_Blue,Russian_Blue,0.99751604,"Russian_Blue, Egyptian_Mau, British_Shorthair, Siamese, Abyssinian",True,True
havanese_140,havanese,havanese,0.99462044,"havanese, wheaten_terrier, yorkshire_terrier, scottish_terrier, japanese_chin",True,True
american_pit_bull_terrier_90,american_pit_bull_terrier,beagle,0.49885067,"beagle, staffordshire_bull_terrier, american_pit_bull_terrier, german_shorthaired, boxer",False,True
Persian_125,Persian,Persian,0.9802013,"Persian, British_Shorthair, keeshond, Ragdoll, japanese_chin",True,True
pug_62,pug,pug,0.9998982,"pug, american_bulldog, leonberger, boxer, Siamese",True,True
saint_bernard_199,saint_bernard,saint_bernard,0.9872228,"saint_bernard, japanese_chin, leonberger, Bengal, beagle",True,True
basset_hound_136,basset_hound,basset_hound,0.89872766,"basset_hound, beagle, saint_bernard, english_setter, american_pit_bull_terrier",True,True
Sphynx_236,Sphynx,Sphynx,0.9971802,"Sphynx, chihuahua, miniature_pinscher, american_pit_bull_terrier, Abyssinian",True,True
Maine_Coon_176,Maine_Coon,Maine_Coon,0.9384685,"Maine_Coon, Bengal, Abyssinian, Persian, Ragdoll",True,True
saint_bernard_45,saint_bernard,saint_bernard,0.96258503,"saint_bernard, boxer, beagle, basset_hound, japanese_chin",True,True
newfoundland_165,newfoundland,newfoundland,0.9979121,"newfoundland, leonberger, havanese, english_cocker_spaniel, Persian",True,True
english_setter_182,english_setter,english_setter,0.48204923,"english_setter, english_cocker_spaniel, miniature_pinscher, german_shorthaired, basset_hound",True,True
pug_200,pug,pug,0.99993074,"pug, american_bulldog, Siamese, american_pit_bull_terrier, staffordshire_bull_terrier",True,True
basset_hound_72,basset_hound,basset_hound,0.93073916,"basset_hound, beagle, miniature_pinscher, boxer, english_setter",True,True
Siamese_155,Siamese,Siamese,0.56930846,"Siamese, Abyssinian, Bombay, Sphynx, chihuahua",True,True
Abyssinian_44,Abyssinian,Abyssinian,0.87316364,"Abyssinian, Russian_Blue, Egyptian_Mau, British_Shorthair, Maine_Coon",True,True
Ragdoll_69,Ragdoll,Ragdoll,0.95954025,"Ragdoll, Persian, Maine_Coon, British_Shorthair, Birman",True,True
Egyptian_Mau_89,Egyptian_Mau,Egyptian_Mau,0.9836363,"Egyptian_Mau, Bengal, Sphynx, chihuahua, Bombay",True,True
english_setter_73,english_setter,english_setter,0.52762324,"english_setter, english_cocker_spaniel, japanese_chin, saint_bernard, american_bulldog",True,True
Egyptian_Mau_62,Egyptian_Mau,Egyptian_Mau,0.9986141,"Egyptian_Mau, Russian_Blue, Sphynx, Bengal, British_Shorthair",True,True
beagle_57,beagle,beagle,0.99725276,"beagle, american_pit_bull_terrier, basset_hound, german_shorthaired, american_bulldog",True,True
Siamese_188,Siamese,Siamese,0.9994342,"Siamese, Birman, Bombay, chihuahua, miniature_pinscher",True,True
Persian_265,Persian,Persian,0.99933726,"Persian, Maine_Coon, Ragdoll, pomeranian, British_Shorthair",True,True
staffordshire_bull_terrier_74,staffordshire_bull_terrier,staffordshire_bull_terrier,0.9038861,"staffordshire_bull_terrier, american_pit_bull_terrier, german_shorthaired, miniature_pinscher, newfoundland",True,True
yorkshire_terrier_16,yorkshire_terrier,yorkshire_terrier,0.98341227,"yorkshire_terrier, wheaten_terrier, scottish_terrier, english_cocker_spaniel, Siamese",True,True
Russian_Blue_136,Russian_Blue,Russian_Blue,0.829458,"Russian_Blue, Abyssinian, Egyptian_Mau, Bombay, chihuahua",True,True
boxer_182,boxer,great_pyrenees,0.4469092,"great_pyrenees, american_bulldog, english_setter, staffordshire_bull_terrier, saint_bernard",False,False
Persian_72,Persian,Persian,0.92023426,"Persian, British_Shorthair, Maine_Coon, japanese_chin, Ragdoll",True,True
english_setter_157,english_setter,english_setter,0.9197302,"english_setter, english_cocker_spaniel, german_shorthaired, basset_hound, great_pyrenees",True,True
chihuahua_108,chihuahua,chihuahua,0.99771416,"chihuahua, shiba_inu, pomeranian, american_pit_bull_terrier, miniature_pinscher",True,True
beagle_50,beagle,basset_hound,0.50270516,"basset_hound, saint_bernard, beagle, boxer, staffordshire_bull_terrier",False,True
Sphynx_54,Sphynx,Sphynx,0.9995969,"Sphynx, american_bulldog, Abyssinian, chihuahua, boxer",True,True
leonberger_113,leonberger,leonberger,0.99926823,"leonberger, saint_bernard, boxer, wheaten_terrier, great_pyrenees",True,True
japanese_chin_3,japanese_chin,japanese_chin,0.9951237,"japanese_chin, pomeranian, beagle, chihuahua, Ragdoll",True,True
american_bulldog_69,american_bulldog,saint_bernard,0.4324107,"saint_bernard, staffordshire_bull_terrier, beagle, boxer, basset_hound",False,False
saint_bernard_99,saint_bernard,saint_bernard,0.992097,"saint_bernard, great_pyrenees, japanese_chin, english_setter, leonberger",True,True
american_pit_bull_terrier_68,american_pit_bull_terrier,american_pit_bull_terrier,0.46476898,"american_pit_bull_terrier, american_bulldog, beagle, german_shorthaired, wheaten_terrier",True,True
Siamese_83,Siamese,Siamese,0.99880075,"Siamese, Birman, chihuahua, Abyssinian, shiba_inu",True,True
leonberger_187,leonberger,leonberger,0.9992791,"leonberger, Maine_Coon, keeshond, saint_bernard, english_setter",True,True
wheaten_terrier_40,wheaten_terrier,wheaten_terrier,0.37477657,"wheaten_terrier, Persian, Maine_Coon, great_pyrenees, leonberger",True,True
keeshond_192,keeshond,keeshond,0.9947082,"keeshond, leonberger, scottish_terrier, staffordshire_bull_terrier, newfoundland",True,True
staffordshire_bull_terrier_52,staffordshire_bull_terrier,miniature_pinscher,0.511488,"miniature_pinscher, american_pit_bull_terrier, basset_hound, boxer, american_bulldog",False,False
Egyptian_Mau_108,Egyptian_Mau,Egyptian_Mau,0.9941942,"Egyptian_Mau, Sphynx, Bengal, Russian_Blue, english_setter",True,True
shiba_inu_25,shiba_inu,shiba_inu,0.9898269,"shiba_inu, pomeranian, miniature_pinscher, Abyssinian, chihuahua",True,True
basset_hound_193,basset_hound,beagle,0.22988035,"beagle, american_bulldog, basset_hound, english_setter, great_pyrenees",False,True
shiba_inu_113,shiba_inu,shiba_inu,0.9907404,"shiba_inu, beagle, staffordshire_bull_terrier, Bengal, basset_hound",True,True
english_setter_49,english_setter,english_setter,0.9919918,"english_setter, english_cocker_spaniel, havanese, great_pyrenees, leonberger",True,True
Egyptian_Mau_213,Egyptian_Mau,Egyptian_Mau,0.7052437,"Egyptian_Mau, Abyssinian, Bengal, Maine_Coon, Russian_Blue",True,True
Bengal_135,Bengal,Bengal,0.83683246,"Bengal, Egyptian_Mau, english_cocker_spaniel, Abyssinian, basset_hound",True,True
boxer_14,boxer,boxer,0.4543668,"boxer, beagle, basset_hound, miniature_pinscher, american_pit_bull_terrier",True,True
english_cocker_spaniel_119,english_cocker_spaniel,basset_hound,0.26272273,"basset_hound, beagle, english_cocker_spaniel, shiba_inu, american_pit_bull_terrier",False,True
Birman_8,Birman,Birman,0.9874047,"Birman, Ragdoll, japanese_chin, havanese, Siamese",True,True
english_setter_28,english_setter,english_setter,0.99515593,"english_setter, english_cocker_spaniel, saint_bernard, leonberger, basset_hound",True,True
Bombay_37,Bombay,Bombay,0.9455236,"Bombay, British_Shorthair, Russian_Blue, miniature_pinscher, Siamese",True,True
english_cocker_spaniel_177,english_cocker_spaniel,english_cocker_spaniel,0.99547005,"english_cocker_spaniel, english_setter, havanese, great_pyrenees, saint_bernard",True,True
beagle_182,beagle,beagle,0.5356646,"beagle, american_bulldog, basset_hound, american_pit_bull_terrier, staffordshire_bull_terrier",True,True
Russian_Blue_133,Russian_Blue,British_Shorthair,0.5492708,"British_Shorthair, Russian_Blue, Bombay, Maine_Coon, Abyssinian",False,True
newfoundland_18,newfoundland,newfoundland,0.9633482,"newfoundland, leonberger, keeshond, great_pyrenees, english_cocker_spaniel",True,True
samoyed_20,samoyed,samoyed,0.99964,"samoyed, great_pyrenees, scottish_terrier, Ragdoll, pomeranian",True,True
american_pit_bull_terrier_172,american_pit_bull_terrier,american_pit_bull_terrier,0.89473933,"american_pit_bull_terrier, miniature_pinscher, Sphynx, chihuahua, staffordshire_bull_terrier",True,True
beagle_157,beagle,beagle,0.9966684,"beagle, basset_hound, boxer, staffordshire_bull_terrier, shiba_inu",True,True
american_bulldog_75,american_bulldog,american_pit_bull_terrier,0.58878994,"american_pit_bull_terrier, american_bulldog, german_shorthaired, Sphynx, beagle",False,True
havanese_167,havanese,havanese,0.9991793,"havanese, english_cocker_spaniel, wheaten_terrier, yorkshire_terrier, english_setter",True,True
german_shorthaired_40,german_shorthaired,german_shorthaired,0.54164684,"german_shorthaired, american_bulldog, staffordshire_bull_terrier, boxer, english_setter",True,True
american_pit_bull_terrier_183,american_pit_bull_terrier,american_pit_bull_terrier,0.9998801,"american_pit_bull_terrier, miniature_pinscher, staffordshire_bull_terrier, chihuahua, Abyssinian",True,True
Ragdoll_115,Ragdoll,Birman,0.9718242,"Birman, Ragdoll, Siamese, japanese_chin, Persian",False,True
samoyed_181,samoyed,samoyed,0.9982186,"samoyed, great_pyrenees, pomeranian, Ragdoll, shiba_inu",True,True
havanese_90,havanese,japanese_chin,0.83688885,"japanese_chin, havanese, Ragdoll, english_setter, Persian",False,True
english_setter_98,english_setter,english_setter,0.9904102,"english_setter, english_cocker_spaniel, great_pyrenees, japanese_chin, german_shorthaired",True,True
great_pyrenees_28,great_pyrenees,great_pyrenees,0.99596184,"great_pyrenees, english_setter, samoyed, saint_bernard, havanese",True,True
chihuahua_70,chihuahua,chihuahua,0.99434364,"chihuahua, Siamese, shiba_inu, Abyssinian, pomeranian",True,True
yorkshire_terrier_65,yorkshire_terrier,yorkshire_terrier,0.99939394,"yorkshire_terrier, miniature_pinscher, pomeranian, english_cocker_spaniel, scottish_terrier",True,True
keeshond_130,keeshond,leonberger,0.85120624,"leonberger, keeshond, Maine_Coon, english_cocker_spaniel, english_setter",False,True
Birman_42,Birman,Birman,0.99602354,"Birman, Ragdoll, Siamese, Persian, japanese_chin",True,True
Sphynx_169,Sphynx,Sphynx,0.99998915,"Sphynx, chihuahua, Russian_Blue, american_bulldog, scottish_terrier",True,True
Abyssinian_108,Abyssinian,Abyssinian,0.9359047,"Abyssinian, British_Shorthair, Bengal, Maine_Coon, Siamese",True,True
keeshond_174,keeshond,keeshond,0.93439513,"keeshond, Birman, leonberger, pomeranian, japanese_chin",True,True
keeshond_73,keeshond,keeshond,0.9987998,"keeshond, pomeranian, samoyed, scottish_terrier, newfoundland",True,True
Birman_49,Birman,Birman,0.9993893,"Birman, Ragdoll, Siamese, japanese_chin, Persian",True,True
Sphynx_107,Sphynx,Sphynx,0.9962231,"Sphynx, chihuahua, Abyssinian, american_bulldog, Ragdoll",True,True
boxer_154,boxer,boxer,0.9508064,"boxer, basset_hound, saint_bernard, american_bulldog, staffordshire_bull_terrier",True,True
pug_86,pug,pug,0.9857438,"pug, boxer, leonberger, Siamese, american_bulldog",True,True
pomeranian_20,pomeranian,pomeranian,0.99993277,"pomeranian, shiba_inu, chihuahua, samoyed, japanese_chin",True,True
scottish_terrier_54,scottish_terrier,scottish_terrier,0.90805495,"scottish_terrier, english_cocker_spaniel, yorkshire_terrier, newfoundland, havanese",True,True
english_setter_140,english_setter,english_setter,0.8789947,"english_setter, american_bulldog, wheaten_terrier, havanese, Persian",True,True
great_pyrenees_147,great_pyrenees,great_pyrenees,0.85474443,"great_pyrenees, american_bulldog, pug, beagle, samoyed",True,True
pug_30,pug,pug,0.9988194,"pug, leonberger, Siamese, boxer, american_bulldog",True,True
wheaten_terrier_60,wheaten_terrier,wheaten_terrier,0.6385042,"wheaten_terrier, havanese, pug, Birman, american_bulldog",True,True
great_pyrenees_185,great_pyrenees,great_pyrenees,0.9308881,"great_pyrenees, samoyed, english_setter, american_bulldog, havanese",True,True
Maine_Coon_101,Maine_Coon,Maine_Coon,0.99626297,"Maine_Coon, Persian, Ragdoll, Abyssinian, Bombay",True,True
Egyptian_Mau_63,Egyptian_Mau,Bengal,0.9653149,"Bengal, Egyptian_Mau, Maine_Coon, english_setter, Sphynx",False,True
Maine_Coon_39,Maine_Coon,Maine_Coon,0.99909234,"Maine_Coon, Persian, Ragdoll, British_Shorthair, scottish_terrier",True,True
english_setter_145,english_setter,english_setter,0.92667747,"english_setter, havanese, english_cocker_spaniel, american_bulldog, basset_hound",True,True
great_pyrenees_106,great_pyrenees,great_pyrenees,0.9850199,"great_pyrenees, english_setter, samoyed, saint_bernard, english_cocker_spaniel",True,True
scottish_terrier_17,scottish_terrier,scottish_terrier,0.9622787,"scottish_terrier, yorkshire_terrier, havanese, wheaten_terrier, english_cocker_spaniel",True,True
pomeranian_60,pomeranian,Persian,0.25233123,"Persian, Birman, pomeranian, newfoundland, keeshond",False,True
boxer_28,boxer,boxer,0.9933984,"boxer, american_bulldog, german_shorthaired, staffordshire_bull_terrier, saint_bernard",True,True
shiba_inu_10,shiba_inu,shiba_inu,0.9996062,"shiba_inu, beagle, pomeranian, chihuahua, samoyed",True,True
Bengal_3,Bengal,Bengal,0.99859935,"Bengal, Egyptian_Mau, Maine_Coon, Abyssinian, yorkshire_terrier",True,True
american_bulldog_87,american_bulldog,american_bulldog,0.9995453,"american_bulldog, boxer, staffordshire_bull_terrier, pug, american_pit_bull_terrier",True,True
Birman_137,Birman,Birman,0.9075928,"Birman, Ragdoll, japanese_chin, keeshond, Siamese",True,True
saint_bernard_111,saint_bernard,beagle,0.36780092,"beagle, saint_bernard, boxer, japanese_chin, american_bulldog",False,True
havanese_26,havanese,havanese,0.9983083,"havanese, great_pyrenees, wheaten_terrier, english_setter, english_cocker_spaniel",True,True
scottish_terrier_135,scottish_terrier,scottish_terrier,0.9998845,"scottish_terrier, yorkshire_terrier, english_cocker_spaniel, newfoundland, wheaten_terrier",True,True
beagle_178,beagle,beagle,0.9904749,"beagle, basset_hound, american_bulldog, boxer, miniature_pinscher",True,True
Birman_118,Birman,Birman,0.998582,"Birman, Ragdoll, Siamese, keeshond, Persian",True,True
Bengal_160,Bengal,Bengal,0.95531267,"Bengal, Abyssinian, pug, Egyptian_Mau, Maine_Coon",True,True
Ragdoll_13,Ragdoll,Ragdoll,0.9846572,"Ragdoll, samoyed, Birman, Persian, British_Shorthair",True,True
japanese_chin_130,japanese_chin,japanese_chin,0.9385341,"japanese_chin, Sphynx, american_bulldog, english_setter, beagle",True,True
wheaten_terrier_109,wheaten_terrier,havanese,0.6402621,"havanese, wheaten_terrier, scottish_terrier, great_pyrenees, english_cocker_spaniel",False,True
boxer_6,boxer,boxer,0.9957514,"boxer, miniature_pinscher, staffordshire_bull_terrier, american_bulldog, basset_hound",True,True
basset_hound_163,basset_hound,basset_hound,0.97463256,"basset_hound, english_setter, beagle, american_pit_bull_terrier, american_bulldog",True,True
pug_12,pug,pug,0.999508,"pug, Siamese, leonberger, boxer, Birman",True,True
pug_8,pug,pug,0.9984989,"pug, leonberger, Siamese, boxer, Birman",True,True
pomeranian_33,pomeranian,pomeranian,0.90099746,"pomeranian, leonberger, keeshond, yorkshire_terrier, Birman",True,True
Egyptian_Mau_190,Egyptian_Mau,Egyptian_Mau,0.9998072,"Egyptian_Mau, Bengal, Russian_Blue, British_Shorthair, Sphynx",True,True
great_pyrenees_73,great_pyrenees,great_pyrenees,0.8893281,"great_pyrenees, english_setter, english_cocker_spaniel, saint_bernard, samoyed",True,True
pomeranian_30,pomeranian,shiba_inu,0.8043396,"shiba_inu, pomeranian, samoyed, chihuahua, Ragdoll",False,True
scottish_terrier_50,scottish_terrier,scottish_terrier,0.9999471,"scottish_terrier, yorkshire_terrier, Russian_Blue, wheaten_terrier, staffordshire_bull_terrier",True,True
japanese_chin_189,japanese_chin,japanese_chin,0.9988477,"japanese_chin, havanese, Birman, Persian, newfoundland",True,True
Birman_10,Birman,Birman,0.9780449,"Birman, Siamese, Ragdoll, leonberger, japanese_chin",True,True
Egyptian_Mau_127,Egyptian_Mau,Egyptian_Mau,0.9999676,"Egyptian_Mau, Bengal, British_Shorthair, Russian_Blue, Sphynx",True,True
american_bulldog_193,american_bulldog,american_bulldog,0.9758125,"american_bulldog, Sphynx, Ragdoll, Persian, havanese",True,True
shiba_inu_204,shiba_inu,Bengal,0.13763456,"Bengal, shiba_inu, yorkshire_terrier, staffordshire_bull_terrier, miniature_pinscher",False,True
wheaten_terrier_71,wheaten_terrier,wheaten_terrier,0.99535984,"wheaten_terrier, yorkshire_terrier, havanese, scottish_terrier, english_cocker_spaniel",True,True
Egyptian_Mau_209,Egyptian_Mau,Siamese,0.24732766,"Siamese, Russian_Blue, Abyssinian, Egyptian_Mau, British_Shorthair",False,True
beagle_114,beagle,beagle,0.9927168,"beagle, basset_hound, american_bulldog, german_shorthaired, english_cocker_spaniel",True,True
boxer_157,boxer,boxer,0.7049081,"boxer, american_bulldog, saint_bernard, american_pit_bull_terrier, beagle",True,True
pomeranian_14,pomeranian,pomeranian,0.8006337,"pomeranian, keeshond, leonberger, Maine_Coon, shiba_inu",True,True
Maine_Coon_2,Maine_Coon,Maine_Coon,0.99494743,"Maine_Coon, Bengal, Abyssinian, Ragdoll, Persian",True,True
american_bulldog_33,american_bulldog,american_bulldog,0.99993074,"american_bulldog, pug, american_pit_bull_terrier, english_setter, Sphynx",True,True
British_Shorthair_205,British_Shorthair,British_Shorthair,0.6318919,"British_Shorthair, Abyssinian, Russian_Blue, Ragdoll, Persian",True,True
american_bulldog_216,american_bulldog,american_bulldog,0.99473023,"american_bulldog, beagle, Sphynx, american_pit_bull_terrier, boxer",True,True
Russian_Blue_72,Russian_Blue,Russian_Blue,0.75791055,"Russian_Blue, scottish_terrier, Sphynx, British_Shorthair, keeshond",True,True
Ragdoll_189,Ragdoll,Ragdoll,0.966153,"Ragdoll, Persian, pomeranian, samoyed, Birman",True,True
Sphynx_247,Sphynx,Sphynx,0.97809315,"Sphynx, chihuahua, Abyssinian, Egyptian_Mau, Bengal",True,True
pug_178,pug,pug,0.99974865,"pug, american_bulldog, american_pit_bull_terrier, Siamese, boxer",True,True
havanese_163,havanese,havanese,0.96541524,"havanese, great_pyrenees, american_bulldog, samoyed, japanese_chin",True,True
beagle_167,beagle,beagle,0.5751332,"beagle, boxer, german_shorthaired, staffordshire_bull_terrier, Bengal",True,True
Birman_109,Birman,Birman,0.9909847,"Birman, Ragdoll, Siamese, japanese_chin, american_bulldog",True,True
Egyptian_Mau_61,Egyptian_Mau,Egyptian_Mau,0.9942872,"Egyptian_Mau, Bengal, Russian_Blue, Sphynx, British_Shorthair",True,True
english_setter_77,english_setter,english_setter,0.6005417,"english_setter, saint_bernard, great_pyrenees, english_cocker_spaniel, basset_hound",True,True
american_pit_bull_terrier_173,american_pit_bull_terrier,american_pit_bull_terrier,0.9288796,"american_pit_bull_terrier, american_bulldog, Sphynx, staffordshire_bull_terrier, english_setter",True,True
Russian_Blue_145,Russian_Blue,Russian_Blue,0.9697915,"Russian_Blue, British_Shorthair, Egyptian_Mau, Ragdoll, Abyssinian",True,True
Persian_161,Persian,Persian,0.9463083,"Persian, Maine_Coon, pomeranian, Ragdoll, British_Shorthair",True,True
scottish_terrier_13,scottish_terrier,scottish_terrier,0.9999372,"scottish_terrier, yorkshire_terrier, english_cocker_spaniel, Bombay, wheaten_terrier",True,True
samoyed_158,samoyed,great_pyrenees,0.78316873,"great_pyrenees, samoyed, keeshond, leonberger, pomeranian",False,True
leonberger_105,leonberger,leonberger,0.9555858,"leonberger, Maine_Coon, saint_bernard, english_setter, yorkshire_terrier",True,True
basset_hound_23,basset_hound,basset_hound,0.6171913,"basset_hound, english_setter, beagle, english_cocker_spaniel, great_pyrenees",True,True
Siamese_58,Siamese,Siamese,0.6799081,"Siamese, Abyssinian, Ragdoll, Russian_Blue, shiba_inu",True,True
saint_bernard_146,saint_bernard,saint_bernard,0.9711784,"saint_bernard, basset_hound, english_cocker_spaniel, beagle, Bengal",True,True
japanese_chin_33,japanese_chin,japanese_chin,0.4139951,"japanese_chin, great_pyrenees, saint_bernard, keeshond, leonberger",True,True
japanese_chin_66,japanese_chin,japanese_chin,0.99939704,"japanese_chin, havanese, pomeranian, yorkshire_terrier, Birman",True,True
scottish_terrier_72,scottish_terrier,scottish_terrier,0.9998516,"scottish_terrier, staffordshire_bull_terrier, yorkshire_terrier, english_cocker_spaniel, Russian_Blue",True,True
beagle_87,beagle,beagle,0.99680746,"beagle, basset_hound, shiba_inu, staffordshire_bull_terrier, american_bulldog",True,True
Egyptian_Mau_157,Egyptian_Mau,Egyptian_Mau,0.98924005,"Egyptian_Mau, Russian_Blue, Bengal, Sphynx, Maine_Coon",True,True
Bombay_206,Bombay,Bombay,0.9997124,"Bombay, scottish_terrier, British_Shorthair, chihuahua, newfoundland",True,True
english_setter_185,english_setter,english_setter,0.7349207,"english_setter, german_shorthaired, english_cocker_spaniel, wheaten_terrier, american_pit_bull_terrier",True,True
Russian_Blue_14,Russian_Blue,Russian_Blue,0.99521446,"Russian_Blue, British_Shorthair, Abyssinian, Egyptian_Mau, shiba_inu",True,True
British_Shorthair_258,British_Shorthair,Bombay,0.9887476,"Bombay, Russian_Blue, Siamese, Abyssinian, miniature_pinscher",False,False
shiba_inu_92,shiba_inu,shiba_inu,0.8370856,"shiba_inu, beagle, staffordshire_bull_terrier, american_pit_bull_terrier, chihuahua",True,True
boxer_77,boxer,pug,0.9639254,"pug, boxer, staffordshire_bull_terrier, leonberger, american_bulldog",False,True
Egyptian_Mau_103,Egyptian_Mau,Egyptian_Mau,0.97464424,"Egyptian_Mau, Bengal, staffordshire_bull_terrier, British_Shorthair, pug",True,True
japanese_chin_105,japanese_chin,japanese_chin,0.97161406,"japanese_chin, chihuahua, pomeranian, english_setter, beagle",True,True
miniature_pinscher_169,miniature_pinscher,miniature_pinscher,0.98087007,"miniature_pinscher, american_pit_bull_terrier, yorkshire_terrier, Bengal, Abyssinian",True,True
Russian_Blue_112,Russian_Blue,British_Shorthair,0.96326405,"British_Shorthair, Russian_Blue, Persian, Ragdoll, pug",False,True
Persian_174,Persian,Persian,0.9150265,"Persian, keeshond, Maine_Coon, Ragdoll, British_Shorthair",True,True
leonberger_87,leonberger,leonberger,0.98617005,"leonberger, saint_bernard, newfoundland, pug, keeshond",True,True
samoyed_8,samoyed,samoyed,0.9955278,"samoyed, great_pyrenees, Persian, Ragdoll, shiba_inu",True,True
german_shorthaired_2,german_shorthaired,basset_hound,0.5516066,"basset_hound, german_shorthaired, american_pit_bull_terrier, staffordshire_bull_terrier, beagle",False,True
Sphynx_164,Sphynx,Sphynx,0.9811447,"Sphynx, Russian_Blue, american_bulldog, Egyptian_Mau, chihuahua",True,True
Egyptian_Mau_134,Egyptian_Mau,Egyptian_Mau,0.9989623,"Egyptian_Mau, Bengal, British_Shorthair, havanese, Sphynx",True,True
Ragdoll_185,Ragdoll,Ragdoll,0.7575833,"Ragdoll, British_Shorthair, Sphynx, american_bulldog, Birman",True,True
english_cocker_spaniel_97,english_cocker_spaniel,english_cocker_spaniel,0.9647352,"english_cocker_spaniel, basset_hound, english_setter, yorkshire_terrier, beagle",True,True
British_Shorthair_263,British_Shorthair,Bombay,0.6139785,"Bombay, British_Shorthair, Russian_Blue, Siamese, pug",False,True
chihuahua_144,chihuahua,chihuahua,0.9516446,"chihuahua, miniature_pinscher, american_pit_bull_terrier, pug, Siamese",True,True
Bengal_50,Bengal,Bengal,0.91234875,"Bengal, Egyptian_Mau, Abyssinian, Maine_Coon, British_Shorthair",True,True
Maine_Coon_5,Maine_Coon,Maine_Coon,0.9842939,"Maine_Coon, Abyssinian, Bengal, Ragdoll, saint_bernard",True,True
Abyssinian_81,Abyssinian,Abyssinian,0.89013165,"Abyssinian, Bengal, Maine_Coon, Egyptian_Mau, British_Shorthair",True,True
leonberger_183,leonberger,leonberger,0.9360512,"leonberger, newfoundland, keeshond, great_pyrenees, miniature_pinscher",True,True
Russian_Blue_67,Russian_Blue,Russian_Blue,0.44232845,"Russian_Blue, shiba_inu, chihuahua, Siamese, British_Shorthair",True,True
great_pyrenees_158,great_pyrenees,great_pyrenees,0.9833936,"great_pyrenees, samoyed, pomeranian, wheaten_terrier, american_bulldog",True,True
Ragdoll_125,Ragdoll,Ragdoll,0.9435166,"Ragdoll, Maine_Coon, Abyssinian, Persian, Siamese",True,True
japanese_chin_59,japanese_chin,japanese_chin,0.50684464,"japanese_chin, Ragdoll, Persian, British_Shorthair, Maine_Coon",True,True
chihuahua_50,chihuahua,chihuahua,0.88349795,"chihuahua, american_pit_bull_terrier, american_bulldog, pug, Bengal",True,True
Ragdoll_197,Ragdoll,Ragdoll,0.9752186,"Ragdoll, Birman, Persian, Siamese, Maine_Coon",True,True
Persian_133,Persian,Persian,0.99319357,"Persian, Maine_Coon, British_Shorthair, Ragdoll, wheaten_terrier",True,True
Russian_Blue_17,Russian_Blue,Russian_Blue,0.61453974,"Russian_Blue, British_Shorthair, Abyssinian, Egyptian_Mau, german_shorthaired",True,True
english_cocker_spaniel_187,english_cocker_spaniel,english_cocker_spaniel,0.82241696,"english_cocker_spaniel, yorkshire_terrier, miniature_pinscher, leonberger, english_setter",True,True
Ragdoll_98,Ragdoll,Ragdoll,0.9840062,"Ragdoll, Birman, keeshond, British_Shorthair, Persian",True,True
american_pit_bull_terrier_115,american_pit_bull_terrier,miniature_pinscher,0.30176547,"miniature_pinscher, american_pit_bull_terrier, chihuahua, staffordshire_bull_terrier, Bombay",False,True
scottish_terrier_12,scottish_terrier,scottish_terrier,0.8667283,"scottish_terrier, havanese, wheaten_terrier, yorkshire_terrier, samoyed",True,True
german_shorthaired_95,german_shorthaired,german_shorthaired,0.99905497,"german_shorthaired, boxer, basset_hound, american_bulldog, english_cocker_spaniel",True,True
Egyptian_Mau_71,Egyptian_Mau,Egyptian_Mau,0.9976115,"Egyptian_Mau, Bengal, english_setter, german_shorthaired, British_Shorthair",True,True
Abyssinian_143,Abyssinian,Abyssinian,0.883424,"Abyssinian, Russian_Blue, Maine_Coon, Siamese, British_Shorthair",True,True
staffordshire_bull_terrier_179,staffordshire_bull_terrier,american_bulldog,0.50260895,"american_bulldog, american_pit_bull_terrier, staffordshire_bull_terrier, great_pyrenees, beagle",False,True
miniature_pinscher_171,miniature_pinscher,miniature_pinscher,0.9992455,"miniature_pinscher, yorkshire_terrier, english_setter, Siamese, Bengal",True,True
Ragdoll_92,Ragdoll,saint_bernard,0.37881643,"saint_bernard, japanese_chin, Ragdoll, Birman, Maine_Coon",False,True
Bengal_116,Bengal,Bengal,0.9992461,"Bengal, Egyptian_Mau, Abyssinian, miniature_pinscher, Maine_Coon",True,True
Egyptian_Mau_81,Egyptian_Mau,Egyptian_Mau,0.83430076,"Egyptian_Mau, Bengal, german_shorthaired, scottish_terrier, yorkshire_terrier",True,True
american_bulldog_24,american_bulldog,american_bulldog,0.99627185,"american_bulldog, beagle, pug, boxer, staffordshire_bull_terrier",True,True
great_pyrenees_104,great_pyrenees,great_pyrenees,0.91757685,"great_pyrenees, havanese, pomeranian, samoyed, wheaten_terrier",True,True
keeshond_55,keeshond,keeshond,0.9936575,"keeshond, leonberger, pomeranian, yorkshire_terrier, Siamese",True,True
basset_hound_178,basset_hound,basset_hound,0.999166,"basset_hound, beagle, boxer, saint_bernard, english_cocker_spaniel",True,True
pomeranian_173,pomeranian,pomeranian,0.9999558,"pomeranian, samoyed, Persian, yorkshire_terrier, Ragdoll",True,True
great_pyrenees_161,great_pyrenees,great_pyrenees,0.940042,"great_pyrenees, samoyed, Persian, Ragdoll, Birman",True,True
japanese_chin_56,japanese_chin,japanese_chin,0.99646425,"japanese_chin, havanese, Ragdoll, pug, Birman",True,True
Persian_79,Persian,Maine_Coon,0.766071,"Maine_Coon, Persian, Ragdoll, wheaten_terrier, Abyssinian",False,True
boxer_36,boxer,boxer,0.9718635,"boxer, american_bulldog, pug, chihuahua, staffordshire_bull_terrier",True,True
Russian_Blue_130,Russian_Blue,Russian_Blue,0.9980888,"Russian_Blue, British_Shorthair, Abyssinian, Sphynx, Siamese",True,True
samoyed_58,samoyed,samoyed,0.9982249,"samoyed, great_pyrenees, keeshond, Ragdoll, shiba_inu",True,True
american_bulldog_124,american_bulldog,american_pit_bull_terrier,0.76234996,"american_pit_bull_terrier, american_bulldog, chihuahua, english_setter, staffordshire_bull_terrier",False,True
British_Shorthair_151,British_Shorthair,Russian_Blue,0.95799375,"Russian_Blue, Abyssinian, British_Shorthair, Egyptian_Mau, Sphynx",False,True
Russian_Blue_122,Russian_Blue,Russian_Blue,0.9931037,"Russian_Blue, Siamese, scottish_terrier, shiba_inu, British_Shorthair",True,True
great_pyrenees_116,great_pyrenees,great_pyrenees,0.9988784,"great_pyrenees, english_setter, english_cocker_spaniel, leonberger, wheaten_terrier",True,True
staffordshire_bull_terrier_104,staffordshire_bull_terrier,boxer,0.43235785,"boxer, american_bulldog, Sphynx, american_pit_bull_terrier, german_shorthaired",False,False
havanese_44,havanese,havanese,0.99484515,"havanese, wheaten_terrier, great_pyrenees, english_cocker_spaniel, samoyed",True,True
american_pit_bull_terrier_150,american_pit_bull_terrier,american_pit_bull_terrier,0.6952406,"american_pit_bull_terrier, pug, american_bulldog, miniature_pinscher, boxer",True,True
Russian_Blue_74,Russian_Blue,Russian_Blue,0.7887324,"Russian_Blue, Sphynx, Siamese, British_Shorthair, Egyptian_Mau",True,True
samoyed_60,samoyed,samoyed,0.69924814,"samoyed, pomeranian, great_pyrenees, shiba_inu, Ragdoll",True,True
american_pit_bull_terrier_6,american_pit_bull_terrier,staffordshire_bull_terrier,0.8965692,"staffordshire_bull_terrier, boxer, american_pit_bull_terrier, american_bulldog, pug",False,True
Russian_Blue_43,Russian_Blue,Russian_Blue,0.7693644,"Russian_Blue, Bombay, British_Shorthair, keeshond, Birman",True,True
leonberger_52,leonberger,leonberger,0.8715674,"leonberger, keeshond, pomeranian, Maine_Coon, saint_bernard",True,True
Siamese_95,Siamese,Sphynx,0.2432723,"Sphynx, chihuahua, Birman, beagle, Siamese",False,True
Sphynx_131,Sphynx,Sphynx,0.97231424,"Sphynx, american_bulldog, beagle, chihuahua, boxer",True,True
Siamese_186,Siamese,Birman,0.8851923,"Birman, Siamese, beagle, american_bulldog, Ragdoll",False,True
Bombay_67,Bombay,Maine_Coon,0.38457417,"Maine_Coon, keeshond, Persian, newfoundland, Bombay",False,True
japanese_chin_183,japanese_chin,japanese_chin,0.9890514,"japanese_chin, havanese, Ragdoll, pug, english_setter",True,True
chihuahua_176,chihuahua,chihuahua,0.505092,"chihuahua, pomeranian, shiba_inu, yorkshire_terrier, miniature_pinscher",True,True
samoyed_67,samoyed,samoyed,0.99460596,"samoyed, great_pyrenees, shiba_inu, keeshond, scottish_terrier",True,True
Egyptian_Mau_59,Egyptian_Mau,Egyptian_Mau,0.9839117,"Egyptian_Mau, Sphynx, chihuahua, Bengal, British_Shorthair",True,True
Bengal_72,Bengal,Bengal,0.9997937,"Bengal, Maine_Coon, Egyptian_Mau, Abyssinian, yorkshire_terrier",True,True
leonberger_160,leonberger,leonberger,0.99835795,"leonberger, keeshond, boxer, saint_bernard, great_pyrenees",True,True
leonberger_8,leonberger,leonberger,0.7672882,"leonberger, newfoundland, english_cocker_spaniel, scottish_terrier, basset_hound",True,True
german_shorthaired_66,german_shorthaired,german_shorthaired,0.996872,"german_shorthaired, american_pit_bull_terrier, staffordshire_bull_terrier, beagle, miniature_pinscher",True,True
scottish_terrier_58,scottish_terrier,scottish_terrier,0.8008356,"scottish_terrier, wheaten_terrier, chihuahua, american_bulldog, Sphynx",True,True
shiba_inu_76,shiba_inu,shiba_inu,0.9998323,"shiba_inu, chihuahua, Abyssinian, samoyed, pomeranian",True,True
scottish_terrier_193,scottish_terrier,scottish_terrier,0.9818315,"scottish_terrier, Bombay, Siamese, chihuahua, Russian_Blue",True,True
Russian_Blue_21,Russian_Blue,Russian_Blue,0.97521347,"Russian_Blue, Abyssinian, British_Shorthair, Sphynx, Egyptian_Mau",True,True
Russian_Blue_99,Russian_Blue,Russian_Blue,0.9150995,"Russian_Blue, Egyptian_Mau, Abyssinian, British_Shorthair, shiba_inu",True,True
beagle_135,beagle,basset_hound,0.4300982,"basset_hound, american_bulldog, english_setter, Sphynx, american_pit_bull_terrier",False,False
Bombay_178,Bombay,Bombay,0.9951643,"Bombay, British_Shorthair, Russian_Blue, Siamese, scottish_terrier",True,True
german_shorthaired_93,german_shorthaired,german_shorthaired,0.9819017,"german_shorthaired, english_setter, english_cocker_spaniel, american_pit_bull_terrier, basset_hound",True,True
beagle_24,beagle,beagle,0.99653363,"beagle, shiba_inu, english_cocker_spaniel, japanese_chin, german_shorthaired",True,True
great_pyrenees_2,great_pyrenees,great_pyrenees,0.6311803,"great_pyrenees, havanese, pomeranian, saint_bernard, english_cocker_spaniel",True,True
english_cocker_spaniel_57,english_cocker_spaniel,english_cocker_spaniel,0.76386815,"english_cocker_spaniel, havanese, newfoundland, english_setter, scottish_terrier",True,True
boxer_119,boxer,boxer,0.67089707,"boxer, basset_hound, miniature_pinscher, leonberger, german_shorthaired",True,True
beagle_21,beagle,basset_hound,0.9675469,"basset_hound, beagle, english_cocker_spaniel, boxer, miniature_pinscher",False,True
yorkshire_terrier_22,yorkshire_terrier,yorkshire_terrier,0.9983632,"yorkshire_terrier, scottish_terrier, english_cocker_spaniel, wheaten_terrier, miniature_pinscher",True,True
Sphynx_71,Sphynx,Abyssinian,0.7154416,"Abyssinian, Siamese, chihuahua, miniature_pinscher, Sphynx",False,True
boxer_130,boxer,boxer,0.9732574,"boxer, staffordshire_bull_terrier, saint_bernard, miniature_pinscher, basset_hound",True,True
Bombay_221,Bombay,Bombay,0.69241947,"Bombay, Abyssinian, american_pit_bull_terrier, Russian_Blue, chihuahua",True,True
miniature_pinscher_196,miniature_pinscher,miniature_pinscher,0.9994754,"miniature_pinscher, chihuahua, Bengal, yorkshire_terrier, american_pit_bull_terrier",True,True
newfoundland_140,newfoundland,newfoundland,0.9974141,"newfoundland, scottish_terrier, english_cocker_spaniel, havanese, yorkshire_terrier",True,True
staffordshire_bull_terrier_22,staffordshire_bull_terrier,staffordshire_bull_terrier,0.6721607,"staffordshire_bull_terrier, pug, german_shorthaired, american_pit_bull_terrier, boxer",True,True
staffordshire_bull_terrier_159,staffordshire_bull_terrier,staffordshire_bull_terrier,0.6889863,"staffordshire_bull_terrier, saint_bernard, american_pit_bull_terrier, beagle, boxer",True,True
beagle_98,beagle,beagle,0.99866426,"beagle, basset_hound, german_shorthaired, american_bulldog, japanese_chin",True,True
german_shorthaired_197,german_shorthaired,basset_hound,0.4743804,"basset_hound, german_shorthaired, saint_bernard, american_bulldog, english_setter",False,True
Birman_14,Birman,Birman,0.9326356,"Birman, Siamese, Ragdoll, keeshond, pug",True,True
Egyptian_Mau_121,Egyptian_Mau,Egyptian_Mau,0.9898099,"Egyptian_Mau, english_setter, British_Shorthair, Bengal, Sphynx",True,True
staffordshire_bull_terrier_14,staffordshire_bull_terrier,staffordshire_bull_terrier,0.99964416,"staffordshire_bull_terrier, american_pit_bull_terrier, newfoundland, pug, Bombay",True,True
beagle_54,beagle,beagle,0.9868448,"beagle, german_shorthaired, english_setter, chihuahua, saint_bernard",True,True
Egyptian_Mau_141,Egyptian_Mau,Egyptian_Mau,0.9977452,"Egyptian_Mau, Bengal, Russian_Blue, Sphynx, chihuahua",True,True
english_setter_59,english_setter,english_setter,0.9877879,"english_setter, english_cocker_spaniel, great_pyrenees, leonberger, Maine_Coon",True,True
Birman_76,Birman,Birman,0.93372583,"Birman, Siamese, leonberger, pug, Ragdoll",True,True
samoyed_51,samoyed,samoyed,0.99975365,"samoyed, great_pyrenees, pomeranian, Ragdoll, Persian",True,True
pomeranian_43,pomeranian,pomeranian,0.9900031,"pomeranian, samoyed, Persian, Ragdoll, shiba_inu",True,True
newfoundland_93,newfoundland,newfoundland,0.9992415,"newfoundland, english_cocker_spaniel, leonberger, havanese, scottish_terrier",True,True
miniature_pinscher_113,miniature_pinscher,miniature_pinscher,0.9875102,"miniature_pinscher, american_pit_bull_terrier, chihuahua, Siamese, Abyssinian",True,True
english_setter_95,english_setter,english_setter,0.98321897,"english_setter, english_cocker_spaniel, basset_hound, german_shorthaired, miniature_pinscher",True,True
staffordshire_bull_terrier_192,staffordshire_bull_terrier,boxer,0.67837626,"boxer, miniature_pinscher, staffordshire_bull_terrier, leonberger, american_bulldog",False,True
Sphynx_42,Sphynx,Sphynx,0.9962154,"Sphynx, chihuahua, american_bulldog, Ragdoll, Russian_Blue",True,True
saint_bernard_52,saint_bernard,saint_bernard,0.99633884,"saint_bernard, basset_hound, boxer, leonberger, english_setter",True,True
leonberger_15,leonberger,leonberger,0.90869415,"leonberger, boxer, saint_bernard, basset_hound, Bengal",True,True
english_setter_65,english_setter,english_cocker_spaniel,0.7663153,"english_cocker_spaniel, english_setter, basset_hound, wheaten_terrier, great_pyrenees",False,True
english_setter_43,english_setter,english_setter,0.97456646,"english_setter, english_cocker_spaniel, Maine_Coon, basset_hound, german_shorthaired",True,True
Bengal_69,Bengal,Bengal,0.7542209,"Bengal, Abyssinian, Maine_Coon, British_Shorthair, Ragdoll",True,True
Birman_140,Birman,Birman,0.99858093,"Birman, Ragdoll, Siamese, Persian, keeshond",True,True
english_cocker_spaniel_169,english_cocker_spaniel,english_cocker_spaniel,0.4604129,"english_cocker_spaniel, scottish_terrier, newfoundland, staffordshire_bull_terrier, german_shorthaired",True,True
wheaten_terrier_120,wheaten_terrier,wheaten_terrier,0.9905433,"wheaten_terrier, havanese, english_cocker_spaniel, english_setter, american_bulldog",True,True
Siamese_128,Siamese,Siamese,0.99984574,"Siamese, miniature_pinscher, Bombay, pug, chihuahua",True,True
chihuahua_35,chihuahua,chihuahua,0.998747,"chihuahua, pomeranian, Sphynx, japanese_chin, beagle",True,True
miniature_pinscher_17,miniature_pinscher,beagle,0.56779957,"beagle, basset_hound, miniature_pinscher, american_pit_bull_terrier, staffordshire_bull_terrier",False,True
german_shorthaired_135,german_shorthaired,german_shorthaired,0.9992786,"german_shorthaired, american_pit_bull_terrier, staffordshire_bull_terrier, newfoundland, english_setter",True,True
miniature_pinscher_47,miniature_pinscher,miniature_pinscher,0.73643214,"miniature_pinscher, boxer, Bengal, basset_hound, beagle",True,True
samoyed_112,samoyed,samoyed,0.9996112,"samoyed, shiba_inu, pomeranian, Ragdoll, great_pyrenees",True,True
havanese_68,havanese,havanese,0.8382864,"havanese, english_setter, japanese_chin, wheaten_terrier, pug",True,True
Siamese_73,Siamese,Siamese,0.99844813,"Siamese, Birman, Abyssinian, pug, chihuahua",True,True
chihuahua_82,chihuahua,chihuahua,0.6067864,"chihuahua, pomeranian, miniature_pinscher, yorkshire_terrier, Sphynx",True,True
scottish_terrier_187,scottish_terrier,scottish_terrier,0.92078227,"scottish_terrier, newfoundland, Bombay, yorkshire_terrier, Persian",True,True
newfoundland_25,newfoundland,newfoundland,0.812232,"newfoundland, leonberger, keeshond, havanese, great_pyrenees",True,True
Sphynx_66,Sphynx,Sphynx,0.9858041,"Sphynx, chihuahua, american_bulldog, Abyssinian, american_pit_bull_terrier",True,True
Abyssinian_111,Abyssinian,Abyssinian,0.9926602,"Abyssinian, Sphynx, Egyptian_Mau, Bengal, Russian_Blue",True,True
saint_bernard_58,saint_bernard,saint_bernard,0.99879825,"saint_bernard, great_pyrenees, american_bulldog, wheaten_terrier, english_setter",True,True
leonberger_28,leonberger,leonberger,0.98447555,"leonberger, newfoundland, keeshond, saint_bernard, Maine_Coon",True,True
Siamese_31,Siamese,Siamese,0.50808483,"Siamese, Birman, Ragdoll, keeshond, pug",True,True
shiba_inu_85,shiba_inu,shiba_inu,0.9990575,"shiba_inu, chihuahua, samoyed, Abyssinian, pomeranian",True,True
american_pit_bull_terrier_27,american_pit_bull_terrier,staffordshire_bull_terrier,0.7051144,"staffordshire_bull_terrier, american_pit_bull_terrier, american_bulldog, great_pyrenees, beagle",False,True
saint_bernard_173,saint_bernard,saint_bernard,0.36801225,"saint_bernard, english_setter, basset_hound, english_cocker_spaniel, staffordshire_bull_terrier",True,True
samoyed_91,samoyed,samoyed,0.50944114,"samoyed, Ragdoll, Persian, scottish_terrier, wheaten_terrier",True,True
Abyssinian_181,Abyssinian,Abyssinian,0.9951344,"Abyssinian, miniature_pinscher, american_pit_bull_terrier, shiba_inu, Bengal",True,True
Bengal_24,Bengal,Bengal,0.91767,"Bengal, Persian, Maine_Coon, Egyptian_Mau, yorkshire_terrier",True,True
keeshond_22,keeshond,keeshond,0.99967706,"keeshond, leonberger, Siamese, pomeranian, Birman",True,True
scottish_terrier_32,scottish_terrier,scottish_terrier,0.99772376,"scottish_terrier, wheaten_terrier, samoyed, yorkshire_terrier, havanese",True,True
leonberger_128,leonberger,english_cocker_spaniel,0.6695097,"english_cocker_spaniel, english_setter, basset_hound, american_pit_bull_terrier, german_shorthaired",False,False
scottish_terrier_197,scottish_terrier,scottish_terrier,0.9885389,"scottish_terrier, english_cocker_spaniel, yorkshire_terrier, havanese, newfoundland",True,True
staffordshire_bull_terrier_88,staffordshire_bull_terrier,staffordshire_bull_terrier,0.9997547,"staffordshire_bull_terrier, american_pit_bull_terrier, boxer, miniature_pinscher, german_shorthaired",True,True
american_bulldog_13,american_bulldog,american_bulldog,0.9996942,"american_bulldog, boxer, Ragdoll, american_pit_bull_terrier, pug",True,True
samoyed_13,samoyed,samoyed,0.9895648,"samoyed, great_pyrenees, pomeranian, shiba_inu, Ragdoll",True,True
keeshond_24,keeshond,keeshond,0.7548039,"keeshond, leonberger, english_setter, great_pyrenees, Birman",True,True
newfoundland_58,newfoundland,newfoundland,0.987763,"newfoundland, keeshond, leonberger, havanese, scottish_terrier",True,True
great_pyrenees_187,great_pyrenees,great_pyrenees,0.88324994,"great_pyrenees, english_setter, american_bulldog, samoyed, beagle",True,True
newfoundland_7,newfoundland,newfoundland,0.99996865,"newfoundland, leonberger, havanese, pomeranian, Bombay",True,True
japanese_chin_62,japanese_chin,japanese_chin,0.9997862,"japanese_chin, havanese, pomeranian, english_setter, Ragdoll",True,True
Russian_Blue_47,Russian_Blue,Russian_Blue,0.99201787,"Russian_Blue, Abyssinian, shiba_inu, Egyptian_Mau, Maine_Coon",True,True
havanese_149,havanese,newfoundland,0.6361652,"newfoundland, english_cocker_spaniel, havanese, scottish_terrier, yorkshire_terrier",False,True
english_setter_132,english_setter,english_setter,0.99824226,"english_setter, english_cocker_spaniel, basset_hound, great_pyrenees, american_bulldog",True,True
shiba_inu_176,shiba_inu,shiba_inu,0.98957586,"shiba_inu, chihuahua, Siamese, keeshond, Russian_Blue",True,True
Russian_Blue_205,Russian_Blue,British_Shorthair,0.44674292,"British_Shorthair, Egyptian_Mau, Russian_Blue, Ragdoll, Abyssinian",False,True
Abyssinian_166,Abyssinian,Abyssinian,0.99912125,"Abyssinian, Bengal, Russian_Blue, shiba_inu, British_Shorthair",True,True
newfoundland_175,newfoundland,newfoundland,0.9991511,"newfoundland, leonberger, staffordshire_bull_terrier, havanese, scottish_terrier",True,True
newfoundland_159,newfoundland,newfoundland,0.99227446,"newfoundland, leonberger, great_pyrenees, keeshond, havanese",True,True
miniature_pinscher_71,miniature_pinscher,boxer,0.7672522,"boxer, miniature_pinscher, shiba_inu, american_pit_bull_terrier, Abyssinian",False,True
english_setter_93,english_setter,english_setter,0.9581486,"english_setter, leonberger, keeshond, english_cocker_spaniel, Maine_Coon",True,True
basset_hound_68,basset_hound,basset_hound,0.8839388,"basset_hound, beagle, saint_bernard, boxer, german_shorthaired",True,True
Birman_157,Birman,Birman,0.88714284,"Birman, Ragdoll, Siamese, keeshond, Sphynx",True,True
Sphynx_190,Sphynx,Sphynx,0.98528856,"Sphynx, chihuahua, american_bulldog, scottish_terrier, english_setter",True,True
Abyssinian_167,Abyssinian,Abyssinian,0.9029377,"Abyssinian, Bengal, Sphynx, chihuahua, shiba_inu",True,True
Bombay_3,Bombay,Bombay,0.99980897,"Bombay, British_Shorthair, staffordshire_bull_terrier, Siamese, scottish_terrier",True,True
leonberger_57,leonberger,leonberger,0.9755913,"leonberger, keeshond, great_pyrenees, english_cocker_spaniel, newfoundland",True,True
samoyed_185,samoyed,samoyed,0.98623973,"samoyed, great_pyrenees, pomeranian, keeshond, Persian",True,True
german_shorthaired_8,german_shorthaired,german_shorthaired,0.85448265,"german_shorthaired, basset_hound, american_pit_bull_terrier, beagle, staffordshire_bull_terrier",True,True
yorkshire_terrier_133,yorkshire_terrier,yorkshire_terrier,0.99947554,"yorkshire_terrier, Bengal, scottish_terrier, miniature_pinscher, pomeranian",True,True
boxer_139,boxer,boxer,0.9818978,"boxer, american_bulldog, pug, Sphynx, staffordshire_bull_terrier",True,True
newfoundland_104,newfoundland,newfoundland,0.9928133,"newfoundland, leonberger, scottish_terrier, keeshond, havanese",True,True
boxer_132,boxer,boxer,0.75307626,"boxer, saint_bernard, american_bulldog, basset_hound, german_shorthaired",True,True
British_Shorthair_85,British_Shorthair,Abyssinian,0.3841547,"Abyssinian, British_Shorthair, Ragdoll, Egyptian_Mau, Maine_Coon",False,True
japanese_chin_48,japanese_chin,japanese_chin,0.98582965,"japanese_chin, saint_bernard, havanese, Birman, great_pyrenees",True,True
yorkshire_terrier_193,yorkshire_terrier,yorkshire_terrier,0.8969888,"yorkshire_terrier, chihuahua, pomeranian, miniature_pinscher, english_cocker_spaniel",True,True
english_setter_139,english_setter,english_setter,0.5140413,"english_setter, wheaten_terrier, english_cocker_spaniel, german_shorthaired, Egyptian_Mau",True,True
saint_bernard_143,saint_bernard,saint_bernard,0.7352345,"saint_bernard, japanese_chin, leonberger, great_pyrenees, english_setter",True,True
Maine_Coon_266,Maine_Coon,Maine_Coon,0.9960716,"Maine_Coon, Bengal, Persian, Ragdoll, Abyssinian",True,True
samoyed_66,samoyed,samoyed,0.9974081,"samoyed, shiba_inu, great_pyrenees, scottish_terrier, pomeranian",True,True
Maine_Coon_135,Maine_Coon,Maine_Coon,0.9977931,"Maine_Coon, Bengal, Abyssinian, Ragdoll, Persian",True,True
Bengal_88,Bengal,Bengal,0.9828384,"Bengal, newfoundland, english_cocker_spaniel, miniature_pinscher, Egyptian_Mau",True,True
yorkshire_terrier_93,yorkshire_terrier,havanese,0.7398896,"havanese, yorkshire_terrier, wheaten_terrier, pug, japanese_chin",False,True
Bombay_205,Bombay,Bombay,0.99388266,"Bombay, British_Shorthair, Siamese, Maine_Coon, scottish_terrier",True,True
wheaten_terrier_187,wheaten_terrier,wheaten_terrier,0.9198653,"wheaten_terrier, scottish_terrier, havanese, yorkshire_terrier, american_bulldog",True,True
american_bulldog_108,american_bulldog,beagle,0.94456905,"beagle, american_bulldog, staffordshire_bull_terrier, chihuahua, shiba_inu",False,True
saint_bernard_168,saint_bernard,saint_bernard,0.76960665,"saint_bernard, great_pyrenees, english_setter, basset_hound, beagle",True,True
japanese_chin_90,japanese_chin,japanese_chin,0.93413186,"japanese_chin, pomeranian, Ragdoll, saint_bernard, chihuahua",True,True
english_cocker_spaniel_74,english_cocker_spaniel,english_cocker_spaniel,0.6060738,"english_cocker_spaniel, basset_hound, wheaten_terrier, english_setter, yorkshire_terrier",True,True
miniature_pinscher_10,miniature_pinscher,miniature_pinscher,0.98622525,"miniature_pinscher, chihuahua, boxer, Bengal, Siamese",True,True
english_cocker_spaniel_73,english_cocker_spaniel,english_cocker_spaniel,0.9932875,"english_cocker_spaniel, english_setter, wheaten_terrier, basset_hound, great_pyrenees",True,True
beagle_187,beagle,beagle,0.99727875,"beagle, american_bulldog, american_pit_bull_terrier, staffordshire_bull_terrier, great_pyrenees",True,True
pomeranian_199,pomeranian,pomeranian,0.9485313,"pomeranian, leonberger, shiba_inu, great_pyrenees, yorkshire_terrier",True,True
american_pit_bull_terrier_194,american_pit_bull_terrier,american_pit_bull_terrier,0.9997087,"american_pit_bull_terrier, miniature_pinscher, american_bulldog, staffordshire_bull_terrier, english_setter",True,True
beagle_200,beagle,beagle,0.99966514,"beagle, american_bulldog, boxer, japanese_chin, basset_hound",True,True
american_bulldog_52,american_bulldog,american_pit_bull_terrier,0.8267351,"american_pit_bull_terrier, staffordshire_bull_terrier, saint_bernard, american_bulldog, great_pyrenees",False,True
havanese_3,havanese,havanese,0.9998266,"havanese, yorkshire_terrier, english_cocker_spaniel, japanese_chin, wheaten_terrier",True,True
Bombay_71,Bombay,Bombay,0.9998122,"Bombay, scottish_terrier, British_Shorthair, Siamese, chihuahua",True,True
chihuahua_138,chihuahua,chihuahua,0.9854615,"chihuahua, american_pit_bull_terrier, miniature_pinscher, Sphynx, english_setter",True,True
Ragdoll_59,Ragdoll,Ragdoll,0.9602906,"Ragdoll, Persian, Birman, american_bulldog, British_Shorthair",True,True
english_setter_151,english_setter,english_setter,0.9983394,"english_setter, english_cocker_spaniel, havanese, Maine_Coon, leonberger",True,True
boxer_131,boxer,boxer,0.78325695,"boxer, staffordshire_bull_terrier, beagle, american_bulldog, saint_bernard",True,True
Maine_Coon_182,Maine_Coon,Maine_Coon,0.99497485,"Maine_Coon, Persian, Ragdoll, keeshond, english_setter",True,True
american_bulldog_188,american_bulldog,american_bulldog,0.3023227,"american_bulldog, beagle, saint_bernard, Birman, pug",True,True
Persian_160,Persian,Persian,0.9537435,"Persian, Ragdoll, samoyed, great_pyrenees, havanese",True,True
newfoundland_194,newfoundland,newfoundland,0.987563,"newfoundland, Bombay, havanese, leonberger, scottish_terrier",True,True
scottish_terrier_163,scottish_terrier,scottish_terrier,0.98682064,"scottish_terrier, Bombay, chihuahua, yorkshire_terrier, Maine_Coon",True,True
german_shorthaired_147,german_shorthaired,german_shorthaired,0.83438855,"german_shorthaired, american_pit_bull_terrier, staffordshire_bull_terrier, basset_hound, British_Shorthair",True,True
english_cocker_spaniel_6,english_cocker_spaniel,english_cocker_spaniel,0.9983304,"english_cocker_spaniel, english_setter, yorkshire_terrier, wheaten_terrier, basset_hound",True,True
British_Shorthair_60,British_Shorthair,British_Shorthair,0.99948454,"British_Shorthair, Russian_Blue, Egyptian_Mau, Bombay, german_shorthaired",True,True
yorkshire_terrier_128,yorkshire_terrier,yorkshire_terrier,0.9992525,"yorkshire_terrier, miniature_pinscher, english_setter, havanese, pomeranian",True,True
great_pyrenees_35,great_pyrenees,great_pyrenees,0.9993104,"great_pyrenees, samoyed, english_setter, saint_bernard, leonberger",True,True
yorkshire_terrier_31,yorkshire_terrier,yorkshire_terrier,0.9920421,"yorkshire_terrier, english_cocker_spaniel, scottish_terrier, Bengal, basset_hound",True,True
beagle_37,beagle,beagle,0.99664354,"beagle, japanese_chin, chihuahua, basset_hound, american_bulldog",True,True
pug_173,pug,pug,0.99974364,"pug, american_bulldog, boxer, leonberger, english_setter",True,True
miniature_pinscher_102,miniature_pinscher,miniature_pinscher,0.6589047,"miniature_pinscher, Sphynx, shiba_inu, chihuahua, beagle",True,True
pomeranian_184,pomeranian,pomeranian,0.99851424,"pomeranian, great_pyrenees, samoyed, keeshond, japanese_chin",True,True
Egyptian_Mau_185,Egyptian_Mau,Egyptian_Mau,0.6664681,"Egyptian_Mau, Ragdoll, Bengal, Abyssinian, British_Shorthair",True,True
Maine_Coon_104,Maine_Coon,Maine_Coon,0.97109175,"Maine_Coon, Persian, wheaten_terrier, shiba_inu, pomeranian",True,True
wheaten_terrier_146,wheaten_terrier,wheaten_terrier,0.9990852,"wheaten_terrier, havanese, english_cocker_spaniel, great_pyrenees, american_bulldog",True,True
leonberger_82,leonberger,leonberger,0.845646,"leonberger, newfoundland, great_pyrenees, english_cocker_spaniel, pug",True,True
samoyed_164,samoyed,samoyed,0.9661579,"samoyed, great_pyrenees, pomeranian, Ragdoll, Persian",True,True
chihuahua_101,chihuahua,miniature_pinscher,0.51782763,"miniature_pinscher, Bengal, Abyssinian, american_pit_bull_terrier, Sphynx",False,False
newfoundland_125,newfoundland,newfoundland,0.9515782,"newfoundland, leonberger, keeshond, great_pyrenees, english_cocker_spaniel",True,True
Birman_51,Birman,Birman,0.9996965,"Birman, Ragdoll, Siamese, japanese_chin, keeshond",True,True
german_shorthaired_126,german_shorthaired,staffordshire_bull_terrier,0.4223034,"staffordshire_bull_terrier, german_shorthaired, american_pit_bull_terrier, miniature_pinscher, boxer",False,True
Egyptian_Mau_91,Egyptian_Mau,Egyptian_Mau,0.99953425,"Egyptian_Mau, Bengal, Russian_Blue, Sphynx, British_Shorthair",True,True
american_bulldog_51,american_bulldog,american_bulldog,0.8034382,"american_bulldog, american_pit_bull_terrier, english_setter, Sphynx, chihuahua",True,True
Russian_Blue_88,Russian_Blue,Russian_Blue,0.9996904,"Russian_Blue, British_Shorthair, Egyptian_Mau, shiba_inu, Siamese",True,True
staffordshire_bull_terrier_58,staffordshire_bull_terrier,american_pit_bull_terrier,0.5751132,"american_pit_bull_terrier, staffordshire_bull_terrier, beagle, american_bulldog, boxer",False,True
staffordshire_bull_terrier_199,staffordshire_bull_terrier,staffordshire_bull_terrier,0.7221587,"staffordshire_bull_terrier, newfoundland, scottish_terrier, keeshond, Russian_Blue",True,True
Bombay_140,Bombay,Bombay,0.8196367,"Bombay, British_Shorthair, chihuahua, miniature_pinscher, scottish_terrier",True,True
german_shorthaired_106,german_shorthaired,german_shorthaired,0.9997328,"german_shorthaired, american_pit_bull_terrier, beagle, english_setter, miniature_pinscher",True,True
saint_bernard_80,saint_bernard,saint_bernard,0.74861556,"saint_bernard, japanese_chin, beagle, pug, american_bulldog",True,True
miniature_pinscher_60,miniature_pinscher,miniature_pinscher,0.9858109,"miniature_pinscher, boxer, yorkshire_terrier, Bengal, Siamese",True,True
havanese_15,havanese,havanese,0.99861884,"havanese, great_pyrenees, english_setter, yorkshire_terrier, wheaten_terrier",True,True
saint_bernard_43,saint_bernard,english_setter,0.4295631,"english_setter, american_bulldog, american_pit_bull_terrier, beagle, saint_bernard",False,True
english_setter_15,english_setter,english_setter,0.99616134,"english_setter, english_cocker_spaniel, Maine_Coon, wheaten_terrier, Bengal",True,True
Maine_Coon_121,Maine_Coon,Persian,0.7240314,"Persian, Maine_Coon, Ragdoll, samoyed, pomeranian",False,True
staffordshire_bull_terrier_24,staffordshire_bull_terrier,american_pit_bull_terrier,0.9387955,"american_pit_bull_terrier, staffordshire_bull_terrier, miniature_pinscher, german_shorthaired, shiba_inu",False,True
pug_125,pug,pug,0.9977435,"pug, Siamese, chihuahua, american_bulldog, leonberger",True,True
english_setter_18,english_setter,english_setter,0.9660968,"english_setter, english_cocker_spaniel, Maine_Coon, saint_bernard, basset_hound",True,True
scottish_terrier_27,scottish_terrier,scottish_terrier,0.9724678,"scottish_terrier, wheaten_terrier, yorkshire_terrier, samoyed, shiba_inu",True,True
Abyssinian_83,Abyssinian,Abyssinian,0.8480277,"Abyssinian, Bengal, boxer, miniature_pinscher, basset_hound",True,True
pomeranian_82,pomeranian,pomeranian,0.9999695,"pomeranian, chihuahua, japanese_chin, shiba_inu, yorkshire_terrier",True,True
miniature_pinscher_54,miniature_pinscher,miniature_pinscher,0.99556977,"miniature_pinscher, boxer, Bengal, leonberger, chihuahua",True,True
shiba_inu_55,shiba_inu,shiba_inu,0.99994504,"shiba_inu, samoyed, pomeranian, chihuahua, leonberger",True,True
yorkshire_terrier_192,yorkshire_terrier,yorkshire_terrier,0.9858795,"yorkshire_terrier, english_cocker_spaniel, pomeranian, miniature_pinscher, chihuahua",True,True
Abyssinian_86,Abyssinian,Abyssinian,0.8258859,"Abyssinian, Bengal, Maine_Coon, Egyptian_Mau, Ragdoll",True,True
chihuahua_47,chihuahua,chihuahua,0.99877006,"chihuahua, miniature_pinscher, Siamese, shiba_inu, Abyssinian",True,True
miniature_pinscher_136,miniature_pinscher,miniature_pinscher,0.80442256,"miniature_pinscher, american_pit_bull_terrier, Abyssinian, chihuahua, British_Shorthair",True,True
Birman_12,Birman,Birman,0.9995115,"Birman, Siamese, Ragdoll, leonberger, pomeranian",True,True
samoyed_157,samoyed,samoyed,0.5483067,"samoyed, great_pyrenees, newfoundland, keeshond, Persian",True,True
japanese_chin_122,japanese_chin,japanese_chin,0.998939,"japanese_chin, pomeranian, chihuahua, beagle, english_cocker_spaniel",True,True
newfoundland_183,newfoundland,newfoundland,0.9940777,"newfoundland, leonberger, keeshond, great_pyrenees, havanese",True,True
Bombay_5,Bombay,Bombay,0.9989863,"Bombay, British_Shorthair, newfoundland, Russian_Blue, scottish_terrier",True,True
german_shorthaired_127,german_shorthaired,german_shorthaired,0.62216866,"german_shorthaired, staffordshire_bull_terrier, english_cocker_spaniel, newfoundland, Bombay",True,True
Sphynx_102,Sphynx,Sphynx,0.9986104,"Sphynx, american_bulldog, american_pit_bull_terrier, Abyssinian, chihuahua",True,True
basset_hound_60,basset_hound,basset_hound,0.97750187,"basset_hound, beagle, boxer, saint_bernard, american_bulldog",True,True
staffordshire_bull_terrier_47,staffordshire_bull_terrier,american_pit_bull_terrier,0.72409314,"american_pit_bull_terrier, staffordshire_bull_terrier, shiba_inu, beagle, miniature_pinscher",False,True
Siamese_205,Siamese,Siamese,0.9913169,"Siamese, Birman, Abyssinian, Russian_Blue, Bombay",True,True
Russian_Blue_29,Russian_Blue,British_Shorthair,0.5193175,"British_Shorthair, Russian_Blue, Siamese, keeshond, Abyssinian",False,True
leonberger_133,leonberger,leonberger,0.9984523,"leonberger, great_pyrenees, saint_bernard, wheaten_terrier, shiba_inu",True,True
american_bulldog_137,american_bulldog,american_bulldog,0.60073805,"american_bulldog, american_pit_bull_terrier, staffordshire_bull_terrier, german_shorthaired, boxer",True,True
shiba_inu_152,shiba_inu,Abyssinian,0.2627437,"Abyssinian, Ragdoll, american_pit_bull_terrier, Bengal, shiba_inu",False,True
saint_bernard_23,saint_bernard,english_setter,0.45640287,"english_setter, saint_bernard, american_bulldog, great_pyrenees, basset_hound",False,True
english_setter_176,english_setter,english_setter,0.4969893,"english_setter, basset_hound, english_cocker_spaniel, german_shorthaired, american_pit_bull_terrier",True,True
great_pyrenees_85,great_pyrenees,saint_bernard,0.45677984,"saint_bernard, great_pyrenees, japanese_chin, havanese, english_cocker_spaniel",False,True
leonberger_62,leonberger,leonberger,0.9911708,"leonberger, wheaten_terrier, great_pyrenees, saint_bernard, newfoundland",True,True
Egyptian_Mau_156,Egyptian_Mau,Egyptian_Mau,0.99951935,"Egyptian_Mau, english_setter, Bengal, Russian_Blue, British_Shorthair",True,True
beagle_69,beagle,beagle,0.79134464,"beagle, basset_hound, american_bulldog, saint_bernard, american_pit_bull_terrier",True,True
american_pit_bull_terrier_132,american_pit_bull_terrier,american_pit_bull_terrier,0.6067004,"american_pit_bull_terrier, american_bulldog, great_pyrenees, staffordshire_bull_terrier, pug",True,True
pug_20,pug,pug,0.87131774,"pug, staffordshire_bull_terrier, boxer, american_bulldog, leonberger",True,True
Bombay_191,Bombay,Bombay,0.999882,"Bombay, scottish_terrier, Siamese, chihuahua, Sphynx",True,True
miniature_pinscher_151,miniature_pinscher,miniature_pinscher,0.9999181,"miniature_pinscher, chihuahua, Bengal, Bombay, Siamese",True,True
British_Shorthair_111,British_Shorthair,British_Shorthair,0.9993237,"British_Shorthair, Russian_Blue, Bombay, Egyptian_Mau, Abyssinian",True,True
miniature_pinscher_103,miniature_pinscher,miniature_pinscher,0.9977537,"miniature_pinscher, american_pit_bull_terrier, staffordshire_bull_terrier, boxer, german_shorthaired",True,True
american_bulldog_200,american_bulldog,american_bulldog,0.73344135,"american_bulldog, Sphynx, english_setter, american_pit_bull_terrier, pug",True,True
Birman_3,Birman,Ragdoll,0.7779465,"Ragdoll, Persian, Birman, pomeranian, samoyed",False,True
British_Shorthair_48,British_Shorthair,British_Shorthair,0.94842255,"British_Shorthair, Persian, Ragdoll, japanese_chin, german_shorthaired",True,True
Egyptian_Mau_107,Egyptian_Mau,Egyptian_Mau,0.99877316,"Egyptian_Mau, Bengal, english_setter, British_Shorthair, Bombay",True,True
english_setter_66,english_setter,english_setter,0.99933845,"english_setter, great_pyrenees, american_bulldog, english_cocker_spaniel, Egyptian_Mau",True,True
Maine_Coon_10,Maine_Coon,Maine_Coon,0.74732447,"Maine_Coon, Bengal, leonberger, Ragdoll, Abyssinian",True,True
Siamese_112,Siamese,Siamese,0.75322235,"Siamese, Birman, leonberger, yorkshire_terrier, keeshond",True,True
beagle_28,beagle,beagle,0.9874445,"beagle, american_pit_bull_terrier, american_bulldog, german_shorthaired, english_setter",True,True
great_pyrenees_154,great_pyrenees,great_pyrenees,0.9881373,"great_pyrenees, samoyed, Persian, american_bulldog, Ragdoll",True,True
leonberger_103,leonberger,leonberger,0.7595183,"leonberger, boxer, Bengal, miniature_pinscher, newfoundland",True,True
beagle_158,beagle,beagle,0.5916114,"beagle, basset_hound, english_cocker_spaniel, german_shorthaired, english_setter",True,True
german_shorthaired_190,german_shorthaired,german_shorthaired,0.9825067,"german_shorthaired, beagle, saint_bernard, basset_hound, english_setter",True,True
staffordshire_bull_terrier_1,staffordshire_bull_terrier,staffordshire_bull_terrier,0.9770156,"staffordshire_bull_terrier, american_pit_bull_terrier, german_shorthaired, Russian_Blue, american_bulldog",True,True
scottish_terrier_169,scottish_terrier,scottish_terrier,0.9996592,"scottish_terrier, Bombay, yorkshire_terrier, staffordshire_bull_terrier, chihuahua",True,True
german_shorthaired_60,german_shorthaired,german_shorthaired,0.99607134,"german_shorthaired, staffordshire_bull_terrier, newfoundland, english_cocker_spaniel, american_pit_bull_terrier",True,True
wheaten_terrier_177,wheaten_terrier,wheaten_terrier,0.99999475,"wheaten_terrier, havanese, great_pyrenees, english_cocker_spaniel, scottish_terrier",True,True
pomeranian_87,pomeranian,Ragdoll,0.25200498,"Ragdoll, Persian, samoyed, shiba_inu, pomeranian",False,True
basset_hound_176,basset_hound,basset_hound,0.500117,"basset_hound, beagle, boxer, wheaten_terrier, saint_bernard",True,True
shiba_inu_171,shiba_inu,shiba_inu,0.9443891,"shiba_inu, wheaten_terrier, samoyed, leonberger, great_pyrenees",True,True
leonberger_163,leonberger,leonberger,0.9837107,"leonberger, keeshond, great_pyrenees, newfoundland, saint_bernard",True,True
Bengal_117,Bengal,Bengal,0.9997019,"Bengal, Maine_Coon, Egyptian_Mau, yorkshire_terrier, leonberger",True,True
Egyptian_Mau_87,Egyptian_Mau,Egyptian_Mau,0.9607155,"Egyptian_Mau, Bengal, german_shorthaired, Russian_Blue, yorkshire_terrier",True,True
Ragdoll_25,Ragdoll,Ragdoll,0.9822547,"Ragdoll, samoyed, Persian, Birman, Maine_Coon",True,True
havanese_69,havanese,wheaten_terrier,0.5207263,"wheaten_terrier, english_setter, great_pyrenees, havanese, Egyptian_Mau",False,True
British_Shorthair_106,British_Shorthair,British_Shorthair,0.9998361,"British_Shorthair, Russian_Blue, german_shorthaired, Persian, Bombay",True,True
japanese_chin_188,japanese_chin,japanese_chin,0.9982943,"japanese_chin, pomeranian, beagle, saint_bernard, Ragdoll",True,True
Russian_Blue_137,Russian_Blue,British_Shorthair,0.9337065,"British_Shorthair, Russian_Blue, Bombay, Egyptian_Mau, Maine_Coon",False,True
Sphynx_48,Sphynx,Sphynx,0.9937828,"Sphynx, american_bulldog, chihuahua, Abyssinian, Bengal",True,True
american_pit_bull_terrier_128,american_pit_bull_terrier,american_pit_bull_terrier,0.99295044,"american_pit_bull_terrier, miniature_pinscher, german_shorthaired, chihuahua, english_setter",True,True
saint_bernard_27,saint_bernard,saint_bernard,0.9763684,"saint_bernard, japanese_chin, leonberger, english_cocker_spaniel, Maine_Coon",True,True
pug_51,pug,pug,0.9997229,"pug, american_bulldog, staffordshire_bull_terrier, leonberger, Persian",True,True
beagle_33,beagle,american_pit_bull_terrier,0.7846796,"american_pit_bull_terrier, german_shorthaired, beagle, staffordshire_bull_terrier, english_setter",False,True
Abyssinian_97,Abyssinian,Abyssinian,0.54564744,"Abyssinian, Bengal, miniature_pinscher, Sphynx, Maine_Coon",True,True
pug_148,pug,pug,0.99981886,"pug, Siamese, american_bulldog, american_pit_bull_terrier, chihuahua",True,True
pug_85,pug,pug,0.99989605,"pug, boxer, leonberger, american_bulldog, Siamese",True,True
scottish_terrier_117,scottish_terrier,scottish_terrier,0.9945985,"scottish_terrier, yorkshire_terrier, Bombay, newfoundland, keeshond",True,True
scottish_terrier_191,scottish_terrier,scottish_terrier,0.9980732,"scottish_terrier, yorkshire_terrier, english_cocker_spaniel, newfoundland, Bombay",True,True
american_pit_bull_terrier_149,american_pit_bull_terrier,american_pit_bull_terrier,0.9998503,"american_pit_bull_terrier, staffordshire_bull_terrier, american_bulldog, german_shorthaired, miniature_pinscher",True,True
keeshond_60,keeshond,keeshond,0.99991333,"keeshond, pomeranian, leonberger, Persian, samoyed",True,True
beagle_30,beagle,beagle,0.59596187,"beagle, miniature_pinscher, american_bulldog, staffordshire_bull_terrier, shiba_inu",True,True
samoyed_141,samoyed,samoyed,0.8969427,"samoyed, great_pyrenees, pomeranian, shiba_inu, keeshond",True,True
Russian_Blue_94,Russian_Blue,Russian_Blue,0.975989,"Russian_Blue, Egyptian_Mau, Sphynx, British_Shorthair, Bombay",True,True
chihuahua_8,chihuahua,chihuahua,0.99964845,"chihuahua, Sphynx, miniature_pinscher, shiba_inu, Siamese",True,True
Bengal_12,Bengal,Bengal,0.99961436,"Bengal, Maine_Coon, Egyptian_Mau, Abyssinian, boxer",True,True
boxer_60,boxer,boxer,0.96995866,"boxer, pug, american_bulldog, beagle, staffordshire_bull_terrier",True,True
newfoundland_89,newfoundland,newfoundland,0.5941274,"newfoundland, scottish_terrier, german_shorthaired, english_cocker_spaniel, keeshond",True,True
Birman_19,Birman,Birman,0.9525793,"Birman, Siamese, Ragdoll, leonberger, keeshond",True,True
staffordshire_bull_terrier_46,staffordshire_bull_terrier,staffordshire_bull_terrier,0.9598993,"staffordshire_bull_terrier, american_pit_bull_terrier, miniature_pinscher, shiba_inu, Russian_Blue",True,True
Bombay_122,Bombay,Bombay,0.84667766,"Bombay, scottish_terrier, Sphynx, Persian, newfoundland",True,True
yorkshire_terrier_13,yorkshire_terrier,yorkshire_terrier,0.9913276,"yorkshire_terrier, scottish_terrier, pomeranian, havanese, miniature_pinscher",True,True
basset_hound_187,basset_hound,basset_hound,0.63129944,"basset_hound, beagle, boxer, staffordshire_bull_terrier, saint_bernard",True,True
keeshond_178,keeshond,keeshond,0.99614304,"keeshond, leonberger, Maine_Coon, english_setter, yorkshire_terrier",True,True
yorkshire_terrier_56,yorkshire_terrier,yorkshire_terrier,0.7998688,"yorkshire_terrier, havanese, scottish_terrier, english_cocker_spaniel, wheaten_terrier",True,True
staffordshire_bull_terrier_202,staffordshire_bull_terrier,staffordshire_bull_terrier,0.97187966,"staffordshire_bull_terrier, boxer, saint_bernard, american_pit_bull_terrier, basset_hound",True,True
great_pyrenees_61,great_pyrenees,great_pyrenees,0.9949679,"great_pyrenees, samoyed, havanese, english_setter, wheaten_terrier",True,True
Maine_Coon_26,Maine_Coon,Persian,0.94657093,"Persian, Maine_Coon, Ragdoll, english_setter, British_Shorthair",False,True
chihuahua_30,chihuahua,shiba_inu,0.7781009,"shiba_inu, chihuahua, Abyssinian, beagle, miniature_pinscher",False,True
Birman_95,Birman,Birman,0.9997923,"Birman, Ragdoll, Siamese, japanese_chin, Persian",True,True
pomeranian_135,pomeranian,pomeranian,0.9998878,"pomeranian, keeshond, Persian, samoyed, yorkshire_terrier",True,True
keeshond_66,keeshond,keeshond,0.94988865,"keeshond, leonberger, Birman, newfoundland, yorkshire_terrier",True,True
leonberger_72,leonberger,leonberger,0.9960461,"leonberger, pug, keeshond, english_setter, great_pyrenees",True,True
Persian_27,Persian,Persian,0.82464355,"Persian, Ragdoll, japanese_chin, Maine_Coon, British_Shorthair",True,True
keeshond_62,keeshond,keeshond,0.99943525,"keeshond, leonberger, pomeranian, great_pyrenees, Birman",True,True
keeshond_40,keeshond,keeshond,0.9953994,"keeshond, leonberger, yorkshire_terrier, Maine_Coon, pomeranian",True,True
basset_hound_44,basset_hound,basset_hound,0.8405313,"basset_hound, saint_bernard, staffordshire_bull_terrier, beagle, english_cocker_spaniel",True,True
British_Shorthair_96,British_Shorthair,British_Shorthair,0.24230039,"British_Shorthair, Sphynx, american_bulldog, Ragdoll, Persian",True,True
scottish_terrier_141,scottish_terrier,scottish_terrier,0.98922753,"scottish_terrier, english_cocker_spaniel, havanese, newfoundland, yorkshire_terrier",True,True
english_cocker_spaniel_146,english_cocker_spaniel,english_cocker_spaniel,0.889058,"english_cocker_spaniel, scottish_terrier, newfoundland, Persian, Bombay",True,True
yorkshire_terrier_136,yorkshire_terrier,yorkshire_terrier,0.9087001,"yorkshire_terrier, english_cocker_spaniel, havanese, wheaten_terrier, Bengal",True,True
japanese_chin_185,japanese_chin,japanese_chin,0.9990477,"japanese_chin, saint_bernard, havanese, Ragdoll, Birman",True,True
leonberger_182,leonberger,leonberger,0.9254488,"leonberger, newfoundland, keeshond, great_pyrenees, english_setter",True,True
saint_bernard_73,saint_bernard,saint_bernard,0.9252964,"saint_bernard, american_bulldog, boxer, basset_hound, beagle",True,True
Siamese_234,Siamese,Siamese,0.99934393,"Siamese, chihuahua, miniature_pinscher, pug, shiba_inu",True,True
Abyssinian_58,Abyssinian,Abyssinian,0.49799037,"Abyssinian, Bengal, Ragdoll, Maine_Coon, shiba_inu",True,True
Abyssinian_93,Abyssinian,Abyssinian,0.99851674,"Abyssinian, shiba_inu, leonberger, Ragdoll, British_Shorthair",True,True
leonberger_5,leonberger,leonberger,0.9584851,"leonberger, keeshond, yorkshire_terrier, wheaten_terrier, Maine_Coon",True,True
Egyptian_Mau_163,Egyptian_Mau,Egyptian_Mau,0.5402811,"Egyptian_Mau, Bengal, american_bulldog, pug, beagle",True,True
japanese_chin_112,japanese_chin,japanese_chin,0.99704933,"japanese_chin, saint_bernard, Birman, havanese, english_setter",True,True
german_shorthaired_24,german_shorthaired,german_shorthaired,0.97237295,"german_shorthaired, staffordshire_bull_terrier, boxer, american_pit_bull_terrier, miniature_pinscher",True,True
american_pit_bull_terrier_11,american_pit_bull_terrier,staffordshire_bull_terrier,0.8580028,"staffordshire_bull_terrier, american_pit_bull_terrier, basset_hound, boxer, german_shorthaired",False,True
american_pit_bull_terrier_200,american_pit_bull_terrier,shiba_inu,0.39020061,"shiba_inu, english_cocker_spaniel, wheaten_terrier, yorkshire_terrier, american_pit_bull_terrier",False,True
saint_bernard_95,saint_bernard,saint_bernard,0.9946688,"saint_bernard, english_cocker_spaniel, leonberger, japanese_chin, boxer",True,True
german_shorthaired_46,german_shorthaired,american_pit_bull_terrier,0.51258343,"american_pit_bull_terrier, staffordshire_bull_terrier, german_shorthaired, basset_hound, boxer",False,True
havanese_122,havanese,havanese,0.7922392,"havanese, wheaten_terrier, Abyssinian, english_cocker_spaniel, yorkshire_terrier",True,True
basset_hound_122,basset_hound,basset_hound,0.96488076,"basset_hound, boxer, beagle, american_bulldog, american_pit_bull_terrier",True,True
wheaten_terrier_50,wheaten_terrier,wheaten_terrier,0.9989008,"wheaten_terrier, havanese, great_pyrenees, american_bulldog, english_setter",True,True
Siamese_131,Siamese,Siamese,0.99995005,"Siamese, Birman, chihuahua, Bombay, pug",True,True
pug_14,pug,pug,0.99951684,"pug, boxer, american_bulldog, staffordshire_bull_terrier, leonberger",True,True
Russian_Blue_100,Russian_Blue,Russian_Blue,0.9452677,"Russian_Blue, Bombay, British_Shorthair, Abyssinian, Siamese",True,True
Bombay_159,Bombay,Bombay,0.99987125,"Bombay, Russian_Blue, scottish_terrier, Siamese, newfoundland",True,True
basset_hound_186,basset_hound,beagle,0.92765623,"beagle, basset_hound, great_pyrenees, american_bulldog, english_cocker_spaniel",False,True
Bengal_6,Bengal,Bengal,0.97678465,"Bengal, Egyptian_Mau, Maine_Coon, yorkshire_terrier, Abyssinian",True,True
Sphynx_137,Sphynx,Sphynx,0.99968076,"Sphynx, american_bulldog, chihuahua, Egyptian_Mau, scottish_terrier",True,True
Bengal_74,Bengal,Bengal,0.7645016,"Bengal, Egyptian_Mau, Abyssinian, yorkshire_terrier, miniature_pinscher",True,True
Birman_33,Birman,Birman,0.9943403,"Birman, Ragdoll, Siamese, pomeranian, japanese_chin",True,True
Bombay_181,Bombay,Bombay,0.9882174,"Bombay, Russian_Blue, Siamese, British_Shorthair, chihuahua",True,True
beagle_110,beagle,beagle,0.4890035,"beagle, basset_hound, german_shorthaired, english_setter, miniature_pinscher",True,True
havanese_175,havanese,havanese,0.9815025,"havanese, wheaten_terrier, yorkshire_terrier, english_cocker_spaniel, japanese_chin",True,True
newfoundland_22,newfoundland,scottish_terrier,0.9279996,"scottish_terrier, Bombay, newfoundland, staffordshire_bull_terrier, keeshond",False,True
wheaten_terrier_74,wheaten_terrier,wheaten_terrier,0.9631634,"wheaten_terrier, havanese, great_pyrenees, scottish_terrier, english_cocker_spaniel",True,True
chihuahua_159,chihuahua,miniature_pinscher,0.9946461,"miniature_pinscher, chihuahua, american_pit_bull_terrier, english_setter, yorkshire_terrier",False,True
beagle_154,beagle,beagle,0.99358034,"beagle, basset_hound, american_bulldog, boxer, shiba_inu",True,True
leonberger_147,leonberger,leonberger,0.9173466,"leonberger, Abyssinian, boxer, keeshond, Bengal",True,True
chihuahua_180,chihuahua,chihuahua,0.7394395,"chihuahua, yorkshire_terrier, miniature_pinscher, pomeranian, Siamese",True,True
Birman_138,Birman,Birman,0.96862197,"Birman, Ragdoll, japanese_chin, Siamese, american_bulldog",True,True
newfoundland_94,newfoundland,newfoundland,0.9920752,"newfoundland, english_cocker_spaniel, leonberger, scottish_terrier, havanese",True,True
Abyssinian_197,Abyssinian,Abyssinian,0.6926293,"Abyssinian, Bengal, Bombay, Egyptian_Mau, miniature_pinscher",True,True
British_Shorthair_79,British_Shorthair,Ragdoll,0.48780224,"Ragdoll, Persian, British_Shorthair, Maine_Coon, shiba_inu",False,True
newfoundland_120,newfoundland,newfoundland,0.8064287,"newfoundland, keeshond, english_cocker_spaniel, english_setter, leonberger",True,True
Siamese_86,Siamese,Siamese,0.99196213,"Siamese, Birman, chihuahua, Ragdoll, pug",True,True
keeshond_179,keeshond,havanese,0.40209427,"havanese, keeshond, great_pyrenees, wheaten_terrier, japanese_chin",False,True
basset_hound_32,basset_hound,basset_hound,0.4080179,"basset_hound, saint_bernard, wheaten_terrier, english_cocker_spaniel, american_bulldog",True,True
basset_hound_89,basset_hound,beagle,0.9738811,"beagle, basset_hound, great_pyrenees, shiba_inu, american_bulldog",False,True
great_pyrenees_50,great_pyrenees,great_pyrenees,0.9962521,"great_pyrenees, samoyed, leonberger, american_bulldog, wheaten_terrier",True,True
yorkshire_terrier_191,yorkshire_terrier,yorkshire_terrier,0.92597145,"yorkshire_terrier, english_cocker_spaniel, havanese, japanese_chin, english_setter",True,True
pug_166,pug,pug,0.9658648,"pug, english_setter, american_pit_bull_terrier, Siamese, miniature_pinscher",True,True
wheaten_terrier_178,wheaten_terrier,wheaten_terrier,0.98930806,"wheaten_terrier, Maine_Coon, english_setter, yorkshire_terrier, scottish_terrier",True,True
pomeranian_127,pomeranian,pomeranian,0.97129965,"pomeranian, chihuahua, yorkshire_terrier, japanese_chin, keeshond",True,True
samoyed_147,samoyed,great_pyrenees,0.5169336,"great_pyrenees, keeshond, samoyed, pomeranian, newfoundland",False,True
yorkshire_terrier_48,yorkshire_terrier,yorkshire_terrier,0.4804758,"yorkshire_terrier, english_cocker_spaniel, havanese, english_setter, wheaten_terrier",True,True
Russian_Blue_198,Russian_Blue,Russian_Blue,0.99955934,"Russian_Blue, Egyptian_Mau, British_Shorthair, shiba_inu, scottish_terrier",True,True
newfoundland_111,newfoundland,newfoundland,0.9994825,"newfoundland, leonberger, english_cocker_spaniel, keeshond, havanese",True,True
Siamese_71,Siamese,Siamese,0.99963605,"Siamese, Birman, Abyssinian, chihuahua, shiba_inu",True,True
chihuahua_20,chihuahua,chihuahua,0.9981863,"chihuahua, shiba_inu, Siamese, Sphynx, pug",True,True
havanese_95,havanese,havanese,0.99025494,"havanese, american_bulldog, wheaten_terrier, japanese_chin, english_cocker_spaniel",True,True
Persian_190,Persian,Persian,0.99975425,"Persian, Maine_Coon, havanese, english_setter, Ragdoll",True,True
japanese_chin_195,japanese_chin,japanese_chin,0.99973387,"japanese_chin, beagle, Ragdoll, saint_bernard, pomeranian",True,True
miniature_pinscher_26,miniature_pinscher,miniature_pinscher,0.99877363,"miniature_pinscher, Bengal, american_pit_bull_terrier, german_shorthaired, boxer",True,True
chihuahua_12,chihuahua,chihuahua,0.95891243,"chihuahua, shiba_inu, Abyssinian, miniature_pinscher, Siamese",True,True
english_cocker_spaniel_58,english_cocker_spaniel,english_cocker_spaniel,0.912492,"english_cocker_spaniel, newfoundland, basset_hound, english_setter, scottish_terrier",True,True
Birman_177,Birman,Birman,0.9876265,"Birman, Ragdoll, keeshond, Siamese, pomeranian",True,True
basset_hound_150,basset_hound,beagle,0.9966755,"beagle, basset_hound, american_bulldog, japanese_chin, boxer",False,True
chihuahua_175,chihuahua,chihuahua,0.83483446,"chihuahua, pomeranian, miniature_pinscher, american_pit_bull_terrier, Abyssinian",True,True
miniature_pinscher_78,miniature_pinscher,miniature_pinscher,0.9874018,"miniature_pinscher, boxer, Bengal, yorkshire_terrier, Bombay",True,True
american_bulldog_217,american_bulldog,american_bulldog,0.9882818,"american_bulldog, Sphynx, english_setter, great_pyrenees, basset_hound",True,True
Bombay_50,Bombay,Bombay,0.99962556,"Bombay, scottish_terrier, Siamese, chihuahua, Russian_Blue",True,True
chihuahua_196,chihuahua,yorkshire_terrier,0.6126811,"yorkshire_terrier, pomeranian, japanese_chin, miniature_pinscher, chihuahua",False,True
leonberger_59,leonberger,leonberger,0.51751864,"leonberger, german_shorthaired, newfoundland, english_setter, miniature_pinscher",True,True
german_shorthaired_179,german_shorthaired,german_shorthaired,0.91233903,"german_shorthaired, english_setter, american_pit_bull_terrier, basset_hound, english_cocker_spaniel",True,True
german_shorthaired_199,german_shorthaired,german_shorthaired,0.7535448,"german_shorthaired, boxer, basset_hound, saint_bernard, beagle",True,True
german_shorthaired_175,german_shorthaired,german_shorthaired,0.31986704,"german_shorthaired, american_pit_bull_terrier, staffordshire_bull_terrier, beagle, basset_hound",True,True
Russian_Blue_207,Russian_Blue,Russian_Blue,0.9988194,"Russian_Blue, British_Shorthair, Egyptian_Mau, shiba_inu, Siamese",True,True
german_shorthaired_42,german_shorthaired,german_shorthaired,0.9971533,"german_shorthaired, american_pit_bull_terrier, beagle, miniature_pinscher, english_cocker_spaniel",True,True
samoyed_156,samoyed,samoyed,0.9638764,"samoyed, pomeranian, shiba_inu, great_pyrenees, Ragdoll",True,True
american_bulldog_39,american_bulldog,american_bulldog,0.9916511,"american_bulldog, staffordshire_bull_terrier, american_pit_bull_terrier, boxer, pug",True,True
japanese_chin_174,japanese_chin,japanese_chin,0.95292336,"japanese_chin, english_cocker_spaniel, english_setter, saint_bernard, havanese",True,True
havanese_20,havanese,havanese,0.92337793,"havanese, great_pyrenees, wheaten_terrier, english_setter, american_bulldog",True,True
Egyptian_Mau_168,Egyptian_Mau,Egyptian_Mau,0.9995784,"Egyptian_Mau, Bengal, Russian_Blue, Sphynx, Maine_Coon",True,True
german_shorthaired_33,german_shorthaired,german_shorthaired,0.97783697,"german_shorthaired, beagle, staffordshire_bull_terrier, american_pit_bull_terrier, Russian_Blue",True,True
wheaten_terrier_43,wheaten_terrier,wheaten_terrier,0.998787,"wheaten_terrier, scottish_terrier, havanese, samoyed, great_pyrenees",True,True
Siamese_250,Siamese,Siamese,0.64426416,"Siamese, Sphynx, Birman, Bombay, Ragdoll",True,True
saint_bernard_67,saint_bernard,saint_bernard,0.88490033,"saint_bernard, boxer, beagle, basset_hound, german_shorthaired",True,True
British_Shorthair_3,British_Shorthair,British_Shorthair,0.8895267,"British_Shorthair, Russian_Blue, Egyptian_Mau, Bombay, Abyssinian",True,True
american_bulldog_212,american_bulldog,american_bulldog,0.76426154,"american_bulldog, american_pit_bull_terrier, english_setter, chihuahua, Sphynx",True,True
shiba_inu_40,shiba_inu,shiba_inu,0.996741,"shiba_inu, samoyed, pomeranian, beagle, staffordshire_bull_terrier",True,True
pug_79,pug,pug,0.9993018,"pug, american_bulldog, Siamese, staffordshire_bull_terrier, japanese_chin",True,True
german_shorthaired_76,german_shorthaired,german_shorthaired,0.9999372,"german_shorthaired, staffordshire_bull_terrier, english_cocker_spaniel, american_pit_bull_terrier, beagle",True,True
Maine_Coon_143,Maine_Coon,Maine_Coon,0.99901927,"Maine_Coon, Abyssinian, Bengal, Persian, Ragdoll",True,True
boxer_32,boxer,boxer,0.46096227,"boxer, american_bulldog, beagle, staffordshire_bull_terrier, saint_bernard",True,True
german_shorthaired_178,german_shorthaired,german_shorthaired,0.9863002,"german_shorthaired, american_pit_bull_terrier, english_setter, american_bulldog, staffordshire_bull_terrier",True,True
great_pyrenees_124,great_pyrenees,great_pyrenees,0.999635,"great_pyrenees, english_setter, english_cocker_spaniel, havanese, leonberger",True,True
Ragdoll_170,Ragdoll,Birman,0.62688243,"Birman, Persian, Ragdoll, pomeranian, samoyed",False,True
pomeranian_133,pomeranian,pomeranian,0.9944277,"pomeranian, keeshond, yorkshire_terrier, samoyed, japanese_chin",True,True
german_shorthaired_177,german_shorthaired,german_shorthaired,0.96630657,"german_shorthaired, basset_hound, english_setter, american_pit_bull_terrier, beagle",True,True
american_pit_bull_terrier_152,american_pit_bull_terrier,american_pit_bull_terrier,0.5218908,"american_pit_bull_terrier, miniature_pinscher, shiba_inu, german_shorthaired, basset_hound",True,True
miniature_pinscher_68,miniature_pinscher,miniature_pinscher,0.99829835,"miniature_pinscher, chihuahua, Siamese, Bombay, boxer",True,True
Ragdoll_26,Ragdoll,Persian,0.44778135,"Persian, Ragdoll, Birman, British_Shorthair, samoyed",False,True
Persian_192,Persian,Persian,0.9940241,"Persian, Ragdoll, japanese_chin, British_Shorthair, pomeranian",True,True
Persian_144,Persian,Ragdoll,0.9056895,"Ragdoll, Maine_Coon, wheaten_terrier, Birman, Persian",False,True
leonberger_168,leonberger,leonberger,0.967036,"leonberger, keeshond, newfoundland, great_pyrenees, wheaten_terrier",True,True
Ragdoll_219,Ragdoll,Siamese,0.92588115,"Siamese, Birman, Ragdoll, keeshond, Bombay",False,True
japanese_chin_71,japanese_chin,japanese_chin,0.97032624,"japanese_chin, Birman, Persian, Ragdoll, havanese",True,True
Persian_135,Persian,Persian,0.99997735,"Persian, samoyed, Ragdoll, pomeranian, havanese",True,True
staffordshire_bull_terrier_110,staffordshire_bull_terrier,american_bulldog,0.9678311,"american_bulldog, pug, boxer, beagle, staffordshire_bull_terrier",False,True
leonberger_191,leonberger,leonberger,0.9984138,"leonberger, keeshond, great_pyrenees, newfoundland, english_setter",True,True
german_shorthaired_144,german_shorthaired,german_shorthaired,0.92319465,"german_shorthaired, american_bulldog, staffordshire_bull_terrier, newfoundland, american_pit_bull_terrier",True,True
Egyptian_Mau_50,Egyptian_Mau,Bengal,0.7579082,"Bengal, Egyptian_Mau, pug, english_setter, german_shorthaired",False,True
miniature_pinscher_154,miniature_pinscher,miniature_pinscher,0.9999615,"miniature_pinscher, american_pit_bull_terrier, yorkshire_terrier, german_shorthaired, chihuahua",True,True
beagle_46,beagle,beagle,0.9695089,"beagle, basset_hound, japanese_chin, english_cocker_spaniel, saint_bernard",True,True
basset_hound_138,basset_hound,basset_hound,0.58962244,"basset_hound, english_cocker_spaniel, boxer, beagle, Bengal",True,True
British_Shorthair_2,British_Shorthair,British_Shorthair,0.99996436,"British_Shorthair, Russian_Blue, Egyptian_Mau, Bombay, Persian",True,True
Maine_Coon_96,Maine_Coon,Maine_Coon,0.9703992,"Maine_Coon, Ragdoll, Persian, japanese_chin, Abyssinian",True,True
newfoundland_182,newfoundland,newfoundland,0.9573259,"newfoundland, japanese_chin, english_cocker_spaniel, havanese, basset_hound",True,True
german_shorthaired_161,german_shorthaired,german_shorthaired,0.588438,"german_shorthaired, basset_hound, beagle, american_pit_bull_terrier, miniature_pinscher",True,True
keeshond_3,keeshond,keeshond,0.9999976,"keeshond, leonberger, pomeranian, newfoundland, Maine_Coon",True,True
keeshond_113,keeshond,keeshond,0.97335196,"keeshond, Birman, Ragdoll, leonberger, scottish_terrier",True,True
Sphynx_55,Sphynx,Sphynx,0.9989201,"Sphynx, chihuahua, american_bulldog, Egyptian_Mau, Abyssinian",True,True
keeshond_53,keeshond,keeshond,0.99890924,"keeshond, leonberger, Siamese, pomeranian, Russian_Blue",True,True
basset_hound_102,basset_hound,basset_hound,0.9950069,"basset_hound, beagle, english_setter, english_cocker_spaniel, saint_bernard",True,True
american_pit_bull_terrier_82,american_pit_bull_terrier,american_pit_bull_terrier,0.9218585,"american_pit_bull_terrier, german_shorthaired, american_bulldog, staffordshire_bull_terrier, beagle",True,True
Bombay_23,Bombay,Bombay,0.9704484,"Bombay, Siamese, scottish_terrier, Sphynx, chihuahua",True,True
wheaten_terrier_110,wheaten_terrier,havanese,0.84092635,"havanese, wheaten_terrier, yorkshire_terrier, english_cocker_spaniel, scottish_terrier",False,True
chihuahua_64,chihuahua,chihuahua,0.9199773,"chihuahua, Sphynx, shiba_inu, american_pit_bull_terrier, beagle",True,True
pug_187,pug,pug,0.9978828,"pug, american_bulldog, chihuahua, american_pit_bull_terrier, boxer",True,True
english_cocker_spaniel_71,english_cocker_spaniel,english_cocker_spaniel,0.9995284,"english_cocker_spaniel, english_setter, havanese, scottish_terrier, basset_hound",True,True
Bombay_139,Bombay,Bombay,0.81928694,"Bombay, Russian_Blue, Egyptian_Mau, British_Shorthair, Sphynx",True,True
wheaten_terrier_39,wheaten_terrier,wheaten_terrier,0.6400584,"wheaten_terrier, havanese, scottish_terrier, yorkshire_terrier, american_bulldog",True,True
boxer_68,boxer,boxer,0.99548197,"boxer, staffordshire_bull_terrier, american_bulldog, german_shorthaired, pug",True,True
Siamese_191,Siamese,Siamese,0.99652016,"Siamese, Abyssinian, miniature_pinscher, Bombay, Birman",True,True
Birman_154,Birman,Birman,0.90616524,"Birman, Siamese, Ragdoll, keeshond, Bombay",True,True
pug_46,pug,pug,0.9921629,"pug, american_bulldog, Siamese, english_setter, wheaten_terrier",True,True
havanese_174,havanese,havanese,0.99978775,"havanese, wheaten_terrier, english_cocker_spaniel, great_pyrenees, yorkshire_terrier",True,True
Bengal_161,Bengal,Egyptian_Mau,0.50189,"Egyptian_Mau, Bengal, english_setter, yorkshire_terrier, Abyssinian",False,True
american_pit_bull_terrier_156,american_pit_bull_terrier,american_pit_bull_terrier,0.9992901,"american_pit_bull_terrier, staffordshire_bull_terrier, miniature_pinscher, german_shorthaired, american_bulldog",True,True
american_pit_bull_terrier_140,american_pit_bull_terrier,american_pit_bull_terrier,0.64689887,"american_pit_bull_terrier, staffordshire_bull_terrier, chihuahua, saint_bernard, miniature_pinscher",True,True
Sphynx_56,Sphynx,Sphynx,0.759499,"Sphynx, chihuahua, Abyssinian, saint_bernard, beagle",True,True
american_bulldog_103,american_bulldog,american_bulldog,0.98638517,"american_bulldog, beagle, boxer, basset_hound, english_setter",True,True
boxer_134,boxer,pug,0.56430477,"pug, boxer, staffordshire_bull_terrier, american_bulldog, Bombay",False,True
havanese_30,havanese,havanese,0.99817514,"havanese, wheaten_terrier, yorkshire_terrier, scottish_terrier, great_pyrenees",True,True
saint_bernard_82,saint_bernard,saint_bernard,0.9815144,"saint_bernard, english_setter, basset_hound, great_pyrenees, beagle",True,True
samoyed_79,samoyed,samoyed,0.9991047,"samoyed, great_pyrenees, Ragdoll, pomeranian, shiba_inu",True,True
yorkshire_terrier_98,yorkshire_terrier,yorkshire_terrier,0.97573674,"yorkshire_terrier, scottish_terrier, havanese, wheaten_terrier, english_cocker_spaniel",True,True
newfoundland_47,newfoundland,newfoundland,0.99980456,"newfoundland, leonberger, english_cocker_spaniel, scottish_terrier, german_shorthaired",True,True
miniature_pinscher_177,miniature_pinscher,miniature_pinscher,0.9999976,"miniature_pinscher, american_pit_bull_terrier, chihuahua, Bengal, yorkshire_terrier",True,True
saint_bernard_106,saint_bernard,saint_bernard,0.9869566,"saint_bernard, basset_hound, boxer, leonberger, beagle",True,True
keeshond_50,keeshond,keeshond,0.967725,"keeshond, samoyed, pomeranian, great_pyrenees, scottish_terrier",True,True
basset_hound_160,basset_hound,basset_hound,0.99995255,"basset_hound, beagle, english_cocker_spaniel, saint_bernard, english_setter",True,True
Siamese_40,Siamese,Siamese,0.37105295,"Siamese, Birman, Sphynx, Ragdoll, pug",True,True
leonberger_42,leonberger,leonberger,0.86255765,"leonberger, boxer, wheaten_terrier, shiba_inu, keeshond",True,True
saint_bernard_118,saint_bernard,saint_bernard,0.9933316,"saint_bernard, japanese_chin, Bengal, basset_hound, american_bulldog",True,True
keeshond_63,keeshond,keeshond,0.99857306,"keeshond, Persian, Birman, samoyed, Maine_Coon",True,True
havanese_153,havanese,havanese,0.86365217,"havanese, scottish_terrier, yorkshire_terrier, pug, newfoundland",True,True
Maine_Coon_108,Maine_Coon,Maine_Coon,0.9677536,"Maine_Coon, Bengal, yorkshire_terrier, Persian, Egyptian_Mau",True,True
Egyptian_Mau_102,Egyptian_Mau,Egyptian_Mau,0.9996401,"Egyptian_Mau, Bengal, Russian_Blue, Abyssinian, Maine_Coon",True,True
miniature_pinscher_148,miniature_pinscher,american_pit_bull_terrier,0.6589198,"american_pit_bull_terrier, chihuahua, miniature_pinscher, american_bulldog, english_setter",False,True
yorkshire_terrier_166,yorkshire_terrier,yorkshire_terrier,0.9635819,"yorkshire_terrier, havanese, scottish_terrier, japanese_chin, Sphynx",True,True
american_bulldog_42,american_bulldog,american_bulldog,0.83002704,"american_bulldog, american_pit_bull_terrier, japanese_chin, beagle, Sphynx",True,True
Abyssinian_19,Abyssinian,Abyssinian,0.99746954,"Abyssinian, Siamese, Bengal, Russian_Blue, miniature_pinscher",True,True
wheaten_terrier_126,wheaten_terrier,german_shorthaired,0.7516094,"german_shorthaired, wheaten_terrier, american_bulldog, boxer, beagle",False,True
newfoundland_62,newfoundland,scottish_terrier,0.48932168,"scottish_terrier, keeshond, newfoundland, staffordshire_bull_terrier, Bombay",False,True
pomeranian_123,pomeranian,pomeranian,0.99962246,"pomeranian, samoyed, Ragdoll, shiba_inu, Persian",True,True
wheaten_terrier_121,wheaten_terrier,havanese,0.85980874,"havanese, wheaten_terrier, yorkshire_terrier, scottish_terrier, english_setter",False,True
boxer_25,boxer,basset_hound,0.2889867,"basset_hound, american_bulldog, beagle, boxer, american_pit_bull_terrier",False,True
newfoundland_137,newfoundland,newfoundland,0.9990181,"newfoundland, english_cocker_spaniel, leonberger, german_shorthaired, havanese",True,True
staffordshire_bull_terrier_115,staffordshire_bull_terrier,staffordshire_bull_terrier,0.9988657,"staffordshire_bull_terrier, american_pit_bull_terrier, Ragdoll, american_bulldog, miniature_pinscher",True,True
Bombay_82,Bombay,Bombay,0.99980277,"Bombay, Siamese, chihuahua, scottish_terrier, miniature_pinscher",True,True
pomeranian_81,pomeranian,pomeranian,0.9999628,"pomeranian, samoyed, shiba_inu, Ragdoll, chihuahua",True,True
samoyed_107,samoyed,samoyed,0.998563,"samoyed, pomeranian, great_pyrenees, Ragdoll, shiba_inu",True,True
Russian_Blue_216,Russian_Blue,Sphynx,0.70980257,"Sphynx, Egyptian_Mau, Abyssinian, chihuahua, Russian_Blue",False,True
Bengal_133,Bengal,Bengal,0.7654799,"Bengal, Egyptian_Mau, Maine_Coon, english_setter, yorkshire_terrier",True,True
Bombay_112,Bombay,Bombay,0.9997801,"Bombay, Siamese, scottish_terrier, chihuahua, Russian_Blue",True,True
wheaten_terrier_32,wheaten_terrier,wheaten_terrier,0.9823369,"wheaten_terrier, yorkshire_terrier, english_cocker_spaniel, Abyssinian, scottish_terrier",True,True
pug_201,pug,pug,0.9947813,"pug, leonberger, Bengal, boxer, Siamese",True,True
havanese_194,havanese,havanese,0.99865377,"havanese, yorkshire_terrier, english_setter, english_cocker_spaniel, japanese_chin",True,True
British_Shorthair_271,British_Shorthair,British_Shorthair,0.9999509,"British_Shorthair, Russian_Blue, Bombay, Persian, Egyptian_Mau",True,True
great_pyrenees_33,great_pyrenees,great_pyrenees,0.4685712,"great_pyrenees, samoyed, staffordshire_bull_terrier, shiba_inu, american_bulldog",True,True
Egyptian_Mau_93,Egyptian_Mau,Egyptian_Mau,0.99564654,"Egyptian_Mau, Bengal, chihuahua, Abyssinian, British_Shorthair",True,True
basset_hound_98,basset_hound,basset_hound,0.9833504,"basset_hound, beagle, american_pit_bull_terrier, saint_bernard, staffordshire_bull_terrier",True,True
basset_hound_172,basset_hound,beagle,0.74832475,"beagle, basset_hound, saint_bernard, english_cocker_spaniel, english_setter",False,True
Siamese_206,Siamese,Ragdoll,0.889319,"Ragdoll, Birman, British_Shorthair, Russian_Blue, chihuahua",False,False
chihuahua_139,chihuahua,chihuahua,0.9978934,"chihuahua, american_pit_bull_terrier, Ragdoll, Sphynx, shiba_inu",True,True
chihuahua_191,chihuahua,chihuahua,0.9990884,"chihuahua, pomeranian, shiba_inu, miniature_pinscher, Sphynx",True,True
Ragdoll_228,Ragdoll,Birman,0.99448675,"Birman, Ragdoll, Siamese, japanese_chin, samoyed",False,True
Egyptian_Mau_31,Egyptian_Mau,Bengal,0.7578787,"Bengal, Egyptian_Mau, yorkshire_terrier, miniature_pinscher, german_shorthaired",False,True
basset_hound_128,basset_hound,basset_hound,0.99768364,"basset_hound, beagle, american_pit_bull_terrier, english_cocker_spaniel, english_setter",True,True
Bengal_104,Bengal,Bengal,0.9999701,"Bengal, Egyptian_Mau, Maine_Coon, Abyssinian, boxer",True,True
scottish_terrier_59,scottish_terrier,scottish_terrier,0.99474806,"scottish_terrier, Russian_Blue, Bombay, chihuahua, english_cocker_spaniel",True,True
wheaten_terrier_165,wheaten_terrier,wheaten_terrier,0.999529,"wheaten_terrier, havanese, great_pyrenees, leonberger, american_bulldog",True,True
havanese_160,havanese,havanese,0.9730734,"havanese, wheaten_terrier, english_setter, yorkshire_terrier, great_pyrenees",True,True
scottish_terrier_22,scottish_terrier,scottish_terrier,0.99896264,"scottish_terrier, newfoundland, english_cocker_spaniel, yorkshire_terrier, havanese",True,True
Ragdoll_182,Ragdoll,Ragdoll,0.9685099,"Ragdoll, Persian, Maine_Coon, samoyed, pomeranian",True,True
pomeranian_94,pomeranian,pomeranian,0.9998534,"pomeranian, samoyed, keeshond, Persian, Ragdoll",True,True
Birman_176,Birman,Birman,0.83612806,"Birman, Ragdoll, Siamese, Abyssinian, Sphynx",True,True
Maine_Coon_210,Maine_Coon,Maine_Coon,0.9982141,"Maine_Coon, Ragdoll, Bengal, Persian, Egyptian_Mau",True,True
shiba_inu_166,shiba_inu,shiba_inu,0.8657243,"shiba_inu, chihuahua, pomeranian, beagle, staffordshire_bull_terrier",True,True
Ragdoll_97,Ragdoll,Ragdoll,0.770668,"Ragdoll, Birman, japanese_chin, Persian, saint_bernard",True,True
boxer_124,boxer,boxer,0.764114,"boxer, basset_hound, saint_bernard, miniature_pinscher, beagle",True,True
British_Shorthair_68,British_Shorthair,British_Shorthair,0.4869766,"British_Shorthair, Sphynx, Russian_Blue, american_bulldog, Abyssinian",True,True
Ragdoll_128,Ragdoll,Ragdoll,0.99957854,"Ragdoll, Persian, Birman, Maine_Coon, samoyed",True,True
miniature_pinscher_66,miniature_pinscher,miniature_pinscher,0.9999584,"miniature_pinscher, boxer, chihuahua, Bengal, german_shorthaired",True,True
Bengal_176,Bengal,Russian_Blue,0.4620851,"Russian_Blue, Abyssinian, British_Shorthair, Maine_Coon, Egyptian_Mau",False,False
miniature_pinscher_97,miniature_pinscher,miniature_pinscher,0.99303025,"miniature_pinscher, american_pit_bull_terrier, boxer, staffordshire_bull_terrier, basset_hound",True,True
Bombay_141,Bombay,Bombay,0.9921744,"Bombay, scottish_terrier, British_Shorthair, Siamese, staffordshire_bull_terrier",True,True
Siamese_94,Siamese,Siamese,0.9981134,"Siamese, Birman, chihuahua, miniature_pinscher, Bombay",True,True
British_Shorthair_58,British_Shorthair,British_Shorthair,0.9981937,"British_Shorthair, Russian_Blue, Bombay, Egyptian_Mau, Persian",True,True
keeshond_136,keeshond,keeshond,0.728655,"keeshond, Birman, leonberger, great_pyrenees, Persian",True,True
Persian_89,Persian,Persian,0.88157386,"Persian, Birman, Ragdoll, samoyed, japanese_chin",True,True
Birman_128,Birman,Birman,0.992305,"Birman, Siamese, Ragdoll, keeshond, leonberger",True,True
scottish_terrier_39,scottish_terrier,wheaten_terrier,0.61652833,"wheaten_terrier, scottish_terrier, havanese, samoyed, yorkshire_terrier",False,True
newfoundland_26,newfoundland,newfoundland,0.39217108,"newfoundland, Bombay, pug, german_shorthaired, miniature_pinscher",True,True
wheaten_terrier_4,wheaten_terrier,wheaten_terrier,0.93487084,"wheaten_terrier, havanese, english_cocker_spaniel, english_setter, yorkshire_terrier",True,True
miniature_pinscher_9,miniature_pinscher,chihuahua,0.25823978,"chihuahua, Ragdoll, american_pit_bull_terrier, pug, Siamese",False,False
havanese_70,havanese,havanese,0.964803,"havanese, newfoundland, yorkshire_terrier, scottish_terrier, japanese_chin",True,True
great_pyrenees_130,great_pyrenees,great_pyrenees,0.99962413,"great_pyrenees, samoyed, american_bulldog, english_setter, saint_bernard",True,True
japanese_chin_41,japanese_chin,japanese_chin,0.9976362,"japanese_chin, pomeranian, beagle, chihuahua, Birman",True,True
english_setter_124,english_setter,english_setter,0.9997893,"english_setter, great_pyrenees, wheaten_terrier, english_cocker_spaniel, leonberger",True,True
staffordshire_bull_terrier_12,staffordshire_bull_terrier,beagle,0.81986725,"beagle, american_bulldog, chihuahua, boxer, shiba_inu",False,False
British_Shorthair_207,British_Shorthair,British_Shorthair,0.9825582,"British_Shorthair, Russian_Blue, Egyptian_Mau, Bombay, german_shorthaired",True,True
Russian_Blue_34,Russian_Blue,Russian_Blue,0.997931,"Russian_Blue, British_Shorthair, Sphynx, Egyptian_Mau, Abyssinian",True,True
Egyptian_Mau_8,Egyptian_Mau,Egyptian_Mau,0.9992224,"Egyptian_Mau, Bengal, Russian_Blue, British_Shorthair, Sphynx",True,True
american_bulldog_111,american_bulldog,american_bulldog,0.99737537,"american_bulldog, american_pit_bull_terrier, great_pyrenees, staffordshire_bull_terrier, boxer",True,True
Egyptian_Mau_215,Egyptian_Mau,Egyptian_Mau,0.8673159,"Egyptian_Mau, Bengal, British_Shorthair, Sphynx, Maine_Coon",True,True
Persian_141,Persian,Persian,0.99939716,"Persian, Ragdoll, British_Shorthair, pomeranian, samoyed",True,True
havanese_129,havanese,havanese,0.63915795,"havanese, yorkshire_terrier, english_setter, english_cocker_spaniel, newfoundland",True,True
english_setter_170,english_setter,wheaten_terrier,0.52381027,"wheaten_terrier, english_setter, american_bulldog, english_cocker_spaniel, basset_hound",False,True
miniature_pinscher_39,miniature_pinscher,miniature_pinscher,0.64086336,"miniature_pinscher, Bengal, boxer, shiba_inu, basset_hound",True,True
yorkshire_terrier_109,yorkshire_terrier,yorkshire_terrier,0.9857717,"yorkshire_terrier, scottish_terrier, havanese, wheaten_terrier, english_cocker_spaniel",True,True
american_bulldog_181,american_bulldog,american_bulldog,0.9755328,"american_bulldog, american_pit_bull_terrier, english_setter, Sphynx, beagle",True,True
miniature_pinscher_8,miniature_pinscher,miniature_pinscher,0.9166728,"miniature_pinscher, american_pit_bull_terrier, Abyssinian, chihuahua, Sphynx",True,True
german_shorthaired_151,german_shorthaired,german_shorthaired,0.9249281,"german_shorthaired, american_bulldog, english_setter, american_pit_bull_terrier, staffordshire_bull_terrier",True,True
american_pit_bull_terrier_30,american_pit_bull_terrier,staffordshire_bull_terrier,0.7521348,"staffordshire_bull_terrier, boxer, american_pit_bull_terrier, american_bulldog, leonberger",False,True
Abyssinian_31,Abyssinian,Abyssinian,0.2762768,"Abyssinian, Siamese, British_Shorthair, Russian_Blue, Maine_Coon",True,True
english_cocker_spaniel_55,english_cocker_spaniel,english_cocker_spaniel,0.9996861,"english_cocker_spaniel, english_setter, havanese, basset_hound, wheaten_terrier",True,True
saint_bernard_133,saint_bernard,saint_bernard,0.9812981,"saint_bernard, basset_hound, staffordshire_bull_terrier, american_pit_bull_terrier, beagle",True,True
Maine_Coon_47,Maine_Coon,Maine_Coon,0.40973893,"Maine_Coon, wheaten_terrier, yorkshire_terrier, english_setter, Bengal",True,True
staffordshire_bull_terrier_154,staffordshire_bull_terrier,staffordshire_bull_terrier,0.88231546,"staffordshire_bull_terrier, american_bulldog, boxer, american_pit_bull_terrier, saint_bernard",True,True
japanese_chin_61,japanese_chin,saint_bernard,0.4284647,"saint_bernard, japanese_chin, beagle, basset_hound, Ragdoll",False,True
samoyed_1,samoyed,samoyed,0.87894326,"samoyed, great_pyrenees, Ragdoll, Persian, keeshond",True,True
Sphynx_174,Sphynx,Sphynx,0.9990188,"Sphynx, Egyptian_Mau, chihuahua, american_bulldog, pug",True,True
pug_116,pug,pug,0.99995506,"pug, Siamese, leonberger, american_bulldog, wheaten_terrier",True,True
leonberger_32,leonberger,leonberger,0.9918915,"leonberger, keeshond, newfoundland, Maine_Coon, saint_bernard",True,True
Abyssinian_142,Abyssinian,Abyssinian,0.98832345,"Abyssinian, British_Shorthair, Russian_Blue, Egyptian_Mau, Sphynx",True,True
american_pit_bull_terrier_74,american_pit_bull_terrier,american_pit_bull_terrier,0.8956861,"american_pit_bull_terrier, miniature_pinscher, staffordshire_bull_terrier, german_shorthaired, chihuahua",True,True
Bombay_1,Bombay,Bombay,0.99974376,"Bombay, scottish_terrier, Russian_Blue, newfoundland, staffordshire_bull_terrier",True,True
beagle_73,beagle,beagle,0.967789,"beagle, chihuahua, shiba_inu, miniature_pinscher, english_setter",True,True
pomeranian_157,pomeranian,pomeranian,0.87894166,"pomeranian, shiba_inu, Persian, samoyed, yorkshire_terrier",True,True
Bombay_20,Bombay,Bombay,0.99477273,"Bombay, scottish_terrier, staffordshire_bull_terrier, newfoundland, miniature_pinscher",True,True
Egyptian_Mau_148,Egyptian_Mau,Egyptian_Mau,0.77148676,"Egyptian_Mau, British_Shorthair, Russian_Blue, Sphynx, Bengal",True,True
beagle_76,beagle,beagle,0.9628936,"beagle, basset_hound, american_bulldog, german_shorthaired, english_setter",True,True
miniature_pinscher_85,miniature_pinscher,miniature_pinscher,0.87431717,"miniature_pinscher, boxer, american_pit_bull_terrier, shiba_inu, basset_hound",True,True
British_Shorthair_178,British_Shorthair,British_Shorthair,0.97447145,"British_Shorthair, Ragdoll, Maine_Coon, Abyssinian, Persian",True,True
Maine_Coon_184,Maine_Coon,Maine_Coon,0.98558664,"Maine_Coon, Persian, Ragdoll, Abyssinian, British_Shorthair",True,True
japanese_chin_156,japanese_chin,japanese_chin,0.89662087,"japanese_chin, havanese, Ragdoll, english_setter, Birman",True,True
english_cocker_spaniel_32,english_cocker_spaniel,english_cocker_spaniel,0.98228997,"english_cocker_spaniel, english_setter, basset_hound, great_pyrenees, wheaten_terrier",True,True
scottish_terrier_140,scottish_terrier,scottish_terrier,0.7252241,"scottish_terrier, Bombay, Russian_Blue, chihuahua, miniature_pinscher",True,True
scottish_terrier_192,scottish_terrier,scottish_terrier,0.9906466,"scottish_terrier, yorkshire_terrier, wheaten_terrier, havanese, english_cocker_spaniel",True,True
Bombay_220,Bombay,Bombay,0.9969171,"Bombay, miniature_pinscher, British_Shorthair, Siamese, Russian_Blue",True,True
Bengal_106,Bengal,Bengal,0.99985266,"Bengal, Egyptian_Mau, Abyssinian, yorkshire_terrier, shiba_inu",True,True
newfoundland_61,newfoundland,newfoundland,0.99982566,"newfoundland, leonberger, scottish_terrier, keeshond, pomeranian",True,True
newfoundland_64,newfoundland,newfoundland,0.9306891,"newfoundland, scottish_terrier, staffordshire_bull_terrier, english_cocker_spaniel, havanese",True,True
Bombay_80,Bombay,Bombay,0.99996257,"Bombay, chihuahua, scottish_terrier, Siamese, Sphynx",True,True
newfoundland_114,newfoundland,newfoundland,0.9984553,"newfoundland, english_cocker_spaniel, havanese, scottish_terrier, Persian",True,True
British_Shorthair_98,British_Shorthair,British_Shorthair,0.99510217,"British_Shorthair, Abyssinian, Russian_Blue, Siamese, german_shorthaired",True,True
english_cocker_spaniel_44,english_cocker_spaniel,english_cocker_spaniel,0.71868485,"english_cocker_spaniel, english_setter, great_pyrenees, saint_bernard, wheaten_terrier",True,True
wheaten_terrier_156,wheaten_terrier,wheaten_terrier,0.99499464,"wheaten_terrier, english_cocker_spaniel, yorkshire_terrier, leonberger, great_pyrenees",True,True
Maine_Coon_42,Maine_Coon,Maine_Coon,0.903692,"Maine_Coon, Persian, wheaten_terrier, leonberger, Ragdoll",True,True
Russian_Blue_151,Russian_Blue,Russian_Blue,0.39040735,"Russian_Blue, Sphynx, Ragdoll, american_bulldog, Abyssinian",True,True
beagle_162,beagle,beagle,0.9955266,"beagle, basset_hound, american_bulldog, shiba_inu, Sphynx",True,True
japanese_chin_142,japanese_chin,japanese_chin,0.8410368,"japanese_chin, havanese, Ragdoll, Birman, saint_bernard",True,True
yorkshire_terrier_182,yorkshire_terrier,yorkshire_terrier,0.99982053,"yorkshire_terrier, english_cocker_spaniel, pomeranian, miniature_pinscher, scottish_terrier",True,True
havanese_2,havanese,havanese,0.9750293,"havanese, yorkshire_terrier, wheaten_terrier, english_cocker_spaniel, english_setter",True,True
Bengal_76,Bengal,Bengal,0.99976677,"Bengal, Maine_Coon, Egyptian_Mau, Abyssinian, yorkshire_terrier",True,True
scottish_terrier_111,scottish_terrier,Bombay,0.8190209,"Bombay, scottish_terrier, staffordshire_bull_terrier, newfoundland, miniature_pinscher",False,True
english_cocker_spaniel_196,english_cocker_spaniel,english_cocker_spaniel,0.9929603,"english_cocker_spaniel, yorkshire_terrier, newfoundland, pomeranian, miniature_pinscher",True,True
american_bulldog_3,american_bulldog,american_pit_bull_terrier,0.73562104,"american_pit_bull_terrier, american_bulldog, english_setter, chihuahua, staffordshire_bull_terrier",False,True
newfoundland_117,newfoundland,newfoundland,0.99081564,"newfoundland, scottish_terrier, english_cocker_spaniel, havanese, Persian",True,True
pug_39,pug,pug,0.99814725,"pug, american_bulldog, boxer, english_setter, leonberger",True,True
great_pyrenees_174,great_pyrenees,great_pyrenees,0.96655333,"great_pyrenees, havanese, samoyed, saint_bernard, english_setter",True,True
chihuahua_117,chihuahua,chihuahua,0.9793519,"chihuahua, miniature_pinscher, american_pit_bull_terrier, Siamese, Sphynx",True,True
Abyssinian_101,Abyssinian,Bengal,0.98225456,"Bengal, Abyssinian, Egyptian_Mau, Maine_Coon, shiba_inu",False,True
Siamese_41,Siamese,Sphynx,0.32367212,"Sphynx, Siamese, Birman, Ragdoll, american_bulldog",False,True
Abyssinian_225,Abyssinian,Abyssinian,0.9986864,"Abyssinian, Bengal, Maine_Coon, Ragdoll, Siamese",True,True
Maine_Coon_187,Maine_Coon,Maine_Coon,0.7433463,"Maine_Coon, samoyed, Ragdoll, Persian, saint_bernard",True,True
beagle_131,beagle,Birman,0.66801333,"Birman, beagle, japanese_chin, Ragdoll, american_bulldog",False,True
japanese_chin_193,japanese_chin,pomeranian,0.79932225,"pomeranian, japanese_chin, Persian, great_pyrenees, samoyed",False,True
english_cocker_spaniel_120,english_cocker_spaniel,english_cocker_spaniel,0.95445985,"english_cocker_spaniel, basset_hound, english_setter, wheaten_terrier, beagle",True,True
staffordshire_bull_terrier_85,staffordshire_bull_terrier,staffordshire_bull_terrier,0.5479571,"staffordshire_bull_terrier, boxer, american_pit_bull_terrier, pug, american_bulldog",True,True
newfoundland_53,newfoundland,newfoundland,0.9985543,"newfoundland, leonberger, english_cocker_spaniel, havanese, german_shorthaired",True,True
Bengal_166,Bengal,Egyptian_Mau,0.97074664,"Egyptian_Mau, Russian_Blue, Bengal, British_Shorthair, german_shorthaired",False,True
Maine_Coon_253,Maine_Coon,Maine_Coon,0.920333,"Maine_Coon, Bengal, Abyssinian, Persian, Ragdoll",True,True
miniature_pinscher_158,miniature_pinscher,miniature_pinscher,0.9991134,"miniature_pinscher, Bombay, chihuahua, american_pit_bull_terrier, Siamese",True,True
saint_bernard_94,saint_bernard,saint_bernard,0.92452896,"saint_bernard, japanese_chin, leonberger, boxer, basset_hound",True,True
boxer_43,boxer,boxer,0.9938066,"boxer, Bengal, leonberger, saint_bernard, basset_hound",True,True
american_bulldog_220,american_bulldog,american_bulldog,0.9906495,"american_bulldog, Sphynx, american_pit_bull_terrier, great_pyrenees, beagle",True,True
saint_bernard_139,saint_bernard,saint_bernard,0.9549992,"saint_bernard, japanese_chin, american_bulldog, boxer, beagle",True,True
Russian_Blue_166,Russian_Blue,Bombay,0.52052075,"Bombay, Russian_Blue, British_Shorthair, Abyssinian, keeshond",False,True
pug_71,pug,pug,0.99998987,"pug, Siamese, american_bulldog, leonberger, Sphynx",True,True
keeshond_19,keeshond,keeshond,0.9512606,"keeshond, scottish_terrier, samoyed, Ragdoll, Maine_Coon",True,True
miniature_pinscher_2,miniature_pinscher,miniature_pinscher,0.9932636,"miniature_pinscher, boxer, staffordshire_bull_terrier, Bombay, chihuahua",True,True
Persian_74,Persian,Persian,0.9997429,"Persian, Ragdoll, pomeranian, Maine_Coon, wheaten_terrier",True,True
great_pyrenees_146,great_pyrenees,great_pyrenees,0.99350476,"great_pyrenees, english_setter, beagle, american_bulldog, leonberger",True,True
american_bulldog_109,american_bulldog,american_bulldog,0.88709295,"american_bulldog, american_pit_bull_terrier, staffordshire_bull_terrier, great_pyrenees, beagle",True,True
chihuahua_109,chihuahua,american_pit_bull_terrier,0.56018627,"american_pit_bull_terrier, miniature_pinscher, chihuahua, english_setter, Abyssinian",False,True
Bombay_107,Bombay,Bombay,0.99996793,"Bombay, scottish_terrier, miniature_pinscher, Siamese, British_Shorthair",True,True
Maine_Coon_84,Maine_Coon,Maine_Coon,0.957153,"Maine_Coon, Persian, yorkshire_terrier, Ragdoll, Bengal",True,True
pug_76,pug,pug,0.976947,"pug, american_bulldog, staffordshire_bull_terrier, boxer, wheaten_terrier",True,True
pomeranian_113,pomeranian,pomeranian,0.9998147,"pomeranian, keeshond, yorkshire_terrier, samoyed, Persian",True,True
Persian_175,Persian,Persian,0.89395297,"Persian, Maine_Coon, Ragdoll, wheaten_terrier, havanese",True,True
Siamese_200,Siamese,Siamese,0.887161,"Siamese, chihuahua, Birman, pug, Sphynx",True,True
chihuahua_5,chihuahua,chihuahua,0.7450052,"chihuahua, keeshond, staffordshire_bull_terrier, miniature_pinscher, Abyssinian",True,True
american_bulldog_112,american_bulldog,american_bulldog,0.9874204,"american_bulldog, pug, american_pit_bull_terrier, beagle, staffordshire_bull_terrier",True,True
american_bulldog_59,american_bulldog,american_bulldog,0.9975236,"american_bulldog, boxer, pug, staffordshire_bull_terrier, saint_bernard",True,True
pug_70,pug,pug,0.4095354,"pug, staffordshire_bull_terrier, boxer, leonberger, american_bulldog",True,True
leonberger_109,leonberger,leonberger,0.96197593,"leonberger, great_pyrenees, saint_bernard, english_setter, newfoundland",True,True
shiba_inu_168,shiba_inu,shiba_inu,0.9977513,"shiba_inu, samoyed, chihuahua, Ragdoll, Siamese",True,True
Egyptian_Mau_110,Egyptian_Mau,Egyptian_Mau,0.9920225,"Egyptian_Mau, Bengal, english_setter, german_shorthaired, British_Shorthair",True,True
keeshond_166,keeshond,keeshond,0.23061736,"keeshond, scottish_terrier, leonberger, Bombay, Siamese",True,True
Birman_184,Birman,Birman,0.6763696,"Birman, Siamese, Ragdoll, keeshond, Abyssinian",True,True
miniature_pinscher_114,miniature_pinscher,miniature_pinscher,0.90496767,"miniature_pinscher, american_pit_bull_terrier, shiba_inu, chihuahua, Siamese",True,True
english_setter_153,english_setter,english_setter,0.9906845,"english_setter, great_pyrenees, leonberger, saint_bernard, english_cocker_spaniel",True,True
havanese_169,havanese,havanese,0.95553136,"havanese, newfoundland, scottish_terrier, yorkshire_terrier, english_cocker_spaniel",True,True
Maine_Coon_43,Maine_Coon,Maine_Coon,0.99980825,"Maine_Coon, Persian, Abyssinian, Egyptian_Mau, Bengal",True,True
havanese_12,havanese,havanese,0.99415934,"havanese, yorkshire_terrier, english_cocker_spaniel, japanese_chin, english_setter",True,True
miniature_pinscher_87,miniature_pinscher,miniature_pinscher,0.9842712,"miniature_pinscher, Siamese, american_pit_bull_terrier, boxer, shiba_inu",True,True
miniature_pinscher_197,miniature_pinscher,american_pit_bull_terrier,0.7319772,"american_pit_bull_terrier, miniature_pinscher, Sphynx, Abyssinian, Bengal",False,True
american_pit_bull_terrier_86,american_pit_bull_terrier,american_pit_bull_terrier,0.9982419,"american_pit_bull_terrier, staffordshire_bull_terrier, american_bulldog, german_shorthaired, Sphynx",True,True
Sphynx_239,Sphynx,Sphynx,0.9998641,"Sphynx, american_bulldog, chihuahua, Abyssinian, Egyptian_Mau",True,True
Egyptian_Mau_109,Egyptian_Mau,Egyptian_Mau,0.95627046,"Egyptian_Mau, english_setter, Bengal, Sphynx, Maine_Coon",True,True
english_cocker_spaniel_45,english_cocker_spaniel,english_cocker_spaniel,0.8811493,"english_cocker_spaniel, wheaten_terrier, english_setter, basset_hound, beagle",True,True
boxer_167,boxer,boxer,0.9971756,"boxer, american_bulldog, staffordshire_bull_terrier, beagle, pug",True,True
japanese_chin_198,japanese_chin,japanese_chin,0.44082454,"japanese_chin, newfoundland, pomeranian, leonberger, Persian",True,True
pomeranian_68,pomeranian,pomeranian,0.9861746,"pomeranian, Persian, japanese_chin, Ragdoll, keeshond",True,True
saint_bernard_195,saint_bernard,saint_bernard,0.95980674,"saint_bernard, english_setter, japanese_chin, english_cocker_spaniel, basset_hound",True,True
english_setter_147,english_setter,english_setter,0.9976228,"english_setter, english_cocker_spaniel, basset_hound, american_bulldog, german_shorthaired",True,True
basset_hound_188,basset_hound,basset_hound,0.993105,"basset_hound, beagle, boxer, staffordshire_bull_terrier, shiba_inu",True,True
havanese_6,havanese,havanese,0.99919385,"havanese, yorkshire_terrier, english_cocker_spaniel, wheaten_terrier, great_pyrenees",True,True
pug_155,pug,pug,0.9995041,"pug, american_bulldog, american_pit_bull_terrier, Siamese, chihuahua",True,True
english_cocker_spaniel_91,english_cocker_spaniel,english_cocker_spaniel,0.99947447,"english_cocker_spaniel, yorkshire_terrier, english_setter, wheaten_terrier, basset_hound",True,True
chihuahua_23,chihuahua,chihuahua,0.843897,"chihuahua, miniature_pinscher, shiba_inu, american_pit_bull_terrier, boxer",True,True
english_setter_179,english_setter,english_setter,0.94137883,"english_setter, great_pyrenees, beagle, american_bulldog, american_pit_bull_terrier",True,True
chihuahua_160,chihuahua,chihuahua,0.96161014,"chihuahua, Sphynx, pug, american_bulldog, miniature_pinscher",True,True
Ragdoll_257,Ragdoll,Ragdoll,0.88564557,"Ragdoll, samoyed, Persian, British_Shorthair, Birman",True,True
British_Shorthair_10,British_Shorthair,British_Shorthair,0.9999596,"British_Shorthair, Russian_Blue, Egyptian_Mau, Persian, Bombay",True,True
japanese_chin_43,japanese_chin,japanese_chin,0.9927516,"japanese_chin, staffordshire_bull_terrier, havanese, Ragdoll, pug",True,True
Ragdoll_139,Ragdoll,Ragdoll,0.9345134,"Ragdoll, Birman, pomeranian, Persian, samoyed",True,True
chihuahua_92,chihuahua,chihuahua,0.9661963,"chihuahua, miniature_pinscher, english_setter, american_pit_bull_terrier, Sphynx",True,True
keeshond_124,keeshond,keeshond,0.9999392,"keeshond, scottish_terrier, leonberger, Birman, Persian",True,True
miniature_pinscher_105,miniature_pinscher,miniature_pinscher,0.99909675,"miniature_pinscher, american_pit_bull_terrier, boxer, german_shorthaired, chihuahua",True,True
american_pit_bull_terrier_162,american_pit_bull_terrier,american_pit_bull_terrier,0.999074,"american_pit_bull_terrier, staffordshire_bull_terrier, chihuahua, american_bulldog, miniature_pinscher",True,True
pug_108,pug,pug,0.998694,"pug, american_bulldog, boxer, japanese_chin, Sphynx",True,True
american_pit_bull_terrier_15,american_pit_bull_terrier,staffordshire_bull_terrier,0.99967337,"staffordshire_bull_terrier, american_pit_bull_terrier, keeshond, german_shorthaired, Russian_Blue",False,True
english_cocker_spaniel_60,english_cocker_spaniel,english_cocker_spaniel,0.8490817,"english_cocker_spaniel, yorkshire_terrier, wheaten_terrier, Bengal, basset_hound",True,True
staffordshire_bull_terrier_15,staffordshire_bull_terrier,staffordshire_bull_terrier,0.9953511,"staffordshire_bull_terrier, american_pit_bull_terrier, Russian_Blue, pug, shiba_inu",True,True
miniature_pinscher_61,miniature_pinscher,miniature_pinscher,0.9999981,"miniature_pinscher, boxer, Bengal, yorkshire_terrier, american_pit_bull_terrier",True,True
american_bulldog_207,american_bulldog,american_bulldog,0.9218293,"american_bulldog, boxer, beagle, pug, staffordshire_bull_terrier",True,True
pomeranian_118,pomeranian,pomeranian,0.9991134,"pomeranian, japanese_chin, chihuahua, samoyed, havanese",True,True
Sphynx_72,Sphynx,Sphynx,0.99933225,"Sphynx, american_bulldog, Egyptian_Mau, Abyssinian, chihuahua",True,True
keeshond_71,keeshond,keeshond,0.99828726,"keeshond, leonberger, pomeranian, newfoundland, scottish_terrier",True,True
basset_hound_85,basset_hound,basset_hound,0.9984126,"basset_hound, beagle, saint_bernard, english_cocker_spaniel, english_setter",True,True
samoyed_100,samoyed,samoyed,0.96884423,"samoyed, great_pyrenees, shiba_inu, keeshond, scottish_terrier",True,True
Siamese_67,Siamese,Siamese,0.8778816,"Siamese, Birman, leonberger, pug, Abyssinian",True,True
great_pyrenees_142,great_pyrenees,great_pyrenees,0.9750769,"great_pyrenees, american_bulldog, english_setter, samoyed, havanese",True,True
Persian_15,Persian,Persian,0.99863356,"Persian, Ragdoll, British_Shorthair, samoyed, japanese_chin",True,True
pug_29,pug,pug,0.9998634,"pug, leonberger, Siamese, boxer, american_bulldog",True,True
Persian_14,Persian,Persian,0.99986184,"Persian, Ragdoll, samoyed, Birman, British_Shorthair",True,True
japanese_chin_8,japanese_chin,japanese_chin,0.9803192,"japanese_chin, Birman, leonberger, saint_bernard, pug",True,True
miniature_pinscher_164,miniature_pinscher,miniature_pinscher,0.99999547,"miniature_pinscher, chihuahua, Siamese, yorkshire_terrier, Bengal",True,True
pomeranian_7,pomeranian,pomeranian,0.8655828,"pomeranian, yorkshire_terrier, keeshond, samoyed, miniature_pinscher",True,True
Bengal_9,Bengal,Bengal,0.8833404,"Bengal, Maine_Coon, Abyssinian, shiba_inu, Egyptian_Mau",True,True
Egyptian_Mau_224,Egyptian_Mau,Egyptian_Mau,0.9976115,"Egyptian_Mau, Bengal, english_setter, german_shorthaired, British_Shorthair",True,True
Bengal_141,Bengal,Bengal,0.9817312,"Bengal, Egyptian_Mau, miniature_pinscher, Abyssinian, chihuahua",True,True
wheaten_terrier_19,wheaten_terrier,wheaten_terrier,0.6330349,"wheaten_terrier, Siamese, Bombay, yorkshire_terrier, scottish_terrier",True,True
Persian_108,Persian,Persian,0.9879112,"Persian, Ragdoll, samoyed, Birman, american_bulldog",True,True
shiba_inu_159,shiba_inu,leonberger,0.329334,"leonberger, Abyssinian, keeshond, miniature_pinscher, shiba_inu",False,True
Bombay_43,Bombay,Bombay,0.85046154,"Bombay, scottish_terrier, Russian_Blue, staffordshire_bull_terrier, newfoundland",True,True
Persian_101,Persian,Persian,0.98866206,"Persian, Maine_Coon, Ragdoll, wheaten_terrier, British_Shorthair",True,True
staffordshire_bull_terrier_45,staffordshire_bull_terrier,american_pit_bull_terrier,0.6713413,"american_pit_bull_terrier, german_shorthaired, american_bulldog, beagle, staffordshire_bull_terrier",False,True
english_cocker_spaniel_185,english_cocker_spaniel,english_cocker_spaniel,0.65783495,"english_cocker_spaniel, wheaten_terrier, yorkshire_terrier, leonberger, basset_hound",True,True
american_bulldog_152,american_bulldog,boxer,0.40506235,"boxer, saint_bernard, american_bulldog, beagle, staffordshire_bull_terrier",False,True
Abyssinian_114,Abyssinian,Abyssinian,0.9932735,"Abyssinian, Bengal, Maine_Coon, shiba_inu, miniature_pinscher",True,True
wheaten_terrier_114,wheaten_terrier,english_cocker_spaniel,0.47683373,"english_cocker_spaniel, wheaten_terrier, yorkshire_terrier, havanese, Bengal",False,True
leonberger_185,leonberger,leonberger,0.99701774,"leonberger, newfoundland, great_pyrenees, keeshond, saint_bernard",True,True
Persian_17,Persian,Ragdoll,0.5787665,"Ragdoll, Persian, British_Shorthair, keeshond, japanese_chin",False,True
Birman_129,Birman,Siamese,0.65713936,"Siamese, Birman, pug, Ragdoll, leonberger",False,True
Egyptian_Mau_142,Egyptian_Mau,Egyptian_Mau,0.97592235,"Egyptian_Mau, Russian_Blue, Sphynx, Abyssinian, Bengal",True,True
Bombay_22,Bombay,Bombay,0.9984861,"Bombay, scottish_terrier, Siamese, yorkshire_terrier, Maine_Coon",True,True
scottish_terrier_105,scottish_terrier,Sphynx,0.6136454,"Sphynx, scottish_terrier, chihuahua, yorkshire_terrier, shiba_inu",False,True
Egyptian_Mau_204,Egyptian_Mau,Egyptian_Mau,0.99304384,"Egyptian_Mau, Bengal, Abyssinian, Russian_Blue, Sphynx",True,True
english_setter_42,english_setter,english_setter,0.994676,"english_setter, english_cocker_spaniel, leonberger, havanese, Maine_Coon",True,True
leonberger_34,leonberger,leonberger,0.9974956,"leonberger, keeshond, newfoundland, great_pyrenees, wheaten_terrier",True,True
Egyptian_Mau_162,Egyptian_Mau,Egyptian_Mau,0.947784,"Egyptian_Mau, British_Shorthair, Maine_Coon, Bengal, Russian_Blue",True,True
american_pit_bull_terrier_49,american_pit_bull_terrier,staffordshire_bull_terrier,0.4346307,"staffordshire_bull_terrier, boxer, leonberger, basset_hound, wheaten_terrier",False,False
japanese_chin_134,japanese_chin,japanese_chin,0.99989843,"japanese_chin, beagle, havanese, boxer, pomeranian",True,True
Birman_24,Birman,Birman,0.9272233,"Birman, Ragdoll, Siamese, samoyed, keeshond",True,True
Persian_200,Persian,Persian,0.99412423,"Persian, Maine_Coon, Ragdoll, keeshond, wheaten_terrier",True,True
newfoundland_37,newfoundland,newfoundland,0.5015923,"newfoundland, english_cocker_spaniel, german_shorthaired, basset_hound, english_setter",True,True
Sphynx_29,Sphynx,Sphynx,0.99969983,"Sphynx, american_bulldog, chihuahua, english_setter, Abyssinian",True,True
japanese_chin_132,japanese_chin,japanese_chin,0.9988544,"japanese_chin, saint_bernard, Ragdoll, Birman, boxer",True,True
scottish_terrier_92,scottish_terrier,wheaten_terrier,0.37620518,"wheaten_terrier, english_setter, Maine_Coon, Egyptian_Mau, Persian",False,False
english_cocker_spaniel_11,english_cocker_spaniel,english_cocker_spaniel,0.9939085,"english_cocker_spaniel, havanese, english_setter, scottish_terrier, wheaten_terrier",True,True
British_Shorthair_86,British_Shorthair,British_Shorthair,0.9995987,"British_Shorthair, Russian_Blue, german_shorthaired, Persian, staffordshire_bull_terrier",True,True
staffordshire_bull_terrier_136,staffordshire_bull_terrier,american_bulldog,0.44714966,"american_bulldog, english_setter, saint_bernard, american_pit_bull_terrier, great_pyrenees",False,False
american_bulldog_41,american_bulldog,american_bulldog,0.8988774,"american_bulldog, staffordshire_bull_terrier, pug, american_pit_bull_terrier, boxer",True,True
British_Shorthair_187,British_Shorthair,Russian_Blue,0.61140007,"Russian_Blue, British_Shorthair, Egyptian_Mau, german_shorthaired, Sphynx",False,True
chihuahua_95,chihuahua,chihuahua,0.9306662,"chihuahua, Sphynx, miniature_pinscher, american_pit_bull_terrier, shiba_inu",True,True
samoyed_123,samoyed,samoyed,0.997877,"samoyed, shiba_inu, pomeranian, scottish_terrier, Ragdoll",True,True
pomeranian_18,pomeranian,samoyed,0.2556074,"samoyed, Ragdoll, chihuahua, shiba_inu, great_pyrenees",False,False
Persian_46,Persian,Persian,0.98906356,"Persian, keeshond, Ragdoll, pomeranian, Maine_Coon",True,True
yorkshire_terrier_198,yorkshire_terrier,yorkshire_terrier,0.99801743,"yorkshire_terrier, english_cocker_spaniel, leonberger, miniature_pinscher, pomeranian",True,True
english_cocker_spaniel_59,english_cocker_spaniel,staffordshire_bull_terrier,0.3015846,"staffordshire_bull_terrier, english_cocker_spaniel, scottish_terrier, english_setter, wheaten_terrier",False,True
shiba_inu_144,shiba_inu,shiba_inu,0.9999001,"shiba_inu, samoyed, beagle, staffordshire_bull_terrier, pomeranian",True,True
havanese_185,havanese,havanese,0.96913075,"havanese, wheaten_terrier, newfoundland, english_cocker_spaniel, scottish_terrier",True,True
staffordshire_bull_terrier_198,staffordshire_bull_terrier,staffordshire_bull_terrier,0.8687256,"staffordshire_bull_terrier, boxer, american_pit_bull_terrier, pug, german_shorthaired",True,True
beagle_25,beagle,beagle,0.999345,"beagle, basset_hound, german_shorthaired, english_cocker_spaniel, japanese_chin",True,True
basset_hound_123,basset_hound,beagle,0.5752887,"beagle, basset_hound, american_pit_bull_terrier, staffordshire_bull_terrier, shiba_inu",False,True
german_shorthaired_84,german_shorthaired,german_shorthaired,0.99989176,"german_shorthaired, english_cocker_spaniel, basset_hound, english_setter, beagle",True,True
scottish_terrier_91,scottish_terrier,scottish_terrier,0.99655473,"scottish_terrier, english_cocker_spaniel, yorkshire_terrier, havanese, wheaten_terrier",True,True
american_pit_bull_terrier_109,american_pit_bull_terrier,american_pit_bull_terrier,0.9863136,"american_pit_bull_terrier, staffordshire_bull_terrier, american_bulldog, Sphynx, english_setter",True,True
Persian_189,Persian,Persian,0.9813757,"Persian, Maine_Coon, pomeranian, japanese_chin, Ragdoll",True,True
Birman_121,Birman,Birman,0.9793585,"Birman, Ragdoll, Persian, japanese_chin, Siamese",True,True
beagle_181,beagle,basset_hound,0.27380845,"basset_hound, boxer, beagle, Abyssinian, staffordshire_bull_terrier",False,True
Sphynx_240,Sphynx,chihuahua,0.48454216,"chihuahua, Sphynx, Russian_Blue, Siamese, Abyssinian",False,True
german_shorthaired_184,german_shorthaired,german_shorthaired,0.940039,"german_shorthaired, Egyptian_Mau, american_bulldog, British_Shorthair, english_cocker_spaniel",True,True
english_cocker_spaniel_141,english_cocker_spaniel,newfoundland,0.51044255,"newfoundland, english_cocker_spaniel, scottish_terrier, leonberger, german_shorthaired",False,True
beagle_136,beagle,beagle,0.99758816,"beagle, basset_hound, shiba_inu, boxer, staffordshire_bull_terrier",True,True
Ragdoll_199,Ragdoll,Ragdoll,0.9979709,"Ragdoll, Persian, Birman, Maine_Coon, japanese_chin",True,True
yorkshire_terrier_194,yorkshire_terrier,havanese,0.8671535,"havanese, english_cocker_spaniel, yorkshire_terrier, wheaten_terrier, english_setter",False,True
leonberger_184,leonberger,leonberger,0.9894298,"leonberger, keeshond, newfoundland, english_cocker_spaniel, yorkshire_terrier",True,True
great_pyrenees_121,great_pyrenees,great_pyrenees,0.9975432,"great_pyrenees, havanese, samoyed, saint_bernard, english_setter",True,True
english_setter_117,english_setter,english_setter,0.94777286,"english_setter, great_pyrenees, havanese, american_bulldog, german_shorthaired",True,True
newfoundland_118,newfoundland,newfoundland,0.32375666,"newfoundland, english_cocker_spaniel, leonberger, staffordshire_bull_terrier, scottish_terrier",True,True
newfoundland_87,newfoundland,newfoundland,0.96727353,"newfoundland, havanese, english_cocker_spaniel, great_pyrenees, scottish_terrier",True,True
newfoundland_41,newfoundland,newfoundland,0.9918745,"newfoundland, english_cocker_spaniel, german_shorthaired, leonberger, havanese",True,True
leonberger_170,leonberger,leonberger,0.9943599,"leonberger, great_pyrenees, pomeranian, keeshond, shiba_inu",True,True
pug_145,pug,pug,0.99778664,"pug, american_bulldog, staffordshire_bull_terrier, boxer, american_pit_bull_terrier",True,True
pomeranian_32,pomeranian,pomeranian,0.9479709,"pomeranian, shiba_inu, yorkshire_terrier, samoyed, chihuahua",True,True
chihuahua_140,chihuahua,chihuahua,0.99991417,"chihuahua, Sphynx, shiba_inu, pomeranian, Siamese",True,True
english_setter_123,english_setter,english_setter,0.28662634,"english_setter, great_pyrenees, leonberger, wheaten_terrier, english_cocker_spaniel",True,True
american_bulldog_189,american_bulldog,american_bulldog,0.95850056,"american_bulldog, boxer, pug, chihuahua, american_pit_bull_terrier",True,True
american_pit_bull_terrier_155,american_pit_bull_terrier,american_pit_bull_terrier,0.99973816,"american_pit_bull_terrier, miniature_pinscher, american_bulldog, staffordshire_bull_terrier, chihuahua",True,True
american_bulldog_28,american_bulldog,american_bulldog,0.5150868,"american_bulldog, great_pyrenees, staffordshire_bull_terrier, english_setter, american_pit_bull_terrier",True,True
wheaten_terrier_65,wheaten_terrier,wheaten_terrier,0.9568365,"wheaten_terrier, keeshond, scottish_terrier, yorkshire_terrier, staffordshire_bull_terrier",True,True
american_pit_bull_terrier_78,american_pit_bull_terrier,american_pit_bull_terrier,0.9980069,"american_pit_bull_terrier, staffordshire_bull_terrier, american_bulldog, german_shorthaired, miniature_pinscher",True,True
german_shorthaired_4,german_shorthaired,staffordshire_bull_terrier,0.68807006,"staffordshire_bull_terrier, american_pit_bull_terrier, german_shorthaired, miniature_pinscher, scottish_terrier",False,True
scottish_terrier_123,scottish_terrier,scottish_terrier,0.7956367,"scottish_terrier, english_cocker_spaniel, newfoundland, german_shorthaired, yorkshire_terrier",True,True
great_pyrenees_113,great_pyrenees,great_pyrenees,0.8680138,"great_pyrenees, havanese, samoyed, english_setter, english_cocker_spaniel",True,True
english_setter_118,english_setter,english_setter,0.6122922,"english_setter, american_bulldog, beagle, chihuahua, great_pyrenees",True,True
Egyptian_Mau_74,Egyptian_Mau,Egyptian_Mau,0.98279935,"Egyptian_Mau, Bengal, Maine_Coon, english_setter, Sphynx",True,True
Maine_Coon_111,Maine_Coon,Ragdoll,0.6099079,"Ragdoll, Maine_Coon, Persian, Birman, japanese_chin",False,True
american_bulldog_67,american_bulldog,american_bulldog,0.34955344,"american_bulldog, basset_hound, beagle, english_setter, boxer",True,True
Ragdoll_162,Ragdoll,Ragdoll,0.924099,"Ragdoll, Persian, samoyed, pomeranian, japanese_chin",True,True
wheaten_terrier_194,wheaten_terrier,wheaten_terrier,0.9595822,"wheaten_terrier, havanese, scottish_terrier, english_setter, yorkshire_terrier",True,True
english_setter_62,english_setter,english_setter,0.9766996,"english_setter, wheaten_terrier, english_cocker_spaniel, great_pyrenees, german_shorthaired",True,True
staffordshire_bull_terrier_48,staffordshire_bull_terrier,staffordshire_bull_terrier,0.8949783,"staffordshire_bull_terrier, american_pit_bull_terrier, saint_bernard, basset_hound, german_shorthaired",True,True
Sphynx_25,Sphynx,Sphynx,0.99997485,"Sphynx, american_bulldog, Russian_Blue, Egyptian_Mau, chihuahua",True,True
Birman_65,Birman,Birman,0.54590577,"Birman, Siamese, Ragdoll, keeshond, leonberger",True,True
havanese_27,havanese,havanese,0.9996227,"havanese, japanese_chin, scottish_terrier, wheaten_terrier, yorkshire_terrier",True,True
chihuahua_126,chihuahua,chihuahua,0.72784346,"chihuahua, Sphynx, american_pit_bull_terrier, Abyssinian, miniature_pinscher",True,True
British_Shorthair_27,British_Shorthair,British_Shorthair,0.8851614,"British_Shorthair, Russian_Blue, Egyptian_Mau, Persian, samoyed",True,True
Bombay_39,Bombay,Bombay,0.46541458,"Bombay, Russian_Blue, scottish_terrier, Egyptian_Mau, yorkshire_terrier",True,True
leonberger_49,leonberger,leonberger,0.99966705,"leonberger, keeshond, boxer, great_pyrenees, saint_bernard",True,True
Egyptian_Mau_53,Egyptian_Mau,Egyptian_Mau,0.9905695,"Egyptian_Mau, Bengal, British_Shorthair, Maine_Coon, Bombay",True,True
german_shorthaired_141,german_shorthaired,german_shorthaired,0.9699476,"german_shorthaired, american_pit_bull_terrier, american_bulldog, newfoundland, beagle",True,True
Siamese_149,Siamese,Siamese,0.8603801,"Siamese, Bombay, Abyssinian, scottish_terrier, miniature_pinscher",True,True
Maine_Coon_196,Maine_Coon,Maine_Coon,0.91181195,"Maine_Coon, Persian, Ragdoll, Bengal, wheaten_terrier",True,True
boxer_163,boxer,boxer,0.97733235,"boxer, american_bulldog, staffordshire_bull_terrier, beagle, saint_bernard",True,True
saint_bernard_192,saint_bernard,english_setter,0.9208506,"english_setter, american_bulldog, great_pyrenees, saint_bernard, pug",False,True
pug_63,pug,pug,0.9994351,"pug, leonberger, boxer, Siamese, american_bulldog",True,True
Ragdoll_135,Ragdoll,Birman,0.9785404,"Birman, Siamese, Ragdoll, japanese_chin, leonberger",False,True
pug_17,pug,pug,0.9975102,"pug, american_bulldog, boxer, staffordshire_bull_terrier, leonberger",True,True
keeshond_200,keeshond,keeshond,0.99681985,"keeshond, pomeranian, leonberger, Birman, samoyed",True,True
Birman_18,Birman,Birman,0.9758788,"Birman, Siamese, Ragdoll, japanese_chin, havanese",True,True
Egyptian_Mau_119,Egyptian_Mau,Egyptian_Mau,0.97424525,"Egyptian_Mau, Bengal, Maine_Coon, chihuahua, Abyssinian",True,True
pomeranian_178,pomeranian,pomeranian,0.9990325,"pomeranian, samoyed, Persian, havanese, japanese_chin",True,True
British_Shorthair_116,British_Shorthair,British_Shorthair,0.9997359,"British_Shorthair, Russian_Blue, Bombay, Persian, german_shorthaired",True,True
japanese_chin_28,japanese_chin,japanese_chin,0.99991274,"japanese_chin, Ragdoll, havanese, boxer, american_bulldog",True,True
yorkshire_terrier_162,yorkshire_terrier,yorkshire_terrier,0.6554027,"yorkshire_terrier, wheaten_terrier, scottish_terrier, havanese, english_cocker_spaniel",True,True
pug_195,pug,pug,0.9949846,"pug, english_setter, american_pit_bull_terrier, american_bulldog, Siamese",True,True
newfoundland_99,newfoundland,newfoundland,0.9991678,"newfoundland, scottish_terrier, havanese, Persian, keeshond",True,True
Abyssinian_106,Abyssinian,Russian_Blue,0.5786574,"Russian_Blue, Egyptian_Mau, Abyssinian, Sphynx, Bengal",False,True
boxer_46,boxer,boxer,0.88517326,"boxer, miniature_pinscher, german_shorthaired, leonberger, basset_hound",True,True
american_bulldog_80,american_bulldog,american_bulldog,0.8133266,"american_bulldog, great_pyrenees, english_setter, beagle, american_pit_bull_terrier",True,True
havanese_74,havanese,havanese,0.6109991,"havanese, great_pyrenees, wheaten_terrier, Ragdoll, samoyed",True,True
boxer_67,boxer,boxer,0.9993523,"boxer, american_bulldog, saint_bernard, staffordshire_bull_terrier, japanese_chin",True,True
pug_26,pug,pug,0.9575568,"pug, boxer, leonberger, american_bulldog, Bengal",True,True
samoyed_198,samoyed,samoyed,0.99911004,"samoyed, shiba_inu, great_pyrenees, keeshond, pomeranian",True,True
american_bulldog_99,american_bulldog,american_bulldog,0.7190631,"american_bulldog, boxer, saint_bernard, pug, staffordshire_bull_terrier",True,True
shiba_inu_58,shiba_inu,shiba_inu,0.9978002,"shiba_inu, chihuahua, miniature_pinscher, pomeranian, samoyed",True,True
Bengal_187,Bengal,Bengal,0.9979087,"Bengal, Egyptian_Mau, Maine_Coon, miniature_pinscher, Abyssinian",True,True
samoyed_179,samoyed,samoyed,0.99495536,"samoyed, great_pyrenees, pomeranian, keeshond, shiba_inu",True,True
Persian_176,Persian,Persian,0.9855504,"Persian, samoyed, Ragdoll, havanese, British_Shorthair",True,True
american_pit_bull_terrier_35,american_pit_bull_terrier,american_pit_bull_terrier,0.7413355,"american_pit_bull_terrier, staffordshire_bull_terrier, german_shorthaired, basset_hound, miniature_pinscher",True,True
havanese_65,havanese,havanese,0.99996233,"havanese, great_pyrenees, japanese_chin, yorkshire_terrier, wheaten_terrier",True,True
Egyptian_Mau_67,Egyptian_Mau,Egyptian_Mau,0.554801,"Egyptian_Mau, Russian_Blue, Sphynx, Abyssinian, beagle",True,True
english_setter_174,english_setter,english_setter,0.77938247,"english_setter, english_cocker_spaniel, wheaten_terrier, german_shorthaired, basset_hound",True,True
Siamese_182,Siamese,Siamese,0.89411783,"Siamese, Russian_Blue, Abyssinian, Ragdoll, shiba_inu",True,True
english_cocker_spaniel_86,english_cocker_spaniel,english_cocker_spaniel,0.91351247,"english_cocker_spaniel, english_setter, basset_hound, beagle, yorkshire_terrier",True,True
samoyed_82,samoyed,samoyed,0.97772855,"samoyed, pomeranian, shiba_inu, Ragdoll, great_pyrenees",True,True
newfoundland_97,newfoundland,english_cocker_spaniel,0.8952586,"english_cocker_spaniel, newfoundland, havanese, english_setter, Persian",False,True
Maine_Coon_169,Maine_Coon,Maine_Coon,0.9978248,"Maine_Coon, Persian, Abyssinian, Bengal, Egyptian_Mau",True,True
american_pit_bull_terrier_199,american_pit_bull_terrier,american_pit_bull_terrier,0.80122316,"american_pit_bull_terrier, staffordshire_bull_terrier, german_shorthaired, american_bulldog, pug",True,True
Maine_Coon_269,Maine_Coon,Maine_Coon,0.9993436,"Maine_Coon, Persian, Abyssinian, wheaten_terrier, Bengal",True,True
Ragdoll_48,Ragdoll,Ragdoll,0.9899687,"Ragdoll, Persian, samoyed, British_Shorthair, Abyssinian",True,True
great_pyrenees_51,great_pyrenees,great_pyrenees,0.9861162,"great_pyrenees, english_setter, english_cocker_spaniel, samoyed, saint_bernard",True,True
saint_bernard_120,saint_bernard,saint_bernard,0.9306417,"saint_bernard, japanese_chin, leonberger, Birman, beagle",True,True
english_setter_91,english_setter,english_setter,0.99701023,"english_setter, english_cocker_spaniel, great_pyrenees, german_shorthaired, leonberger",True,True
pomeranian_140,pomeranian,pomeranian,0.9748786,"pomeranian, yorkshire_terrier, japanese_chin, Persian, leonberger",True,True
havanese_92,havanese,havanese,0.9293963,"havanese, english_cocker_spaniel, yorkshire_terrier, japanese_chin, english_setter",True,True
Sphynx_90,Sphynx,Sphynx,0.91723055,"Sphynx, scottish_terrier, miniature_pinscher, staffordshire_bull_terrier, chihuahua",True,True
american_pit_bull_terrier_100,american_pit_bull_terrier,american_bulldog,0.29242167,"american_bulldog, american_pit_bull_terrier, staffordshire_bull_terrier, Sphynx, german_shorthaired",False,True
Ragdoll_104,Ragdoll,Ragdoll,0.9640848,"Ragdoll, Birman, Persian, pomeranian, japanese_chin",True,True
american_bulldog_127,american_bulldog,saint_bernard,0.49287024,"saint_bernard, american_bulldog, chihuahua, Ragdoll, great_pyrenees",False,True
yorkshire_terrier_2,yorkshire_terrier,yorkshire_terrier,0.99766845,"yorkshire_terrier, wheaten_terrier, scottish_terrier, havanese, Sphynx",True,True
english_setter_114,english_setter,english_setter,0.9986682,"english_setter, german_shorthaired, english_cocker_spaniel, great_pyrenees, leonberger",True,True
havanese_22,havanese,havanese,0.9967006,"havanese, yorkshire_terrier, Persian, english_cocker_spaniel, japanese_chin",True,True
British_Shorthair_126,British_Shorthair,British_Shorthair,0.89692503,"British_Shorthair, Bengal, Ragdoll, Persian, Egyptian_Mau",True,True
basset_hound_144,basset_hound,german_shorthaired,0.31785968,"german_shorthaired, beagle, basset_hound, american_pit_bull_terrier, boxer",False,True
pug_21,pug,pug,0.9992501,"pug, leonberger, boxer, Siamese, american_bulldog",True,True
Sphynx_8,Sphynx,Sphynx,0.9996723,"Sphynx, american_bulldog, chihuahua, Egyptian_Mau, Russian_Blue",True,True
japanese_chin_32,japanese_chin,japanese_chin,0.99927264,"japanese_chin, saint_bernard, havanese, Ragdoll, beagle",True,True
Maine_Coon_102,Maine_Coon,Maine_Coon,0.97433066,"Maine_Coon, Bengal, Abyssinian, Egyptian_Mau, Persian",True,True
Birman_179,Birman,Birman,0.9814026,"Birman, Siamese, Ragdoll, keeshond, japanese_chin",True,True
japanese_chin_167,japanese_chin,japanese_chin,0.98078054,"japanese_chin, Persian, Maine_Coon, Ragdoll, beagle",True,True
beagle_13,beagle,beagle,0.3361064,"beagle, american_pit_bull_terrier, basset_hound, great_pyrenees, english_cocker_spaniel",True,True
staffordshire_bull_terrier_21,staffordshire_bull_terrier,staffordshire_bull_terrier,0.3638987,"staffordshire_bull_terrier, shiba_inu, basset_hound, boxer, beagle",True,True
Siamese_158,Siamese,Birman,0.78898793,"Birman, Siamese, Ragdoll, pug, leonberger",False,True
american_bulldog_172,american_bulldog,american_bulldog,0.9932567,"american_bulldog, boxer, pug, japanese_chin, wheaten_terrier",True,True
great_pyrenees_4,great_pyrenees,great_pyrenees,0.82730263,"great_pyrenees, havanese, american_bulldog, english_setter, wheaten_terrier",True,True
basset_hound_198,basset_hound,basset_hound,0.9330805,"basset_hound, beagle, shiba_inu, saint_bernard, american_pit_bull_terrier",True,True
boxer_83,boxer,boxer,0.99128914,"boxer, miniature_pinscher, german_shorthaired, american_bulldog, staffordshire_bull_terrier",True,True
Abyssinian_201,Abyssinian,Abyssinian,0.87793845,"Abyssinian, Sphynx, Bengal, Egyptian_Mau, Russian_Blue",True,True
Birman_81,Birman,Birman,0.99681085,"Birman, Ragdoll, Siamese, pomeranian, Persian",True,True
japanese_chin_128,japanese_chin,japanese_chin,0.9999449,"japanese_chin, Birman, Ragdoll, saint_bernard, pomeranian",True,True
english_cocker_spaniel_94,english_cocker_spaniel,english_cocker_spaniel,0.99996936,"english_cocker_spaniel, newfoundland, english_setter, havanese, scottish_terrier",True,True
keeshond_177,keeshond,keeshond,0.9894883,"keeshond, Maine_Coon, Persian, english_setter, Ragdoll",True,True
staffordshire_bull_terrier_86,staffordshire_bull_terrier,american_bulldog,0.9201669,"american_bulldog, american_pit_bull_terrier, staffordshire_bull_terrier, beagle, great_pyrenees",False,True
Bombay_94,Bombay,Bombay,0.996314,"Bombay, scottish_terrier, Sphynx, Siamese, chihuahua",True,True
Siamese_65,Siamese,Siamese,0.697835,"Siamese, Birman, Ragdoll, pug, chihuahua",True,True
staffordshire_bull_terrier_70,staffordshire_bull_terrier,american_pit_bull_terrier,0.44673774,"american_pit_bull_terrier, boxer, staffordshire_bull_terrier, saint_bernard, miniature_pinscher",False,True
British_Shorthair_101,British_Shorthair,British_Shorthair,0.99710506,"British_Shorthair, Bombay, Russian_Blue, Persian, Egyptian_Mau",True,True
beagle_166,beagle,beagle,0.8988849,"beagle, boxer, miniature_pinscher, shiba_inu, american_pit_bull_terrier",True,True
leonberger_41,leonberger,leonberger,0.9558157,"leonberger, keeshond, staffordshire_bull_terrier, pug, boxer",True,True
japanese_chin_178,japanese_chin,beagle,0.37556636,"beagle, japanese_chin, american_bulldog, great_pyrenees, english_setter",False,True
havanese_88,havanese,havanese,0.9997292,"havanese, japanese_chin, yorkshire_terrier, english_setter, great_pyrenees",True,True
Bombay_134,Bombay,Bombay,0.99794585,"Bombay, British_Shorthair, chihuahua, scottish_terrier, Siamese",True,True
staffordshire_bull_terrier_77,staffordshire_bull_terrier,american_bulldog,0.69198954,"american_bulldog, american_pit_bull_terrier, staffordshire_bull_terrier, great_pyrenees, beagle",False,True
boxer_84,boxer,boxer,0.8917303,"boxer, staffordshire_bull_terrier, pug, american_bulldog, beagle",True,True
Siamese_6,Siamese,miniature_pinscher,0.4712316,"miniature_pinscher, Siamese, chihuahua, Abyssinian, american_pit_bull_terrier",False,True
pug_161,pug,pug,0.97555405,"pug, american_bulldog, boxer, american_pit_bull_terrier, chihuahua",True,True
newfoundland_29,newfoundland,newfoundland,0.33160684,"newfoundland, scottish_terrier, english_cocker_spaniel, saint_bernard, havanese",True,True
miniature_pinscher_198,miniature_pinscher,american_pit_bull_terrier,0.6277169,"american_pit_bull_terrier, miniature_pinscher, Abyssinian, chihuahua, german_shorthaired",False,True
British_Shorthair_173,British_Shorthair,Russian_Blue,0.97060186,"Russian_Blue, British_Shorthair, Egyptian_Mau, german_shorthaired, Sphynx",False,True
basset_hound_116,basset_hound,beagle,0.24509501,"beagle, boxer, basset_hound, american_bulldog, Sphynx",False,True
saint_bernard_74,saint_bernard,saint_bernard,0.9654807,"saint_bernard, great_pyrenees, japanese_chin, leonberger, english_setter",True,True
english_setter_127,english_setter,english_setter,0.99504733,"english_setter, havanese, pug, Egyptian_Mau, american_pit_bull_terrier",True,True
Bombay_102,Bombay,Bombay,0.9989366,"Bombay, chihuahua, Siamese, scottish_terrier, miniature_pinscher",True,True
great_pyrenees_165,great_pyrenees,great_pyrenees,0.9984145,"great_pyrenees, english_setter, havanese, english_cocker_spaniel, samoyed",True,True
Siamese_195,Siamese,Siamese,0.99165326,"Siamese, Birman, pug, chihuahua, Sphynx",True,True
miniature_pinscher_77,miniature_pinscher,miniature_pinscher,0.9998797,"miniature_pinscher, american_pit_bull_terrier, Bengal, chihuahua, shiba_inu",True,True
Egyptian_Mau_52,Egyptian_Mau,Egyptian_Mau,0.9972958,"Egyptian_Mau, Bengal, British_Shorthair, Russian_Blue, Sphynx",True,True
shiba_inu_153,shiba_inu,shiba_inu,0.99401504,"shiba_inu, samoyed, chihuahua, pomeranian, great_pyrenees",True,True
great_pyrenees_107,great_pyrenees,great_pyrenees,0.99383706,"great_pyrenees, samoyed, american_bulldog, havanese, Ragdoll",True,True
British_Shorthair_104,British_Shorthair,British_Shorthair,0.9972614,"British_Shorthair, Persian, Egyptian_Mau, german_shorthaired, Russian_Blue",True,True
British_Shorthair_87,British_Shorthair,Ragdoll,0.66468954,"Ragdoll, British_Shorthair, Sphynx, Russian_Blue, Birman",False,True
saint_bernard_175,saint_bernard,saint_bernard,0.9328417,"saint_bernard, beagle, boxer, leonberger, japanese_chin",True,True
boxer_12,boxer,boxer,0.746478,"boxer, leonberger, pug, saint_bernard, miniature_pinscher",True,True
Bengal_33,Bengal,Bengal,0.96477115,"Bengal, Egyptian_Mau, Maine_Coon, Abyssinian, miniature_pinscher",True,True
Abyssinian_149,Abyssinian,Bengal,0.83254784,"Bengal, Abyssinian, basset_hound, miniature_pinscher, Maine_Coon",False,True
Abyssinian_66,Abyssinian,Abyssinian,0.9994592,"Abyssinian, Sphynx, Russian_Blue, Siamese, British_Shorthair",True,True
pomeranian_69,pomeranian,pomeranian,0.99962676,"pomeranian, yorkshire_terrier, chihuahua, japanese_chin, keeshond",True,True
Birman_32,Birman,Birman,0.9604993,"Birman, Siamese, keeshond, leonberger, Ragdoll",True,True
boxer_85,boxer,american_bulldog,0.32387075,"american_bulldog, american_pit_bull_terrier, chihuahua, english_setter, Ragdoll",False,False
British_Shorthair_185,British_Shorthair,British_Shorthair,0.9991992,"British_Shorthair, Russian_Blue, Bombay, german_shorthaired, Persian",True,True
staffordshire_bull_terrier_53,staffordshire_bull_terrier,american_pit_bull_terrier,0.8624054,"american_pit_bull_terrier, english_setter, american_bulldog, german_shorthaired, staffordshire_bull_terrier",False,True
British_Shorthair_172,British_Shorthair,British_Shorthair,0.99925584,"British_Shorthair, Russian_Blue, Bombay, Persian, german_shorthaired",True,True
Russian_Blue_101,Russian_Blue,Russian_Blue,0.9905777,"Russian_Blue, Egyptian_Mau, Abyssinian, British_Shorthair, Ragdoll",True,True
staffordshire_bull_terrier_72,staffordshire_bull_terrier,american_pit_bull_terrier,0.2688588,"american_pit_bull_terrier, chihuahua, miniature_pinscher, staffordshire_bull_terrier, Sphynx",False,True
staffordshire_bull_terrier_2,staffordshire_bull_terrier,staffordshire_bull_terrier,0.98470044,"staffordshire_bull_terrier, pug, american_pit_bull_terrier, Russian_Blue, american_bulldog",True,True
pomeranian_194,pomeranian,samoyed,0.36479345,"samoyed, pomeranian, Ragdoll, Persian, shiba_inu",False,True
american_bulldog_184,american_bulldog,american_bulldog,0.93713665,"american_bulldog, Sphynx, great_pyrenees, english_setter, beagle",True,True
Ragdoll_30,Ragdoll,Birman,0.5601212,"Birman, Ragdoll, japanese_chin, pug, american_bulldog",False,True
pomeranian_195,pomeranian,pomeranian,0.9642593,"pomeranian, Persian, samoyed, japanese_chin, Ragdoll",True,True
Birman_9,Birman,Birman,0.9508085,"Birman, Ragdoll, japanese_chin, Persian, pomeranian",True,True
Siamese_153,Siamese,Siamese,0.9957424,"Siamese, Birman, chihuahua, pug, shiba_inu",True,True
Bombay_180,Bombay,Bombay,0.9993068,"Bombay, Siamese, scottish_terrier, Russian_Blue, chihuahua",True,True
Sphynx_211,Sphynx,chihuahua,0.47650978,"chihuahua, miniature_pinscher, Abyssinian, Bombay, Sphynx",False,True
english_setter_161,english_setter,english_setter,0.29129806,"english_setter, wheaten_terrier, Abyssinian, english_cocker_spaniel, Bengal",True,True
British_Shorthair_112,British_Shorthair,British_Shorthair,0.9936156,"British_Shorthair, Russian_Blue, Egyptian_Mau, Bombay, Persian",True,True
boxer_113,boxer,boxer,0.9699211,"boxer, staffordshire_bull_terrier, miniature_pinscher, saint_bernard, pug",True,True
yorkshire_terrier_99,yorkshire_terrier,yorkshire_terrier,0.14591964,"yorkshire_terrier, Sphynx, scottish_terrier, havanese, pug",True,True
newfoundland_84,newfoundland,newfoundland,0.9761973,"newfoundland, english_cocker_spaniel, scottish_terrier, leonberger, havanese",True,True
basset_hound_121,basset_hound,basset_hound,0.92372334,"basset_hound, american_pit_bull_terrier, beagle, german_shorthaired, miniature_pinscher",True,True
Bombay_214,Bombay,Bombay,0.99879944,"Bombay, Siamese, Persian, British_Shorthair, miniature_pinscher",True,True
Russian_Blue_186,Russian_Blue,Russian_Blue,0.9980385,"Russian_Blue, British_Shorthair, Egyptian_Mau, Sphynx, Abyssinian",True,True
Ragdoll_126,Ragdoll,Ragdoll,0.9937431,"Ragdoll, Birman, Persian, Maine_Coon, japanese_chin",True,True
saint_bernard_170,saint_bernard,saint_bernard,0.99741435,"saint_bernard, basset_hound, english_setter, leonberger, beagle",True,True
Birman_64,Birman,Ragdoll,0.3624884,"Ragdoll, Birman, samoyed, Persian, keeshond",False,True
staffordshire_bull_terrier_150,staffordshire_bull_terrier,staffordshire_bull_terrier,0.828343,"staffordshire_bull_terrier, american_pit_bull_terrier, american_bulldog, german_shorthaired, saint_bernard",True,True
staffordshire_bull_terrier_41,staffordshire_bull_terrier,boxer,0.36937773,"boxer, american_bulldog, staffordshire_bull_terrier, american_pit_bull_terrier, saint_bernard",False,True
english_cocker_spaniel_152,english_cocker_spaniel,english_cocker_spaniel,0.9862991,"english_cocker_spaniel, newfoundland, basset_hound, havanese, scottish_terrier",True,True
Persian_202,Persian,Persian,0.94559383,"Persian, Maine_Coon, Ragdoll, keeshond, japanese_chin",True,True
saint_bernard_105,saint_bernard,saint_bernard,0.9502756,"saint_bernard, leonberger, basset_hound, Bengal, boxer",True,True
japanese_chin_35,japanese_chin,japanese_chin,0.98835343,"japanese_chin, saint_bernard, Birman, Ragdoll, english_cocker_spaniel",True,True
japanese_chin_19,japanese_chin,japanese_chin,0.9993424,"japanese_chin, havanese, Ragdoll, pomeranian, Persian",True,True
British_Shorthair_21,British_Shorthair,British_Shorthair,0.7980009,"British_Shorthair, Ragdoll, Persian, Maine_Coon, japanese_chin",True,True
american_bulldog_57,american_bulldog,american_bulldog,0.67969555,"american_bulldog, pug, boxer, staffordshire_bull_terrier, saint_bernard",True,True
american_bulldog_158,american_bulldog,american_bulldog,0.644647,"american_bulldog, Abyssinian, Ragdoll, Sphynx, pug",True,True
yorkshire_terrier_88,yorkshire_terrier,yorkshire_terrier,0.9818972,"yorkshire_terrier, wheaten_terrier, english_cocker_spaniel, scottish_terrier, havanese",True,True
samoyed_135,samoyed,samoyed,0.77417654,"samoyed, shiba_inu, scottish_terrier, staffordshire_bull_terrier, great_pyrenees",True,True
english_setter_51,english_setter,english_setter,0.9991861,"english_setter, english_cocker_spaniel, great_pyrenees, american_pit_bull_terrier, wheaten_terrier",True,True
Persian_78,Persian,British_Shorthair,0.2735339,"British_Shorthair, japanese_chin, Persian, Ragdoll, Maine_Coon",False,True
Siamese_159,Siamese,Siamese,0.9533933,"Siamese, Birman, pug, leonberger, Ragdoll",True,True
american_pit_bull_terrier_19,american_pit_bull_terrier,american_pit_bull_terrier,0.8647111,"american_pit_bull_terrier, staffordshire_bull_terrier, german_shorthaired, american_bulldog, beagle",True,True
Abyssinian_118,Abyssinian,american_bulldog,0.2029177,"american_bulldog, Abyssinian, Ragdoll, Persian, Maine_Coon",False,True
shiba_inu_5,shiba_inu,shiba_inu,0.9998691,"shiba_inu, samoyed, chihuahua, miniature_pinscher, pomeranian",True,True
wheaten_terrier_171,wheaten_terrier,wheaten_terrier,0.97726417,"wheaten_terrier, yorkshire_terrier, havanese, scottish_terrier, english_cocker_spaniel",True,True
Abyssinian_206,Abyssinian,Abyssinian,0.9369391,"Abyssinian, Maine_Coon, Bengal, Siamese, Ragdoll",True,True
english_cocker_spaniel_26,english_cocker_spaniel,english_cocker_spaniel,0.9903707,"english_cocker_spaniel, wheaten_terrier, yorkshire_terrier, leonberger, newfoundland",True,True
basset_hound_175,basset_hound,miniature_pinscher,0.4244808,"miniature_pinscher, basset_hound, beagle, staffordshire_bull_terrier, boxer",False,True
Russian_Blue_41,Russian_Blue,Russian_Blue,0.99093527,"Russian_Blue, Bombay, British_Shorthair, Abyssinian, Egyptian_Mau",True,True
Birman_194,Birman,great_pyrenees,0.5236052,"great_pyrenees, saint_bernard, english_setter, english_cocker_spaniel, japanese_chin",False,False
boxer_20,boxer,boxer,0.9525571,"boxer, basset_hound, saint_bernard, american_bulldog, staffordshire_bull_terrier",True,True
shiba_inu_117,shiba_inu,shiba_inu,0.9991093,"shiba_inu, samoyed, Abyssinian, pomeranian, Siamese",True,True
leonberger_92,leonberger,leonberger,0.9890142,"leonberger, saint_bernard, keeshond, Maine_Coon, newfoundland",True,True
chihuahua_77,chihuahua,chihuahua,0.76300514,"chihuahua, shiba_inu, miniature_pinscher, american_pit_bull_terrier, great_pyrenees",True,True
Sphynx_212,Sphynx,Sphynx,0.9859925,"Sphynx, chihuahua, american_bulldog, Egyptian_Mau, Abyssinian",True,True
german_shorthaired_50,german_shorthaired,german_shorthaired,0.88618463,"german_shorthaired, staffordshire_bull_terrier, english_cocker_spaniel, american_bulldog, english_setter",True,True
Persian_163,Persian,Persian,0.99736065,"Persian, pomeranian, Maine_Coon, Ragdoll, samoyed",True,True
english_cocker_spaniel_164,english_cocker_spaniel,english_cocker_spaniel,0.98602796,"english_cocker_spaniel, english_setter, basset_hound, havanese, great_pyrenees",True,True
Ragdoll_254,Ragdoll,Ragdoll,0.96184146,"Ragdoll, pomeranian, samoyed, Persian, Abyssinian",True,True
Maine_Coon_197,Maine_Coon,Maine_Coon,0.99768317,"Maine_Coon, Ragdoll, Persian, english_setter, keeshond",True,True
beagle_119,beagle,beagle,0.9829132,"beagle, german_shorthaired, basset_hound, miniature_pinscher, american_pit_bull_terrier",True,True
Sphynx_182,Sphynx,Sphynx,0.999749,"Sphynx, american_bulldog, chihuahua, Russian_Blue, miniature_pinscher",True,True
Bombay_160,Bombay,Bombay,0.9720534,"Bombay, Siamese, chihuahua, miniature_pinscher, Russian_Blue",True,True
boxer_180,boxer,boxer,0.9400708,"boxer, pug, german_shorthaired, american_bulldog, leonberger",True,True
boxer_188,boxer,boxer,0.9955189,"boxer, american_bulldog, beagle, pug, japanese_chin",True,True
Persian_126,Persian,Bengal,0.7341984,"Bengal, Persian, wheaten_terrier, Maine_Coon, english_cocker_spaniel",False,True
Russian_Blue_124,Russian_Blue,British_Shorthair,0.55263436,"British_Shorthair, Russian_Blue, staffordshire_bull_terrier, newfoundland, Egyptian_Mau",False,True
english_cocker_spaniel_24,english_cocker_spaniel,english_cocker_spaniel,0.9855825,"english_cocker_spaniel, english_setter, yorkshire_terrier, havanese, Maine_Coon",True,True
samoyed_166,samoyed,samoyed,0.99272716,"samoyed, great_pyrenees, pomeranian, Persian, shiba_inu",True,True
american_pit_bull_terrier_2,american_pit_bull_terrier,staffordshire_bull_terrier,0.9749279,"staffordshire_bull_terrier, British_Shorthair, american_pit_bull_terrier, boxer, german_shorthaired",False,True
wheaten_terrier_125,wheaten_terrier,wheaten_terrier,0.82948923,"wheaten_terrier, american_bulldog, english_setter, havanese, pug",True,True
staffordshire_bull_terrier_33,staffordshire_bull_terrier,american_bulldog,0.86185145,"american_bulldog, Sphynx, beagle, staffordshire_bull_terrier, boxer",False,True
Bengal_60,Bengal,Bengal,0.9906205,"Bengal, Egyptian_Mau, Maine_Coon, Abyssinian, yorkshire_terrier",True,True
leonberger_167,leonberger,leonberger,0.9853248,"leonberger, saint_bernard, pug, boxer, english_cocker_spaniel",True,True
german_shorthaired_174,german_shorthaired,german_shorthaired,0.98374486,"german_shorthaired, american_pit_bull_terrier, beagle, miniature_pinscher, British_Shorthair",True,True
chihuahua_177,chihuahua,chihuahua,0.9189808,"chihuahua, miniature_pinscher, pomeranian, yorkshire_terrier, american_pit_bull_terrier",True,True
Egyptian_Mau_42,Egyptian_Mau,Egyptian_Mau,0.99973327,"Egyptian_Mau, Bengal, British_Shorthair, Russian_Blue, havanese",True,True
yorkshire_terrier_168,yorkshire_terrier,yorkshire_terrier,0.9999646,"yorkshire_terrier, pomeranian, Bengal, miniature_pinscher, english_cocker_spaniel",True,True
english_setter_121,english_setter,great_pyrenees,0.5411476,"great_pyrenees, english_setter, american_bulldog, samoyed, american_pit_bull_terrier",False,True
saint_bernard_103,saint_bernard,saint_bernard,0.99259174,"saint_bernard, Maine_Coon, japanese_chin, basset_hound, english_setter",True,True
wheaten_terrier_128,wheaten_terrier,wheaten_terrier,0.9999498,"wheaten_terrier, great_pyrenees, havanese, english_cocker_spaniel, leonberger",True,True
pomeranian_130,pomeranian,pomeranian,0.99956256,"pomeranian, chihuahua, japanese_chin, samoyed, shiba_inu",True,True
Bengal_66,Bengal,Bengal,0.9999294,"Bengal, Egyptian_Mau, Maine_Coon, Abyssinian, Ragdoll",True,True
leonberger_98,leonberger,leonberger,0.95533895,"leonberger, basset_hound, newfoundland, boxer, english_cocker_spaniel",True,True
american_bulldog_86,american_bulldog,american_bulldog,0.989417,"american_bulldog, pug, boxer, japanese_chin, Sphynx",True,True
shiba_inu_104,shiba_inu,shiba_inu,0.98917806,"shiba_inu, chihuahua, pomeranian, Abyssinian, Siamese",True,True
english_cocker_spaniel_174,english_cocker_spaniel,english_cocker_spaniel,0.9988667,"english_cocker_spaniel, english_setter, havanese, german_shorthaired, scottish_terrier",True,True
basset_hound_67,basset_hound,basset_hound,0.9007372,"basset_hound, beagle, american_pit_bull_terrier, boxer, miniature_pinscher",True,True
Abyssinian_52,Abyssinian,Abyssinian,0.60791945,"Abyssinian, Bengal, Sphynx, Maine_Coon, Egyptian_Mau",True,True
yorkshire_terrier_167,yorkshire_terrier,yorkshire_terrier,0.95859396,"yorkshire_terrier, wheaten_terrier, havanese, english_cocker_spaniel, scottish_terrier",True,True
american_bulldog_120,american_bulldog,american_bulldog,0.9923332,"american_bulldog, great_pyrenees, saint_bernard, boxer, pug",True,True
Sphynx_40,Sphynx,Sphynx,0.93889374,"Sphynx, american_bulldog, chihuahua, Egyptian_Mau, Abyssinian",True,True
english_cocker_spaniel_156,english_cocker_spaniel,english_cocker_spaniel,0.97321534,"english_cocker_spaniel, scottish_terrier, yorkshire_terrier, havanese, newfoundland",True,True
wheaten_terrier_164,wheaten_terrier,havanese,0.48282725,"havanese, wheaten_terrier, yorkshire_terrier, pug, english_cocker_spaniel",False,True
german_shorthaired_132,german_shorthaired,great_pyrenees,0.26790127,"great_pyrenees, english_cocker_spaniel, english_setter, beagle, german_shorthaired",False,True
shiba_inu_143,shiba_inu,shiba_inu,0.9716975,"shiba_inu, miniature_pinscher, american_pit_bull_terrier, basset_hound, boxer",True,True
saint_bernard_68,saint_bernard,saint_bernard,0.9922924,"saint_bernard, japanese_chin, beagle, english_cocker_spaniel, great_pyrenees",True,True
english_cocker_spaniel_50,english_cocker_spaniel,english_cocker_spaniel,0.99785006,"english_cocker_spaniel, yorkshire_terrier, basset_hound, english_setter, newfoundland",True,True
Siamese_49,Siamese,Siamese,0.99490213,"Siamese, Birman, Bombay, scottish_terrier, chihuahua",True,True
beagle_161,beagle,boxer,0.30231163,"boxer, beagle, japanese_chin, pug, staffordshire_bull_terrier",False,True
saint_bernard_63,saint_bernard,saint_bernard,0.9975732,"saint_bernard, american_bulldog, japanese_chin, great_pyrenees, beagle",True,True
Egyptian_Mau_3,Egyptian_Mau,Egyptian_Mau,0.99843866,"Egyptian_Mau, Bengal, British_Shorthair, Russian_Blue, Bombay",True,True
Persian_51,Persian,Persian,0.9823646,"Persian, Ragdoll, japanese_chin, Maine_Coon, havanese",True,True
wheaten_terrier_15,wheaten_terrier,wheaten_terrier,0.8770661,"wheaten_terrier, havanese, english_cocker_spaniel, great_pyrenees, english_setter",True,True
pug_193,pug,pug,0.47598433,"pug, Bombay, chihuahua, staffordshire_bull_terrier, miniature_pinscher",True,True
wheaten_terrier_145,wheaten_terrier,wheaten_terrier,0.9999566,"wheaten_terrier, english_cocker_spaniel, great_pyrenees, leonberger, havanese",True,True
chihuahua_22,chihuahua,beagle,0.4527341,"beagle, chihuahua, japanese_chin, american_bulldog, pug",False,True
Siamese_171,Siamese,Siamese,0.8962293,"Siamese, Birman, miniature_pinscher, pug, Sphynx",True,True
Maine_Coon_140,Maine_Coon,Bengal,0.977401,"Bengal, Maine_Coon, Egyptian_Mau, yorkshire_terrier, wheaten_terrier",False,True
english_cocker_spaniel_19,english_cocker_spaniel,english_cocker_spaniel,0.9998785,"english_cocker_spaniel, newfoundland, scottish_terrier, havanese, english_setter",True,True
Birman_92,Birman,Ragdoll,0.7759136,"Ragdoll, Birman, samoyed, Siamese, keeshond",False,True
Abyssinian_32,Abyssinian,Sphynx,0.4359194,"Sphynx, Abyssinian, Egyptian_Mau, Russian_Blue, Bengal",False,True
beagle_191,beagle,beagle,0.82431686,"beagle, basset_hound, boxer, shiba_inu, Bengal",True,True
leonberger_47,leonberger,wheaten_terrier,0.6531865,"wheaten_terrier, leonberger, english_cocker_spaniel, pug, Birman",False,True
english_cocker_spaniel_56,english_cocker_spaniel,english_cocker_spaniel,0.6566407,"english_cocker_spaniel, german_shorthaired, basset_hound, newfoundland, staffordshire_bull_terrier",True,True
Abyssinian_12,Abyssinian,Abyssinian,0.72145677,"Abyssinian, Ragdoll, Sphynx, american_bulldog, British_Shorthair",True,True
samoyed_52,samoyed,samoyed,0.9989231,"samoyed, pomeranian, shiba_inu, Ragdoll, great_pyrenees",True,True
yorkshire_terrier_187,yorkshire_terrier,yorkshire_terrier,0.9543609,"yorkshire_terrier, Bengal, english_setter, wheaten_terrier, miniature_pinscher",True,True
scottish_terrier_116,scottish_terrier,scottish_terrier,0.9927718,"scottish_terrier, newfoundland, yorkshire_terrier, havanese, english_cocker_spaniel",True,True
British_Shorthair_53,British_Shorthair,Ragdoll,0.3328065,"Ragdoll, British_Shorthair, Abyssinian, Egyptian_Mau, Maine_Coon",False,True
american_bulldog_105,american_bulldog,beagle,0.5089136,"beagle, american_bulldog, staffordshire_bull_terrier, boxer, american_pit_bull_terrier",False,True
Abyssinian_1,Abyssinian,Abyssinian,0.981444,"Abyssinian, Bengal, Maine_Coon, Sphynx, shiba_inu",True,True
pug_75,pug,pug,0.999156,"pug, american_bulldog, leonberger, boxer, Siamese",True,True
beagle_177,beagle,basset_hound,0.56614053,"basset_hound, beagle, american_pit_bull_terrier, saint_bernard, Siamese",False,True
Ragdoll_137,Ragdoll,Birman,0.9827779,"Birman, Siamese, Ragdoll, japanese_chin, keeshond",False,True
pug_121,pug,pug,0.9947556,"pug, american_bulldog, staffordshire_bull_terrier, boxer, havanese",True,True
Abyssinian_10,Abyssinian,Abyssinian,0.5588749,"Abyssinian, Bengal, Sphynx, Egyptian_Mau, Maine_Coon",True,True
pug_159,pug,pug,0.9963833,"pug, american_pit_bull_terrier, Siamese, chihuahua, boxer",True,True
yorkshire_terrier_68,yorkshire_terrier,yorkshire_terrier,0.99975294,"yorkshire_terrier, pomeranian, miniature_pinscher, scottish_terrier, leonberger",True,True
Egyptian_Mau_122,Egyptian_Mau,Egyptian_Mau,0.97111344,"Egyptian_Mau, Russian_Blue, Bengal, Sphynx, Abyssinian",True,True
Russian_Blue_193,Russian_Blue,Russian_Blue,0.99941075,"Russian_Blue, British_Shorthair, Egyptian_Mau, Abyssinian, german_shorthaired",True,True
British_Shorthair_153,British_Shorthair,British_Shorthair,0.8819765,"British_Shorthair, Ragdoll, Persian, Russian_Blue, samoyed",True,True
scottish_terrier_130,scottish_terrier,scottish_terrier,0.925962,"scottish_terrier, newfoundland, yorkshire_terrier, havanese, Bombay",True,True
beagle_105,beagle,beagle,0.98898697,"beagle, basset_hound, shiba_inu, chihuahua, american_bulldog",True,True
havanese_38,havanese,havanese,0.98935,"havanese, yorkshire_terrier, english_cocker_spaniel, scottish_terrier, japanese_chin",True,True
leonberger_166,leonberger,leonberger,0.99474263,"leonberger, newfoundland, english_cocker_spaniel, saint_bernard, great_pyrenees",True,True
english_setter_7,english_setter,english_setter,0.7983976,"english_setter, english_cocker_spaniel, great_pyrenees, havanese, Persian",True,True
pomeranian_112,pomeranian,pomeranian,0.99738413,"pomeranian, yorkshire_terrier, keeshond, samoyed, japanese_chin",True,True
samoyed_46,samoyed,samoyed,0.99632347,"samoyed, great_pyrenees, pomeranian, Persian, keeshond",True,True
basset_hound_162,basset_hound,basset_hound,0.8541644,"basset_hound, beagle, english_setter, german_shorthaired, american_pit_bull_terrier",True,True
great_pyrenees_40,great_pyrenees,english_setter,0.7924464,"english_setter, great_pyrenees, english_cocker_spaniel, leonberger, saint_bernard",False,True
Abyssinian_78,Abyssinian,Abyssinian,0.9988373,"Abyssinian, Siamese, British_Shorthair, Russian_Blue, leonberger",True,True
pomeranian_61,pomeranian,pomeranian,0.46246737,"pomeranian, Persian, japanese_chin, Ragdoll, havanese",True,True
pug_143,pug,pug,0.9997143,"pug, Siamese, leonberger, boxer, chihuahua",True,True
havanese_115,havanese,havanese,0.99023753,"havanese, yorkshire_terrier, newfoundland, Persian, wheaten_terrier",True,True
Bombay_155,Bombay,Bombay,0.99867153,"Bombay, Russian_Blue, chihuahua, Sphynx, Siamese",True,True
american_pit_bull_terrier_107,american_pit_bull_terrier,staffordshire_bull_terrier,0.6604029,"staffordshire_bull_terrier, american_pit_bull_terrier, beagle, german_shorthaired, miniature_pinscher",False,True
yorkshire_terrier_186,yorkshire_terrier,yorkshire_terrier,0.98824835,"yorkshire_terrier, scottish_terrier, wheaten_terrier, pomeranian, english_cocker_spaniel",True,True
yorkshire_terrier_95,yorkshire_terrier,yorkshire_terrier,0.92350584,"yorkshire_terrier, english_cocker_spaniel, Bengal, wheaten_terrier, leonberger",True,True
great_pyrenees_143,great_pyrenees,great_pyrenees,0.9982286,"great_pyrenees, samoyed, english_setter, leonberger, american_bulldog",True,True
British_Shorthair_141,British_Shorthair,British_Shorthair,0.99617416,"British_Shorthair, Persian, Ragdoll, Maine_Coon, keeshond",True,True
boxer_63,boxer,boxer,0.98756623,"boxer, american_bulldog, pug, beagle, staffordshire_bull_terrier",True,True
pomeranian_168,pomeranian,pomeranian,0.9994961,"pomeranian, samoyed, Persian, keeshond, shiba_inu",True,True
newfoundland_108,newfoundland,newfoundland,0.502198,"newfoundland, english_cocker_spaniel, leonberger, english_setter, yorkshire_terrier",True,True
american_bulldog_7,american_bulldog,american_bulldog,0.9926093,"american_bulldog, english_setter, beagle, boxer, Sphynx",True,True
saint_bernard_10,saint_bernard,saint_bernard,0.9996382,"saint_bernard, japanese_chin, basset_hound, Maine_Coon, boxer",True,True
British_Shorthair_103,British_Shorthair,British_Shorthair,0.8810012,"British_Shorthair, Russian_Blue, staffordshire_bull_terrier, Bombay, keeshond",True,True
boxer_7,boxer,boxer,0.9931063,"boxer, american_bulldog, miniature_pinscher, pug, beagle",True,True
beagle_88,beagle,basset_hound,0.641089,"basset_hound, beagle, english_cocker_spaniel, german_shorthaired, great_pyrenees",False,True
leonberger_68,leonberger,leonberger,0.99838924,"leonberger, great_pyrenees, keeshond, saint_bernard, wheaten_terrier",True,True
pug_38,pug,pug,0.99944407,"pug, american_bulldog, english_setter, leonberger, Siamese",True,True
american_bulldog_138,american_bulldog,american_bulldog,0.98722494,"american_bulldog, Sphynx, english_setter, staffordshire_bull_terrier, great_pyrenees",True,True
leonberger_197,leonberger,leonberger,0.9939102,"leonberger, great_pyrenees, pug, keeshond, boxer",True,True
Bengal_13,Bengal,Bengal,0.99587053,"Bengal, Egyptian_Mau, miniature_pinscher, boxer, Abyssinian",True,True
Siamese_142,Siamese,Siamese,0.9896784,"Siamese, Birman, Russian_Blue, Ragdoll, scottish_terrier",True,True
american_bulldog_73,american_bulldog,american_bulldog,0.99641186,"american_bulldog, boxer, beagle, american_pit_bull_terrier, pug",True,True
newfoundland_71,newfoundland,newfoundland,0.98333424,"newfoundland, english_cocker_spaniel, leonberger, havanese, great_pyrenees",True,True
newfoundland_127,newfoundland,leonberger,0.74746716,"leonberger, newfoundland, keeshond, staffordshire_bull_terrier, saint_bernard",False,True
american_bulldog_77,american_bulldog,american_bulldog,0.86474067,"american_bulldog, boxer, saint_bernard, pug, beagle",True,True
Persian_147,Persian,Persian,0.9777348,"Persian, British_Shorthair, Ragdoll, keeshond, newfoundland",True,True
miniature_pinscher_126,miniature_pinscher,miniature_pinscher,0.8507339,"miniature_pinscher, american_pit_bull_terrier, beagle, german_shorthaired, Bengal",True,True
Egyptian_Mau_79,Egyptian_Mau,english_setter,0.4330105,"english_setter, Egyptian_Mau, beagle, Sphynx, chihuahua",False,True
Maine_Coon_213,Maine_Coon,Maine_Coon,0.9990362,"Maine_Coon, Persian, Bengal, wheaten_terrier, Abyssinian",True,True
Russian_Blue_142,Russian_Blue,Russian_Blue,0.99144626,"Russian_Blue, Abyssinian, Egyptian_Mau, British_Shorthair, Sphynx",True,True
samoyed_81,samoyed,samoyed,0.9984647,"samoyed, great_pyrenees, shiba_inu, pomeranian, Ragdoll",True,True
leonberger_139,leonberger,leonberger,0.9951815,"leonberger, boxer, newfoundland, keeshond, saint_bernard",True,True
Siamese_140,Siamese,Siamese,0.9833582,"Siamese, Birman, Ragdoll, Abyssinian, chihuahua",True,True
Birman_44,Birman,Birman,0.9838149,"Birman, Ragdoll, Siamese, japanese_chin, scottish_terrier",True,True
Ragdoll_33,Ragdoll,Ragdoll,0.9940462,"Ragdoll, Birman, Persian, pomeranian, japanese_chin",True,True
wheaten_terrier_162,wheaten_terrier,wheaten_terrier,0.9990546,"wheaten_terrier, english_cocker_spaniel, great_pyrenees, havanese, american_bulldog",True,True
Birman_119,Birman,Birman,0.96815854,"Birman, Ragdoll, Siamese, keeshond, samoyed",True,True
american_bulldog_68,american_bulldog,beagle,0.88551223,"beagle, saint_bernard, american_bulldog, boxer, staffordshire_bull_terrier",False,True
Sphynx_4,Sphynx,Sphynx,0.99541414,"Sphynx, chihuahua, american_bulldog, Abyssinian, Egyptian_Mau",True,True
Birman_28,Birman,Birman,0.9782169,"Birman, Ragdoll, Siamese, japanese_chin, pomeranian",True,True
yorkshire_terrier_67,yorkshire_terrier,yorkshire_terrier,0.9998211,"yorkshire_terrier, wheaten_terrier, leonberger, english_cocker_spaniel, scottish_terrier",True,True
boxer_1,boxer,boxer,0.9944912,"boxer, beagle, staffordshire_bull_terrier, saint_bernard, american_bulldog",True,True
english_cocker_spaniel_200,english_cocker_spaniel,english_cocker_spaniel,0.99615675,"english_cocker_spaniel, english_setter, german_shorthaired, newfoundland, basset_hound",True,True
wheaten_terrier_95,wheaten_terrier,wheaten_terrier,0.9998343,"wheaten_terrier, english_cocker_spaniel, havanese, english_setter, leonberger",True,True
newfoundland_136,newfoundland,newfoundland,0.95694864,"newfoundland, leonberger, english_cocker_spaniel, scottish_terrier, miniature_pinscher",True,True
Maine_Coon_56,Maine_Coon,Maine_Coon,0.99658066,"Maine_Coon, Bengal, Persian, japanese_chin, Bombay",True,True
havanese_150,havanese,havanese,0.63953483,"havanese, pug, yorkshire_terrier, english_cocker_spaniel, scottish_terrier",True,True
leonberger_199,leonberger,leonberger,0.9975151,"leonberger, saint_bernard, newfoundland, wheaten_terrier, boxer",True,True
shiba_inu_95,shiba_inu,shiba_inu,0.99904007,"shiba_inu, samoyed, pomeranian, chihuahua, scottish_terrier",True,True
Ragdoll_16,Ragdoll,Ragdoll,0.8875359,"Ragdoll, Maine_Coon, japanese_chin, Bengal, Abyssinian",True,True
scottish_terrier_147,scottish_terrier,scottish_terrier,0.9994741,"scottish_terrier, Bombay, chihuahua, yorkshire_terrier, staffordshire_bull_terrier",True,True
basset_hound_118,basset_hound,basset_hound,0.99929667,"basset_hound, beagle, english_cocker_spaniel, english_setter, shiba_inu",True,True
staffordshire_bull_terrier_137,staffordshire_bull_terrier,staffordshire_bull_terrier,0.96005607,"staffordshire_bull_terrier, american_pit_bull_terrier, pug, boxer, Russian_Blue",True,True
leonberger_22,leonberger,leonberger,0.9987413,"leonberger, saint_bernard, english_cocker_spaniel, boxer, Bengal",True,True
havanese_50,havanese,havanese,0.9998802,"havanese, pug, japanese_chin, english_cocker_spaniel, wheaten_terrier",True,True
pomeranian_58,pomeranian,pomeranian,0.9999931,"pomeranian, japanese_chin, chihuahua, yorkshire_terrier, samoyed",True,True
Persian_69,Persian,Persian,0.9987062,"Persian, Ragdoll, British_Shorthair, Maine_Coon, wheaten_terrier",True,True
Maine_Coon_244,Maine_Coon,Ragdoll,0.47937253,"Ragdoll, Maine_Coon, Persian, British_Shorthair, Abyssinian",False,True
wheaten_terrier_68,wheaten_terrier,wheaten_terrier,0.9993274,"wheaten_terrier, havanese, scottish_terrier, yorkshire_terrier, english_setter",True,True
pug_146,pug,pug,0.9999726,"pug, american_bulldog, leonberger, american_pit_bull_terrier, Siamese",True,True
Egyptian_Mau_98,Egyptian_Mau,Egyptian_Mau,0.99996305,"Egyptian_Mau, Russian_Blue, Bengal, Sphynx, British_Shorthair",True,True
Sphynx_95,Sphynx,Sphynx,0.9994881,"Sphynx, american_bulldog, chihuahua, scottish_terrier, Egyptian_Mau",True,True
pomeranian_120,pomeranian,pomeranian,0.99943596,"pomeranian, japanese_chin, yorkshire_terrier, shiba_inu, chihuahua",True,True
american_bulldog_161,american_bulldog,american_bulldog,0.98564273,"american_bulldog, great_pyrenees, english_setter, beagle, Sphynx",True,True
yorkshire_terrier_151,yorkshire_terrier,yorkshire_terrier,0.9991424,"yorkshire_terrier, pomeranian, leonberger, miniature_pinscher, havanese",True,True
great_pyrenees_16,great_pyrenees,great_pyrenees,0.5287908,"great_pyrenees, samoyed, american_bulldog, english_setter, Ragdoll",True,True
boxer_147,boxer,boxer,0.99895525,"boxer, staffordshire_bull_terrier, miniature_pinscher, pug, saint_bernard",True,True
scottish_terrier_2,scottish_terrier,scottish_terrier,0.99998784,"scottish_terrier, newfoundland, yorkshire_terrier, samoyed, keeshond",True,True
japanese_chin_104,japanese_chin,japanese_chin,0.98528963,"japanese_chin, pomeranian, english_setter, havanese, chihuahua",True,True
basset_hound_120,basset_hound,basset_hound,0.9973628,"basset_hound, beagle, saint_bernard, american_pit_bull_terrier, boxer",True,True
Bombay_79,Bombay,Bombay,0.8356776,"Bombay, British_Shorthair, Russian_Blue, scottish_terrier, newfoundland",True,True
leonberger_138,leonberger,leonberger,0.98290944,"leonberger, keeshond, wheaten_terrier, newfoundland, Abyssinian",True,True
leonberger_90,leonberger,keeshond,0.75295496,"keeshond, leonberger, Birman, english_setter, great_pyrenees",False,True
Abyssinian_156,Abyssinian,Abyssinian,0.9963431,"Abyssinian, Bengal, British_Shorthair, Sphynx, Siamese",True,True
keeshond_11,keeshond,keeshond,0.99947864,"keeshond, leonberger, Birman, pomeranian, Siamese",True,True
great_pyrenees_122,great_pyrenees,wheaten_terrier,0.31624022,"wheaten_terrier, great_pyrenees, Ragdoll, american_bulldog, samoyed",False,True
Russian_Blue_51,Russian_Blue,Russian_Blue,0.9925574,"Russian_Blue, British_Shorthair, shiba_inu, Egyptian_Mau, Ragdoll",True,True
havanese_99,havanese,havanese,0.994547,"havanese, japanese_chin, great_pyrenees, pug, english_setter",True,True
Bengal_146,Bengal,Bengal,0.5306771,"Bengal, Abyssinian, american_pit_bull_terrier, Ragdoll, Maine_Coon",True,True
great_pyrenees_193,great_pyrenees,great_pyrenees,0.9923293,"great_pyrenees, samoyed, saint_bernard, pomeranian, leonberger",True,True
basset_hound_88,basset_hound,basset_hound,0.9652537,"basset_hound, beagle, saint_bernard, boxer, miniature_pinscher",True,True
yorkshire_terrier_47,yorkshire_terrier,yorkshire_terrier,0.9999068,"yorkshire_terrier, pomeranian, Bengal, miniature_pinscher, english_cocker_spaniel",True,True
miniature_pinscher_145,miniature_pinscher,Bengal,0.73596483,"Bengal, miniature_pinscher, Sphynx, Abyssinian, yorkshire_terrier",False,True
keeshond_129,keeshond,keeshond,0.9964568,"keeshond, leonberger, great_pyrenees, Birman, scottish_terrier",True,True
Birman_145,Birman,Birman,0.9734648,"Birman, Ragdoll, keeshond, pomeranian, samoyed",True,True
wheaten_terrier_10,wheaten_terrier,wheaten_terrier,0.4985511,"wheaten_terrier, great_pyrenees, english_setter, havanese, american_bulldog",True,True
english_cocker_spaniel_39,english_cocker_spaniel,english_cocker_spaniel,0.8036524,"english_cocker_spaniel, newfoundland, havanese, scottish_terrier, english_setter",True,True
english_setter_177,english_setter,english_setter,0.8696112,"english_setter, english_cocker_spaniel, havanese, great_pyrenees, Egyptian_Mau",True,True
Egyptian_Mau_132,Egyptian_Mau,Egyptian_Mau,0.6534549,"Egyptian_Mau, Bombay, British_Shorthair, Russian_Blue, german_shorthaired",True,True
staffordshire_bull_terrier_190,staffordshire_bull_terrier,american_bulldog,0.76933956,"american_bulldog, japanese_chin, english_setter, saint_bernard, american_pit_bull_terrier",False,False
Birman_148,Birman,Birman,0.9997036,"Birman, Ragdoll, Siamese, leonberger, keeshond",True,True
Sphynx_3,Sphynx,Sphynx,0.78018755,"Sphynx, Bombay, chihuahua, Abyssinian, american_bulldog",True,True
Birman_167,Birman,Birman,0.9965837,"Birman, Siamese, Ragdoll, leonberger, keeshond",True,True
boxer_142,boxer,boxer,0.9323368,"boxer, pug, american_bulldog, beagle, staffordshire_bull_terrier",True,True
samoyed_94,samoyed,samoyed,0.9912965,"samoyed, great_pyrenees, shiba_inu, pomeranian, Persian",True,True
Persian_179,Persian,Persian,0.9999918,"Persian, Ragdoll, British_Shorthair, keeshond, havanese",True,True
saint_bernard_174,saint_bernard,saint_bernard,0.9979905,"saint_bernard, basset_hound, english_setter, leonberger, great_pyrenees",True,True
american_pit_bull_terrier_88,american_pit_bull_terrier,american_bulldog,0.69166356,"american_bulldog, staffordshire_bull_terrier, american_pit_bull_terrier, pug, boxer",False,True
boxer_117,boxer,boxer,0.9973857,"boxer, german_shorthaired, american_bulldog, miniature_pinscher, leonberger",True,True
scottish_terrier_171,scottish_terrier,scottish_terrier,0.6307219,"scottish_terrier, newfoundland, pomeranian, Bombay, keeshond",True,True
keeshond_158,keeshond,keeshond,0.9994716,"keeshond, pomeranian, samoyed, leonberger, Persian",True,True
yorkshire_terrier_70,yorkshire_terrier,yorkshire_terrier,0.99635136,"yorkshire_terrier, scottish_terrier, wheaten_terrier, pomeranian, basset_hound",True,True
Maine_Coon_36,Maine_Coon,Bengal,0.57326436,"Bengal, Maine_Coon, Abyssinian, Ragdoll, Egyptian_Mau",False,True
Egyptian_Mau_154,Egyptian_Mau,Abyssinian,0.35577923,"Abyssinian, Maine_Coon, Egyptian_Mau, British_Shorthair, Russian_Blue",False,True
Abyssinian_110,Abyssinian,Abyssinian,0.99975914,"Abyssinian, Russian_Blue, Bengal, Sphynx, Egyptian_Mau",True,True
Bengal_79,Bengal,Bengal,0.9983724,"Bengal, Egyptian_Mau, english_cocker_spaniel, Maine_Coon, yorkshire_terrier",True,True
english_cocker_spaniel_108,english_cocker_spaniel,english_cocker_spaniel,0.51571137,"english_cocker_spaniel, english_setter, great_pyrenees, wheaten_terrier, basset_hound",True,True
boxer_183,boxer,boxer,0.9374987,"boxer, american_bulldog, american_pit_bull_terrier, pug, miniature_pinscher",True,True
boxer_191,boxer,boxer,0.37310153,"boxer, saint_bernard, leonberger, basset_hound, beagle",True,True
Ragdoll_193,Ragdoll,Ragdoll,0.9986902,"Ragdoll, Birman, Maine_Coon, Persian, Abyssinian",True,True
basset_hound_132,basset_hound,basset_hound,0.90474147,"basset_hound, beagle, boxer, saint_bernard, german_shorthaired",True,True
Persian_16,Persian,Persian,0.9952992,"Persian, Ragdoll, British_Shorthair, havanese, american_bulldog",True,True
beagle_8,beagle,beagle,0.78916043,"beagle, american_bulldog, boxer, shiba_inu, basset_hound",True,True
chihuahua_78,chihuahua,chihuahua,0.5760358,"chihuahua, beagle, shiba_inu, american_pit_bull_terrier, miniature_pinscher",True,True
beagle_150,beagle,beagle,0.9019259,"beagle, basset_hound, miniature_pinscher, boxer, american_bulldog",True,True
newfoundland_152,newfoundland,newfoundland,0.9564789,"newfoundland, scottish_terrier, staffordshire_bull_terrier, japanese_chin, havanese",True,True
Bengal_29,Bengal,Bengal,0.99656385,"Bengal, Egyptian_Mau, english_setter, yorkshire_terrier, Maine_Coon",True,True
Persian_197,Persian,Persian,0.9622634,"Persian, Ragdoll, Maine_Coon, japanese_chin, British_Shorthair",True,True
newfoundland_4,newfoundland,newfoundland,0.99888474,"newfoundland, scottish_terrier, Persian, english_cocker_spaniel, keeshond",True,True
British_Shorthair_182,British_Shorthair,British_Shorthair,0.9793864,"British_Shorthair, Russian_Blue, Persian, Bombay, Ragdoll",True,True
pomeranian_48,pomeranian,pomeranian,0.98704,"pomeranian, japanese_chin, great_pyrenees, Persian, havanese",True,True
english_cocker_spaniel_25,english_cocker_spaniel,english_cocker_spaniel,0.81559217,"english_cocker_spaniel, english_setter, leonberger, basset_hound, newfoundland",True,True
Abyssinian_89,Abyssinian,Abyssinian,0.99790025,"Abyssinian, Siamese, shiba_inu, Russian_Blue, miniature_pinscher",True,True
keeshond_148,keeshond,keeshond,0.9998136,"keeshond, leonberger, great_pyrenees, Birman, pomeranian",True,True
Birman_13,Birman,Birman,0.95888644,"Birman, Siamese, Ragdoll, pug, japanese_chin",True,True
Birman_124,Birman,Birman,0.9155433,"Birman, Siamese, leonberger, Ragdoll, pug",True,True
english_cocker_spaniel_198,english_cocker_spaniel,english_cocker_spaniel,0.99635303,"english_cocker_spaniel, yorkshire_terrier, wheaten_terrier, Bengal, basset_hound",True,True
Maine_Coon_155,Maine_Coon,Maine_Coon,0.99287015,"Maine_Coon, Bengal, Persian, yorkshire_terrier, Egyptian_Mau",True,True
Egyptian_Mau_218,Egyptian_Mau,Egyptian_Mau,0.96638685,"Egyptian_Mau, Bengal, British_Shorthair, Abyssinian, Ragdoll",True,True
Bombay_52,Bombay,Bombay,0.9972681,"Bombay, Siamese, scottish_terrier, chihuahua, Russian_Blue",True,True
wheaten_terrier_133,wheaten_terrier,wheaten_terrier,0.99371696,"wheaten_terrier, havanese, english_cocker_spaniel, scottish_terrier, great_pyrenees",True,True
Maine_Coon_64,Maine_Coon,Maine_Coon,0.99030745,"Maine_Coon, Bengal, Persian, Abyssinian, Egyptian_Mau",True,True
pug_80,pug,pug,0.9993699,"pug, american_bulldog, boxer, staffordshire_bull_terrier, leonberger",True,True
Maine_Coon_78,Maine_Coon,Maine_Coon,0.55554926,"Maine_Coon, Ragdoll, Persian, Abyssinian, British_Shorthair",True,True
newfoundland_76,newfoundland,newfoundland,0.9305756,"newfoundland, scottish_terrier, english_cocker_spaniel, staffordshire_bull_terrier, havanese",True,True
chihuahua_62,chihuahua,chihuahua,0.9953784,"chihuahua, american_bulldog, english_setter, Sphynx, american_pit_bull_terrier",True,True
boxer_135,boxer,pug,0.8950053,"pug, Bombay, boxer, staffordshire_bull_terrier, Siamese",False,True
basset_hound_54,basset_hound,basset_hound,0.8310044,"basset_hound, beagle, english_cocker_spaniel, english_setter, american_pit_bull_terrier",True,True
american_pit_bull_terrier_22,american_pit_bull_terrier,american_bulldog,0.36756286,"american_bulldog, american_pit_bull_terrier, Sphynx, german_shorthaired, boxer",False,True
Russian_Blue_181,Russian_Blue,Russian_Blue,0.99622476,"Russian_Blue, British_Shorthair, Egyptian_Mau, Abyssinian, german_shorthaired",True,True
British_Shorthair_44,British_Shorthair,British_Shorthair,0.9799702,"British_Shorthair, Persian, Ragdoll, Russian_Blue, american_bulldog",True,True
Bengal_75,Bengal,Bengal,0.99880373,"Bengal, Maine_Coon, Abyssinian, Egyptian_Mau, yorkshire_terrier",True,True
Bengal_189,Bengal,Egyptian_Mau,0.97967714,"Egyptian_Mau, Bengal, english_setter, Maine_Coon, Sphynx",False,True
newfoundland_141,newfoundland,newfoundland,0.9974746,"newfoundland, havanese, leonberger, german_shorthaired, scottish_terrier",True,True
chihuahua_192,chihuahua,miniature_pinscher,0.9803197,"miniature_pinscher, american_pit_bull_terrier, chihuahua, yorkshire_terrier, pomeranian",False,True
basset_hound_157,basset_hound,basset_hound,0.9592063,"basset_hound, beagle, miniature_pinscher, yorkshire_terrier, american_bulldog",True,True
British_Shorthair_166,British_Shorthair,British_Shorthair,0.9959116,"British_Shorthair, Egyptian_Mau, Russian_Blue, german_shorthaired, Persian",True,True
Russian_Blue_161,Russian_Blue,Russian_Blue,0.6922454,"Russian_Blue, British_Shorthair, Bombay, Sphynx, Abyssinian",True,True
wheaten_terrier_21,wheaten_terrier,wheaten_terrier,0.99997354,"wheaten_terrier, havanese, scottish_terrier, english_cocker_spaniel, pug",True,True
samoyed_140,samoyed,samoyed,0.3660795,"samoyed, scottish_terrier, keeshond, Ragdoll, great_pyrenees",True,True
japanese_chin_191,japanese_chin,japanese_chin,0.99083847,"japanese_chin, havanese, Persian, Ragdoll, Birman",True,True
havanese_197,havanese,havanese,0.99761033,"havanese, wheaten_terrier, english_cocker_spaniel, yorkshire_terrier, english_setter",True,True
great_pyrenees_151,great_pyrenees,great_pyrenees,0.99390113,"great_pyrenees, american_bulldog, samoyed, english_setter, leonberger",True,True
shiba_inu_46,shiba_inu,shiba_inu,0.99690384,"shiba_inu, samoyed, pomeranian, chihuahua, Russian_Blue",True,True
British_Shorthair_71,British_Shorthair,British_Shorthair,0.99749017,"British_Shorthair, Russian_Blue, Bombay, Persian, Ragdoll",True,True
Russian_Blue_196,Russian_Blue,Russian_Blue,0.88660145,"Russian_Blue, British_Shorthair, Sphynx, Egyptian_Mau, Bombay",True,True
British_Shorthair_248,British_Shorthair,British_Shorthair,0.94152254,"British_Shorthair, Bombay, Russian_Blue, Abyssinian, Egyptian_Mau",True,True
german_shorthaired_134,german_shorthaired,german_shorthaired,0.52341664,"german_shorthaired, american_bulldog, beagle, american_pit_bull_terrier, english_setter",True,True
havanese_103,havanese,havanese,0.7714993,"havanese, wheaten_terrier, yorkshire_terrier, english_cocker_spaniel, scottish_terrier",True,True
Bengal_170,Bengal,Bengal,0.5633174,"Bengal, Egyptian_Mau, Maine_Coon, Abyssinian, english_setter",True,True
leonberger_188,leonberger,leonberger,0.9917571,"leonberger, newfoundland, keeshond, great_pyrenees, scottish_terrier",True,True
British_Shorthair_268,British_Shorthair,British_Shorthair,0.99582666,"British_Shorthair, Russian_Blue, Persian, Abyssinian, Egyptian_Mau",True,True
Maine_Coon_148,Maine_Coon,Maine_Coon,0.9767918,"Maine_Coon, english_setter, Ragdoll, Persian, scottish_terrier",True,True
Russian_Blue_45,Russian_Blue,Russian_Blue,0.996615,"Russian_Blue, British_Shorthair, shiba_inu, Abyssinian, Egyptian_Mau",True,True
boxer_175,boxer,boxer,0.53471273,"boxer, german_shorthaired, staffordshire_bull_terrier, miniature_pinscher, wheaten_terrier",True,True
Siamese_238,Siamese,Siamese,0.9497374,"Siamese, pug, chihuahua, miniature_pinscher, Abyssinian",True,True
boxer_10,boxer,boxer,0.9192738,"boxer, miniature_pinscher, Siamese, saint_bernard, leonberger",True,True
basset_hound_36,basset_hound,basset_hound,0.9761464,"basset_hound, beagle, american_pit_bull_terrier, boxer, english_setter",True,True
newfoundland_177,newfoundland,newfoundland,0.997806,"newfoundland, english_cocker_spaniel, leonberger, havanese, great_pyrenees",True,True
keeshond_127,keeshond,keeshond,0.9997955,"keeshond, leonberger, pomeranian, samoyed, great_pyrenees",True,True
Sphynx_206,Sphynx,Sphynx,0.9999279,"Sphynx, Egyptian_Mau, american_bulldog, Abyssinian, chihuahua",True,True
British_Shorthair_168,British_Shorthair,British_Shorthair,0.9668641,"British_Shorthair, Russian_Blue, Persian, Abyssinian, Ragdoll",True,True
wheaten_terrier_132,wheaten_terrier,havanese,0.6713062,"havanese, wheaten_terrier, yorkshire_terrier, english_cocker_spaniel, great_pyrenees",False,True
