file,true,pred_top1,confidence,pred_top5,correct_top1,correct_top5
wheaten_terrier_107,wheaten_terrier,wheaten_terrier,0.80290186,"wheaten_terrier, havanese, english_cocker_spaniel, great_pyrenees, english_setter",True,True
Russian_Blue_24,Russian_Blue,Russian_Blue,0.99237156,"Russian_Blue, British_Shorthair, Egyptian_Mau, Abyssinian, Bombay",True,True
pug_81,pug,pug,0.9543421,"pug, boxer, staffordshire_bull_terrier, american_bulldog, chihuahua",True,True
boxer_144,boxer,boxer,0.9966498,"boxer, staffordshire_bull_terrier, miniature_pinscher, american_pit_bull_terrier, american_bulldog",True,True
British_Shorthair_154,British_Shorthair,British_Shorthair,0.9928653,"British_Shorthair, Russian_Blue, Egyptian_Mau, Persian, Bombay",True,True
pug_109,pug,pug,0.9999083,"pug, boxer, american_bulldog, leonberger, chihuahua",True,True
leonberger_127,leonberger,leonberger,0.95027965,"leonberger, keeshond, great_pyrenees, yorkshire_terrier, english_setter",True,True
Siamese_154,Siamese,Siamese,0.93832827,"Siamese, Abyssinian, Ragdoll, Birman, Sphynx",True,True
keeshond_157,keeshond,keeshond,0.99920875,"keeshond, samoyed, leonberger, great_pyrenees, pomeranian",True,True
Ragdoll_224,Ragdoll,Ragdoll,0.7761314,"Ragdoll, Abyssinian, Maine_Coon, Bengal, Persian",True,True
boxer_79,boxer,boxer,0.9878241,"boxer, american_pit_bull_terrier, american_bulldog, staffordshire_bull_terrier, miniature_pinscher",True,True
english_setter_97,english_setter,english_setter,0.93590194,"english_setter, english_cocker_spaniel, basset_hound, great_pyrenees, wheaten_terrier",True,True
newfoundland_188,newfoundland,newfoundland,0.9930722,"newfoundland, english_cocker_spaniel, scottish_terrier, leonberger, British_Shorthair",True,True
american_pit_bull_terrier_32,american_pit_bull_terrier,staffordshire_bull_terrier,0.7361887,"staffordshire_bull_terrier, german_shorthaired, boxer, american_pit_bull_terrier, american_bulldog",False,True
Bengal_83,Bengal,Bengal,0.95612645,"Bengal, Egyptian_Mau, Abyssinian, Maine_Coon, basset_hound",True,True
pomeranian_136,pomeranian,pomeranian,0.9940937,"pomeranian, shiba_inu, samoyed, chihuahua, keeshond",True,True
Bengal_186,Bengal,Bengal,0.9979315,"Bengal, Egyptian_Mau, Abyssinian, Maine_Coon, yorkshire_terrier",True,True
Ragdoll_63,Ragdoll,Ragdoll,0.9941361,"Ragdoll, Birman, Siamese, Persian, Maine_Coon",True,True
great_pyrenees_197,great_pyrenees,great_pyrenees,0.9769757,"great_pyrenees, leonberger, havanese, saint_bernard, english_setter",True,True
Sphynx_87,Sphynx,Sphynx,0.99544144,"Sphynx, chihuahua, american_bulldog, american_pit_bull_terrier, miniature_pinscher",True,True
yorkshire_terrier_169,yorkshire_terrier,yorkshire_terrier,0.9878554,"yorkshire_terrier, wheaten_terrier, english_cocker_spaniel, havanese, scottish_terrier",True,True
great_pyrenees_12,great_pyrenees,great_pyrenees,0.63151914,"great_pyrenees, samoyed, havanese, chihuahua, english_cocker_spaniel",True,True
beagle_26,beagle,beagle,0.98532444,"beagle, basset_hound, staffordshire_bull_terrier, saint_bernard, boxer",True,True
english_cocker_spaniel_173,english_cocker_spaniel,english_setter,0.8953979,"english_setter, english_cocker_spaniel, german_shorthaired, beagle, basset_hound",False,True
wheaten_terrier_45,wheaten_terrier,havanese,0.8399853,"havanese, wheaten_terrier, great_pyrenees, scottish_terrier, yorkshire_terrier",False,True
english_setter_193,english_setter,english_setter,0.6242337,"english_setter, english_cocker_spaniel, great_pyrenees, saint_bernard, havanese",True,True
beagle_197,beagle,beagle,0.745513,"beagle, american_bulldog, basset_hound, american_pit_bull_terrier, boxer",True,True
japanese_chin_49,japanese_chin,japanese_chin,0.9943832,"japanese_chin, havanese, english_cocker_spaniel, english_setter, american_bulldog",True,True
Bengal_85,Bengal,Bengal,0.9641094,"Bengal, Egyptian_Mau, Abyssinian, Maine_Coon, basset_hound",True,True
american_pit_bull_terrier_56,american_pit_bull_terrier,basset_hound,0.8764672,"basset_hound, beagle, english_cocker_spaniel, american_pit_bull_terrier, american_bulldog",False,True
keeshond_5,keeshond,keeshond,0.9992861,"keeshond, Birman, pomeranian, Persian, japanese_chin",True,True
newfoundland_49,newfoundland,newfoundland,0.9995221,"newfoundland, leonberger, keeshond, staffordshire_bull_terrier, english_cocker_spaniel",True,True
Bengal_65,Bengal,Bengal,0.9968766,"Bengal, Abyssinian, Egyptian_Mau, Maine_Coon, english_cocker_spaniel",True,True
Birman_74,Birman,Birman,0.9085584,"Birman, Ragdoll, Siamese, japanese_chin, keeshond",True,True
Siamese_249,Siamese,Siamese,0.99882144,"Siamese, Birman, Ragdoll, chihuahua, Bombay",True,True
Maine_Coon_87,Maine_Coon,english_setter,0.26250067,"english_setter, Egyptian_Mau, Maine_Coon, Bengal, yorkshire_terrier",False,True
english_cocker_spaniel_125,english_cocker_spaniel,english_setter,0.97063464,"english_setter, english_cocker_spaniel, german_shorthaired, american_pit_bull_terrier, american_bulldog",False,True
Abyssinian_158,Abyssinian,Abyssinian,0.6928093,"Abyssinian, Bengal, Maine_Coon, Egyptian_Mau, Ragdoll",True,True
Birman_60,Birman,Birman,0.9143765,"Birman, Siamese, Ragdoll, japanese_chin, keeshond",True,True
saint_bernard_93,saint_bernard,saint_bernard,0.98828924,"saint_bernard, basset_hound, boxer, leonberger, beagle",True,True
yorkshire_terrier_64,yorkshire_terrier,yorkshire_terrier,0.9993217,"yorkshire_terrier, scottish_terrier, havanese, english_cocker_spaniel, wheaten_terrier",True,True
pomeranian_88,pomeranian,pomeranian,0.9518708,"pomeranian, shiba_inu, samoyed, chihuahua, Ragdoll",True,True
japanese_chin_171,japanese_chin,japanese_chin,0.9925472,"japanese_chin, havanese, english_setter, english_cocker_spaniel, saint_bernard",True,True
Ragdoll_138,Ragdoll,Birman,0.9454457,"Birman, Ragdoll, japanese_chin, Siamese, havanese",False,True
Russian_Blue_156,Russian_Blue,Russian_Blue,0.99984014,"Russian_Blue, British_Shorthair, Siamese, Abyssinian, Sphynx",True,True
Sphynx_76,Sphynx,Sphynx,0.9979784,"Sphynx, Abyssinian, chihuahua, american_bulldog, miniature_pinscher",True,True
Russian_Blue_119,Russian_Blue,staffordshire_bull_terrier,0.5410637,"staffordshire_bull_terrier, Russian_Blue, beagle, german_shorthaired, Siamese",False,True
Abyssinian_71,Abyssinian,Abyssinian,0.98815405,"Abyssinian, miniature_pinscher, Bengal, boxer, Siamese",True,True
Birman_5,Birman,Birman,0.82037777,"Birman, Siamese, pug, Persian, Ragdoll",True,True
Birman_183,Birman,Birman,0.52937555,"Birman, Siamese, Ragdoll, yorkshire_terrier, scottish_terrier",True,True
japanese_chin_74,japanese_chin,japanese_chin,0.99057734,"japanese_chin, havanese, english_setter, english_cocker_spaniel, chihuahua",True,True
Birman_90,Birman,Ragdoll,0.5140898,"Ragdoll, Birman, Siamese, Persian, samoyed",False,True
shiba_inu_203,shiba_inu,shiba_inu,0.99919444,"shiba_inu, basset_hound, beagle, chihuahua, staffordshire_bull_terrier",True,True
Persian_261,Persian,Persian,0.76096314,"Persian, Ragdoll, Birman, Maine_Coon, pomeranian",True,True
german_shorthaired_28,german_shorthaired,german_shorthaired,0.98097503,"german_shorthaired, staffordshire_bull_terrier, american_pit_bull_terrier, english_setter, english_cocker_spaniel",True,True
British_Shorthair_175,British_Shorthair,British_Shorthair,0.9995951,"British_Shorthair, Persian, Russian_Blue, Bombay, Maine_Coon",True,True
Siamese_35,Siamese,Siamese,0.99626946,"Siamese, Birman, Ragdoll, Sphynx, Russian_Blue",True,True
saint_bernard_138,saint_bernard,saint_bernard,0.8861475,"saint_bernard, basset_hound, beagle, boxer, american_pit_bull_terrier",True,True
scottish_terrier_42,scottish_terrier,scottish_terrier,0.99996686,"scottish_terrier, yorkshire_terrier, Bombay, keeshond, chihuahua",True,True
american_pit_bull_terrier_65,american_pit_bull_terrier,american_pit_bull_terrier,0.42843658,"american_pit_bull_terrier, staffordshire_bull_terrier, chihuahua, miniature_pinscher, scottish_terrier",True,True
english_setter_111,english_setter,beagle,0.55010074,"beagle, chihuahua, american_pit_bull_terrier, basset_hound, english_setter",False,True
japanese_chin_67,japanese_chin,japanese_chin,0.8813565,"japanese_chin, saint_bernard, boxer, basset_hound, staffordshire_bull_terrier",True,True
Birman_66,Birman,Siamese,0.77033246,"Siamese, Birman, pug, Ragdoll, japanese_chin",False,True
leonberger_116,leonberger,leonberger,0.9982187,"leonberger, great_pyrenees, saint_bernard, keeshond, wheaten_terrier",True,True
havanese_108,havanese,havanese,0.9990196,"havanese, wheaten_terrier, great_pyrenees, japanese_chin, english_cocker_spaniel",True,True
shiba_inu_57,shiba_inu,shiba_inu,0.9976834,"shiba_inu, chihuahua, staffordshire_bull_terrier, american_pit_bull_terrier, pomeranian",True,True
yorkshire_terrier_18,yorkshire_terrier,yorkshire_terrier,0.9844151,"yorkshire_terrier, havanese, scottish_terrier, wheaten_terrier, japanese_chin",True,True
wheaten_terrier_47,wheaten_terrier,wheaten_terrier,0.97043735,"wheaten_terrier, havanese, scottish_terrier, english_setter, english_cocker_spaniel",True,True
Bombay_105,Bombay,Bombay,0.96801454,"Bombay, British_Shorthair, Russian_Blue, Siamese, newfoundland",True,True
shiba_inu_13,shiba_inu,shiba_inu,0.92353815,"shiba_inu, Abyssinian, leonberger, wheaten_terrier, pomeranian",True,True
Egyptian_Mau_96,Egyptian_Mau,Egyptian_Mau,0.9977725,"Egyptian_Mau, Bengal, British_Shorthair, Russian_Blue, Maine_Coon",True,True
keeshond_87,keeshond,keeshond,0.9690085,"keeshond, scottish_terrier, pomeranian, samoyed, staffordshire_bull_terrier",True,True
yorkshire_terrier_1,yorkshire_terrier,yorkshire_terrier,0.962433,"yorkshire_terrier, havanese, scottish_terrier, wheaten_terrier, Bengal",True,True
english_cocker_spaniel_191,english_cocker_spaniel,english_cocker_spaniel,0.8634944,"english_cocker_spaniel, newfoundland, english_setter, great_pyrenees, german_shorthaired",True,True
British_Shorthair_57,British_Shorthair,British_Shorthair,0.9984397,"British_Shorthair, Russian_Blue, Bombay, Persian, Egyptian_Mau",True,True
great_pyrenees_39,great_pyrenees,great_pyrenees,0.92480284,"great_pyrenees, samoyed, havanese, keeshond, english_cocker_spaniel",True,True
leonberger_45,leonberger,leonberger,0.9259685,"leonberger, keeshond, newfoundland, staffordshire_bull_terrier, scottish_terrier",True,True
chihuahua_145,chihuahua,chihuahua,0.5095493,"chihuahua, miniature_pinscher, staffordshire_bull_terrier, american_pit_bull_terrier, pug",True,True
Birman_105,Birman,Birman,0.96786547,"Birman, Ragdoll, Siamese, japanese_chin, Persian",True,True
japanese_chin_181,japanese_chin,japanese_chin,0.98925835,"japanese_chin, saint_bernard, english_cocker_spaniel, havanese, english_setter",True,True
Russian_Blue_179,Russian_Blue,Russian_Blue,0.98816794,"Russian_Blue, Egyptian_Mau, Sphynx, Siamese, British_Shorthair",True,True
basset_hound_95,basset_hound,basset_hound,0.99998987,"basset_hound, beagle, saint_bernard, boxer, american_pit_bull_terrier",True,True
pug_147,pug,pug,0.9997323,"pug, boxer, american_bulldog, chihuahua, leonberger",True,True
boxer_18,boxer,american_bulldog,0.8792619,"american_bulldog, american_pit_bull_terrier, english_setter, beagle, staffordshire_bull_terrier",False,False
miniature_pinscher_194,miniature_pinscher,miniature_pinscher,0.6583424,"miniature_pinscher, chihuahua, Bengal, Bombay, yorkshire_terrier",True,True
Maine_Coon_58,Maine_Coon,Maine_Coon,0.99966216,"Maine_Coon, Egyptian_Mau, Persian, Abyssinian, Bengal",True,True
Bombay_29,Bombay,staffordshire_bull_terrier,0.37535062,"staffordshire_bull_terrier, boxer, Bombay, german_shorthaired, newfoundland",False,True
Ragdoll_260,Ragdoll,Ragdoll,0.95602185,"Ragdoll, samoyed, Maine_Coon, Persian, Birman",True,True
shiba_inu_106,shiba_inu,shiba_inu,0.9992906,"shiba_inu, pomeranian, chihuahua, samoyed, american_pit_bull_terrier",True,True
pomeranian_134,pomeranian,pomeranian,0.999411,"pomeranian, yorkshire_terrier, japanese_chin, chihuahua, keeshond",True,True
beagle_9,beagle,beagle,0.9994894,"beagle, basset_hound, staffordshire_bull_terrier, american_pit_bull_terrier, chihuahua",True,True
shiba_inu_118,shiba_inu,shiba_inu,0.9928839,"shiba_inu, chihuahua, beagle, american_pit_bull_terrier, staffordshire_bull_terrier",True,True
newfoundland_176,newfoundland,newfoundland,0.60194665,"newfoundland, keeshond, great_pyrenees, leonberger, staffordshire_bull_terrier",True,True
samoyed_38,samoyed,samoyed,0.87921125,"samoyed, pomeranian, shiba_inu, great_pyrenees, British_Shorthair",True,True
leonberger_125,leonberger,leonberger,0.9975313,"leonberger, keeshond, great_pyrenees, saint_bernard, Siamese",True,True
Persian_107,Persian,Persian,0.618518,"Persian, Maine_Coon, Ragdoll, keeshond, Birman",True,True
samoyed_120,samoyed,samoyed,0.9431772,"samoyed, shiba_inu, great_pyrenees, pomeranian, Ragdoll",True,True
great_pyrenees_31,great_pyrenees,great_pyrenees,0.9994351,"great_pyrenees, havanese, samoyed, english_setter, english_cocker_spaniel",True,True
wheaten_terrier_144,wheaten_terrier,wheaten_terrier,0.5988083,"wheaten_terrier, yorkshire_terrier, havanese, scottish_terrier, english_cocker_spaniel",True,True
newfoundland_167,newfoundland,english_cocker_spaniel,0.423559,"english_cocker_spaniel, newfoundland, wheaten_terrier, scottish_terrier, leonberger",False,True
miniature_pinscher_90,miniature_pinscher,miniature_pinscher,0.9824057,"miniature_pinscher, chihuahua, Sphynx, american_pit_bull_terrier, staffordshire_bull_terrier",True,True
saint_bernard_90,saint_bernard,saint_bernard,0.99956673,"saint_bernard, boxer, basset_hound, leonberger, japanese_chin",True,True
scottish_terrier_104,scottish_terrier,Bombay,0.834042,"Bombay, scottish_terrier, staffordshire_bull_terrier, Siamese, chihuahua",False,True
japanese_chin_17,japanese_chin,japanese_chin,0.9935823,"japanese_chin, havanese, saint_bernard, english_cocker_spaniel, Ragdoll",True,True
Persian_62,Persian,Persian,0.97531927,"Persian, British_Shorthair, Maine_Coon, samoyed, Ragdoll",True,True
english_setter_120,english_setter,english_setter,0.8547284,"english_setter, american_bulldog, great_pyrenees, pug, english_cocker_spaniel",True,True
english_cocker_spaniel_81,english_cocker_spaniel,english_cocker_spaniel,0.7605308,"english_cocker_spaniel, basset_hound, beagle, english_setter, wheaten_terrier",True,True
Siamese_167,Siamese,Siamese,0.992061,"Siamese, Birman, chihuahua, miniature_pinscher, shiba_inu",True,True
samoyed_4,samoyed,samoyed,0.9940813,"samoyed, shiba_inu, pomeranian, Ragdoll, great_pyrenees",True,True
boxer_59,boxer,american_bulldog,0.9007247,"american_bulldog, chihuahua, boxer, pug, staffordshire_bull_terrier",False,True
keeshond_68,keeshond,keeshond,0.9672372,"keeshond, leonberger, pomeranian, scottish_terrier, great_pyrenees",True,True
chihuahua_198,chihuahua,chihuahua,0.9991578,"chihuahua, Sphynx, american_pit_bull_terrier, miniature_pinscher, staffordshire_bull_terrier",True,True
japanese_chin_139,japanese_chin,japanese_chin,0.99536246,"japanese_chin, saint_bernard, english_cocker_spaniel, english_setter, american_bulldog",True,True
chihuahua_21,chihuahua,chihuahua,0.8726923,"chihuahua, shiba_inu, miniature_pinscher, Abyssinian, pug",True,True
newfoundland_80,newfoundland,newfoundland,0.991299,"newfoundland, leonberger, english_cocker_spaniel, basset_hound, german_shorthaired",True,True
Bengal_46,Bengal,Bengal,0.97309947,"Bengal, Egyptian_Mau, Maine_Coon, Abyssinian, Sphynx",True,True
beagle_81,beagle,beagle,0.988567,"beagle, english_setter, chihuahua, basset_hound, saint_bernard",True,True
shiba_inu_206,shiba_inu,shiba_inu,0.99833775,"shiba_inu, staffordshire_bull_terrier, chihuahua, beagle, american_pit_bull_terrier",True,True
miniature_pinscher_49,miniature_pinscher,miniature_pinscher,0.9692607,"miniature_pinscher, chihuahua, Sphynx, Abyssinian, Siamese",True,True
Sphynx_80,Sphynx,Sphynx,0.9999238,"Sphynx, miniature_pinscher, Abyssinian, chihuahua, american_bulldog",True,True
samoyed_23,samoyed,samoyed,0.9770736,"samoyed, shiba_inu, pomeranian, great_pyrenees, keeshond",True,True
samoyed_148,samoyed,great_pyrenees,0.6820721,"great_pyrenees, samoyed, havanese, Ragdoll, Persian",False,True
yorkshire_terrier_82,yorkshire_terrier,yorkshire_terrier,0.99995553,"yorkshire_terrier, havanese, scottish_terrier, wheaten_terrier, english_cocker_spaniel",True,True
wheaten_terrier_198,wheaten_terrier,wheaten_terrier,0.71897393,"wheaten_terrier, havanese, yorkshire_terrier, scottish_terrier, pug",True,True
boxer_178,boxer,boxer,0.798391,"boxer, pug, staffordshire_bull_terrier, leonberger, american_bulldog",True,True
english_cocker_spaniel_49,english_cocker_spaniel,english_cocker_spaniel,0.95867056,"english_cocker_spaniel, english_setter, havanese, japanese_chin, yorkshire_terrier",True,True
yorkshire_terrier_86,yorkshire_terrier,yorkshire_terrier,0.99972516,"yorkshire_terrier, havanese, scottish_terrier, Bengal, chihuahua",True,True
pomeranian_77,pomeranian,pomeranian,0.9578374,"pomeranian, shiba_inu, leonberger, wheaten_terrier, japanese_chin",True,True
english_setter_70,english_setter,english_setter,0.7631423,"english_setter, german_shorthaired, basset_hound, english_cocker_spaniel, beagle",True,True
Egyptian_Mau_18,Egyptian_Mau,Egyptian_Mau,0.5492477,"Egyptian_Mau, Bengal, Maine_Coon, Abyssinian, British_Shorthair",True,True
english_cocker_spaniel_17,english_cocker_spaniel,english_cocker_spaniel,0.9921124,"english_cocker_spaniel, english_setter, basset_hound, german_shorthaired, wheaten_terrier",True,True
Bombay_61,Bombay,Bombay,0.9942364,"Bombay, scottish_terrier, Siamese, Maine_Coon, Abyssinian",True,True
Ragdoll_261,Ragdoll,Ragdoll,0.99400556,"Ragdoll, samoyed, Persian, Birman, Maine_Coon",True,True
scottish_terrier_107,scottish_terrier,pomeranian,0.31789693,"pomeranian, shiba_inu, Abyssinian, samoyed, wheaten_terrier",False,False
pomeranian_175,pomeranian,pomeranian,0.9998667,"pomeranian, keeshond, japanese_chin, samoyed, Persian",True,True
american_pit_bull_terrier_166,american_pit_bull_terrier,american_pit_bull_terrier,0.9331896,"american_pit_bull_terrier, staffordshire_bull_terrier, german_shorthaired, miniature_pinscher, chihuahua",True,True
Bombay_114,Bombay,Bombay,0.92556906,"Bombay, Abyssinian, Russian_Blue, Bengal, Sphynx",True,True
havanese_7,havanese,havanese,0.9833504,"havanese, yorkshire_terrier, wheaten_terrier, Persian, japanese_chin",True,True
beagle_65,beagle,basset_hound,0.50685585,"basset_hound, beagle, boxer, miniature_pinscher, staffordshire_bull_terrier",False,True
Bombay_154,Bombay,Bombay,0.9984577,"Bombay, Siamese, Abyssinian, chihuahua, miniature_pinscher",True,True
Abyssinian_182,Abyssinian,Abyssinian,0.82017946,"Abyssinian, Bengal, Maine_Coon, miniature_pinscher, Egyptian_Mau",True,True
staffordshire_bull_terrier_61,staffordshire_bull_terrier,staffordshire_bull_terrier,0.95975333,"staffordshire_bull_terrier, german_shorthaired, boxer, american_pit_bull_terrier, basset_hound",True,True
beagle_112,beagle,beagle,0.6680975,"beagle, basset_hound, miniature_pinscher, german_shorthaired, boxer",True,True
saint_bernard_28,saint_bernard,saint_bernard,0.99883825,"saint_bernard, japanese_chin, boxer, basset_hound, american_bulldog",True,True
Maine_Coon_16,Maine_Coon,Maine_Coon,0.79283386,"Maine_Coon, english_setter, yorkshire_terrier, scottish_terrier, english_cocker_spaniel",True,True
havanese_61,havanese,havanese,0.99252206,"havanese, yorkshire_terrier, japanese_chin, wheaten_terrier, great_pyrenees",True,True
beagle_192,beagle,beagle,0.96348864,"beagle, basset_hound, staffordshire_bull_terrier, american_pit_bull_terrier, chihuahua",True,True
samoyed_133,samoyed,samoyed,0.74079496,"samoyed, great_pyrenees, shiba_inu, wheaten_terrier, pomeranian",True,True
saint_bernard_59,saint_bernard,saint_bernard,0.62386024,"saint_bernard, beagle, basset_hound, japanese_chin, american_bulldog",True,True
Abyssinian_22,Abyssinian,Abyssinian,0.98157513,"Abyssinian, Bengal, Russian_Blue, Egyptian_Mau, shiba_inu",True,True
Bombay_33,Bombay,Bombay,0.7250352,"Bombay, Russian_Blue, Abyssinian, British_Shorthair, Maine_Coon",True,True
american_pit_bull_terrier_97,american_pit_bull_terrier,american_pit_bull_terrier,0.99527043,"american_pit_bull_terrier, staffordshire_bull_terrier, german_shorthaired, american_bulldog, miniature_pinscher",True,True
english_setter_137,english_setter,english_setter,0.98043597,"english_setter, english_cocker_spaniel, havanese, wheaten_terrier, yorkshire_terrier",True,True
miniature_pinscher_132,miniature_pinscher,miniature_pinscher,0.94798356,"miniature_pinscher, chihuahua, basset_hound, boxer, beagle",True,True
Ragdoll_161,Ragdoll,Ragdoll,0.9981359,"Ragdoll, Birman, Persian, Maine_Coon, samoyed",True,True
staffordshire_bull_terrier_98,staffordshire_bull_terrier,staffordshire_bull_terrier,0.9973629,"staffordshire_bull_terrier, american_pit_bull_terrier, boxer, chihuahua, miniature_pinscher",True,True
pomeranian_97,pomeranian,samoyed,0.86660457,"samoyed, great_pyrenees, japanese_chin, wheaten_terrier, Persian",False,False
chihuahua_188,chihuahua,chihuahua,0.9894084,"chihuahua, miniature_pinscher, Abyssinian, Sphynx, japanese_chin",True,True
miniature_pinscher_120,miniature_pinscher,miniature_pinscher,0.9989491,"miniature_pinscher, chihuahua, Sphynx, staffordshire_bull_terrier, american_pit_bull_terrier",True,True
pug_104,pug,pug,0.99998367,"pug, boxer, american_bulldog, chihuahua, american_pit_bull_terrier",True,True
japanese_chin_141,japanese_chin,japanese_chin,0.9828523,"japanese_chin, saint_bernard, english_setter, great_pyrenees, american_bulldog",True,True
Russian_Blue_68,Russian_Blue,Russian_Blue,0.9998758,"Russian_Blue, British_Shorthair, Egyptian_Mau, Sphynx, Abyssinian",True,True
german_shorthaired_85,german_shorthaired,german_shorthaired,0.7932795,"german_shorthaired, staffordshire_bull_terrier, american_pit_bull_terrier, american_bulldog, newfoundland",True,True
wheaten_terrier_166,wheaten_terrier,wheaten_terrier,0.68324274,"wheaten_terrier, leonberger, great_pyrenees, english_cocker_spaniel, saint_bernard",True,True
beagle_51,beagle,beagle,0.889934,"beagle, basset_hound, german_shorthaired, miniature_pinscher, english_cocker_spaniel",True,True
english_cocker_spaniel_151,english_cocker_spaniel,english_cocker_spaniel,0.7642507,"english_cocker_spaniel, beagle, english_setter, german_shorthaired, basset_hound",True,True
miniature_pinscher_48,miniature_pinscher,miniature_pinscher,0.9945076,"miniature_pinscher, staffordshire_bull_terrier, chihuahua, beagle, american_pit_bull_terrier",True,True
havanese_145,havanese,havanese,0.76501286,"havanese, scottish_terrier, english_cocker_spaniel, yorkshire_terrier, newfoundland",True,True
american_pit_bull_terrier_142,american_pit_bull_terrier,american_pit_bull_terrier,0.38881135,"american_pit_bull_terrier, chihuahua, shiba_inu, beagle, staffordshire_bull_terrier",True,True
Ragdoll_81,Ragdoll,Birman,0.8487915,"Birman, Ragdoll, Siamese, japanese_chin, Persian",False,True
yorkshire_terrier_150,yorkshire_terrier,american_pit_bull_terrier,0.75993073,"american_pit_bull_terrier, yorkshire_terrier, miniature_pinscher, chihuahua, german_shorthaired",False,True
havanese_164,havanese,scottish_terrier,0.9209335,"scottish_terrier, wheaten_terrier, havanese, yorkshire_terrier, keeshond",False,True
samoyed_186,samoyed,samoyed,0.976397,"samoyed, great_pyrenees, pomeranian, keeshond, shiba_inu",True,True
scottish_terrier_155,scottish_terrier,scottish_terrier,0.9958806,"scottish_terrier, english_cocker_spaniel, yorkshire_terrier, keeshond, wheaten_terrier",True,True
Siamese_194,Siamese,Siamese,0.8788716,"Siamese, Birman, Ragdoll, scottish_terrier, Sphynx",True,True
beagle_39,beagle,beagle,0.9168514,"beagle, basset_hound, american_pit_bull_terrier, staffordshire_bull_terrier, miniature_pinscher",True,True
havanese_63,havanese,havanese,0.9461271,"havanese, wheaten_terrier, scottish_terrier, samoyed, great_pyrenees",True,True
Siamese_100,Siamese,Siamese,0.923167,"Siamese, Birman, Ragdoll, yorkshire_terrier, chihuahua",True,True
staffordshire_bull_terrier_144,staffordshire_bull_terrier,staffordshire_bull_terrier,0.9317661,"staffordshire_bull_terrier, american_pit_bull_terrier, boxer, chihuahua, american_bulldog",True,True
Bengal_152,Bengal,Bengal,0.7530825,"Bengal, Egyptian_Mau, Abyssinian, Maine_Coon, Russian_Blue",True,True
Ragdoll_101,Ragdoll,Ragdoll,0.9116986,"Ragdoll, Birman, samoyed, Persian, Siamese",True,True
german_shorthaired_37,german_shorthaired,german_shorthaired,0.9983962,"german_shorthaired, beagle, american_pit_bull_terrier, basset_hound, english_setter",True,True
pomeranian_37,pomeranian,pomeranian,0.5006707,"pomeranian, shiba_inu, chihuahua, samoyed, staffordshire_bull_terrier",True,True
saint_bernard_190,saint_bernard,staffordshire_bull_terrier,0.32909614,"staffordshire_bull_terrier, saint_bernard, beagle, american_bulldog, basset_hound",False,True
havanese_100,havanese,havanese,0.5346307,"havanese, great_pyrenees, english_cocker_spaniel, wheaten_terrier, english_setter",True,True
german_shorthaired_67,german_shorthaired,german_shorthaired,0.9957826,"german_shorthaired, american_pit_bull_terrier, english_setter, american_bulldog, english_cocker_spaniel",True,True
Persian_95,Persian,Persian,0.86090547,"Persian, Maine_Coon, Ragdoll, Birman, samoyed",True,True
staffordshire_bull_terrier_57,staffordshire_bull_terrier,staffordshire_bull_terrier,0.94842094,"staffordshire_bull_terrier, boxer, american_pit_bull_terrier, miniature_pinscher, pug",True,True
boxer_19,boxer,boxer,0.9992256,"boxer, staffordshire_bull_terrier, american_bulldog, saint_bernard, beagle",True,True
german_shorthaired_31,german_shorthaired,staffordshire_bull_terrier,0.9303295,"staffordshire_bull_terrier, american_pit_bull_terrier, basset_hound, german_shorthaired, boxer",False,True
Bengal_62,Bengal,Bengal,0.99943346,"Bengal, english_cocker_spaniel, basset_hound, Egyptian_Mau, Abyssinian",True,True
Bombay_176,Bombay,Bombay,0.99132955,"Bombay, Siamese, British_Shorthair, Abyssinian, chihuahua",True,True
Maine_Coon_205,Maine_Coon,Maine_Coon,0.9980438,"Maine_Coon, Persian, Bengal, Egyptian_Mau, wheaten_terrier",True,True
yorkshire_terrier_69,yorkshire_terrier,yorkshire_terrier,0.99995685,"yorkshire_terrier, english_cocker_spaniel, havanese, scottish_terrier, wheaten_terrier",True,True
pug_3,pug,pug,0.99998236,"pug, boxer, american_bulldog, chihuahua, japanese_chin",True,True
chihuahua_55,chihuahua,miniature_pinscher,0.866605,"miniature_pinscher, chihuahua, Abyssinian, Siamese, staffordshire_bull_terrier",False,True
german_shorthaired_167,german_shorthaired,german_shorthaired,0.56092215,"german_shorthaired, basset_hound, english_cocker_spaniel, american_pit_bull_terrier, boxer",True,True
pomeranian_109,pomeranian,pomeranian,0.8798002,"pomeranian, japanese_chin, havanese, Persian, samoyed",True,True
shiba_inu_132,shiba_inu,shiba_inu,0.91202956,"shiba_inu, chihuahua, Abyssinian, pomeranian, Siamese",True,True
Ragdoll_57,Ragdoll,Ragdoll,0.8977473,"Ragdoll, Birman, Siamese, Abyssinian, Maine_Coon",True,True
pug_74,pug,boxer,0.8068361,"boxer, american_pit_bull_terrier, american_bulldog, staffordshire_bull_terrier, beagle",False,False
shiba_inu_198,shiba_inu,beagle,0.3479936,"beagle, shiba_inu, Abyssinian, basset_hound, japanese_chin",False,True
British_Shorthair_278,British_Shorthair,British_Shorthair,0.98549217,"British_Shorthair, Persian, Russian_Blue, Bombay, Maine_Coon",True,True
miniature_pinscher_180,miniature_pinscher,miniature_pinscher,0.98337483,"miniature_pinscher, chihuahua, american_pit_bull_terrier, yorkshire_terrier, Bengal",True,True
Russian_Blue_116,Russian_Blue,Russian_Blue,0.9941618,"Russian_Blue, Sphynx, British_Shorthair, Siamese, Abyssinian",True,True
Persian_172,Persian,Persian,0.42643988,"Persian, Maine_Coon, Bengal, Ragdoll, British_Shorthair",True,True
shiba_inu_134,shiba_inu,shiba_inu,0.99996245,"shiba_inu, chihuahua, pomeranian, staffordshire_bull_terrier, american_pit_bull_terrier",True,True
american_pit_bull_terrier_187,american_pit_bull_terrier,american_pit_bull_terrier,0.8643512,"american_pit_bull_terrier, staffordshire_bull_terrier, american_bulldog, beagle, boxer",True,True
pomeranian_25,pomeranian,pomeranian,0.940982,"pomeranian, samoyed, Ragdoll, Persian, japanese_chin",True,True
Bengal_151,Bengal,Bengal,0.80741185,"Bengal, Egyptian_Mau, Abyssinian, Maine_Coon, Russian_Blue",True,True
Ragdoll_164,Ragdoll,Ragdoll,0.66483235,"Ragdoll, Persian, samoyed, Maine_Coon, Birman",True,True
newfoundland_196,newfoundland,newfoundland,0.9724277,"newfoundland, leonberger, keeshond, german_shorthaired, Russian_Blue",True,True
Egyptian_Mau_111,Egyptian_Mau,Egyptian_Mau,0.95963013,"Egyptian_Mau, Bengal, Sphynx, Russian_Blue, Abyssinian",True,True
japanese_chin_4,japanese_chin,japanese_chin,0.99952996,"japanese_chin, havanese, saint_bernard, english_cocker_spaniel, english_setter",True,True
keeshond_23,keeshond,keeshond,0.9997789,"keeshond, pomeranian, samoyed, Persian, leonberger",True,True
leonberger_30,leonberger,wheaten_terrier,0.2685955,"wheaten_terrier, boxer, havanese, Bengal, leonberger",False,True
leonberger_91,leonberger,leonberger,0.9757698,"leonberger, newfoundland, basset_hound, saint_bernard, great_pyrenees",True,True
Abyssinian_87,Abyssinian,Abyssinian,0.9984365,"Abyssinian, Bengal, Maine_Coon, Russian_Blue, Egyptian_Mau",True,True
american_bulldog_32,american_bulldog,american_bulldog,0.9856199,"american_bulldog, staffordshire_bull_terrier, chihuahua, boxer, american_pit_bull_terrier",True,True
scottish_terrier_62,scottish_terrier,scottish_terrier,0.9849782,"scottish_terrier, Bombay, Russian_Blue, yorkshire_terrier, english_cocker_spaniel",True,True
english_setter_172,english_setter,english_setter,0.9948763,"english_setter, english_cocker_spaniel, Maine_Coon, great_pyrenees, wheaten_terrier",True,True
newfoundland_172,newfoundland,newfoundland,0.6605506,"newfoundland, scottish_terrier, Bombay, staffordshire_bull_terrier, english_cocker_spaniel",True,True
american_bulldog_167,american_bulldog,american_bulldog,0.683015,"american_bulldog, american_pit_bull_terrier, Sphynx, staffordshire_bull_terrier, beagle",True,True
beagle_184,beagle,basset_hound,0.93842447,"basset_hound, beagle, boxer, staffordshire_bull_terrier, miniature_pinscher",False,True
Persian_49,Persian,Persian,0.9996076,"Persian, Ragdoll, Maine_Coon, British_Shorthair, Birman",True,True
leonberger_86,leonberger,leonberger,0.8762618,"leonberger, wheaten_terrier, english_setter, yorkshire_terrier, english_cocker_spaniel",True,True
japanese_chin_18,japanese_chin,japanese_chin,0.999355,"japanese_chin, havanese, Ragdoll, Persian, pug",True,True
Sphynx_141,Sphynx,Sphynx,0.99886155,"Sphynx, Siamese, chihuahua, miniature_pinscher, Abyssinian",True,True
wheaten_terrier_115,wheaten_terrier,wheaten_terrier,0.9969374,"wheaten_terrier, havanese, scottish_terrier, pug, shiba_inu",True,True
boxer_93,boxer,boxer,0.6321047,"boxer, american_bulldog, pug, saint_bernard, japanese_chin",True,True
samoyed_126,samoyed,samoyed,0.8024288,"samoyed, shiba_inu, scottish_terrier, pomeranian, Maine_Coon",True,True
Russian_Blue_106,Russian_Blue,British_Shorthair,0.7305725,"British_Shorthair, Russian_Blue, Bombay, Abyssinian, Egyptian_Mau",False,True
Ragdoll_42,Ragdoll,Ragdoll,0.9973508,"Ragdoll, Maine_Coon, Birman, Siamese, Abyssinian",True,True
Russian_Blue_170,Russian_Blue,British_Shorthair,0.5008426,"British_Shorthair, Russian_Blue, Bombay, american_bulldog, Sphynx",False,True
newfoundland_82,newfoundland,newfoundland,0.99985206,"newfoundland, leonberger, staffordshire_bull_terrier, english_cocker_spaniel, german_shorthaired",True,True
chihuahua_137,chihuahua,chihuahua,0.9999963,"chihuahua, miniature_pinscher, yorkshire_terrier, pomeranian, Sphynx",True,True
boxer_196,boxer,boxer,0.9984326,"boxer, staffordshire_bull_terrier, american_bulldog, american_pit_bull_terrier, basset_hound",True,True
Persian_68,Persian,Persian,0.93315583,"Persian, yorkshire_terrier, Maine_Coon, pomeranian, wheaten_terrier",True,True
american_bulldog_96,american_bulldog,american_pit_bull_terrier,0.38861558,"american_pit_bull_terrier, american_bulldog, staffordshire_bull_terrier, chihuahua, boxer",False,True
British_Shorthair_149,British_Shorthair,British_Shorthair,0.9550738,"British_Shorthair, Persian, samoyed, Ragdoll, Russian_Blue",True,True
saint_bernard_46,saint_bernard,saint_bernard,0.9936021,"saint_bernard, japanese_chin, boxer, english_setter, leonberger",True,True
Bombay_100,Bombay,Bombay,0.9973821,"Bombay, British_Shorthair, Siamese, Abyssinian, Maine_Coon",True,True
shiba_inu_147,shiba_inu,shiba_inu,0.998877,"shiba_inu, chihuahua, beagle, pomeranian, Siamese",True,True
pomeranian_101,pomeranian,pomeranian,0.9994562,"pomeranian, keeshond, japanese_chin, samoyed, Persian",True,True
scottish_terrier_185,scottish_terrier,scottish_terrier,0.68045735,"scottish_terrier, havanese, wheaten_terrier, yorkshire_terrier, chihuahua",True,True
Abyssinian_210,Abyssinian,Abyssinian,0.99581414,"Abyssinian, Bengal, Maine_Coon, Russian_Blue, Bombay",True,True
havanese_28,havanese,havanese,0.9701624,"havanese, yorkshire_terrier, english_cocker_spaniel, scottish_terrier, newfoundland",True,True
shiba_inu_156,shiba_inu,pomeranian,0.40604338,"pomeranian, japanese_chin, yorkshire_terrier, saint_bernard, keeshond",False,False
staffordshire_bull_terrier_183,staffordshire_bull_terrier,staffordshire_bull_terrier,0.73748165,"staffordshire_bull_terrier, american_pit_bull_terrier, boxer, american_bulldog, miniature_pinscher",True,True
samoyed_87,samoyed,samoyed,0.95752376,"samoyed, great_pyrenees, pomeranian, keeshond, Persian",True,True
newfoundland_100,newfoundland,newfoundland,0.9972933,"newfoundland, english_cocker_spaniel, scottish_terrier, staffordshire_bull_terrier, keeshond",True,True
scottish_terrier_129,scottish_terrier,scottish_terrier,0.99959356,"scottish_terrier, newfoundland, english_cocker_spaniel, yorkshire_terrier, keeshond",True,True
leonberger_179,leonberger,leonberger,0.9985636,"leonberger, keeshond, great_pyrenees, saint_bernard, newfoundland",True,True
Sphynx_31,Sphynx,Sphynx,0.99966705,"Sphynx, american_bulldog, chihuahua, Abyssinian, american_pit_bull_terrier",True,True
pomeranian_166,pomeranian,pomeranian,0.9999814,"pomeranian, samoyed, Persian, chihuahua, shiba_inu",True,True
basset_hound_158,basset_hound,beagle,0.5004919,"beagle, basset_hound, boxer, american_pit_bull_terrier, staffordshire_bull_terrier",False,True
american_bulldog_79,american_bulldog,american_bulldog,0.9356492,"american_bulldog, american_pit_bull_terrier, beagle, staffordshire_bull_terrier, german_shorthaired",True,True
Persian_100,Persian,Persian,0.9955481,"Persian, Maine_Coon, British_Shorthair, Ragdoll, yorkshire_terrier",True,True
american_bulldog_201,american_bulldog,american_bulldog,0.87925124,"american_bulldog, beagle, staffordshire_bull_terrier, american_pit_bull_terrier, chihuahua",True,True
leonberger_80,leonberger,leonberger,0.6105265,"leonberger, miniature_pinscher, boxer, english_setter, japanese_chin",True,True
shiba_inu_52,shiba_inu,shiba_inu,0.9989724,"shiba_inu, samoyed, chihuahua, pomeranian, staffordshire_bull_terrier",True,True
basset_hound_92,basset_hound,basset_hound,0.51236165,"basset_hound, beagle, american_pit_bull_terrier, staffordshire_bull_terrier, saint_bernard",True,True
staffordshire_bull_terrier_44,staffordshire_bull_terrier,beagle,0.89987814,"beagle, miniature_pinscher, boxer, basset_hound, staffordshire_bull_terrier",False,True
miniature_pinscher_191,miniature_pinscher,miniature_pinscher,0.9833104,"miniature_pinscher, boxer, staffordshire_bull_terrier, chihuahua, american_pit_bull_terrier",True,True
samoyed_62,samoyed,samoyed,0.85584366,"samoyed, great_pyrenees, havanese, keeshond, pomeranian",True,True
pomeranian_9,pomeranian,yorkshire_terrier,0.87169003,"yorkshire_terrier, pomeranian, miniature_pinscher, leonberger, japanese_chin",False,True
japanese_chin_165,japanese_chin,japanese_chin,0.9982799,"japanese_chin, saint_bernard, havanese, english_setter, american_bulldog",True,True
boxer_100,boxer,boxer,0.9917058,"boxer, staffordshire_bull_terrier, basset_hound, american_pit_bull_terrier, saint_bernard",True,True
german_shorthaired_63,german_shorthaired,german_shorthaired,0.8672956,"german_shorthaired, staffordshire_bull_terrier, american_bulldog, boxer, american_pit_bull_terrier",True,True
japanese_chin_152,japanese_chin,japanese_chin,0.9891566,"japanese_chin, english_setter, saint_bernard, havanese, american_bulldog",True,True
japanese_chin_91,japanese_chin,japanese_chin,0.9997894,"japanese_chin, havanese, saint_bernard, english_setter, american_bulldog",True,True
english_cocker_spaniel_118,english_cocker_spaniel,english_cocker_spaniel,0.9940392,"english_cocker_spaniel, basset_hound, english_setter, leonberger, yorkshire_terrier",True,True
Bombay_110,Bombay,Bombay,0.99341017,"Bombay, scottish_terrier, British_Shorthair, newfoundland, Russian_Blue",True,True
samoyed_89,samoyed,samoyed,0.66142786,"samoyed, great_pyrenees, keeshond, havanese, Birman",True,True
pug_93,pug,pug,0.93491614,"pug, american_bulldog, chihuahua, Sphynx, boxer",True,True
scottish_terrier_69,scottish_terrier,scottish_terrier,0.9690465,"scottish_terrier, yorkshire_terrier, havanese, wheaten_terrier, Bombay",True,True
Siamese_64,Siamese,Siamese,0.9346826,"Siamese, Birman, Ragdoll, pug, shiba_inu",True,True
wheaten_terrier_140,wheaten_terrier,wheaten_terrier,0.995609,"wheaten_terrier, scottish_terrier, yorkshire_terrier, havanese, leonberger",True,True
american_pit_bull_terrier_95,american_pit_bull_terrier,american_pit_bull_terrier,0.3331919,"american_pit_bull_terrier, beagle, american_bulldog, staffordshire_bull_terrier, basset_hound",True,True
Abyssinian_80,Abyssinian,Abyssinian,0.99941266,"Abyssinian, Bengal, Maine_Coon, Egyptian_Mau, Ragdoll",True,True
pug_181,pug,pug,0.9999366,"pug, chihuahua, american_pit_bull_terrier, boxer, american_bulldog",True,True
shiba_inu_178,shiba_inu,shiba_inu,0.9778896,"shiba_inu, chihuahua, scottish_terrier, Siamese, pomeranian",True,True
english_setter_41,english_setter,english_setter,0.9900164,"english_setter, german_shorthaired, english_cocker_spaniel, Egyptian_Mau, havanese",True,True
Siamese_160,Siamese,Siamese,0.6986507,"Siamese, Birman, Ragdoll, Sphynx, Russian_Blue",True,True
British_Shorthair_270,British_Shorthair,British_Shorthair,0.953736,"British_Shorthair, Russian_Blue, pug, Egyptian_Mau, boxer",True,True
Egyptian_Mau_95,Egyptian_Mau,Egyptian_Mau,0.9968054,"Egyptian_Mau, Bengal, Maine_Coon, Russian_Blue, english_setter",True,True
Siamese_113,Siamese,Siamese,0.9006394,"Siamese, Birman, Ragdoll, japanese_chin, Russian_Blue",True,True
japanese_chin_1,japanese_chin,japanese_chin,0.99362767,"japanese_chin, havanese, english_cocker_spaniel, saint_bernard, yorkshire_terrier",True,True
havanese_53,havanese,havanese,0.99941754,"havanese, yorkshire_terrier, japanese_chin, english_cocker_spaniel, scottish_terrier",True,True
chihuahua_45,chihuahua,chihuahua,0.997218,"chihuahua, miniature_pinscher, Sphynx, beagle, Abyssinian",True,True
english_cocker_spaniel_47,english_cocker_spaniel,english_cocker_spaniel,0.8309551,"english_cocker_spaniel, english_setter, havanese, newfoundland, german_shorthaired",True,True
miniature_pinscher_153,miniature_pinscher,miniature_pinscher,0.48169562,"miniature_pinscher, chihuahua, english_setter, american_pit_bull_terrier, yorkshire_terrier",True,True
beagle_1,beagle,beagle,0.6560215,"beagle, japanese_chin, basset_hound, german_shorthaired, saint_bernard",True,True
wheaten_terrier_3,wheaten_terrier,wheaten_terrier,0.90872496,"wheaten_terrier, havanese, scottish_terrier, great_pyrenees, samoyed",True,True
american_pit_bull_terrier_23,american_pit_bull_terrier,staffordshire_bull_terrier,0.46497086,"staffordshire_bull_terrier, american_pit_bull_terrier, beagle, american_bulldog, basset_hound",False,True
saint_bernard_163,saint_bernard,american_bulldog,0.5924354,"american_bulldog, saint_bernard, boxer, pug, american_pit_bull_terrier",False,True
Ragdoll_181,Ragdoll,Birman,0.9735137,"Birman, Ragdoll, Siamese, japanese_chin, Persian",False,True
Birman_155,Birman,Birman,0.82866263,"Birman, Siamese, Ragdoll, shiba_inu, Russian_Blue",True,True
Birman_185,Birman,Birman,0.993952,"Birman, Ragdoll, Persian, Siamese, japanese_chin",True,True
chihuahua_11,chihuahua,chihuahua,0.7830026,"chihuahua, Ragdoll, pomeranian, japanese_chin, scottish_terrier",True,True
Bombay_188,Bombay,Bombay,0.9962286,"Bombay, Russian_Blue, Siamese, staffordshire_bull_terrier, chihuahua",True,True
saint_bernard_39,saint_bernard,saint_bernard,0.9997192,"saint_bernard, leonberger, english_setter, basset_hound, japanese_chin",True,True
american_bulldog_110,american_bulldog,american_bulldog,0.82708883,"american_bulldog, american_pit_bull_terrier, staffordshire_bull_terrier, pug, english_setter",True,True
boxer_72,boxer,boxer,0.807409,"boxer, saint_bernard, american_bulldog, english_setter, american_pit_bull_terrier",True,True
pug_134,pug,pug,0.9998393,"pug, american_pit_bull_terrier, boxer, american_bulldog, staffordshire_bull_terrier",True,True
Egyptian_Mau_44,Egyptian_Mau,Egyptian_Mau,0.99490416,"Egyptian_Mau, Bengal, english_setter, german_shorthaired, pug",True,True
keeshond_150,keeshond,keeshond,0.89945996,"keeshond, pomeranian, havanese, japanese_chin, great_pyrenees",True,True
miniature_pinscher_83,miniature_pinscher,miniature_pinscher,0.7504324,"miniature_pinscher, staffordshire_bull_terrier, boxer, german_shorthaired, beagle",True,True
newfoundland_24,newfoundland,newfoundland,0.99665725,"newfoundland, staffordshire_bull_terrier, scottish_terrier, german_shorthaired, english_cocker_spaniel",True,True
american_pit_bull_terrier_54,american_pit_bull_terrier,american_pit_bull_terrier,0.41010454,"american_pit_bull_terrier, staffordshire_bull_terrier, boxer, american_bulldog, basset_hound",True,True
scottish_terrier_127,scottish_terrier,scottish_terrier,0.80740976,"scottish_terrier, havanese, yorkshire_terrier, wheaten_terrier, Bombay",True,True
Siamese_126,Siamese,Siamese,0.9580457,"Siamese, Birman, Ragdoll, shiba_inu, japanese_chin",True,True
Ragdoll_172,Ragdoll,Ragdoll,0.91406065,"Ragdoll, Birman, Siamese, samoyed, scottish_terrier",True,True
chihuahua_199,chihuahua,chihuahua,0.6161487,"chihuahua, Sphynx, miniature_pinscher, american_pit_bull_terrier, Siamese",True,True
chihuahua_181,chihuahua,chihuahua,0.29785448,"chihuahua, beagle, american_bulldog, miniature_pinscher, Sphynx",True,True
Egyptian_Mau_171,Egyptian_Mau,Egyptian_Mau,0.8766968,"Egyptian_Mau, Bengal, Maine_Coon, Russian_Blue, Abyssinian",True,True
basset_hound_73,basset_hound,basset_hound,0.92824835,"basset_hound, beagle, german_shorthaired, staffordshire_bull_terrier, american_pit_bull_terrier",True,True
leonberger_55,leonberger,leonberger,0.9958436,"leonberger, boxer, saint_bernard, wheaten_terrier, pug",True,True
saint_bernard_4,saint_bernard,saint_bernard,0.994165,"saint_bernard, basset_hound, leonberger, boxer, great_pyrenees",True,True
shiba_inu_136,shiba_inu,shiba_inu,0.991899,"shiba_inu, pomeranian, samoyed, chihuahua, staffordshire_bull_terrier",True,True
scottish_terrier_18,scottish_terrier,staffordshire_bull_terrier,0.53116477,"staffordshire_bull_terrier, scottish_terrier, boxer, newfoundland, Russian_Blue",False,True
great_pyrenees_96,great_pyrenees,great_pyrenees,0.9672601,"great_pyrenees, samoyed, havanese, leonberger, saint_bernard",True,True
Sphynx_33,Sphynx,Sphynx,0.9932111,"Sphynx, Siamese, Abyssinian, chihuahua, Russian_Blue",True,True
havanese_177,havanese,havanese,0.9911671,"havanese, great_pyrenees, wheaten_terrier, samoyed, scottish_terrier",True,True
english_setter_188,english_setter,great_pyrenees,0.2854349,"great_pyrenees, english_setter, japanese_chin, samoyed, chihuahua",False,True
Siamese_180,Siamese,Siamese,0.9502807,"Siamese, Ragdoll, Birman, Abyssinian, Russian_Blue",True,True
havanese_45,havanese,havanese,0.9724568,"havanese, pug, wheaten_terrier, yorkshire_terrier, english_cocker_spaniel",True,True
samoyed_197,samoyed,samoyed,0.998966,"samoyed, great_pyrenees, pomeranian, shiba_inu, Persian",True,True
wheaten_terrier_13,wheaten_terrier,wheaten_terrier,0.9559501,"wheaten_terrier, havanese, scottish_terrier, great_pyrenees, yorkshire_terrier",True,True
Maine_Coon_70,Maine_Coon,Maine_Coon,0.96676165,"Maine_Coon, Bengal, Egyptian_Mau, Abyssinian, Ragdoll",True,True
scottish_terrier_124,scottish_terrier,scottish_terrier,0.9976572,"scottish_terrier, yorkshire_terrier, keeshond, Bombay, staffordshire_bull_terrier",True,True
basset_hound_171,basset_hound,basset_hound,0.99162406,"basset_hound, boxer, beagle, miniature_pinscher, staffordshire_bull_terrier",True,True
Abyssinian_191,Abyssinian,Bengal,0.74625766,"Bengal, Egyptian_Mau, Abyssinian, german_shorthaired, Bombay",False,True
Sphynx_89,Sphynx,Sphynx,0.967777,"Sphynx, Abyssinian, Egyptian_Mau, Russian_Blue, Bengal",True,True
german_shorthaired_29,german_shorthaired,german_shorthaired,0.9184576,"german_shorthaired, english_setter, english_cocker_spaniel, newfoundland, staffordshire_bull_terrier",True,True
Maine_Coon_144,Maine_Coon,Maine_Coon,0.9973828,"Maine_Coon, Bengal, Abyssinian, Ragdoll, Persian",True,True
Birman_153,Birman,Birman,0.912137,"Birman, Ragdoll, Siamese, japanese_chin, keeshond",True,True
shiba_inu_50,shiba_inu,shiba_inu,0.9977545,"shiba_inu, chihuahua, Siamese, Abyssinian, pomeranian",True,True
havanese_39,havanese,havanese,0.99846053,"havanese, wheaten_terrier, yorkshire_terrier, scottish_terrier, great_pyrenees",True,True
newfoundland_51,newfoundland,newfoundland,0.8959819,"newfoundland, staffordshire_bull_terrier, scottish_terrier, english_cocker_spaniel, Bombay",True,True
Persian_213,Persian,Persian,0.9002251,"Persian, Maine_Coon, pomeranian, Ragdoll, yorkshire_terrier",True,True
Abyssinian_212,Abyssinian,Russian_Blue,0.5952467,"Russian_Blue, Egyptian_Mau, Abyssinian, Sphynx, Bengal",False,True
wheaten_terrier_185,wheaten_terrier,wheaten_terrier,0.96072537,"wheaten_terrier, yorkshire_terrier, havanese, english_cocker_spaniel, scottish_terrier",True,True
english_cocker_spaniel_112,english_cocker_spaniel,english_cocker_spaniel,0.9946971,"english_cocker_spaniel, yorkshire_terrier, havanese, basset_hound, english_setter",True,True
american_pit_bull_terrier_192,american_pit_bull_terrier,american_pit_bull_terrier,0.9677935,"american_pit_bull_terrier, staffordshire_bull_terrier, american_bulldog, boxer, chihuahua",True,True
yorkshire_terrier_33,yorkshire_terrier,yorkshire_terrier,0.999814,"yorkshire_terrier, havanese, scottish_terrier, wheaten_terrier, english_cocker_spaniel",True,True
Maine_Coon_57,Maine_Coon,Maine_Coon,0.98402655,"Maine_Coon, Bengal, Egyptian_Mau, Sphynx, Persian",True,True
basset_hound_177,basset_hound,basset_hound,0.9125694,"basset_hound, beagle, boxer, american_pit_bull_terrier, saint_bernard",True,True
Sphynx_153,Sphynx,Sphynx,0.9976266,"Sphynx, miniature_pinscher, Siamese, american_bulldog, chihuahua",True,True
pug_25,pug,pug,0.9999273,"pug, boxer, american_bulldog, leonberger, staffordshire_bull_terrier",True,True
great_pyrenees_129,great_pyrenees,great_pyrenees,0.98116195,"great_pyrenees, samoyed, leonberger, saint_bernard, havanese",True,True
Persian_114,Persian,Maine_Coon,0.89141613,"Maine_Coon, Persian, Ragdoll, British_Shorthair, pomeranian",False,True
British_Shorthair_164,British_Shorthair,British_Shorthair,0.9624282,"British_Shorthair, Russian_Blue, Persian, samoyed, Ragdoll",True,True
Sphynx_167,Sphynx,Sphynx,0.9997557,"Sphynx, Russian_Blue, chihuahua, Abyssinian, Egyptian_Mau",True,True
Egyptian_Mau_41,Egyptian_Mau,Egyptian_Mau,0.9887925,"Egyptian_Mau, Bengal, Russian_Blue, Maine_Coon, german_shorthaired",True,True
german_shorthaired_117,german_shorthaired,english_setter,0.5591206,"english_setter, miniature_pinscher, german_shorthaired, leonberger, basset_hound",False,True
japanese_chin_166,japanese_chin,japanese_chin,0.9883752,"japanese_chin, saint_bernard, havanese, pug, english_cocker_spaniel",True,True
miniature_pinscher_13,miniature_pinscher,miniature_pinscher,0.99337304,"miniature_pinscher, chihuahua, staffordshire_bull_terrier, Sphynx, boxer",True,True
german_shorthaired_77,german_shorthaired,german_shorthaired,0.9999571,"german_shorthaired, american_pit_bull_terrier, newfoundland, beagle, staffordshire_bull_terrier",True,True
leonberger_9,leonberger,leonberger,0.99435776,"leonberger, saint_bernard, great_pyrenees, wheaten_terrier, basset_hound",True,True
beagle_143,beagle,basset_hound,0.53461117,"basset_hound, beagle, english_cocker_spaniel, english_setter, german_shorthaired",False,True
japanese_chin_57,japanese_chin,japanese_chin,0.7756078,"japanese_chin, Ragdoll, chihuahua, pomeranian, saint_bernard",True,True
pomeranian_122,pomeranian,pomeranian,0.9999198,"pomeranian, samoyed, Persian, keeshond, Ragdoll",True,True
great_pyrenees_69,great_pyrenees,great_pyrenees,0.9954927,"great_pyrenees, samoyed, havanese, saint_bernard, keeshond",True,True
chihuahua_49,chihuahua,chihuahua,0.99985063,"chihuahua, Sphynx, miniature_pinscher, scottish_terrier, yorkshire_terrier",True,True
Egyptian_Mau_88,Egyptian_Mau,Egyptian_Mau,0.99859065,"Egyptian_Mau, Bengal, Russian_Blue, Sphynx, Maine_Coon",True,True
scottish_terrier_183,scottish_terrier,scottish_terrier,0.9977035,"scottish_terrier, yorkshire_terrier, newfoundland, wheaten_terrier, havanese",True,True
german_shorthaired_157,german_shorthaired,german_shorthaired,0.9919035,"german_shorthaired, american_pit_bull_terrier, staffordshire_bull_terrier, english_setter, english_cocker_spaniel",True,True
american_pit_bull_terrier_9,american_pit_bull_terrier,american_pit_bull_terrier,0.9775689,"american_pit_bull_terrier, staffordshire_bull_terrier, american_bulldog, german_shorthaired, Sphynx",True,True
Sphynx_156,Sphynx,Sphynx,0.9777434,"Sphynx, Bengal, Abyssinian, miniature_pinscher, boxer",True,True
japanese_chin_94,japanese_chin,japanese_chin,0.951014,"japanese_chin, saint_bernard, english_setter, havanese, leonberger",True,True
leonberger_11,leonberger,miniature_pinscher,0.5272312,"miniature_pinscher, boxer, leonberger, chihuahua, staffordshire_bull_terrier",False,True
keeshond_101,keeshond,keeshond,0.9755962,"keeshond, english_setter, japanese_chin, yorkshire_terrier, havanese",True,True
chihuahua_71,chihuahua,chihuahua,0.9104995,"chihuahua, miniature_pinscher, yorkshire_terrier, beagle, Abyssinian",True,True
Russian_Blue_28,Russian_Blue,wheaten_terrier,0.34335256,"wheaten_terrier, shiba_inu, staffordshire_bull_terrier, leonberger, Russian_Blue",False,True
keeshond_36,keeshond,keeshond,0.99192375,"keeshond, Persian, leonberger, japanese_chin, pomeranian",True,True
yorkshire_terrier_21,yorkshire_terrier,yorkshire_terrier,0.9983291,"yorkshire_terrier, havanese, wheaten_terrier, english_cocker_spaniel, scottish_terrier",True,True
havanese_35,havanese,havanese,0.98891556,"havanese, yorkshire_terrier, english_cocker_spaniel, japanese_chin, english_setter",True,True
keeshond_111,keeshond,keeshond,0.99908316,"keeshond, pomeranian, samoyed, Persian, Maine_Coon",True,True
german_shorthaired_158,german_shorthaired,german_shorthaired,0.99808085,"german_shorthaired, english_setter, american_pit_bull_terrier, english_cocker_spaniel, beagle",True,True
Siamese_59,Siamese,Birman,0.74771565,"Birman, Siamese, great_pyrenees, Ragdoll, keeshond",False,True
boxer_108,boxer,boxer,0.79253155,"boxer, pug, american_bulldog, saint_bernard, staffordshire_bull_terrier",True,True
great_pyrenees_159,great_pyrenees,great_pyrenees,0.9961035,"great_pyrenees, english_setter, samoyed, english_cocker_spaniel, havanese",True,True
american_bulldog_61,american_bulldog,beagle,0.8352724,"beagle, basset_hound, american_bulldog, saint_bernard, boxer",False,True
yorkshire_terrier_5,yorkshire_terrier,yorkshire_terrier,0.99326926,"yorkshire_terrier, scottish_terrier, havanese, wheaten_terrier, english_cocker_spaniel",True,True
american_bulldog_60,american_bulldog,american_bulldog,0.97553366,"american_bulldog, boxer, chihuahua, staffordshire_bull_terrier, american_pit_bull_terrier",True,True
Abyssinian_3,Abyssinian,Abyssinian,0.98210657,"Abyssinian, Bengal, miniature_pinscher, Sphynx, Maine_Coon",True,True
Ragdoll_37,Ragdoll,Ragdoll,0.7885429,"Ragdoll, Persian, Maine_Coon, samoyed, pomeranian",True,True
american_bulldog_65,american_bulldog,saint_bernard,0.35279512,"saint_bernard, american_pit_bull_terrier, beagle, english_setter, basset_hound",False,False
newfoundland_74,newfoundland,newfoundland,0.9336414,"newfoundland, english_cocker_spaniel, havanese, leonberger, great_pyrenees",True,True
great_pyrenees_164,great_pyrenees,great_pyrenees,0.99678564,"great_pyrenees, leonberger, samoyed, english_setter, saint_bernard",True,True
Bombay_173,Bombay,Bombay,0.86784977,"Bombay, British_Shorthair, Russian_Blue, Siamese, newfoundland",True,True
staffordshire_bull_terrier_170,staffordshire_bull_terrier,staffordshire_bull_terrier,0.8631425,"staffordshire_bull_terrier, american_pit_bull_terrier, boxer, miniature_pinscher, basset_hound",True,True
beagle_56,beagle,beagle,0.96933424,"beagle, basset_hound, german_shorthaired, english_setter, american_pit_bull_terrier",True,True
scottish_terrier_172,scottish_terrier,scottish_terrier,0.99684227,"scottish_terrier, staffordshire_bull_terrier, chihuahua, yorkshire_terrier, Bombay",True,True
chihuahua_123,chihuahua,chihuahua,0.97882277,"chihuahua, Sphynx, miniature_pinscher, Abyssinian, american_pit_bull_terrier",True,True
scottish_terrier_153,scottish_terrier,scottish_terrier,0.99999034,"scottish_terrier, yorkshire_terrier, havanese, wheaten_terrier, keeshond",True,True
wheaten_terrier_127,wheaten_terrier,wheaten_terrier,0.94214576,"wheaten_terrier, english_setter, havanese, pug, leonberger",True,True
Bombay_123,Bombay,Bombay,0.99099267,"Bombay, Maine_Coon, Persian, newfoundland, yorkshire_terrier",True,True
Birman_7,Birman,Birman,0.9434266,"Birman, Ragdoll, Siamese, japanese_chin, keeshond",True,True
great_pyrenees_79,great_pyrenees,great_pyrenees,0.7793197,"great_pyrenees, samoyed, shiba_inu, pomeranian, leonberger",True,True
samoyed_83,samoyed,British_Shorthair,0.52500796,"British_Shorthair, samoyed, Ragdoll, Persian, Russian_Blue",False,True
samoyed_125,samoyed,samoyed,0.9752667,"samoyed, pomeranian, great_pyrenees, shiba_inu, keeshond",True,True
Birman_175,Birman,Birman,0.55725914,"Birman, Ragdoll, Persian, Siamese, British_Shorthair",True,True
german_shorthaired_140,german_shorthaired,staffordshire_bull_terrier,0.5586832,"staffordshire_bull_terrier, german_shorthaired, Bombay, newfoundland, american_pit_bull_terrier",False,True
leonberger_196,leonberger,leonberger,0.9995623,"leonberger, saint_bernard, great_pyrenees, boxer, pug",True,True
keeshond_58,keeshond,keeshond,0.9902261,"keeshond, leonberger, pomeranian, pug, newfoundland",True,True
scottish_terrier_97,scottish_terrier,scottish_terrier,0.9068047,"scottish_terrier, yorkshire_terrier, havanese, wheaten_terrier, english_cocker_spaniel",True,True
pomeranian_169,pomeranian,pomeranian,0.9975756,"pomeranian, japanese_chin, chihuahua, Persian, Ragdoll",True,True
Sphynx_202,Sphynx,Sphynx,0.79097146,"Sphynx, chihuahua, miniature_pinscher, Russian_Blue, Abyssinian",True,True
saint_bernard_57,saint_bernard,beagle,0.9071948,"beagle, basset_hound, saint_bernard, boxer, german_shorthaired",False,True
Siamese_143,Siamese,Siamese,0.781338,"Siamese, Birman, Ragdoll, shiba_inu, Russian_Blue",True,True
British_Shorthair_120,British_Shorthair,British_Shorthair,0.986766,"British_Shorthair, Persian, Russian_Blue, Maine_Coon, shiba_inu",True,True
Abyssinian_175,Abyssinian,Abyssinian,0.9996389,"Abyssinian, Bengal, Maine_Coon, miniature_pinscher, chihuahua",True,True
great_pyrenees_55,great_pyrenees,great_pyrenees,0.98100626,"great_pyrenees, samoyed, wheaten_terrier, havanese, shiba_inu",True,True
Sphynx_98,Sphynx,Sphynx,0.999788,"Sphynx, Siamese, Abyssinian, american_bulldog, miniature_pinscher",True,True
pug_133,pug,pug,0.98984575,"pug, american_bulldog, american_pit_bull_terrier, chihuahua, staffordshire_bull_terrier",True,True
Bombay_97,Bombay,Bombay,0.9068018,"Bombay, Russian_Blue, British_Shorthair, Siamese, scottish_terrier",True,True
pomeranian_115,pomeranian,pomeranian,0.9997286,"pomeranian, chihuahua, shiba_inu, Persian, japanese_chin",True,True
wheaten_terrier_31,wheaten_terrier,leonberger,0.28582227,"leonberger, great_pyrenees, wheaten_terrier, english_setter, english_cocker_spaniel",False,True
great_pyrenees_160,great_pyrenees,great_pyrenees,0.9949517,"great_pyrenees, havanese, samoyed, english_setter, english_cocker_spaniel",True,True
Birman_62,Birman,Birman,0.5761417,"Birman, Siamese, japanese_chin, Ragdoll, havanese",True,True
Birman_73,Birman,Birman,0.98854244,"Birman, Ragdoll, Siamese, japanese_chin, Persian",True,True
shiba_inu_33,shiba_inu,shiba_inu,0.98915964,"shiba_inu, chihuahua, beagle, american_pit_bull_terrier, British_Shorthair",True,True
german_shorthaired_133,german_shorthaired,staffordshire_bull_terrier,0.40435278,"staffordshire_bull_terrier, german_shorthaired, basset_hound, newfoundland, english_cocker_spaniel",False,True
shiba_inu_119,shiba_inu,shiba_inu,0.9993612,"shiba_inu, pomeranian, chihuahua, miniature_pinscher, staffordshire_bull_terrier",True,True
scottish_terrier_177,scottish_terrier,scottish_terrier,0.9176192,"scottish_terrier, english_cocker_spaniel, yorkshire_terrier, newfoundland, havanese",True,True
keeshond_59,keeshond,keeshond,0.99721414,"keeshond, staffordshire_bull_terrier, great_pyrenees, leonberger, newfoundland",True,True
keeshond_173,keeshond,keeshond,0.9978332,"keeshond, pomeranian, samoyed, Persian, great_pyrenees",True,True
samoyed_41,samoyed,samoyed,0.976856,"samoyed, pomeranian, great_pyrenees, Ragdoll, keeshond",True,True
Persian_115,Persian,Persian,0.98898077,"Persian, Maine_Coon, pomeranian, wheaten_terrier, newfoundland",True,True
basset_hound_48,basset_hound,basset_hound,0.9992932,"basset_hound, beagle, american_pit_bull_terrier, english_cocker_spaniel, staffordshire_bull_terrier",True,True
Sphynx_159,Sphynx,Sphynx,0.9977603,"Sphynx, Abyssinian, chihuahua, miniature_pinscher, Siamese",True,True
leonberger_120,leonberger,leonberger,0.99940825,"leonberger, boxer, wheaten_terrier, saint_bernard, newfoundland",True,True
Ragdoll_177,Ragdoll,Ragdoll,0.982916,"Ragdoll, Birman, Persian, samoyed, Maine_Coon",True,True
Abyssinian_29,Abyssinian,Abyssinian,0.9907188,"Abyssinian, Bengal, Ragdoll, Maine_Coon, Siamese",True,True
Egyptian_Mau_47,Egyptian_Mau,Egyptian_Mau,0.5846356,"Egyptian_Mau, Bengal, Abyssinian, Maine_Coon, Sphynx",True,True
Bombay_202,Bombay,Bombay,0.9278994,"Bombay, Maine_Coon, Bengal, yorkshire_terrier, Abyssinian",True,True
boxer_109,boxer,boxer,0.8348028,"boxer, american_bulldog, staffordshire_bull_terrier, american_pit_bull_terrier, saint_bernard",True,True
boxer_184,boxer,boxer,0.8776926,"boxer, beagle, basset_hound, american_bulldog, miniature_pinscher",True,True
japanese_chin_118,japanese_chin,japanese_chin,0.7647029,"japanese_chin, pomeranian, chihuahua, saint_bernard, english_cocker_spaniel",True,True
pug_101,pug,pug,0.9986626,"pug, boxer, american_bulldog, american_pit_bull_terrier, staffordshire_bull_terrier",True,True
Ragdoll_165,Ragdoll,Ragdoll,0.9384263,"Ragdoll, japanese_chin, Persian, Birman, Maine_Coon",True,True
basset_hound_81,basset_hound,basset_hound,0.8969433,"basset_hound, beagle, american_pit_bull_terrier, english_cocker_spaniel, miniature_pinscher",True,True
german_shorthaired_44,german_shorthaired,german_shorthaired,0.9921678,"german_shorthaired, beagle, english_setter, miniature_pinscher, basset_hound",True,True
samoyed_31,samoyed,samoyed,0.99978465,"samoyed, pomeranian, keeshond, shiba_inu, great_pyrenees",True,True
Birman_160,Birman,Birman,0.8999804,"Birman, Ragdoll, Siamese, japanese_chin, keeshond",True,True
Maine_Coon_60,Maine_Coon,Maine_Coon,0.9665973,"Maine_Coon, Abyssinian, Bengal, Ragdoll, Persian",True,True
shiba_inu_9,shiba_inu,shiba_inu,0.7351784,"shiba_inu, american_pit_bull_terrier, beagle, staffordshire_bull_terrier, american_bulldog",True,True
samoyed_73,samoyed,samoyed,0.9728776,"samoyed, shiba_inu, great_pyrenees, Ragdoll, keeshond",True,True
american_bulldog_40,american_bulldog,american_pit_bull_terrier,0.4581268,"american_pit_bull_terrier, english_setter, american_bulldog, staffordshire_bull_terrier, german_shorthaired",False,True
chihuahua_164,chihuahua,chihuahua,0.967698,"chihuahua, Sphynx, Bombay, american_pit_bull_terrier, miniature_pinscher",True,True
english_setter_103,english_setter,english_cocker_spaniel,0.66105026,"english_cocker_spaniel, english_setter, basset_hound, saint_bernard, beagle",False,True
pug_35,pug,pug,0.8785134,"pug, american_bulldog, boxer, american_pit_bull_terrier, english_setter",True,True
english_setter_143,english_setter,english_setter,0.8223929,"english_setter, english_cocker_spaniel, japanese_chin, yorkshire_terrier, leonberger",True,True
beagle_168,beagle,beagle,0.9771708,"beagle, basset_hound, staffordshire_bull_terrier, american_pit_bull_terrier, boxer",True,True
Egyptian_Mau_51,Egyptian_Mau,Russian_Blue,0.70450234,"Russian_Blue, Egyptian_Mau, Sphynx, Abyssinian, Bengal",False,True
yorkshire_terrier_84,yorkshire_terrier,yorkshire_terrier,0.9998379,"yorkshire_terrier, havanese, scottish_terrier, wheaten_terrier, english_cocker_spaniel",True,True
newfoundland_98,newfoundland,newfoundland,0.99887866,"newfoundland, leonberger, german_shorthaired, keeshond, english_cocker_spaniel",True,True
havanese_154,havanese,havanese,0.8281622,"havanese, pomeranian, great_pyrenees, japanese_chin, wheaten_terrier",True,True
beagle_107,beagle,beagle,0.69500124,"beagle, basset_hound, american_bulldog, american_pit_bull_terrier, english_cocker_spaniel",True,True
yorkshire_terrier_92,yorkshire_terrier,yorkshire_terrier,0.9892212,"yorkshire_terrier, scottish_terrier, havanese, wheaten_terrier, english_cocker_spaniel",True,True
pomeranian_174,pomeranian,pomeranian,0.99859685,"pomeranian, keeshond, samoyed, chihuahua, japanese_chin",True,True
pug_56,pug,pug,0.9998259,"pug, boxer, american_bulldog, staffordshire_bull_terrier, chihuahua",True,True
staffordshire_bull_terrier_112,staffordshire_bull_terrier,staffordshire_bull_terrier,0.9923866,"staffordshire_bull_terrier, american_pit_bull_terrier, american_bulldog, german_shorthaired, boxer",True,True
staffordshire_bull_terrier_60,staffordshire_bull_terrier,american_pit_bull_terrier,0.8507163,"american_pit_bull_terrier, boxer, staffordshire_bull_terrier, american_bulldog, pug",False,True
great_pyrenees_115,great_pyrenees,great_pyrenees,0.8933252,"great_pyrenees, samoyed, shiba_inu, chihuahua, wheaten_terrier",True,True
Bengal_128,Bengal,Bengal,0.9892291,"Bengal, Egyptian_Mau, yorkshire_terrier, boxer, Abyssinian",True,True
chihuahua_113,chihuahua,miniature_pinscher,0.63802385,"miniature_pinscher, chihuahua, Siamese, staffordshire_bull_terrier, Sphynx",False,True
great_pyrenees_141,great_pyrenees,wheaten_terrier,0.3031442,"wheaten_terrier, shiba_inu, chihuahua, great_pyrenees, beagle",False,True
Egyptian_Mau_4,Egyptian_Mau,Egyptian_Mau,0.62826335,"Egyptian_Mau, Bengal, Maine_Coon, Abyssinian, yorkshire_terrier",True,True
pomeranian_162,pomeranian,pomeranian,0.99977595,"pomeranian, japanese_chin, keeshond, leonberger, Persian",True,True
great_pyrenees_173,great_pyrenees,great_pyrenees,0.9906866,"great_pyrenees, english_setter, samoyed, saint_bernard, japanese_chin",True,True
shiba_inu_125,shiba_inu,shiba_inu,0.9531385,"shiba_inu, pomeranian, chihuahua, samoyed, Ragdoll",True,True
german_shorthaired_80,german_shorthaired,german_shorthaired,0.99912935,"german_shorthaired, american_pit_bull_terrier, english_setter, english_cocker_spaniel, beagle",True,True
Persian_61,Persian,Persian,0.9395308,"Persian, Maine_Coon, Ragdoll, British_Shorthair, samoyed",True,True
great_pyrenees_70,great_pyrenees,great_pyrenees,0.9984738,"great_pyrenees, samoyed, english_setter, havanese, keeshond",True,True
beagle_64,beagle,beagle,0.79831386,"beagle, chihuahua, american_pit_bull_terrier, american_bulldog, basset_hound",True,True
Birman_6,Birman,Birman,0.9972451,"Birman, Siamese, japanese_chin, Ragdoll, saint_bernard",True,True
Bombay_86,Bombay,Bombay,0.87518644,"Bombay, British_Shorthair, Russian_Blue, newfoundland, Siamese",True,True
samoyed_49,samoyed,samoyed,0.9933662,"samoyed, great_pyrenees, pomeranian, Ragdoll, Persian",True,True
leonberger_60,leonberger,leonberger,0.99141383,"leonberger, boxer, saint_bernard, pug, newfoundland",True,True
shiba_inu_137,shiba_inu,shiba_inu,0.55820334,"shiba_inu, beagle, boxer, american_pit_bull_terrier, basset_hound",True,True
english_setter_200,english_setter,english_setter,0.86885643,"english_setter, english_cocker_spaniel, havanese, great_pyrenees, basset_hound",True,True
yorkshire_terrier_164,yorkshire_terrier,yorkshire_terrier,0.99811494,"yorkshire_terrier, havanese, wheaten_terrier, scottish_terrier, Persian",True,True
wheaten_terrier_57,wheaten_terrier,wheaten_terrier,0.98103285,"wheaten_terrier, havanese, english_cocker_spaniel, scottish_terrier, yorkshire_terrier",True,True
american_bulldog_94,american_bulldog,american_bulldog,0.9944088,"american_bulldog, american_pit_bull_terrier, english_setter, staffordshire_bull_terrier, boxer",True,True
British_Shorthair_15,British_Shorthair,British_Shorthair,0.9789128,"British_Shorthair, Russian_Blue, Bombay, Persian, Abyssinian",True,True
chihuahua_190,chihuahua,chihuahua,0.63497293,"chihuahua, miniature_pinscher, Sphynx, Abyssinian, american_pit_bull_terrier",True,True
boxer_49,boxer,boxer,0.939674,"boxer, american_bulldog, staffordshire_bull_terrier, american_pit_bull_terrier, saint_bernard",True,True
newfoundland_65,newfoundland,newfoundland,0.9995105,"newfoundland, english_cocker_spaniel, leonberger, german_shorthaired, scottish_terrier",True,True
beagle_27,beagle,beagle,0.95145386,"beagle, basset_hound, german_shorthaired, saint_bernard, american_pit_bull_terrier",True,True
scottish_terrier_4,scottish_terrier,scottish_terrier,0.9996804,"scottish_terrier, yorkshire_terrier, Bombay, havanese, Siamese",True,True
american_pit_bull_terrier_139,american_pit_bull_terrier,american_pit_bull_terrier,0.49528897,"american_pit_bull_terrier, basset_hound, boxer, saint_bernard, staffordshire_bull_terrier",True,True
miniature_pinscher_190,miniature_pinscher,miniature_pinscher,0.9981817,"miniature_pinscher, staffordshire_bull_terrier, chihuahua, boxer, american_pit_bull_terrier",True,True
pug_92,pug,pug,0.51280993,"pug, american_bulldog, boxer, staffordshire_bull_terrier, american_pit_bull_terrier",True,True
Bombay_156,Bombay,Bombay,0.93445736,"Bombay, Siamese, Russian_Blue, British_Shorthair, Abyssinian",True,True
english_setter_105,english_setter,english_setter,0.6002134,"english_setter, havanese, english_cocker_spaniel, japanese_chin, saint_bernard",True,True
newfoundland_57,newfoundland,scottish_terrier,0.7765246,"scottish_terrier, newfoundland, havanese, yorkshire_terrier, staffordshire_bull_terrier",False,True
boxer_45,boxer,boxer,0.5639851,"boxer, miniature_pinscher, american_pit_bull_terrier, beagle, staffordshire_bull_terrier",True,True
japanese_chin_101,japanese_chin,japanese_chin,0.99958843,"japanese_chin, havanese, saint_bernard, Ragdoll, Birman",True,True
pomeranian_12,pomeranian,pomeranian,0.93836504,"pomeranian, keeshond, japanese_chin, Persian, leonberger",True,True
american_bulldog_118,american_bulldog,american_bulldog,0.9941176,"american_bulldog, american_pit_bull_terrier, boxer, beagle, english_setter",True,True
staffordshire_bull_terrier_94,staffordshire_bull_terrier,staffordshire_bull_terrier,0.6381632,"staffordshire_bull_terrier, american_pit_bull_terrier, chihuahua, miniature_pinscher, basset_hound",True,True
Ragdoll_151,Ragdoll,Ragdoll,0.9299751,"Ragdoll, samoyed, Persian, British_Shorthair, Birman",True,True
chihuahua_151,chihuahua,chihuahua,0.99818844,"chihuahua, Siamese, Abyssinian, miniature_pinscher, Sphynx",True,True
scottish_terrier_40,scottish_terrier,scottish_terrier,0.99924266,"scottish_terrier, yorkshire_terrier, keeshond, Bombay, havanese",True,True
shiba_inu_27,shiba_inu,shiba_inu,0.9966287,"shiba_inu, pomeranian, samoyed, chihuahua, beagle",True,True
scottish_terrier_103,scottish_terrier,scottish_terrier,0.4599056,"scottish_terrier, wheaten_terrier, english_setter, yorkshire_terrier, havanese",True,True
english_cocker_spaniel_129,english_cocker_spaniel,english_cocker_spaniel,0.9775218,"english_cocker_spaniel, leonberger, yorkshire_terrier, basset_hound, wheaten_terrier",True,True
keeshond_15,keeshond,keeshond,0.9984238,"keeshond, great_pyrenees, leonberger, Persian, Birman",True,True
Maine_Coon_142,Maine_Coon,Maine_Coon,0.6205111,"Maine_Coon, Egyptian_Mau, Bengal, Persian, japanese_chin",True,True
saint_bernard_184,saint_bernard,saint_bernard,0.9759749,"saint_bernard, basset_hound, beagle, japanese_chin, boxer",True,True
keeshond_143,keeshond,keeshond,0.9635996,"keeshond, Birman, leonberger, japanese_chin, Siamese",True,True
Birman_71,Birman,Birman,0.9500834,"Birman, Ragdoll, Siamese, Persian, japanese_chin",True,True
american_pit_bull_terrier_69,american_pit_bull_terrier,american_pit_bull_terrier,0.6702762,"american_pit_bull_terrier, german_shorthaired, american_bulldog, staffordshire_bull_terrier, Sphynx",True,True
saint_bernard_9,saint_bernard,saint_bernard,0.95143056,"saint_bernard, american_bulldog, english_setter, basset_hound, japanese_chin",True,True
Bengal_145,Bengal,Bengal,0.54760116,"Bengal, Egyptian_Mau, Russian_Blue, staffordshire_bull_terrier, Abyssinian",True,True
shiba_inu_157,shiba_inu,japanese_chin,0.81764466,"japanese_chin, saint_bernard, english_cocker_spaniel, pomeranian, basset_hound",False,False
german_shorthaired_129,german_shorthaired,german_shorthaired,0.75582516,"german_shorthaired, american_pit_bull_terrier, staffordshire_bull_terrier, american_bulldog, boxer",True,True
english_cocker_spaniel_117,english_cocker_spaniel,english_cocker_spaniel,0.65340906,"english_cocker_spaniel, miniature_pinscher, basset_hound, Bengal, yorkshire_terrier",True,True
Russian_Blue_86,Russian_Blue,Russian_Blue,0.99933136,"Russian_Blue, British_Shorthair, Abyssinian, Sphynx, Egyptian_Mau",True,True
pug_53,pug,pug,0.9995641,"pug, american_bulldog, boxer, staffordshire_bull_terrier, american_pit_bull_terrier",True,True
British_Shorthair_190,British_Shorthair,British_Shorthair,0.9318617,"British_Shorthair, Russian_Blue, pug, Persian, shiba_inu",True,True
newfoundland_39,newfoundland,newfoundland,0.6469815,"newfoundland, scottish_terrier, english_cocker_spaniel, Russian_Blue, wheaten_terrier",True,True
samoyed_168,samoyed,samoyed,0.90566415,"samoyed, great_pyrenees, pomeranian, shiba_inu, Persian",True,True
shiba_inu_91,shiba_inu,shiba_inu,0.9952852,"shiba_inu, chihuahua, american_pit_bull_terrier, beagle, staffordshire_bull_terrier",True,True
leonberger_99,leonberger,leonberger,0.7159207,"leonberger, wheaten_terrier, saint_bernard, basset_hound, great_pyrenees",True,True
shiba_inu_146,shiba_inu,shiba_inu,0.995269,"shiba_inu, chihuahua, pomeranian, beagle, american_pit_bull_terrier",True,True
american_pit_bull_terrier_75,american_pit_bull_terrier,american_pit_bull_terrier,0.8418868,"american_pit_bull_terrier, staffordshire_bull_terrier, boxer, american_bulldog, basset_hound",True,True
leonberger_169,leonberger,leonberger,0.99873275,"leonberger, great_pyrenees, wheaten_terrier, saint_bernard, keeshond",True,True
english_setter_80,english_setter,english_cocker_spaniel,0.742508,"english_cocker_spaniel, english_setter, great_pyrenees, american_pit_bull_terrier, newfoundland",False,True
japanese_chin_6,japanese_chin,japanese_chin,0.8607198,"japanese_chin, havanese, english_cocker_spaniel, english_setter, Ragdoll",True,True
staffordshire_bull_terrier_6,staffordshire_bull_terrier,staffordshire_bull_terrier,0.95858246,"staffordshire_bull_terrier, american_pit_bull_terrier, boxer, american_bulldog, chihuahua",True,True
havanese_173,havanese,havanese,0.9729556,"havanese, wheaten_terrier, great_pyrenees, scottish_terrier, english_cocker_spaniel",True,True
newfoundland_151,newfoundland,newfoundland,0.9835435,"newfoundland, leonberger, havanese, great_pyrenees, english_cocker_spaniel",True,True
samoyed_178,samoyed,samoyed,0.99670744,"samoyed, great_pyrenees, shiba_inu, Ragdoll, pomeranian",True,True
scottish_terrier_168,scottish_terrier,scottish_terrier,0.99197525,"scottish_terrier, yorkshire_terrier, staffordshire_bull_terrier, keeshond, Russian_Blue",True,True
keeshond_115,keeshond,keeshond,0.9993812,"keeshond, pomeranian, leonberger, samoyed, Persian",True,True
boxer_105,boxer,boxer,0.9912287,"boxer, basset_hound, saint_bernard, pug, staffordshire_bull_terrier",True,True
Bengal_57,Bengal,Bengal,0.9936952,"Bengal, Egyptian_Mau, Maine_Coon, Abyssinian, english_cocker_spaniel",True,True
Bombay_66,Bombay,Bombay,0.9993761,"Bombay, Abyssinian, Maine_Coon, Siamese, British_Shorthair",True,True
scottish_terrier_68,scottish_terrier,havanese,0.4275144,"havanese, scottish_terrier, yorkshire_terrier, Bombay, staffordshire_bull_terrier",False,True
yorkshire_terrier_118,yorkshire_terrier,yorkshire_terrier,0.99648005,"yorkshire_terrier, miniature_pinscher, chihuahua, Bengal, english_cocker_spaniel",True,True
chihuahua_172,chihuahua,miniature_pinscher,0.4827937,"miniature_pinscher, chihuahua, yorkshire_terrier, Bombay, Abyssinian",False,True
Maine_Coon_170,Maine_Coon,Maine_Coon,0.9780983,"Maine_Coon, Bengal, Abyssinian, Ragdoll, Persian",True,True
keeshond_183,keeshond,keeshond,0.9980268,"keeshond, samoyed, great_pyrenees, pomeranian, Persian",True,True
British_Shorthair_140,British_Shorthair,British_Shorthair,0.99580884,"British_Shorthair, Russian_Blue, Bombay, Siamese, Persian",True,True
beagle_3,beagle,beagle,0.91500944,"beagle, basset_hound, english_cocker_spaniel, american_pit_bull_terrier, english_setter",True,True
Bengal_35,Bengal,Bengal,0.79017466,"Bengal, Abyssinian, yorkshire_terrier, Maine_Coon, scottish_terrier",True,True
pug_19,pug,pug,0.78655267,"pug, boxer, american_bulldog, chihuahua, staffordshire_bull_terrier",True,True
British_Shorthair_275,British_Shorthair,British_Shorthair,0.5291195,"British_Shorthair, Russian_Blue, Abyssinian, Persian, Egyptian_Mau",True,True
British_Shorthair_74,British_Shorthair,Abyssinian,0.5709745,"Abyssinian, Bombay, Russian_Blue, Maine_Coon, British_Shorthair",False,True
newfoundland_164,newfoundland,newfoundland,0.7054937,"newfoundland, leonberger, wheaten_terrier, pomeranian, Siamese",True,True
Birman_58,Birman,Birman,0.79081,"Birman, Siamese, Ragdoll, keeshond, shiba_inu",True,True
shiba_inu_181,shiba_inu,shiba_inu,0.8770854,"shiba_inu, samoyed, scottish_terrier, chihuahua, pomeranian",True,True
miniature_pinscher_155,miniature_pinscher,miniature_pinscher,0.99983764,"miniature_pinscher, chihuahua, american_pit_bull_terrier, staffordshire_bull_terrier, beagle",True,True
Abyssinian_132,Abyssinian,Abyssinian,0.68169826,"Abyssinian, Sphynx, Bengal, Russian_Blue, miniature_pinscher",True,True
samoyed_54,samoyed,samoyed,0.987766,"samoyed, shiba_inu, pomeranian, scottish_terrier, great_pyrenees",True,True
Bengal_100,Bengal,Bengal,0.5516122,"Bengal, Maine_Coon, Abyssinian, Egyptian_Mau, Sphynx",True,True
saint_bernard_53,saint_bernard,saint_bernard,0.998779,"saint_bernard, boxer, leonberger, great_pyrenees, basset_hound",True,True
Persian_59,Persian,Persian,0.9876544,"Persian, samoyed, Ragdoll, Maine_Coon, Birman",True,True
basset_hound_21,basset_hound,basset_hound,0.7906595,"basset_hound, german_shorthaired, beagle, english_cocker_spaniel, english_setter",True,True
havanese_84,havanese,havanese,0.99114096,"havanese, yorkshire_terrier, japanese_chin, english_cocker_spaniel, newfoundland",True,True
german_shorthaired_88,german_shorthaired,german_shorthaired,0.999949,"german_shorthaired, english_setter, beagle, english_cocker_spaniel, american_pit_bull_terrier",True,True
scottish_terrier_79,scottish_terrier,scottish_terrier,0.7417756,"scottish_terrier, havanese, yorkshire_terrier, wheaten_terrier, chihuahua",True,True
British_Shorthair_223,British_Shorthair,Russian_Blue,0.8373239,"Russian_Blue, British_Shorthair, Egyptian_Mau, Abyssinian, Bengal",False,True
scottish_terrier_65,scottish_terrier,scottish_terrier,0.99964845,"scottish_terrier, yorkshire_terrier, keeshond, havanese, chihuahua",True,True
Maine_Coon_91,Maine_Coon,Maine_Coon,0.9960775,"Maine_Coon, Persian, Egyptian_Mau, samoyed, Ragdoll",True,True
keeshond_187,keeshond,keeshond,0.99405426,"keeshond, leonberger, samoyed, pomeranian, havanese",True,True
shiba_inu_165,shiba_inu,shiba_inu,0.9996716,"shiba_inu, pomeranian, chihuahua, samoyed, staffordshire_bull_terrier",True,True
scottish_terrier_60,scottish_terrier,scottish_terrier,0.99468404,"scottish_terrier, yorkshire_terrier, miniature_pinscher, chihuahua, havanese",True,True
newfoundland_185,newfoundland,newfoundland,0.95442116,"newfoundland, japanese_chin, Sphynx, leonberger, german_shorthaired",True,True
chihuahua_118,chihuahua,chihuahua,0.84934896,"chihuahua, miniature_pinscher, american_pit_bull_terrier, beagle, staffordshire_bull_terrier",True,True
yorkshire_terrier_101,yorkshire_terrier,yorkshire_terrier,0.9998729,"yorkshire_terrier, havanese, wheaten_terrier, japanese_chin, scottish_terrier",True,True
keeshond_47,keeshond,keeshond,0.9975078,"keeshond, pomeranian, samoyed, great_pyrenees, leonberger",True,True
Russian_Blue_204,Russian_Blue,Russian_Blue,0.9936179,"Russian_Blue, British_Shorthair, Egyptian_Mau, Abyssinian, Bombay",True,True
american_bulldog_37,american_bulldog,american_bulldog,0.95250666,"american_bulldog, boxer, american_pit_bull_terrier, staffordshire_bull_terrier, chihuahua",True,True
chihuahua_24,chihuahua,miniature_pinscher,0.33442003,"miniature_pinscher, chihuahua, staffordshire_bull_terrier, Bombay, Russian_Blue",False,True
great_pyrenees_60,great_pyrenees,great_pyrenees,0.9977884,"great_pyrenees, samoyed, english_setter, keeshond, havanese",True,True
scottish_terrier_37,scottish_terrier,scottish_terrier,0.93151504,"scottish_terrier, yorkshire_terrier, havanese, newfoundland, Bombay",True,True
english_setter_112,english_setter,english_setter,0.9321069,"english_setter, english_cocker_spaniel, yorkshire_terrier, beagle, german_shorthaired",True,True
wheaten_terrier_97,wheaten_terrier,wheaten_terrier,0.9989298,"wheaten_terrier, havanese, leonberger, scottish_terrier, english_cocker_spaniel",True,True
Egyptian_Mau_78,Egyptian_Mau,Egyptian_Mau,0.9984956,"Egyptian_Mau, Maine_Coon, Bengal, german_shorthaired, english_setter",True,True
British_Shorthair_113,British_Shorthair,Russian_Blue,0.67381865,"Russian_Blue, British_Shorthair, Sphynx, Egyptian_Mau, Abyssinian",False,True
Siamese_184,Siamese,Siamese,0.9950264,"Siamese, Birman, Russian_Blue, Abyssinian, chihuahua",True,True
english_cocker_spaniel_136,english_cocker_spaniel,english_cocker_spaniel,0.98830366,"english_cocker_spaniel, english_setter, basset_hound, havanese, newfoundland",True,True
newfoundland_200,newfoundland,newfoundland,0.8475403,"newfoundland, german_shorthaired, english_setter, english_cocker_spaniel, scottish_terrier",True,True
Birman_182,Birman,Birman,0.4814072,"Birman, Ragdoll, Siamese, Maine_Coon, yorkshire_terrier",True,True
Russian_Blue_188,Russian_Blue,Russian_Blue,0.46630308,"Russian_Blue, Sphynx, staffordshire_bull_terrier, Siamese, chihuahua",True,True
Abyssinian_82,Abyssinian,Abyssinian,0.9999279,"Abyssinian, Ragdoll, shiba_inu, Siamese, Russian_Blue",True,True
scottish_terrier_98,scottish_terrier,scottish_terrier,0.6947157,"scottish_terrier, havanese, wheaten_terrier, yorkshire_terrier, samoyed",True,True
shiba_inu_115,shiba_inu,shiba_inu,0.9951115,"shiba_inu, samoyed, chihuahua, american_pit_bull_terrier, staffordshire_bull_terrier",True,True
Maine_Coon_219,Maine_Coon,Maine_Coon,0.9248809,"Maine_Coon, Bengal, Abyssinian, Ragdoll, Egyptian_Mau",True,True
staffordshire_bull_terrier_169,staffordshire_bull_terrier,staffordshire_bull_terrier,0.60712415,"staffordshire_bull_terrier, american_pit_bull_terrier, boxer, miniature_pinscher, american_bulldog",True,True
Abyssinian_49,Abyssinian,Abyssinian,0.97280866,"Abyssinian, Maine_Coon, Ragdoll, Bengal, Sphynx",True,True
miniature_pinscher_139,miniature_pinscher,miniature_pinscher,0.9980116,"miniature_pinscher, chihuahua, Abyssinian, yorkshire_terrier, Bengal",True,True
Birman_174,Birman,Birman,0.8431384,"Birman, Ragdoll, havanese, japanese_chin, Persian",True,True
samoyed_50,samoyed,samoyed,0.98937154,"samoyed, shiba_inu, great_pyrenees, Ragdoll, pomeranian",True,True
Russian_Blue_208,Russian_Blue,Russian_Blue,0.9942661,"Russian_Blue, British_Shorthair, Siamese, Sphynx, Egyptian_Mau",True,True
Russian_Blue_197,Russian_Blue,Russian_Blue,0.55674326,"Russian_Blue, Abyssinian, Egyptian_Mau, Sphynx, Bengal",True,True
Bengal_188,Bengal,Bengal,0.9567485,"Bengal, Egyptian_Mau, Abyssinian, Maine_Coon, miniature_pinscher",True,True
beagle_41,beagle,beagle,0.90691,"beagle, basset_hound, english_cocker_spaniel, american_pit_bull_terrier, english_setter",True,True
keeshond_108,keeshond,keeshond,0.78666854,"keeshond, Persian, Birman, pomeranian, Ragdoll",True,True
pug_88,pug,pug,0.9995034,"pug, american_bulldog, boxer, chihuahua, japanese_chin",True,True
newfoundland_147,newfoundland,newfoundland,0.8199359,"newfoundland, keeshond, leonberger, staffordshire_bull_terrier, Russian_Blue",True,True
japanese_chin_20,japanese_chin,japanese_chin,0.99861383,"japanese_chin, saint_bernard, havanese, english_cocker_spaniel, Ragdoll",True,True
miniature_pinscher_22,miniature_pinscher,miniature_pinscher,0.94886583,"miniature_pinscher, chihuahua, Sphynx, staffordshire_bull_terrier, boxer",True,True
miniature_pinscher_96,miniature_pinscher,miniature_pinscher,0.9890562,"miniature_pinscher, staffordshire_bull_terrier, american_pit_bull_terrier, Sphynx, boxer",True,True
basset_hound_181,basset_hound,basset_hound,0.7637752,"basset_hound, beagle, miniature_pinscher, english_cocker_spaniel, staffordshire_bull_terrier",True,True
British_Shorthair_40,British_Shorthair,British_Shorthair,0.9983374,"British_Shorthair, Russian_Blue, Persian, Abyssinian, Bombay",True,True
miniature_pinscher_144,miniature_pinscher,miniature_pinscher,0.9981273,"miniature_pinscher, chihuahua, staffordshire_bull_terrier, beagle, yorkshire_terrier",True,True
japanese_chin_154,japanese_chin,japanese_chin,0.9781271,"japanese_chin, havanese, yorkshire_terrier, english_setter, saint_bernard",True,True
Sphynx_248,Sphynx,Sphynx,0.99634653,"Sphynx, chihuahua, miniature_pinscher, american_pit_bull_terrier, Russian_Blue",True,True
Abyssinian_139,Abyssinian,Abyssinian,0.5920064,"Abyssinian, Bengal, Sphynx, Maine_Coon, miniature_pinscher",True,True
Sphynx_175,Sphynx,Sphynx,0.9926835,"Sphynx, chihuahua, Abyssinian, american_bulldog, miniature_pinscher",True,True
staffordshire_bull_terrier_34,staffordshire_bull_terrier,staffordshire_bull_terrier,0.7824073,"staffordshire_bull_terrier, american_pit_bull_terrier, miniature_pinscher, chihuahua, basset_hound",True,True
Sphynx_67,Sphynx,Sphynx,0.71288025,"Sphynx, Siamese, miniature_pinscher, Russian_Blue, chihuahua",True,True
scottish_terrier_143,scottish_terrier,scottish_terrier,0.94557416,"scottish_terrier, yorkshire_terrier, havanese, chihuahua, Bombay",True,True
japanese_chin_119,japanese_chin,japanese_chin,0.9995652,"japanese_chin, saint_bernard, havanese, Persian, english_cocker_spaniel",True,True
chihuahua_29,chihuahua,chihuahua,0.53120315,"chihuahua, Abyssinian, Siamese, pomeranian, shiba_inu",True,True
wheaten_terrier_175,wheaten_terrier,wheaten_terrier,0.9896032,"wheaten_terrier, yorkshire_terrier, havanese, leonberger, scottish_terrier",True,True
Persian_81,Persian,Persian,0.98920596,"Persian, Maine_Coon, British_Shorthair, yorkshire_terrier, Ragdoll",True,True
miniature_pinscher_30,miniature_pinscher,miniature_pinscher,0.99611086,"miniature_pinscher, chihuahua, Bombay, Sphynx, staffordshire_bull_terrier",True,True
Abyssinian_57,Abyssinian,Bengal,0.77832305,"Bengal, Abyssinian, Maine_Coon, Ragdoll, Egyptian_Mau",False,True
pomeranian_73,pomeranian,pomeranian,0.976987,"pomeranian, japanese_chin, yorkshire_terrier, chihuahua, Maine_Coon",True,True
basset_hound_117,basset_hound,basset_hound,0.99571395,"basset_hound, beagle, saint_bernard, english_cocker_spaniel, german_shorthaired",True,True
Bengal_44,Bengal,Bengal,0.98139143,"Bengal, Egyptian_Mau, Maine_Coon, german_shorthaired, Persian",True,True
shiba_inu_163,shiba_inu,shiba_inu,0.99578047,"shiba_inu, pomeranian, chihuahua, samoyed, staffordshire_bull_terrier",True,True
miniature_pinscher_140,miniature_pinscher,miniature_pinscher,0.5409093,"miniature_pinscher, chihuahua, Abyssinian, shiba_inu, american_pit_bull_terrier",True,True
scottish_terrier_99,scottish_terrier,scottish_terrier,0.92305416,"scottish_terrier, yorkshire_terrier, chihuahua, shiba_inu, wheaten_terrier",True,True
leonberger_26,leonberger,leonberger,0.99738365,"leonberger, great_pyrenees, keeshond, saint_bernard, boxer",True,True
samoyed_21,samoyed,samoyed,0.9715778,"samoyed, shiba_inu, great_pyrenees, pomeranian, Ragdoll",True,True
yorkshire_terrier_87,yorkshire_terrier,yorkshire_terrier,0.999964,"yorkshire_terrier, havanese, scottish_terrier, wheaten_terrier, english_cocker_spaniel",True,True
newfoundland_160,newfoundland,staffordshire_bull_terrier,0.5190837,"staffordshire_bull_terrier, Bombay, newfoundland, german_shorthaired, Russian_Blue",False,True
miniature_pinscher_195,miniature_pinscher,miniature_pinscher,0.7068306,"miniature_pinscher, american_pit_bull_terrier, chihuahua, staffordshire_bull_terrier, pomeranian",True,True
newfoundland_32,newfoundland,newfoundland,0.9659582,"newfoundland, english_cocker_spaniel, havanese, japanese_chin, leonberger",True,True
scottish_terrier_81,scottish_terrier,scottish_terrier,0.7665744,"scottish_terrier, Bombay, yorkshire_terrier, Siamese, havanese",True,True
staffordshire_bull_terrier_175,staffordshire_bull_terrier,staffordshire_bull_terrier,0.34374395,"staffordshire_bull_terrier, beagle, chihuahua, american_pit_bull_terrier, shiba_inu",True,True
Bengal_84,Bengal,Bengal,0.5939319,"Bengal, Abyssinian, Maine_Coon, Egyptian_Mau, British_Shorthair",True,True
keeshond_70,keeshond,keeshond,0.99557835,"keeshond, scottish_terrier, leonberger, pomeranian, Russian_Blue",True,True
samoyed_188,samoyed,samoyed,0.9820065,"samoyed, great_pyrenees, pomeranian, shiba_inu, Ragdoll",True,True
Birman_83,Birman,Birman,0.57883674,"Birman, Siamese, Ragdoll, Maine_Coon, Persian",True,True
Bengal_19,Bengal,Bengal,0.97638863,"Bengal, Egyptian_Mau, Maine_Coon, boxer, Abyssinian",True,True
pug_117,pug,pug,0.6696268,"pug, american_bulldog, boxer, staffordshire_bull_terrier, chihuahua",True,True
saint_bernard_112,saint_bernard,saint_bernard,0.99720794,"saint_bernard, japanese_chin, leonberger, great_pyrenees, pug",True,True
chihuahua_32,chihuahua,chihuahua,0.9742062,"chihuahua, miniature_pinscher, Abyssinian, Sphynx, Siamese",True,True
staffordshire_bull_terrier_103,staffordshire_bull_terrier,staffordshire_bull_terrier,0.81195533,"staffordshire_bull_terrier, american_pit_bull_terrier, boxer, american_bulldog, pug",True,True
newfoundland_3,newfoundland,leonberger,0.8593068,"leonberger, newfoundland, english_setter, great_pyrenees, japanese_chin",False,True
wheaten_terrier_96,wheaten_terrier,wheaten_terrier,0.9984363,"wheaten_terrier, havanese, great_pyrenees, leonberger, scottish_terrier",True,True
Birman_84,Birman,Birman,0.86243397,"Birman, Ragdoll, Siamese, Persian, British_Shorthair",True,True
Persian_156,Persian,Persian,0.999273,"Persian, Maine_Coon, pomeranian, British_Shorthair, Ragdoll",True,True
boxer_54,boxer,boxer,0.9862953,"boxer, saint_bernard, american_bulldog, staffordshire_bull_terrier, american_pit_bull_terrier",True,True
yorkshire_terrier_184,yorkshire_terrier,yorkshire_terrier,0.9997845,"yorkshire_terrier, havanese, english_cocker_spaniel, scottish_terrier, Bengal",True,True
miniature_pinscher_157,miniature_pinscher,miniature_pinscher,0.9999616,"miniature_pinscher, chihuahua, yorkshire_terrier, staffordshire_bull_terrier, beagle",True,True
staffordshire_bull_terrier_23,staffordshire_bull_terrier,boxer,0.5574909,"boxer, american_pit_bull_terrier, american_bulldog, staffordshire_bull_terrier, miniature_pinscher",False,True
staffordshire_bull_terrier_106,staffordshire_bull_terrier,staffordshire_bull_terrier,0.9504839,"staffordshire_bull_terrier, american_pit_bull_terrier, chihuahua, german_shorthaired, miniature_pinscher",True,True
staffordshire_bull_terrier_78,staffordshire_bull_terrier,samoyed,0.7966275,"samoyed, shiba_inu, staffordshire_bull_terrier, chihuahua, keeshond",False,True
miniature_pinscher_11,miniature_pinscher,miniature_pinscher,0.9951573,"miniature_pinscher, Abyssinian, Sphynx, basset_hound, german_shorthaired",True,True
Birman_57,Birman,Siamese,0.8244548,"Siamese, Birman, Ragdoll, leonberger, keeshond",False,True
Birman_144,Birman,Birman,0.72912586,"Birman, Ragdoll, Persian, samoyed, keeshond",True,True
english_cocker_spaniel_61,english_cocker_spaniel,english_cocker_spaniel,0.9097615,"english_cocker_spaniel, yorkshire_terrier, english_setter, Bengal, leonberger",True,True
english_setter_169,english_setter,english_setter,0.8117134,"english_setter, english_cocker_spaniel, wheaten_terrier, Maine_Coon, Bengal",True,True
yorkshire_terrier_138,yorkshire_terrier,yorkshire_terrier,0.99989355,"yorkshire_terrier, havanese, japanese_chin, Bengal, pomeranian",True,True
pomeranian_99,pomeranian,pomeranian,0.99977165,"pomeranian, japanese_chin, samoyed, keeshond, shiba_inu",True,True
japanese_chin_96,japanese_chin,japanese_chin,0.9782794,"japanese_chin, saint_bernard, pomeranian, english_cocker_spaniel, beagle",True,True
Egyptian_Mau_11,Egyptian_Mau,British_Shorthair,0.28341937,"British_Shorthair, Russian_Blue, Egyptian_Mau, Abyssinian, Sphynx",False,True
Persian_12,Persian,Persian,0.81752837,"Persian, Ragdoll, pomeranian, Maine_Coon, japanese_chin",True,True
staffordshire_bull_terrier_200,staffordshire_bull_terrier,staffordshire_bull_terrier,0.88811624,"staffordshire_bull_terrier, boxer, american_pit_bull_terrier, basset_hound, miniature_pinscher",True,True
shiba_inu_195,shiba_inu,shiba_inu,0.7507314,"shiba_inu, samoyed, Maine_Coon, chihuahua, Abyssinian",True,True
english_cocker_spaniel_140,english_cocker_spaniel,english_cocker_spaniel,0.9755663,"english_cocker_spaniel, english_setter, basset_hound, great_pyrenees, beagle",True,True
scottish_terrier_184,scottish_terrier,scottish_terrier,0.90835524,"scottish_terrier, yorkshire_terrier, havanese, keeshond, wheaten_terrier",True,True
basset_hound_10,basset_hound,basset_hound,0.9719607,"basset_hound, beagle, saint_bernard, boxer, german_shorthaired",True,True
Abyssinian_124,Abyssinian,Abyssinian,0.9996873,"Abyssinian, Maine_Coon, Russian_Blue, Bengal, Ragdoll",True,True
Ragdoll_132,Ragdoll,Ragdoll,0.999406,"Ragdoll, Maine_Coon, Abyssinian, Persian, Birman",True,True
japanese_chin_77,japanese_chin,japanese_chin,0.9572522,"japanese_chin, english_cocker_spaniel, yorkshire_terrier, havanese, pomeranian",True,True
Siamese_90,Siamese,Siamese,0.73535514,"Siamese, Birman, Ragdoll, Russian_Blue, British_Shorthair",True,True
saint_bernard_25,saint_bernard,japanese_chin,0.3152342,"japanese_chin, saint_bernard, shiba_inu, beagle, american_bulldog",False,True
great_pyrenees_67,great_pyrenees,great_pyrenees,0.9964187,"great_pyrenees, samoyed, english_setter, wheaten_terrier, leonberger",True,True
english_cocker_spaniel_149,english_cocker_spaniel,english_cocker_spaniel,0.9789226,"english_cocker_spaniel, english_setter, basset_hound, wheaten_terrier, yorkshire_terrier",True,True
saint_bernard_107,saint_bernard,chihuahua,0.45209348,"chihuahua, english_setter, beagle, pug, american_pit_bull_terrier",False,False
Bombay_34,Bombay,Bombay,0.8737458,"Bombay, Russian_Blue, British_Shorthair, staffordshire_bull_terrier, newfoundland",True,True
shiba_inu_116,shiba_inu,shiba_inu,0.94618005,"shiba_inu, chihuahua, samoyed, beagle, american_pit_bull_terrier",True,True
english_cocker_spaniel_106,english_cocker_spaniel,english_cocker_spaniel,0.91775143,"english_cocker_spaniel, german_shorthaired, scottish_terrier, basset_hound, yorkshire_terrier",True,True
english_setter_154,english_setter,english_setter,0.6452117,"english_setter, great_pyrenees, havanese, newfoundland, english_cocker_spaniel",True,True
chihuahua_155,chihuahua,chihuahua,0.9695923,"chihuahua, miniature_pinscher, american_pit_bull_terrier, pomeranian, Bengal",True,True
beagle_172,beagle,beagle,0.9778503,"beagle, basset_hound, english_cocker_spaniel, staffordshire_bull_terrier, miniature_pinscher",True,True
Ragdoll_105,Ragdoll,Ragdoll,0.99444395,"Ragdoll, Birman, Persian, samoyed, Maine_Coon",True,True
american_pit_bull_terrier_71,american_pit_bull_terrier,american_pit_bull_terrier,0.6032059,"american_pit_bull_terrier, staffordshire_bull_terrier, boxer, basset_hound, beagle",True,True
Persian_165,Persian,Persian,0.999466,"Persian, Maine_Coon, British_Shorthair, yorkshire_terrier, Ragdoll",True,True
Russian_Blue_48,Russian_Blue,Russian_Blue,0.9948197,"Russian_Blue, British_Shorthair, Siamese, staffordshire_bull_terrier, Sphynx",True,True
staffordshire_bull_terrier_16,staffordshire_bull_terrier,staffordshire_bull_terrier,0.65300447,"staffordshire_bull_terrier, american_pit_bull_terrier, american_bulldog, boxer, chihuahua",True,True
Sphynx_105,Sphynx,Sphynx,0.9969001,"Sphynx, miniature_pinscher, american_pit_bull_terrier, american_bulldog, Abyssinian",True,True
havanese_123,havanese,havanese,0.9985688,"havanese, yorkshire_terrier, wheaten_terrier, japanese_chin, scottish_terrier",True,True
Ragdoll_94,Ragdoll,Ragdoll,0.9454035,"Ragdoll, Birman, Siamese, Persian, samoyed",True,True
yorkshire_terrier_29,yorkshire_terrier,yorkshire_terrier,0.8939568,"yorkshire_terrier, scottish_terrier, havanese, japanese_chin, Sphynx",True,True
english_cocker_spaniel_110,english_cocker_spaniel,english_setter,0.7609046,"english_setter, saint_bernard, american_bulldog, english_cocker_spaniel, japanese_chin",False,True
havanese_128,havanese,scottish_terrier,0.95443463,"scottish_terrier, havanese, yorkshire_terrier, english_cocker_spaniel, wheaten_terrier",False,True
basset_hound_167,basset_hound,basset_hound,0.9990916,"basset_hound, beagle, english_cocker_spaniel, american_pit_bull_terrier, german_shorthaired",True,True
Russian_Blue_90,Russian_Blue,Russian_Blue,0.97770303,"Russian_Blue, British_Shorthair, Egyptian_Mau, Abyssinian, Siamese",True,True
english_cocker_spaniel_65,english_cocker_spaniel,english_cocker_spaniel,0.31184942,"english_cocker_spaniel, beagle, basset_hound, english_setter, american_bulldog",True,True
basset_hound_55,basset_hound,basset_hound,0.9992778,"basset_hound, beagle, english_cocker_spaniel, saint_bernard, american_pit_bull_terrier",True,True
keeshond_46,keeshond,keeshond,0.9715849,"keeshond, leonberger, pomeranian, great_pyrenees, samoyed",True,True
samoyed_90,samoyed,samoyed,0.9780392,"samoyed, keeshond, great_pyrenees, pomeranian, shiba_inu",True,True
boxer_4,boxer,boxer,0.36530632,"boxer, staffordshire_bull_terrier, american_pit_bull_terrier, american_bulldog, german_shorthaired",True,True
newfoundland_150,newfoundland,newfoundland,0.99358326,"newfoundland, english_cocker_spaniel, leonberger, scottish_terrier, german_shorthaired",True,True
Ragdoll_80,Ragdoll,Ragdoll,0.9123426,"Ragdoll, Maine_Coon, Persian, Abyssinian, Birman",True,True
Bombay_58,Bombay,Bombay,0.874548,"Bombay, boxer, miniature_pinscher, British_Shorthair, Abyssinian",True,True
Persian_43,Persian,Persian,0.99663264,"Persian, Maine_Coon, yorkshire_terrier, British_Shorthair, japanese_chin",True,True
american_pit_bull_terrier_12,american_pit_bull_terrier,american_pit_bull_terrier,0.5969111,"american_pit_bull_terrier, beagle, staffordshire_bull_terrier, miniature_pinscher, german_shorthaired",True,True
Bombay_129,Bombay,Bombay,0.99978155,"Bombay, Siamese, chihuahua, scottish_terrier, newfoundland",True,True
Ragdoll_88,Ragdoll,Ragdoll,0.9997899,"Ragdoll, Birman, Maine_Coon, Persian, samoyed",True,True
basset_hound_91,basset_hound,basset_hound,0.9143885,"basset_hound, boxer, beagle, miniature_pinscher, german_shorthaired",True,True
Persian_66,Persian,Persian,0.99504685,"Persian, yorkshire_terrier, Maine_Coon, wheaten_terrier, pomeranian",True,True
american_pit_bull_terrier_148,american_pit_bull_terrier,american_pit_bull_terrier,0.3193288,"american_pit_bull_terrier, miniature_pinscher, chihuahua, american_bulldog, beagle",True,True
Birman_115,Birman,Birman,0.97799575,"Birman, Siamese, Ragdoll, japanese_chin, Persian",True,True
Maine_Coon_214,Maine_Coon,Maine_Coon,0.9389465,"Maine_Coon, Persian, Ragdoll, Bengal, wheaten_terrier",True,True
wheaten_terrier_122,wheaten_terrier,wheaten_terrier,0.99909425,"wheaten_terrier, havanese, scottish_terrier, yorkshire_terrier, english_cocker_spaniel",True,True
american_bulldog_90,american_bulldog,american_pit_bull_terrier,0.5345115,"american_pit_bull_terrier, american_bulldog, staffordshire_bull_terrier, beagle, pug",False,True
Sphynx_41,Sphynx,Sphynx,0.99810326,"Sphynx, Abyssinian, Bengal, chihuahua, miniature_pinscher",True,True
newfoundland_36,newfoundland,newfoundland,0.99067783,"newfoundland, leonberger, staffordshire_bull_terrier, scottish_terrier, keeshond",True,True
english_cocker_spaniel_41,english_cocker_spaniel,english_setter,0.5823249,"english_setter, english_cocker_spaniel, basset_hound, german_shorthaired, beagle",False,True
British_Shorthair_169,British_Shorthair,British_Shorthair,0.8783187,"British_Shorthair, Russian_Blue, Bombay, Persian, newfoundland",True,True
Birman_79,Birman,Birman,0.49769074,"Birman, Ragdoll, Siamese, Persian, Maine_Coon",True,True
wheaten_terrier_30,wheaten_terrier,wheaten_terrier,0.91220856,"wheaten_terrier, scottish_terrier, havanese, yorkshire_terrier, great_pyrenees",True,True
samoyed_93,samoyed,samoyed,0.99660385,"samoyed, pomeranian, great_pyrenees, keeshond, shiba_inu",True,True
boxer_168,boxer,boxer,0.99547285,"boxer, staffordshire_bull_terrier, american_bulldog, saint_bernard, american_pit_bull_terrier",True,True
Sphynx_201,Sphynx,Sphynx,0.9930137,"Sphynx, Siamese, Russian_Blue, miniature_pinscher, Abyssinian",True,True
american_pit_bull_terrier_170,american_pit_bull_terrier,american_pit_bull_terrier,0.7653948,"american_pit_bull_terrier, american_bulldog, staffordshire_bull_terrier, chihuahua, beagle",True,True
Bombay_126,Bombay,Bombay,0.8734062,"Bombay, staffordshire_bull_terrier, miniature_pinscher, Abyssinian, Siamese",True,True
Sphynx_11,Sphynx,Sphynx,0.91400576,"Sphynx, Bengal, Egyptian_Mau, chihuahua, Ragdoll",True,True
american_bulldog_122,american_bulldog,american_bulldog,0.872335,"american_bulldog, american_pit_bull_terrier, english_setter, staffordshire_bull_terrier, beagle",True,True
saint_bernard_162,saint_bernard,saint_bernard,0.8201098,"saint_bernard, basset_hound, beagle, american_bulldog, staffordshire_bull_terrier",True,True
Russian_Blue_115,Russian_Blue,Russian_Blue,0.5515305,"Russian_Blue, British_Shorthair, Abyssinian, Siamese, Egyptian_Mau",True,True
Bombay_115,Bombay,Bombay,0.9924204,"Bombay, Siamese, British_Shorthair, newfoundland, Maine_Coon",True,True
american_bulldog_74,american_bulldog,american_bulldog,0.9547668,"american_bulldog, boxer, staffordshire_bull_terrier, pug, chihuahua",True,True
great_pyrenees_13,great_pyrenees,great_pyrenees,0.9462107,"great_pyrenees, american_pit_bull_terrier, english_setter, wheaten_terrier, leonberger",True,True
keeshond_151,keeshond,keeshond,0.99990463,"keeshond, pomeranian, samoyed, great_pyrenees, leonberger",True,True
Russian_Blue_16,Russian_Blue,British_Shorthair,0.5762122,"British_Shorthair, Russian_Blue, Bombay, keeshond, newfoundland",False,True
Abyssinian_205,Abyssinian,Bengal,0.81357086,"Bengal, Egyptian_Mau, Abyssinian, yorkshire_terrier, miniature_pinscher",False,True
japanese_chin_42,japanese_chin,japanese_chin,0.9984112,"japanese_chin, havanese, saint_bernard, pug, american_bulldog",True,True
american_bulldog_175,american_bulldog,staffordshire_bull_terrier,0.48949164,"staffordshire_bull_terrier, american_pit_bull_terrier, american_bulldog, boxer, saint_bernard",False,True
chihuahua_67,chihuahua,chihuahua,0.98369795,"chihuahua, Sphynx, miniature_pinscher, Abyssinian, Siamese",True,True
Sphynx_233,Sphynx,Sphynx,0.9904732,"Sphynx, miniature_pinscher, chihuahua, Abyssinian, Egyptian_Mau",True,True
Birman_141,Birman,Birman,0.8929492,"Birman, Siamese, Ragdoll, scottish_terrier, keeshond",True,True
Bombay_194,Bombay,Bombay,0.98956084,"Bombay, British_Shorthair, Abyssinian, Siamese, Russian_Blue",True,True
scottish_terrier_9,scottish_terrier,scottish_terrier,0.9990528,"scottish_terrier, Sphynx, miniature_pinscher, Bombay, keeshond",True,True
basset_hound_155,basset_hound,basset_hound,0.99990654,"basset_hound, beagle, english_cocker_spaniel, saint_bernard, german_shorthaired",True,True
beagle_203,beagle,basset_hound,0.5400909,"basset_hound, beagle, saint_bernard, shiba_inu, staffordshire_bull_terrier",False,True
Abyssinian_21,Abyssinian,Persian,0.600813,"Persian, Sphynx, american_bulldog, pug, British_Shorthair",False,False
scottish_terrier_86,scottish_terrier,scottish_terrier,0.99732506,"scottish_terrier, yorkshire_terrier, wheaten_terrier, chihuahua, shiba_inu",True,True
shiba_inu_140,shiba_inu,shiba_inu,0.99956733,"shiba_inu, chihuahua, pomeranian, american_pit_bull_terrier, staffordshire_bull_terrier",True,True
miniature_pinscher_20,miniature_pinscher,miniature_pinscher,0.99845815,"miniature_pinscher, chihuahua, staffordshire_bull_terrier, Sphynx, boxer",True,True
staffordshire_bull_terrier_158,staffordshire_bull_terrier,staffordshire_bull_terrier,0.9399621,"staffordshire_bull_terrier, american_pit_bull_terrier, chihuahua, beagle, Siamese",True,True
american_pit_bull_terrier_176,american_pit_bull_terrier,staffordshire_bull_terrier,0.7099928,"staffordshire_bull_terrier, american_pit_bull_terrier, chihuahua, miniature_pinscher, english_setter",False,True
wheaten_terrier_61,wheaten_terrier,wheaten_terrier,0.62774813,"wheaten_terrier, havanese, scottish_terrier, yorkshire_terrier, great_pyrenees",True,True
american_pit_bull_terrier_163,american_pit_bull_terrier,staffordshire_bull_terrier,0.7171683,"staffordshire_bull_terrier, american_pit_bull_terrier, boxer, american_bulldog, pug",False,True
scottish_terrier_23,scottish_terrier,wheaten_terrier,0.9005923,"wheaten_terrier, scottish_terrier, havanese, great_pyrenees, english_cocker_spaniel",False,True
Persian_187,Persian,Ragdoll,0.48151645,"Ragdoll, Persian, Birman, samoyed, japanese_chin",False,True
american_pit_bull_terrier_125,american_pit_bull_terrier,american_pit_bull_terrier,0.44455042,"american_pit_bull_terrier, staffordshire_bull_terrier, boxer, beagle, miniature_pinscher",True,True
basset_hound_153,basset_hound,basset_hound,0.99988747,"basset_hound, english_cocker_spaniel, saint_bernard, beagle, american_pit_bull_terrier",True,True
pomeranian_42,pomeranian,pomeranian,0.9364189,"pomeranian, chihuahua, shiba_inu, samoyed, japanese_chin",True,True
german_shorthaired_194,german_shorthaired,german_shorthaired,0.995837,"german_shorthaired, basset_hound, boxer, newfoundland, staffordshire_bull_terrier",True,True
chihuahua_19,chihuahua,chihuahua,0.9973436,"chihuahua, Sphynx, american_bulldog, miniature_pinscher, Ragdoll",True,True
pomeranian_67,pomeranian,pomeranian,0.99978226,"pomeranian, japanese_chin, keeshond, chihuahua, shiba_inu",True,True
Bengal_43,Bengal,Bengal,0.9992175,"Bengal, Egyptian_Mau, Abyssinian, Maine_Coon, Ragdoll",True,True
scottish_terrier_56,scottish_terrier,scottish_terrier,0.9996834,"scottish_terrier, yorkshire_terrier, english_cocker_spaniel, staffordshire_bull_terrier, havanese",True,True
Bengal_49,Bengal,Bengal,0.41131946,"Bengal, german_shorthaired, Egyptian_Mau, Maine_Coon, staffordshire_bull_terrier",True,True
samoyed_150,samoyed,great_pyrenees,0.57884866,"great_pyrenees, samoyed, havanese, english_cocker_spaniel, japanese_chin",False,True
american_bulldog_146,american_bulldog,american_bulldog,0.92112136,"american_bulldog, american_pit_bull_terrier, boxer, staffordshire_bull_terrier, pug",True,True
american_bulldog_211,american_bulldog,american_bulldog,0.9870653,"american_bulldog, american_pit_bull_terrier, Sphynx, staffordshire_bull_terrier, chihuahua",True,True
yorkshire_terrier_60,yorkshire_terrier,yorkshire_terrier,0.99662966,"yorkshire_terrier, havanese, scottish_terrier, Bengal, wheaten_terrier",True,True
beagle_180,beagle,english_setter,0.14328389,"english_setter, beagle, boxer, american_bulldog, saint_bernard",False,True
Maine_Coon_132,Maine_Coon,Maine_Coon,0.9988199,"Maine_Coon, Bengal, Persian, Abyssinian, Egyptian_Mau",True,True
keeshond_196,keeshond,keeshond,0.9920517,"keeshond, japanese_chin, havanese, Persian, yorkshire_terrier",True,True
keeshond_190,keeshond,keeshond,0.9971078,"keeshond, pomeranian, samoyed, scottish_terrier, newfoundland",True,True
samoyed_7,samoyed,samoyed,0.99638915,"samoyed, great_pyrenees, keeshond, shiba_inu, pomeranian",True,True
chihuahua_136,chihuahua,chihuahua,0.99999475,"chihuahua, miniature_pinscher, pug, american_pit_bull_terrier, pomeranian",True,True
shiba_inu_6,shiba_inu,shiba_inu,0.98338276,"shiba_inu, chihuahua, samoyed, Siamese, american_pit_bull_terrier",True,True
miniature_pinscher_161,miniature_pinscher,miniature_pinscher,0.9994966,"miniature_pinscher, chihuahua, yorkshire_terrier, beagle, Bengal",True,True
american_pit_bull_terrier_158,american_pit_bull_terrier,miniature_pinscher,0.6875084,"miniature_pinscher, american_pit_bull_terrier, staffordshire_bull_terrier, beagle, chihuahua",False,True
american_bulldog_43,american_bulldog,american_bulldog,0.93728566,"american_bulldog, american_pit_bull_terrier, staffordshire_bull_terrier, boxer, beagle",True,True
shiba_inu_65,shiba_inu,boxer,0.6800857,"boxer, leonberger, shiba_inu, miniature_pinscher, basset_hound",False,True
wheaten_terrier_136,wheaten_terrier,wheaten_terrier,0.99887544,"wheaten_terrier, havanese, scottish_terrier, pug, english_setter",True,True
Maine_Coon_95,Maine_Coon,Maine_Coon,0.9261798,"Maine_Coon, Ragdoll, Abyssinian, Bengal, Persian",True,True
yorkshire_terrier_81,yorkshire_terrier,yorkshire_terrier,0.9998362,"yorkshire_terrier, havanese, english_cocker_spaniel, wheaten_terrier, scottish_terrier",True,True
Bombay_217,Bombay,Bombay,0.9979475,"Bombay, Siamese, Abyssinian, Maine_Coon, British_Shorthair",True,True
Bengal_131,Bengal,Abyssinian,0.532753,"Abyssinian, Bengal, chihuahua, miniature_pinscher, shiba_inu",False,True
havanese_199,havanese,scottish_terrier,0.5963498,"scottish_terrier, english_cocker_spaniel, newfoundland, havanese, keeshond",False,True
Sphynx_134,Sphynx,Sphynx,0.99957365,"Sphynx, Abyssinian, chihuahua, Russian_Blue, american_bulldog",True,True
British_Shorthair_42,British_Shorthair,British_Shorthair,0.96667963,"British_Shorthair, Russian_Blue, Persian, Abyssinian, Ragdoll",True,True
scottish_terrier_1,scottish_terrier,scottish_terrier,0.9996013,"scottish_terrier, yorkshire_terrier, Russian_Blue, Bombay, newfoundland",True,True
basset_hound_65,basset_hound,basset_hound,0.8264388,"basset_hound, german_shorthaired, american_pit_bull_terrier, staffordshire_bull_terrier, beagle",True,True
Siamese_193,Siamese,Siamese,0.9481677,"Siamese, Ragdoll, Birman, chihuahua, shiba_inu",True,True
english_setter_113,english_setter,english_setter,0.99798524,"english_setter, english_cocker_spaniel, german_shorthaired, yorkshire_terrier, beagle",True,True
american_bulldog_20,american_bulldog,american_bulldog,0.97476405,"american_bulldog, american_pit_bull_terrier, pug, boxer, staffordshire_bull_terrier",True,True
wheaten_terrier_2,wheaten_terrier,wheaten_terrier,0.9815964,"wheaten_terrier, havanese, leonberger, scottish_terrier, great_pyrenees",True,True
Bengal_31,Bengal,Bengal,0.9871601,"Bengal, Egyptian_Mau, Abyssinian, Maine_Coon, Sphynx",True,True
keeshond_146,keeshond,keeshond,0.8416732,"keeshond, leonberger, pomeranian, Maine_Coon, great_pyrenees",True,True
Maine_Coon_211,Maine_Coon,Maine_Coon,0.5391746,"Maine_Coon, Persian, yorkshire_terrier, Bengal, japanese_chin",True,True
pomeranian_83,pomeranian,pomeranian,0.9341945,"pomeranian, Maine_Coon, Persian, samoyed, shiba_inu",True,True
staffordshire_bull_terrier_35,staffordshire_bull_terrier,staffordshire_bull_terrier,0.9953928,"staffordshire_bull_terrier, american_pit_bull_terrier, newfoundland, german_shorthaired, scottish_terrier",True,True
english_setter_166,english_setter,english_setter,0.9686905,"english_setter, leonberger, wheaten_terrier, german_shorthaired, great_pyrenees",True,True
yorkshire_terrier_180,yorkshire_terrier,yorkshire_terrier,0.9999571,"yorkshire_terrier, english_cocker_spaniel, havanese, miniature_pinscher, scottish_terrier",True,True
samoyed_27,samoyed,samoyed,0.994046,"samoyed, great_pyrenees, Ragdoll, shiba_inu, keeshond",True,True
english_cocker_spaniel_126,english_cocker_spaniel,english_cocker_spaniel,0.92167103,"english_cocker_spaniel, english_setter, german_shorthaired, beagle, yorkshire_terrier",True,True
english_setter_167,english_setter,english_setter,0.99907196,"english_setter, english_cocker_spaniel, great_pyrenees, basset_hound, leonberger",True,True
newfoundland_50,newfoundland,staffordshire_bull_terrier,0.5942793,"staffordshire_bull_terrier, newfoundland, german_shorthaired, Bombay, boxer",False,True
Ragdoll_118,Ragdoll,Maine_Coon,0.73439324,"Maine_Coon, Ragdoll, Persian, Abyssinian, Bengal",False,True
Siamese_17,Siamese,Siamese,0.98534554,"Siamese, Birman, Ragdoll, pug, chihuahua",True,True
keeshond_198,keeshond,keeshond,0.978784,"keeshond, leonberger, Birman, japanese_chin, yorkshire_terrier",True,True
Siamese_133,Siamese,Siamese,0.6761722,"Siamese, Abyssinian, Bombay, British_Shorthair, Russian_Blue",True,True
samoyed_134,samoyed,shiba_inu,0.44534862,"shiba_inu, samoyed, great_pyrenees, chihuahua, pomeranian",False,True
miniature_pinscher_28,miniature_pinscher,miniature_pinscher,0.93307817,"miniature_pinscher, chihuahua, Sphynx, staffordshire_bull_terrier, boxer",True,True
newfoundland_110,newfoundland,newfoundland,0.99725646,"newfoundland, leonberger, pomeranian, Russian_Blue, staffordshire_bull_terrier",True,True
Bombay_2,Bombay,Bombay,0.9177367,"Bombay, Maine_Coon, British_Shorthair, Abyssinian, Persian",True,True
american_pit_bull_terrier_116,american_pit_bull_terrier,american_pit_bull_terrier,0.5796164,"american_pit_bull_terrier, boxer, staffordshire_bull_terrier, miniature_pinscher, german_shorthaired",True,True
beagle_194,beagle,beagle,0.9657132,"beagle, basset_hound, german_shorthaired, boxer, miniature_pinscher",True,True
german_shorthaired_145,german_shorthaired,german_shorthaired,0.5321214,"german_shorthaired, english_setter, american_pit_bull_terrier, english_cocker_spaniel, staffordshire_bull_terrier",True,True
yorkshire_terrier_119,yorkshire_terrier,yorkshire_terrier,0.99981433,"yorkshire_terrier, havanese, wheaten_terrier, scottish_terrier, english_cocker_spaniel",True,True
yorkshire_terrier_106,yorkshire_terrier,havanese,0.7732498,"havanese, yorkshire_terrier, japanese_chin, scottish_terrier, Persian",False,True
american_bulldog_34,american_bulldog,american_bulldog,0.981413,"american_bulldog, american_pit_bull_terrier, beagle, staffordshire_bull_terrier, chihuahua",True,True
american_pit_bull_terrier_99,american_pit_bull_terrier,american_pit_bull_terrier,0.2583015,"american_pit_bull_terrier, staffordshire_bull_terrier, miniature_pinscher, german_shorthaired, beagle",True,True
scottish_terrier_178,scottish_terrier,scottish_terrier,0.932551,"scottish_terrier, english_cocker_spaniel, wheaten_terrier, keeshond, yorkshire_terrier",True,True
american_pit_bull_terrier_101,american_pit_bull_terrier,basset_hound,0.6091925,"basset_hound, american_pit_bull_terrier, staffordshire_bull_terrier, boxer, beagle",False,True
Maine_Coon_28,Maine_Coon,Maine_Coon,0.98695743,"Maine_Coon, Egyptian_Mau, Bengal, Persian, Ragdoll",True,True
staffordshire_bull_terrier_143,staffordshire_bull_terrier,staffordshire_bull_terrier,0.4790478,"staffordshire_bull_terrier, american_bulldog, beagle, american_pit_bull_terrier, boxer",True,True
staffordshire_bull_terrier_120,staffordshire_bull_terrier,staffordshire_bull_terrier,0.6142135,"staffordshire_bull_terrier, american_pit_bull_terrier, german_shorthaired, basset_hound, american_bulldog",True,True
scottish_terrier_96,scottish_terrier,scottish_terrier,0.98803014,"scottish_terrier, yorkshire_terrier, wheaten_terrier, havanese, chihuahua",True,True
staffordshire_bull_terrier_176,staffordshire_bull_terrier,staffordshire_bull_terrier,0.8967664,"staffordshire_bull_terrier, scottish_terrier, boxer, american_pit_bull_terrier, havanese",True,True
Abyssinian_117,Abyssinian,Abyssinian,0.99902296,"Abyssinian, Russian_Blue, Siamese, shiba_inu, British_Shorthair",True,True
chihuahua_75,chihuahua,chihuahua,0.8664469,"chihuahua, Sphynx, miniature_pinscher, american_pit_bull_terrier, staffordshire_bull_terrier",True,True
pomeranian_167,pomeranian,pomeranian,0.9928093,"pomeranian, chihuahua, keeshond, miniature_pinscher, samoyed",True,True
Bombay_157,Bombay,Bombay,0.91946244,"Bombay, British_Shorthair, Russian_Blue, Siamese, Abyssinian",True,True
american_bulldog_93,american_bulldog,american_bulldog,0.9072046,"american_bulldog, beagle, american_pit_bull_terrier, english_setter, staffordshire_bull_terrier",True,True
newfoundland_166,newfoundland,newfoundland,0.9849738,"newfoundland, leonberger, keeshond, pomeranian, yorkshire_terrier",True,True
havanese_89,havanese,havanese,0.99932003,"havanese, yorkshire_terrier, japanese_chin, english_cocker_spaniel, great_pyrenees",True,True
Maine_Coon_3,Maine_Coon,Maine_Coon,0.83589053,"Maine_Coon, Bengal, Abyssinian, Egyptian_Mau, Ragdoll",True,True
german_shorthaired_107,german_shorthaired,german_shorthaired,0.99991345,"german_shorthaired, american_pit_bull_terrier, newfoundland, english_cocker_spaniel, basset_hound",True,True
american_pit_bull_terrier_8,american_pit_bull_terrier,american_pit_bull_terrier,0.5239467,"american_pit_bull_terrier, american_bulldog, chihuahua, beagle, Sphynx",True,True
Bombay_121,Bombay,Bombay,0.9980123,"Bombay, British_Shorthair, scottish_terrier, Maine_Coon, newfoundland",True,True
Bombay_130,Bombay,Bombay,0.99970716,"Bombay, Siamese, staffordshire_bull_terrier, chihuahua, scottish_terrier",True,True
miniature_pinscher_108,miniature_pinscher,miniature_pinscher,0.99844676,"miniature_pinscher, chihuahua, Sphynx, staffordshire_bull_terrier, beagle",True,True
Bengal_105,Bengal,boxer,0.65891844,"boxer, german_shorthaired, staffordshire_bull_terrier, english_cocker_spaniel, american_bulldog",False,False
pomeranian_35,pomeranian,Persian,0.5419616,"Persian, samoyed, Ragdoll, pomeranian, great_pyrenees",False,True
havanese_148,havanese,havanese,0.93809146,"havanese, yorkshire_terrier, english_cocker_spaniel, english_setter, wheaten_terrier",True,True
japanese_chin_138,japanese_chin,japanese_chin,0.83960736,"japanese_chin, Ragdoll, chihuahua, pomeranian, Bengal",True,True
samoyed_71,samoyed,samoyed,0.90896606,"samoyed, shiba_inu, great_pyrenees, american_bulldog, Ragdoll",True,True
english_setter_25,english_setter,english_setter,0.99823797,"english_setter, english_cocker_spaniel, great_pyrenees, havanese, german_shorthaired",True,True
japanese_chin_124,japanese_chin,japanese_chin,0.99247956,"japanese_chin, saint_bernard, pomeranian, english_cocker_spaniel, english_setter",True,True
Abyssinian_148,Abyssinian,Abyssinian,0.9995346,"Abyssinian, Bengal, miniature_pinscher, Russian_Blue, Siamese",True,True
miniature_pinscher_174,miniature_pinscher,miniature_pinscher,0.96789205,"miniature_pinscher, american_pit_bull_terrier, beagle, basset_hound, staffordshire_bull_terrier",True,True
Egyptian_Mau_182,Egyptian_Mau,Egyptian_Mau,0.90030575,"Egyptian_Mau, Maine_Coon, Bengal, english_setter, British_Shorthair",True,True
wheaten_terrier_77,wheaten_terrier,Egyptian_Mau,0.49157566,"Egyptian_Mau, wheaten_terrier, Russian_Blue, British_Shorthair, great_pyrenees",False,True
newfoundland_60,newfoundland,newfoundland,0.95991534,"newfoundland, leonberger, english_cocker_spaniel, german_shorthaired, great_pyrenees",True,True
pomeranian_187,pomeranian,pomeranian,0.9982192,"pomeranian, chihuahua, japanese_chin, Ragdoll, shiba_inu",True,True
havanese_183,havanese,havanese,0.997218,"havanese, yorkshire_terrier, wheaten_terrier, japanese_chin, scottish_terrier",True,True
British_Shorthair_161,British_Shorthair,British_Shorthair,0.9914253,"British_Shorthair, Persian, Maine_Coon, Abyssinian, Ragdoll",True,True
Sphynx_232,Sphynx,Sphynx,0.9583877,"Sphynx, Bengal, Abyssinian, Egyptian_Mau, chihuahua",True,True
beagle_186,beagle,beagle,0.975137,"beagle, basset_hound, saint_bernard, shiba_inu, chihuahua",True,True
Bengal_10,Bengal,Bengal,0.9953762,"Bengal, english_setter, Egyptian_Mau, Maine_Coon, Abyssinian",True,True
Siamese_30,Siamese,Siamese,0.9992041,"Siamese, Birman, pug, chihuahua, Ragdoll",True,True
wheaten_terrier_103,wheaten_terrier,havanese,0.92915124,"havanese, wheaten_terrier, yorkshire_terrier, scottish_terrier, Persian",False,True
Ragdoll_180,Ragdoll,Ragdoll,0.99853516,"Ragdoll, Maine_Coon, Persian, Abyssinian, Birman",True,True
Bengal_54,Bengal,Bengal,0.9354325,"Bengal, Egyptian_Mau, Maine_Coon, Abyssinian, Ragdoll",True,True
scottish_terrier_84,scottish_terrier,scottish_terrier,0.9058872,"scottish_terrier, yorkshire_terrier, havanese, wheaten_terrier, keeshond",True,True
British_Shorthair_31,British_Shorthair,British_Shorthair,0.71964526,"British_Shorthair, Russian_Blue, Ragdoll, Persian, Abyssinian",True,True
english_setter_184,english_setter,english_setter,0.99035627,"english_setter, english_cocker_spaniel, american_pit_bull_terrier, basset_hound, german_shorthaired",True,True
japanese_chin_39,japanese_chin,japanese_chin,0.9878051,"japanese_chin, saint_bernard, Birman, havanese, Ragdoll",True,True
Siamese_181,Siamese,Siamese,0.97224706,"Siamese, Birman, Ragdoll, Russian_Blue, Abyssinian",True,True
german_shorthaired_159,german_shorthaired,german_shorthaired,0.9388834,"german_shorthaired, basset_hound, english_setter, american_pit_bull_terrier, american_bulldog",True,True
Bombay_150,Bombay,Bombay,0.99988496,"Bombay, Siamese, British_Shorthair, chihuahua, Abyssinian",True,True
miniature_pinscher_117,miniature_pinscher,miniature_pinscher,0.99850607,"miniature_pinscher, chihuahua, yorkshire_terrier, american_pit_bull_terrier, Bombay",True,True
Egyptian_Mau_48,Egyptian_Mau,Egyptian_Mau,0.98733634,"Egyptian_Mau, Bengal, Maine_Coon, english_setter, Abyssinian",True,True
Birman_36,Birman,Birman,0.7798684,"Birman, Ragdoll, Siamese, japanese_chin, shiba_inu",True,True
Ragdoll_133,Ragdoll,Ragdoll,0.9998392,"Ragdoll, Maine_Coon, Persian, Birman, samoyed",True,True
american_pit_bull_terrier_48,american_pit_bull_terrier,american_pit_bull_terrier,0.3862533,"american_pit_bull_terrier, staffordshire_bull_terrier, american_bulldog, german_shorthaired, boxer",True,True
chihuahua_57,chihuahua,chihuahua,0.95934755,"chihuahua, miniature_pinscher, Sphynx, american_pit_bull_terrier, beagle",True,True
basset_hound_69,basset_hound,basset_hound,0.9850412,"basset_hound, beagle, english_cocker_spaniel, german_shorthaired, staffordshire_bull_terrier",True,True
great_pyrenees_179,great_pyrenees,great_pyrenees,0.98091745,"great_pyrenees, samoyed, havanese, wheaten_terrier, japanese_chin",True,True
samoyed_152,samoyed,samoyed,0.99345666,"samoyed, great_pyrenees, shiba_inu, pomeranian, Persian",True,True
Bengal_113,Bengal,Bengal,0.791877,"Bengal, Egyptian_Mau, Maine_Coon, Sphynx, Abyssinian",True,True
newfoundland_119,newfoundland,saint_bernard,0.30770972,"saint_bernard, newfoundland, english_cocker_spaniel, japanese_chin, staffordshire_bull_terrier",False,True
Maine_Coon_38,Maine_Coon,Maine_Coon,0.9868264,"Maine_Coon, Egyptian_Mau, Persian, Bengal, Abyssinian",True,True
shiba_inu_124,shiba_inu,shiba_inu,0.95437133,"shiba_inu, staffordshire_bull_terrier, miniature_pinscher, pomeranian, basset_hound",True,True
pug_189,pug,american_pit_bull_terrier,0.46617654,"american_pit_bull_terrier, staffordshire_bull_terrier, german_shorthaired, miniature_pinscher, boxer",False,False
Abyssinian_165,Abyssinian,Abyssinian,0.99565303,"Abyssinian, Bengal, miniature_pinscher, Siamese, chihuahua",True,True
samoyed_192,samoyed,samoyed,0.9574092,"samoyed, keeshond, great_pyrenees, havanese, scottish_terrier",True,True
newfoundland_10,newfoundland,newfoundland,0.8081959,"newfoundland, leonberger, english_cocker_spaniel, english_setter, japanese_chin",True,True
samoyed_129,samoyed,samoyed,0.92997944,"samoyed, great_pyrenees, shiba_inu, Ragdoll, scottish_terrier",True,True
Egyptian_Mau_139,Egyptian_Mau,Egyptian_Mau,0.9862585,"Egyptian_Mau, Bengal, Maine_Coon, Sphynx, english_setter",True,True
american_pit_bull_terrier_46,american_pit_bull_terrier,staffordshire_bull_terrier,0.93340284,"staffordshire_bull_terrier, american_pit_bull_terrier, beagle, basset_hound, chihuahua",False,True
great_pyrenees_47,great_pyrenees,great_pyrenees,0.77392787,"great_pyrenees, samoyed, english_setter, shiba_inu, american_pit_bull_terrier",True,True
beagle_127,beagle,beagle,0.96222234,"beagle, basset_hound, chihuahua, english_cocker_spaniel, miniature_pinscher",True,True
yorkshire_terrier_49,yorkshire_terrier,yorkshire_terrier,0.9895208,"yorkshire_terrier, havanese, english_cocker_spaniel, wheaten_terrier, scottish_terrier",True,True
japanese_chin_79,japanese_chin,japanese_chin,0.9988971,"japanese_chin, Ragdoll, saint_bernard, Birman, Persian",True,True
Maine_Coon_21,Maine_Coon,Maine_Coon,0.99218,"Maine_Coon, Persian, Ragdoll, Abyssinian, pomeranian",True,True
yorkshire_terrier_160,yorkshire_terrier,yorkshire_terrier,0.99986696,"yorkshire_terrier, scottish_terrier, havanese, english_cocker_spaniel, miniature_pinscher",True,True
german_shorthaired_191,german_shorthaired,german_shorthaired,0.9732473,"german_shorthaired, english_cocker_spaniel, Russian_Blue, staffordshire_bull_terrier, beagle",True,True
american_bulldog_91,american_bulldog,american_pit_bull_terrier,0.41341546,"american_pit_bull_terrier, staffordshire_bull_terrier, shiba_inu, basset_hound, beagle",False,False
Abyssinian_153,Abyssinian,miniature_pinscher,0.5580074,"miniature_pinscher, Abyssinian, boxer, shiba_inu, staffordshire_bull_terrier",False,True
great_pyrenees_118,great_pyrenees,great_pyrenees,0.97893095,"great_pyrenees, havanese, samoyed, wheaten_terrier, american_bulldog",True,True
Sphynx_130,Sphynx,Sphynx,0.41508123,"Sphynx, Abyssinian, Russian_Blue, Siamese, Ragdoll",True,True
Maine_Coon_192,Maine_Coon,Maine_Coon,0.9965043,"Maine_Coon, wheaten_terrier, Persian, leonberger, Bengal",True,True
chihuahua_94,chihuahua,chihuahua,0.9686261,"chihuahua, miniature_pinscher, Bombay, Siamese, Abyssinian",True,True
keeshond_65,keeshond,keeshond,0.9968209,"keeshond, pomeranian, samoyed, Persian, scottish_terrier",True,True
Egyptian_Mau_33,Egyptian_Mau,Egyptian_Mau,0.9988393,"Egyptian_Mau, Bengal, Russian_Blue, Maine_Coon, english_setter",True,True
saint_bernard_177,saint_bernard,saint_bernard,0.6697242,"saint_bernard, basset_hound, beagle, boxer, american_bulldog",True,True
Abyssinian_141,Abyssinian,Abyssinian,0.71262217,"Abyssinian, Maine_Coon, Bengal, Egyptian_Mau, Ragdoll",True,True
scottish_terrier_33,scottish_terrier,scottish_terrier,0.93359345,"scottish_terrier, British_Shorthair, yorkshire_terrier, Bengal, boxer",True,True
Bengal_92,Bengal,Bengal,0.94065565,"Bengal, Abyssinian, Maine_Coon, Egyptian_Mau, Bombay",True,True
japanese_chin_192,japanese_chin,japanese_chin,0.99991107,"japanese_chin, saint_bernard, english_cocker_spaniel, havanese, american_bulldog",True,True
Egyptian_Mau_133,Egyptian_Mau,Egyptian_Mau,0.9909849,"Egyptian_Mau, Bengal, Russian_Blue, British_Shorthair, english_setter",True,True
japanese_chin_85,japanese_chin,japanese_chin,0.9745188,"japanese_chin, havanese, yorkshire_terrier, english_cocker_spaniel, Ragdoll",True,True
great_pyrenees_120,great_pyrenees,great_pyrenees,0.9788012,"great_pyrenees, samoyed, havanese, Ragdoll, wheaten_terrier",True,True
great_pyrenees_6,great_pyrenees,great_pyrenees,0.9813101,"great_pyrenees, english_setter, havanese, leonberger, english_cocker_spaniel",True,True
Sphynx_189,Sphynx,Sphynx,0.9998665,"Sphynx, chihuahua, Abyssinian, american_bulldog, miniature_pinscher",True,True
Bengal_193,Bengal,Bengal,0.68825823,"Bengal, Egyptian_Mau, Maine_Coon, Abyssinian, yorkshire_terrier",True,True
japanese_chin_162,japanese_chin,japanese_chin,0.98045164,"japanese_chin, pomeranian, saint_bernard, Ragdoll, chihuahua",True,True
Russian_Blue_211,Russian_Blue,Russian_Blue,0.90643597,"Russian_Blue, British_Shorthair, Egyptian_Mau, Abyssinian, Siamese",True,True
Bombay_49,Bombay,Bombay,0.99799335,"Bombay, British_Shorthair, newfoundland, miniature_pinscher, Abyssinian",True,True
english_setter_45,english_setter,english_setter,0.9556386,"english_setter, english_cocker_spaniel, american_pit_bull_terrier, great_pyrenees, basset_hound",True,True
german_shorthaired_65,german_shorthaired,german_shorthaired,0.9712937,"german_shorthaired, Bombay, staffordshire_bull_terrier, newfoundland, British_Shorthair",True,True
Russian_Blue_30,Russian_Blue,British_Shorthair,0.5193715,"British_Shorthair, Russian_Blue, Egyptian_Mau, Bombay, Persian",False,True
Persian_152,Persian,Persian,0.9837667,"Persian, Maine_Coon, yorkshire_terrier, pomeranian, British_Shorthair",True,True
pomeranian_144,pomeranian,pomeranian,0.7603161,"pomeranian, chihuahua, Ragdoll, Abyssinian, japanese_chin",True,True
havanese_107,havanese,havanese,0.99402076,"havanese, yorkshire_terrier, wheaten_terrier, scottish_terrier, japanese_chin",True,True
Maine_Coon_105,Maine_Coon,Maine_Coon,0.8850756,"Maine_Coon, Persian, yorkshire_terrier, keeshond, Bombay",True,True
Abyssinian_6,Abyssinian,Abyssinian,0.98972577,"Abyssinian, Bengal, Russian_Blue, Egyptian_Mau, Sphynx",True,True
german_shorthaired_94,german_shorthaired,german_shorthaired,0.99997914,"german_shorthaired, english_setter, beagle, newfoundland, english_cocker_spaniel",True,True
Siamese_39,Siamese,Siamese,0.9974757,"Siamese, Birman, Ragdoll, Bombay, chihuahua",True,True
British_Shorthair_144,British_Shorthair,British_Shorthair,0.93335557,"British_Shorthair, Russian_Blue, Persian, Ragdoll, american_bulldog",True,True
great_pyrenees_88,great_pyrenees,great_pyrenees,0.6763885,"great_pyrenees, samoyed, pomeranian, leonberger, keeshond",True,True
Sphynx_191,Sphynx,Sphynx,0.99741733,"Sphynx, Russian_Blue, Abyssinian, Siamese, chihuahua",True,True
yorkshire_terrier_51,yorkshire_terrier,yorkshire_terrier,0.8013443,"yorkshire_terrier, havanese, japanese_chin, english_cocker_spaniel, chihuahua",True,True
wheaten_terrier_87,wheaten_terrier,wheaten_terrier,0.752814,"wheaten_terrier, english_cocker_spaniel, keeshond, yorkshire_terrier, scottish_terrier",True,True
american_pit_bull_terrier_40,american_pit_bull_terrier,american_bulldog,0.97952944,"american_bulldog, staffordshire_bull_terrier, american_pit_bull_terrier, english_setter, beagle",False,True
Abyssinian_202,Abyssinian,Abyssinian,0.9974833,"Abyssinian, Bengal, chihuahua, Sphynx, shiba_inu",True,True
keeshond_82,keeshond,keeshond,0.99924076,"keeshond, pomeranian, leonberger, havanese, yorkshire_terrier",True,True
shiba_inu_158,shiba_inu,shiba_inu,0.8213142,"shiba_inu, Abyssinian, chihuahua, leonberger, Russian_Blue",True,True
great_pyrenees_150,great_pyrenees,great_pyrenees,0.9790319,"great_pyrenees, english_setter, leonberger, havanese, saint_bernard",True,True
havanese_119,havanese,havanese,0.79299295,"havanese, wheaten_terrier, scottish_terrier, Egyptian_Mau, english_cocker_spaniel",True,True
wheaten_terrier_78,wheaten_terrier,wheaten_terrier,0.7415513,"wheaten_terrier, scottish_terrier, havanese, yorkshire_terrier, english_cocker_spaniel",True,True
boxer_195,boxer,boxer,0.91565055,"boxer, american_bulldog, saint_bernard, pug, beagle",True,True
Bengal_26,Bengal,Bengal,0.6171449,"Bengal, Egyptian_Mau, Sphynx, Abyssinian, Maine_Coon",True,True
japanese_chin_150,japanese_chin,japanese_chin,0.99806875,"japanese_chin, havanese, saint_bernard, pomeranian, english_cocker_spaniel",True,True
leonberger_119,leonberger,leonberger,0.9966343,"leonberger, saint_bernard, newfoundland, great_pyrenees, basset_hound",True,True
Ragdoll_75,Ragdoll,Ragdoll,0.962082,"Ragdoll, Siamese, Birman, Maine_Coon, scottish_terrier",True,True
german_shorthaired_150,german_shorthaired,german_shorthaired,0.9725652,"german_shorthaired, staffordshire_bull_terrier, american_pit_bull_terrier, boxer, american_bulldog",True,True
keeshond_162,keeshond,keeshond,0.97526157,"keeshond, english_setter, japanese_chin, yorkshire_terrier, havanese",True,True
Persian_268,Persian,Persian,0.6251494,"Persian, Ragdoll, samoyed, pomeranian, Birman",True,True
Russian_Blue_12,Russian_Blue,Russian_Blue,0.999764,"Russian_Blue, British_Shorthair, Abyssinian, Siamese, Sphynx",True,True
Bengal_53,Bengal,Bengal,0.9772808,"Bengal, english_cocker_spaniel, basset_hound, Egyptian_Mau, boxer",True,True
great_pyrenees_117,great_pyrenees,great_pyrenees,0.8907452,"great_pyrenees, samoyed, keeshond, leonberger, saint_bernard",True,True
chihuahua_76,chihuahua,chihuahua,0.9871978,"chihuahua, miniature_pinscher, staffordshire_bull_terrier, Sphynx, american_pit_bull_terrier",True,True
saint_bernard_40,saint_bernard,saint_bernard,0.9999391,"saint_bernard, leonberger, boxer, japanese_chin, basset_hound",True,True
pug_176,pug,pug,0.9993844,"pug, leonberger, boxer, american_bulldog, keeshond",True,True
Bengal_94,Bengal,Bengal,0.99930596,"Bengal, Abyssinian, Maine_Coon, Egyptian_Mau, boxer",True,True
american_pit_bull_terrier_64,american_pit_bull_terrier,american_pit_bull_terrier,0.6690213,"american_pit_bull_terrier, staffordshire_bull_terrier, american_bulldog, beagle, miniature_pinscher",True,True
yorkshire_terrier_178,yorkshire_terrier,yorkshire_terrier,0.9975097,"yorkshire_terrier, miniature_pinscher, Bengal, chihuahua, english_cocker_spaniel",True,True
saint_bernard_152,saint_bernard,saint_bernard,0.94494855,"saint_bernard, leonberger, basset_hound, great_pyrenees, english_cocker_spaniel",True,True
german_shorthaired_122,german_shorthaired,staffordshire_bull_terrier,0.3030907,"staffordshire_bull_terrier, Bombay, scottish_terrier, chihuahua, Siamese",False,False
beagle_171,beagle,basset_hound,0.56290114,"basset_hound, boxer, miniature_pinscher, beagle, staffordshire_bull_terrier",False,True
Birman_23,Birman,Birman,0.7923382,"Birman, Siamese, Ragdoll, Persian, japanese_chin",True,True
Siamese_225,Siamese,Siamese,0.83121043,"Siamese, Abyssinian, chihuahua, Ragdoll, Birman",True,True
wheaten_terrier_46,wheaten_terrier,english_setter,0.9624559,"english_setter, wheaten_terrier, english_cocker_spaniel, great_pyrenees, american_bulldog",False,True
great_pyrenees_3,great_pyrenees,great_pyrenees,0.7085899,"great_pyrenees, english_setter, american_bulldog, american_pit_bull_terrier, pug",True,True
english_cocker_spaniel_160,english_cocker_spaniel,english_cocker_spaniel,0.6475409,"english_cocker_spaniel, beagle, english_setter, german_shorthaired, basset_hound",True,True
Russian_Blue_62,Russian_Blue,Russian_Blue,0.99984276,"Russian_Blue, Egyptian_Mau, British_Shorthair, Sphynx, Abyssinian",True,True
Abyssinian_146,Abyssinian,Abyssinian,0.65315974,"Abyssinian, Maine_Coon, Ragdoll, Bengal, Persian",True,True
Siamese_198,Siamese,Siamese,0.8829332,"Siamese, pug, chihuahua, Birman, beagle",True,True
pug_43,pug,pug,0.9910579,"pug, american_bulldog, boxer, english_setter, havanese",True,True
Russian_Blue_194,Russian_Blue,Russian_Blue,0.9673848,"Russian_Blue, British_Shorthair, Bombay, Siamese, Abyssinian",True,True
american_pit_bull_terrier_4,american_pit_bull_terrier,german_shorthaired,0.61701727,"german_shorthaired, staffordshire_bull_terrier, american_pit_bull_terrier, boxer, american_bulldog",False,True
Bengal_118,Bengal,Bengal,0.80172604,"Bengal, Egyptian_Mau, boxer, german_shorthaired, shiba_inu",True,True
american_bulldog_25,american_bulldog,american_bulldog,0.9979997,"american_bulldog, english_setter, pug, boxer, american_pit_bull_terrier",True,True
yorkshire_terrier_44,yorkshire_terrier,yorkshire_terrier,0.99828833,"yorkshire_terrier, havanese, scottish_terrier, wheaten_terrier, english_cocker_spaniel",True,True
yorkshire_terrier_132,yorkshire_terrier,yorkshire_terrier,0.9979673,"yorkshire_terrier, havanese, Bengal, scottish_terrier, Persian",True,True
Persian_97,Persian,Persian,0.97459394,"Persian, Maine_Coon, Ragdoll, British_Shorthair, Birman",True,True
beagle_101,beagle,beagle,0.9400843,"beagle, basset_hound, english_cocker_spaniel, american_pit_bull_terrier, english_setter",True,True
newfoundland_2,newfoundland,newfoundland,0.8850349,"newfoundland, english_cocker_spaniel, scottish_terrier, leonberger, staffordshire_bull_terrier",True,True
havanese_124,havanese,english_cocker_spaniel,0.622906,"english_cocker_spaniel, havanese, wheaten_terrier, english_setter, scottish_terrier",False,True
saint_bernard_100,saint_bernard,saint_bernard,0.99816364,"saint_bernard, leonberger, great_pyrenees, japanese_chin, english_setter",True,True
english_setter_148,english_setter,english_setter,0.6343768,"english_setter, english_cocker_spaniel, havanese, great_pyrenees, yorkshire_terrier",True,True
Bengal_144,Bengal,Bengal,0.60175216,"Bengal, Egyptian_Mau, Abyssinian, Russian_Blue, Maine_Coon",True,True
basset_hound_70,basset_hound,basset_hound,0.9989538,"basset_hound, beagle, staffordshire_bull_terrier, english_cocker_spaniel, american_pit_bull_terrier",True,True
chihuahua_166,chihuahua,chihuahua,0.7590024,"chihuahua, miniature_pinscher, american_pit_bull_terrier, staffordshire_bull_terrier, Siamese",True,True
Birman_107,Birman,Birman,0.9562661,"Birman, Ragdoll, Siamese, japanese_chin, Persian",True,True
yorkshire_terrier_54,yorkshire_terrier,yorkshire_terrier,0.9999714,"yorkshire_terrier, havanese, scottish_terrier, english_cocker_spaniel, Persian",True,True
english_setter_173,english_setter,english_setter,0.9952304,"english_setter, english_cocker_spaniel, american_bulldog, beagle, american_pit_bull_terrier",True,True
great_pyrenees_103,great_pyrenees,great_pyrenees,0.99559516,"great_pyrenees, english_setter, leonberger, samoyed, english_cocker_spaniel",True,True
yorkshire_terrier_14,yorkshire_terrier,yorkshire_terrier,0.998744,"yorkshire_terrier, havanese, english_cocker_spaniel, wheaten_terrier, Bengal",True,True
saint_bernard_37,saint_bernard,saint_bernard,0.3952327,"saint_bernard, basset_hound, boxer, beagle, staffordshire_bull_terrier",True,True
Maine_Coon_106,Maine_Coon,Maine_Coon,0.9947515,"Maine_Coon, Persian, Abyssinian, Bengal, Ragdoll",True,True
Ragdoll_45,Ragdoll,Persian,0.5221862,"Persian, Ragdoll, Maine_Coon, Birman, samoyed",False,True
Maine_Coon_127,Maine_Coon,Persian,0.8984797,"Persian, Maine_Coon, havanese, yorkshire_terrier, Ragdoll",False,True
British_Shorthair_67,British_Shorthair,British_Shorthair,0.99971443,"British_Shorthair, Russian_Blue, Persian, Bombay, shiba_inu",True,True
Bengal_67,Bengal,Bengal,0.81960565,"Bengal, Maine_Coon, Egyptian_Mau, British_Shorthair, Abyssinian",True,True
wheaten_terrier_119,wheaten_terrier,wheaten_terrier,0.5085992,"wheaten_terrier, english_cocker_spaniel, newfoundland, Bengal, leonberger",True,True
great_pyrenees_196,great_pyrenees,great_pyrenees,0.98290974,"great_pyrenees, samoyed, japanese_chin, leonberger, pomeranian",True,True
english_setter_149,english_setter,english_setter,0.8748925,"english_setter, great_pyrenees, english_cocker_spaniel, american_bulldog, american_pit_bull_terrier",True,True
american_pit_bull_terrier_37,american_pit_bull_terrier,american_pit_bull_terrier,0.92561877,"american_pit_bull_terrier, staffordshire_bull_terrier, german_shorthaired, american_bulldog, miniature_pinscher",True,True
pomeranian_10,pomeranian,pomeranian,0.925903,"pomeranian, samoyed, shiba_inu, Maine_Coon, Ragdoll",True,True
leonberger_76,leonberger,leonberger,0.9182093,"leonberger, keeshond, newfoundland, great_pyrenees, pomeranian",True,True
Siamese_233,Siamese,Siamese,0.98954296,"Siamese, Birman, shiba_inu, Abyssinian, Ragdoll",True,True
leonberger_96,leonberger,leonberger,0.9972179,"leonberger, newfoundland, saint_bernard, keeshond, great_pyrenees",True,True
newfoundland_54,newfoundland,scottish_terrier,0.44337523,"scottish_terrier, newfoundland, Bombay, havanese, yorkshire_terrier",False,True
english_setter_8,english_setter,english_setter,0.43634513,"english_setter, german_shorthaired, leonberger, saint_bernard, miniature_pinscher",True,True
Ragdoll_127,Ragdoll,Ragdoll,0.6911999,"Ragdoll, Birman, Siamese, Persian, japanese_chin",True,True
newfoundland_30,newfoundland,newfoundland,0.789043,"newfoundland, scottish_terrier, keeshond, yorkshire_terrier, wheaten_terrier",True,True
japanese_chin_133,japanese_chin,Bengal,0.23913026,"Bengal, Maine_Coon, Abyssinian, japanese_chin, english_cocker_spaniel",False,True
Persian_41,Persian,Persian,0.7153635,"Persian, Ragdoll, Birman, japanese_chin, samoyed",True,True
Siamese_77,Siamese,Siamese,0.92655855,"Siamese, Birman, Ragdoll, pug, shiba_inu",True,True
samoyed_18,samoyed,samoyed,0.9941005,"samoyed, great_pyrenees, shiba_inu, scottish_terrier, pomeranian",True,True
saint_bernard_7,saint_bernard,saint_bernard,0.98359054,"saint_bernard, basset_hound, beagle, boxer, english_setter",True,True
Maine_Coon_76,Maine_Coon,Maine_Coon,0.9997739,"Maine_Coon, Persian, Ragdoll, Bengal, Abyssinian",True,True
great_pyrenees_86,great_pyrenees,great_pyrenees,0.7304632,"great_pyrenees, havanese, english_setter, japanese_chin, leonberger",True,True
english_setter_88,english_setter,english_cocker_spaniel,0.60664874,"english_cocker_spaniel, english_setter, havanese, japanese_chin, newfoundland",False,True
leonberger_65,leonberger,leonberger,0.9997714,"leonberger, saint_bernard, boxer, wheaten_terrier, great_pyrenees",True,True
pomeranian_52,pomeranian,pomeranian,0.9996606,"pomeranian, japanese_chin, samoyed, Persian, Ragdoll",True,True
Ragdoll_201,Ragdoll,Birman,0.92157614,"Birman, Ragdoll, Siamese, japanese_chin, keeshond",False,True
wheaten_terrier_55,wheaten_terrier,great_pyrenees,0.39460084,"great_pyrenees, wheaten_terrier, leonberger, pug, english_setter",False,True
american_bulldog_205,american_bulldog,american_bulldog,0.9137467,"american_bulldog, american_pit_bull_terrier, staffordshire_bull_terrier, beagle, german_shorthaired",True,True
saint_bernard_108,saint_bernard,saint_bernard,0.90900075,"saint_bernard, leonberger, boxer, great_pyrenees, american_pit_bull_terrier",True,True
pomeranian_84,pomeranian,pomeranian,0.91668886,"pomeranian, japanese_chin, chihuahua, Persian, Ragdoll",True,True
Bengal_99,Bengal,Bengal,0.9941444,"Bengal, Egyptian_Mau, Abyssinian, Maine_Coon, boxer",True,True
Abyssinian_79,Abyssinian,Abyssinian,0.9982913,"Abyssinian, Bengal, Russian_Blue, Siamese, Maine_Coon",True,True
miniature_pinscher_36,miniature_pinscher,miniature_pinscher,0.9492925,"miniature_pinscher, chihuahua, beagle, basset_hound, yorkshire_terrier",True,True
miniature_pinscher_167,miniature_pinscher,miniature_pinscher,0.99932325,"miniature_pinscher, chihuahua, beagle, Abyssinian, yorkshire_terrier",True,True
samoyed_191,samoyed,samoyed,0.6984233,"samoyed, great_pyrenees, shiba_inu, keeshond, wheaten_terrier",True,True
Bombay_89,Bombay,Bombay,0.9860976,"Bombay, Maine_Coon, British_Shorthair, Siamese, newfoundland",True,True
Persian_267,Persian,Maine_Coon,0.8806902,"Maine_Coon, Persian, Ragdoll, pomeranian, Abyssinian",False,True
boxer_171,boxer,beagle,0.65883505,"beagle, boxer, staffordshire_bull_terrier, american_bulldog, american_pit_bull_terrier",False,True
Maine_Coon_24,Maine_Coon,Maine_Coon,0.962015,"Maine_Coon, Persian, english_setter, Bengal, Egyptian_Mau",True,True
pug_98,pug,pug,0.99012965,"pug, boxer, american_bulldog, leonberger, staffordshire_bull_terrier",True,True
Birman_150,Birman,Birman,0.9942287,"Birman, Ragdoll, japanese_chin, Siamese, Persian",True,True
samoyed_161,samoyed,samoyed,0.9369699,"samoyed, great_pyrenees, Ragdoll, pomeranian, shiba_inu",True,True
havanese_178,havanese,havanese,0.81673074,"havanese, wheaten_terrier, english_cocker_spaniel, scottish_terrier, newfoundland",True,True
german_shorthaired_45,german_shorthaired,german_shorthaired,0.7163145,"german_shorthaired, english_cocker_spaniel, english_setter, basset_hound, newfoundland",True,True
yorkshire_terrier_75,yorkshire_terrier,yorkshire_terrier,0.9999771,"yorkshire_terrier, havanese, wheaten_terrier, miniature_pinscher, japanese_chin",True,True
keeshond_69,keeshond,keeshond,0.99744606,"keeshond, scottish_terrier, leonberger, newfoundland, great_pyrenees",True,True
Ragdoll_235,Ragdoll,Birman,0.85368514,"Birman, Siamese, Ragdoll, Bengal, japanese_chin",False,True
Bombay_170,Bombay,Bombay,0.99843043,"Bombay, British_Shorthair, newfoundland, Siamese, Russian_Blue",True,True
pomeranian_158,pomeranian,pomeranian,0.9996989,"pomeranian, samoyed, chihuahua, shiba_inu, keeshond",True,True
english_setter_187,english_setter,english_setter,0.7497936,"english_setter, english_cocker_spaniel, great_pyrenees, saint_bernard, havanese",True,True
wheaten_terrier_49,wheaten_terrier,wheaten_terrier,0.99654007,"wheaten_terrier, havanese, great_pyrenees, leonberger, scottish_terrier",True,True
Sphynx_116,Sphynx,Sphynx,0.99429035,"Sphynx, miniature_pinscher, Abyssinian, Russian_Blue, chihuahua",True,True
american_pit_bull_terrier_39,american_pit_bull_terrier,american_pit_bull_terrier,0.9906894,"american_pit_bull_terrier, staffordshire_bull_terrier, miniature_pinscher, american_bulldog, german_shorthaired",True,True
boxer_120,boxer,boxer,0.59860724,"boxer, basset_hound, american_pit_bull_terrier, beagle, wheaten_terrier",True,True
Sphynx_44,Sphynx,Sphynx,0.999348,"Sphynx, Abyssinian, miniature_pinscher, chihuahua, american_bulldog",True,True
beagle_94,beagle,beagle,0.7324945,"beagle, american_bulldog, english_setter, german_shorthaired, american_pit_bull_terrier",True,True
Persian_60,Persian,Maine_Coon,0.8886087,"Maine_Coon, Persian, Ragdoll, Abyssinian, British_Shorthair",False,True
shiba_inu_196,shiba_inu,shiba_inu,0.99777836,"shiba_inu, chihuahua, pomeranian, miniature_pinscher, staffordshire_bull_terrier",True,True
Siamese_130,Siamese,Siamese,0.61695486,"Siamese, Sphynx, Birman, Ragdoll, chihuahua",True,True
yorkshire_terrier_177,yorkshire_terrier,yorkshire_terrier,0.99980503,"yorkshire_terrier, english_cocker_spaniel, havanese, scottish_terrier, miniature_pinscher",True,True
Sphynx_170,Sphynx,Sphynx,0.9984681,"Sphynx, Abyssinian, Russian_Blue, chihuahua, miniature_pinscher",True,True
pomeranian_75,pomeranian,pomeranian,0.9557537,"pomeranian, samoyed, great_pyrenees, leonberger, shiba_inu",True,True
staffordshire_bull_terrier_171,staffordshire_bull_terrier,staffordshire_bull_terrier,0.7008674,"staffordshire_bull_terrier, american_pit_bull_terrier, boxer, miniature_pinscher, american_bulldog",True,True
boxer_27,boxer,boxer,0.9853334,"boxer, american_bulldog, saint_bernard, staffordshire_bull_terrier, pug",True,True
Bengal_200,Bengal,Bengal,0.9824234,"Bengal, Egyptian_Mau, Maine_Coon, Abyssinian, english_setter",True,True
keeshond_6,keeshond,keeshond,0.9980756,"keeshond, pomeranian, samoyed, Persian, Ragdoll",True,True
havanese_195,havanese,havanese,0.9944324,"havanese, japanese_chin, english_cocker_spaniel, wheaten_terrier, english_setter",True,True
Abyssinian_7,Abyssinian,Abyssinian,0.57316697,"Abyssinian, Bengal, Bombay, Maine_Coon, Russian_Blue",True,True
yorkshire_terrier_61,yorkshire_terrier,yorkshire_terrier,0.9936832,"yorkshire_terrier, havanese, scottish_terrier, wheaten_terrier, japanese_chin",True,True
Abyssinian_102,Abyssinian,Abyssinian,0.9933682,"Abyssinian, British_Shorthair, Bengal, chihuahua, Russian_Blue",True,True
havanese_91,havanese,havanese,0.99492574,"havanese, scottish_terrier, japanese_chin, yorkshire_terrier, wheaten_terrier",True,True
pug_44,pug,pug,0.9999702,"pug, boxer, american_bulldog, staffordshire_bull_terrier, chihuahua",True,True
Bombay_59,Bombay,Bombay,0.9993666,"Bombay, Siamese, Maine_Coon, British_Shorthair, newfoundland",True,True
boxer_75,boxer,boxer,0.8047021,"boxer, miniature_pinscher, staffordshire_bull_terrier, american_pit_bull_terrier, basset_hound",True,True
Siamese_37,Siamese,Siamese,0.9855822,"Siamese, Birman, Ragdoll, keeshond, chihuahua",True,True
samoyed_98,samoyed,samoyed,0.94782084,"samoyed, great_pyrenees, havanese, wheaten_terrier, keeshond",True,True
keeshond_117,keeshond,keeshond,0.9990287,"keeshond, samoyed, pomeranian, scottish_terrier, Russian_Blue",True,True
samoyed_5,samoyed,samoyed,0.75178695,"samoyed, great_pyrenees, wheaten_terrier, shiba_inu, havanese",True,True
english_setter_194,english_setter,saint_bernard,0.59286624,"saint_bernard, english_setter, British_Shorthair, basset_hound, boxer",False,True
Sphynx_223,Sphynx,Sphynx,0.9842054,"Sphynx, american_bulldog, chihuahua, Abyssinian, american_pit_bull_terrier",True,True
keeshond_52,keeshond,keeshond,0.99909437,"keeshond, scottish_terrier, pomeranian, leonberger, yorkshire_terrier",True,True
havanese_114,havanese,yorkshire_terrier,0.6195291,"yorkshire_terrier, havanese, wheaten_terrier, scottish_terrier, Persian",False,True
german_shorthaired_34,german_shorthaired,german_shorthaired,0.677281,"german_shorthaired, english_setter, american_pit_bull_terrier, beagle, staffordshire_bull_terrier",True,True
Sphynx_183,Sphynx,Sphynx,0.99595225,"Sphynx, chihuahua, Siamese, Abyssinian, Russian_Blue",True,True
english_cocker_spaniel_189,english_cocker_spaniel,english_cocker_spaniel,0.91004974,"english_cocker_spaniel, english_setter, german_shorthaired, newfoundland, american_bulldog",True,True
Sphynx_119,Sphynx,Sphynx,0.9973578,"Sphynx, Abyssinian, Russian_Blue, miniature_pinscher, Egyptian_Mau",True,True
Maine_Coon_161,Maine_Coon,Maine_Coon,0.9784752,"Maine_Coon, Bengal, Abyssinian, Egyptian_Mau, Ragdoll",True,True
staffordshire_bull_terrier_166,staffordshire_bull_terrier,boxer,0.76341575,"boxer, staffordshire_bull_terrier, american_pit_bull_terrier, miniature_pinscher, basset_hound",False,True
english_cocker_spaniel_83,english_cocker_spaniel,english_cocker_spaniel,0.52318746,"english_cocker_spaniel, english_setter, basset_hound, beagle, great_pyrenees",True,True
japanese_chin_60,japanese_chin,japanese_chin,0.7919747,"japanese_chin, saint_bernard, beagle, english_cocker_spaniel, german_shorthaired",True,True
basset_hound_56,basset_hound,basset_hound,0.99756706,"basset_hound, beagle, boxer, saint_bernard, german_shorthaired",True,True
Maine_Coon_128,Maine_Coon,Maine_Coon,0.9895503,"Maine_Coon, Persian, Bengal, yorkshire_terrier, pomeranian",True,True
chihuahua_187,chihuahua,chihuahua,0.9906199,"chihuahua, miniature_pinscher, Abyssinian, Siamese, beagle",True,True
Birman_50,Birman,Siamese,0.9297263,"Siamese, Birman, Ragdoll, japanese_chin, Russian_Blue",False,True
Maine_Coon_124,Maine_Coon,Maine_Coon,0.9992719,"Maine_Coon, Persian, Ragdoll, Egyptian_Mau, Bengal",True,True
wheaten_terrier_37,wheaten_terrier,yorkshire_terrier,0.6689771,"yorkshire_terrier, havanese, wheaten_terrier, scottish_terrier, american_pit_bull_terrier",False,True
english_cocker_spaniel_144,english_cocker_spaniel,english_cocker_spaniel,0.97856206,"english_cocker_spaniel, english_setter, havanese, yorkshire_terrier, japanese_chin",True,True
pug_138,pug,pug,0.9999466,"pug, boxer, american_bulldog, leonberger, chihuahua",True,True
newfoundland_139,newfoundland,newfoundland,0.9985958,"newfoundland, english_cocker_spaniel, german_shorthaired, leonberger, english_setter",True,True
english_cocker_spaniel_188,english_cocker_spaniel,english_cocker_spaniel,0.96658784,"english_cocker_spaniel, basset_hound, english_setter, beagle, wheaten_terrier",True,True
yorkshire_terrier_19,yorkshire_terrier,yorkshire_terrier,0.9285609,"yorkshire_terrier, english_cocker_spaniel, havanese, english_setter, wheaten_terrier",True,True
pug_58,pug,pug,0.9230526,"pug, boxer, american_bulldog, japanese_chin, shiba_inu",True,True
miniature_pinscher_18,miniature_pinscher,miniature_pinscher,0.92643267,"miniature_pinscher, chihuahua, staffordshire_bull_terrier, basset_hound, boxer",True,True
yorkshire_terrier_123,yorkshire_terrier,yorkshire_terrier,0.7980992,"yorkshire_terrier, wheaten_terrier, havanese, scottish_terrier, Persian",True,True
Ragdoll_62,Ragdoll,Ragdoll,0.4045776,"Ragdoll, Persian, Maine_Coon, Birman, japanese_chin",True,True
Siamese_99,Siamese,Siamese,0.99923754,"Siamese, Birman, Ragdoll, Sphynx, chihuahua",True,True
keeshond_74,keeshond,pomeranian,0.71845955,"pomeranian, Maine_Coon, Persian, samoyed, keeshond",False,True
staffordshire_bull_terrier_68,staffordshire_bull_terrier,staffordshire_bull_terrier,0.8055896,"staffordshire_bull_terrier, american_pit_bull_terrier, american_bulldog, boxer, chihuahua",True,True
Abyssinian_215,Abyssinian,Bengal,0.4457331,"Bengal, yorkshire_terrier, Abyssinian, chihuahua, Ragdoll",False,True
staffordshire_bull_terrier_177,staffordshire_bull_terrier,staffordshire_bull_terrier,0.9982153,"staffordshire_bull_terrier, american_pit_bull_terrier, chihuahua, miniature_pinscher, Bombay",True,True
saint_bernard_196,saint_bernard,beagle,0.7667556,"beagle, chihuahua, miniature_pinscher, japanese_chin, pomeranian",False,False
american_pit_bull_terrier_181,american_pit_bull_terrier,american_pit_bull_terrier,0.8675343,"american_pit_bull_terrier, staffordshire_bull_terrier, american_bulldog, Sphynx, boxer",True,True
wheaten_terrier_143,wheaten_terrier,wheaten_terrier,0.99932384,"wheaten_terrier, havanese, scottish_terrier, yorkshire_terrier, english_cocker_spaniel",True,True
British_Shorthair_239,British_Shorthair,British_Shorthair,0.62884516,"British_Shorthair, Egyptian_Mau, Russian_Blue, Maine_Coon, Persian",True,True
wheaten_terrier_28,wheaten_terrier,wheaten_terrier,0.8736501,"wheaten_terrier, havanese, scottish_terrier, yorkshire_terrier, english_cocker_spaniel",True,True
wheaten_terrier_69,wheaten_terrier,Bengal,0.4493743,"Bengal, Abyssinian, Maine_Coon, german_shorthaired, Egyptian_Mau",False,False
Ragdoll_112,Ragdoll,Siamese,0.60183537,"Siamese, Ragdoll, Birman, Abyssinian, British_Shorthair",False,True
shiba_inu_162,shiba_inu,Bengal,0.611371,"Bengal, basset_hound, boxer, Sphynx, american_bulldog",False,False
newfoundland_28,newfoundland,staffordshire_bull_terrier,0.8542055,"staffordshire_bull_terrier, scottish_terrier, newfoundland, keeshond, english_cocker_spaniel",False,True
basset_hound_59,basset_hound,basset_hound,0.94319624,"basset_hound, beagle, saint_bernard, american_pit_bull_terrier, staffordshire_bull_terrier",True,True
wheaten_terrier_163,wheaten_terrier,wheaten_terrier,0.9955434,"wheaten_terrier, havanese, scottish_terrier, great_pyrenees, Maine_Coon",True,True
Bengal_48,Bengal,Egyptian_Mau,0.4103945,"Egyptian_Mau, Maine_Coon, Bengal, Abyssinian, scottish_terrier",False,True
Ragdoll_73,Ragdoll,Ragdoll,0.99679834,"Ragdoll, Maine_Coon, Birman, Abyssinian, Persian",True,True
english_setter_16,english_setter,english_setter,0.98122495,"english_setter, english_cocker_spaniel, wheaten_terrier, great_pyrenees, havanese",True,True
scottish_terrier_25,scottish_terrier,scottish_terrier,0.9979316,"scottish_terrier, yorkshire_terrier, wheaten_terrier, havanese, english_cocker_spaniel",True,True
Bengal_153,Bengal,Bengal,0.65345865,"Bengal, Abyssinian, Sphynx, Egyptian_Mau, Russian_Blue",True,True
yorkshire_terrier_107,yorkshire_terrier,yorkshire_terrier,0.9983991,"yorkshire_terrier, havanese, japanese_chin, Persian, Bengal",True,True
pug_124,pug,pug,0.99941623,"pug, american_bulldog, boxer, american_pit_bull_terrier, chihuahua",True,True
pomeranian_107,pomeranian,pomeranian,0.6722127,"pomeranian, shiba_inu, yorkshire_terrier, chihuahua, samoyed",True,True
english_setter_61,english_setter,english_setter,0.46816283,"english_setter, basset_hound, Bengal, beagle, english_cocker_spaniel",True,True
basset_hound_20,basset_hound,basset_hound,0.96761435,"basset_hound, beagle, staffordshire_bull_terrier, american_pit_bull_terrier, german_shorthaired",True,True
Sphynx_103,Sphynx,Sphynx,0.9999536,"Sphynx, chihuahua, Abyssinian, american_bulldog, Siamese",True,True
Siamese_152,Siamese,Siamese,0.9452261,"Siamese, pug, Abyssinian, Bombay, chihuahua",True,True
english_cocker_spaniel_62,english_cocker_spaniel,english_cocker_spaniel,0.98105454,"english_cocker_spaniel, english_setter, yorkshire_terrier, havanese, basset_hound",True,True
german_shorthaired_125,german_shorthaired,german_shorthaired,0.8355433,"german_shorthaired, staffordshire_bull_terrier, american_pit_bull_terrier, basset_hound, miniature_pinscher",True,True
Persian_5,Persian,Persian,0.78649783,"Persian, Maine_Coon, Ragdoll, japanese_chin, yorkshire_terrier",True,True
basset_hound_76,basset_hound,basset_hound,0.9163142,"basset_hound, beagle, staffordshire_bull_terrier, american_pit_bull_terrier, miniature_pinscher",True,True
saint_bernard_97,saint_bernard,saint_bernard,0.99842846,"saint_bernard, boxer, basset_hound, leonberger, japanese_chin",True,True
Persian_239,Persian,Persian,0.8955002,"Persian, Maine_Coon, keeshond, pomeranian, yorkshire_terrier",True,True
Abyssinian_178,Abyssinian,Abyssinian,0.9824471,"Abyssinian, Bengal, Maine_Coon, chihuahua, miniature_pinscher",True,True
miniature_pinscher_183,miniature_pinscher,beagle,0.47604808,"beagle, american_pit_bull_terrier, miniature_pinscher, staffordshire_bull_terrier, chihuahua",False,True
Birman_181,Birman,Birman,0.98268926,"Birman, Ragdoll, Siamese, Persian, japanese_chin",True,True
beagle_152,beagle,beagle,0.32658646,"beagle, shiba_inu, basset_hound, chihuahua, saint_bernard",True,True
staffordshire_bull_terrier_139,staffordshire_bull_terrier,staffordshire_bull_terrier,0.96511704,"staffordshire_bull_terrier, american_pit_bull_terrier, boxer, american_bulldog, chihuahua",True,True
boxer_50,boxer,boxer,0.90426344,"boxer, saint_bernard, american_bulldog, pug, american_pit_bull_terrier",True,True
Bombay_213,Bombay,Bombay,0.9782649,"Bombay, Siamese, Abyssinian, chihuahua, miniature_pinscher",True,True
staffordshire_bull_terrier_18,staffordshire_bull_terrier,staffordshire_bull_terrier,0.44069064,"staffordshire_bull_terrier, american_bulldog, american_pit_bull_terrier, beagle, boxer",True,True
wheaten_terrier_182,wheaten_terrier,wheaten_terrier,0.9996339,"wheaten_terrier, havanese, leonberger, scottish_terrier, english_cocker_spaniel",True,True
Ragdoll_6,Ragdoll,Ragdoll,0.9602161,"Ragdoll, shiba_inu, samoyed, Siamese, Abyssinian",True,True
keeshond_142,keeshond,leonberger,0.98669344,"leonberger, keeshond, boxer, pug, yorkshire_terrier",False,True
american_pit_bull_terrier_31,american_pit_bull_terrier,american_pit_bull_terrier,0.637841,"american_pit_bull_terrier, staffordshire_bull_terrier, miniature_pinscher, boxer, Sphynx",True,True
american_bulldog_98,american_bulldog,american_pit_bull_terrier,0.66671497,"american_pit_bull_terrier, american_bulldog, beagle, staffordshire_bull_terrier, basset_hound",False,True
leonberger_106,leonberger,leonberger,0.9945661,"leonberger, saint_bernard, great_pyrenees, keeshond, pug",True,True
staffordshire_bull_terrier_93,staffordshire_bull_terrier,american_bulldog,0.7058043,"american_bulldog, american_pit_bull_terrier, staffordshire_bull_terrier, beagle, chihuahua",False,True
havanese_111,havanese,havanese,0.98505026,"havanese, yorkshire_terrier, japanese_chin, keeshond, Persian",True,True
newfoundland_20,newfoundland,scottish_terrier,0.42446154,"scottish_terrier, newfoundland, leonberger, staffordshire_bull_terrier, keeshond",False,True
chihuahua_105,chihuahua,chihuahua,0.8785559,"chihuahua, miniature_pinscher, Bombay, staffordshire_bull_terrier, Sphynx",True,True
english_setter_37,english_setter,english_setter,0.95509166,"english_setter, english_cocker_spaniel, german_shorthaired, newfoundland, keeshond",True,True
Egyptian_Mau_75,Egyptian_Mau,Egyptian_Mau,0.9431971,"Egyptian_Mau, Russian_Blue, english_setter, Bengal, Sphynx",True,True
saint_bernard_132,saint_bernard,saint_bernard,0.8788299,"saint_bernard, leonberger, basset_hound, boxer, great_pyrenees",True,True
Abyssinian_48,Abyssinian,Abyssinian,0.9839574,"Abyssinian, Bengal, Sphynx, Siamese, chihuahua",True,True
american_pit_bull_terrier_167,american_pit_bull_terrier,Bombay,0.6909101,"Bombay, chihuahua, staffordshire_bull_terrier, american_pit_bull_terrier, newfoundland",False,True
samoyed_39,samoyed,samoyed,0.97842294,"samoyed, pomeranian, great_pyrenees, shiba_inu, Ragdoll",True,True
Abyssinian_13,Abyssinian,Abyssinian,0.9999628,"Abyssinian, Russian_Blue, Bengal, Siamese, Egyptian_Mau",True,True
american_pit_bull_terrier_21,american_pit_bull_terrier,boxer,0.7630598,"boxer, german_shorthaired, miniature_pinscher, basset_hound, staffordshire_bull_terrier",False,False
Bengal_147,Bengal,Bengal,0.996488,"Bengal, Egyptian_Mau, Abyssinian, chihuahua, miniature_pinscher",True,True
Siamese_22,Siamese,boxer,0.28330335,"boxer, beagle, american_bulldog, pug, american_pit_bull_terrier",False,False
newfoundland_83,newfoundland,newfoundland,0.90499747,"newfoundland, english_cocker_spaniel, scottish_terrier, havanese, yorkshire_terrier",True,True
beagle_70,beagle,beagle,0.32216102,"beagle, chihuahua, american_pit_bull_terrier, american_bulldog, Sphynx",True,True
saint_bernard_19,saint_bernard,saint_bernard,0.9703683,"saint_bernard, boxer, basset_hound, american_pit_bull_terrier, american_bulldog",True,True
British_Shorthair_157,British_Shorthair,British_Shorthair,0.794829,"British_Shorthair, Russian_Blue, Persian, boxer, Ragdoll",True,True
shiba_inu_208,shiba_inu,shiba_inu,0.9931938,"shiba_inu, samoyed, pomeranian, Abyssinian, Ragdoll",True,True
pug_73,pug,pug,0.9982596,"pug, boxer, american_bulldog, leonberger, staffordshire_bull_terrier",True,True
Persian_13,Persian,Persian,0.98768884,"Persian, Maine_Coon, Ragdoll, British_Shorthair, Abyssinian",True,True
shiba_inu_29,shiba_inu,shiba_inu,0.9995797,"shiba_inu, chihuahua, pomeranian, samoyed, staffordshire_bull_terrier",True,True
great_pyrenees_34,great_pyrenees,great_pyrenees,0.9686756,"great_pyrenees, samoyed, english_setter, american_pit_bull_terrier, english_cocker_spaniel",True,True
saint_bernard_124,saint_bernard,saint_bernard,0.99982435,"saint_bernard, basset_hound, leonberger, japanese_chin, boxer",True,True
Abyssinian_55,Abyssinian,Abyssinian,0.89503205,"Abyssinian, Bengal, Egyptian_Mau, Russian_Blue, Maine_Coon",True,True
samoyed_97,samoyed,samoyed,0.99647117,"samoyed, shiba_inu, pomeranian, great_pyrenees, keeshond",True,True
Birman_72,Birman,Birman,0.94515777,"Birman, Siamese, Ragdoll, keeshond, japanese_chin",True,True
leonberger_83,leonberger,leonberger,0.99975747,"leonberger, great_pyrenees, saint_bernard, newfoundland, keeshond",True,True
Russian_Blue_153,Russian_Blue,Russian_Blue,0.99552864,"Russian_Blue, British_Shorthair, Egyptian_Mau, Sphynx, Siamese",True,True
Russian_Blue_20,Russian_Blue,Russian_Blue,0.94884276,"Russian_Blue, British_Shorthair, Egyptian_Mau, Abyssinian, Maine_Coon",True,True
japanese_chin_108,japanese_chin,japanese_chin,0.83043563,"japanese_chin, english_setter, english_cocker_spaniel, havanese, saint_bernard",True,True
beagle_93,beagle,beagle,0.91890967,"beagle, staffordshire_bull_terrier, american_pit_bull_terrier, chihuahua, american_bulldog",True,True
Ragdoll_204,Ragdoll,Birman,0.94089746,"Birman, Ragdoll, Siamese, Persian, keeshond",False,True
wheaten_terrier_41,wheaten_terrier,wheaten_terrier,0.8897258,"wheaten_terrier, havanese, english_cocker_spaniel, great_pyrenees, scottish_terrier",True,True
american_bulldog_199,american_bulldog,american_bulldog,0.86161995,"american_bulldog, boxer, staffordshire_bull_terrier, beagle, american_pit_bull_terrier",True,True
Bombay_136,Bombay,Bombay,0.9998807,"Bombay, Siamese, British_Shorthair, Abyssinian, chihuahua",True,True
Siamese_47,Siamese,Siamese,0.99741745,"Siamese, Birman, Ragdoll, Sphynx, Abyssinian",True,True
beagle_185,beagle,chihuahua,0.6652392,"chihuahua, american_bulldog, miniature_pinscher, staffordshire_bull_terrier, Sphynx",False,False
german_shorthaired_47,german_shorthaired,german_shorthaired,0.9972982,"german_shorthaired, american_pit_bull_terrier, staffordshire_bull_terrier, english_setter, miniature_pinscher",True,True
keeshond_137,keeshond,keeshond,0.99996305,"keeshond, pomeranian, samoyed, great_pyrenees, Persian",True,True
Abyssinian_135,Abyssinian,Abyssinian,0.99865997,"Abyssinian, Maine_Coon, Bengal, Ragdoll, Russian_Blue",True,True
samoyed_115,samoyed,samoyed,0.9987929,"samoyed, shiba_inu, great_pyrenees, scottish_terrier, pomeranian",True,True
Egyptian_Mau_195,Egyptian_Mau,Egyptian_Mau,0.8468128,"Egyptian_Mau, Bengal, Maine_Coon, Russian_Blue, Sphynx",True,True
staffordshire_bull_terrier_63,staffordshire_bull_terrier,staffordshire_bull_terrier,0.9626595,"staffordshire_bull_terrier, american_pit_bull_terrier, boxer, american_bulldog, chihuahua",True,True
shiba_inu_155,shiba_inu,shiba_inu,0.9996786,"shiba_inu, chihuahua, beagle, pomeranian, staffordshire_bull_terrier",True,True
Maine_Coon_116,Maine_Coon,Maine_Coon,0.8885503,"Maine_Coon, Persian, yorkshire_terrier, havanese, Bengal",True,True
basset_hound_137,basset_hound,basset_hound,0.51489174,"basset_hound, beagle, english_cocker_spaniel, miniature_pinscher, shiba_inu",True,True
pug_64,pug,pug,0.9918932,"pug, boxer, Egyptian_Mau, american_bulldog, havanese",True,True
boxer_5,boxer,boxer,0.9613916,"boxer, american_bulldog, staffordshire_bull_terrier, american_pit_bull_terrier, miniature_pinscher",True,True
newfoundland_103,newfoundland,newfoundland,0.566828,"newfoundland, leonberger, keeshond, great_pyrenees, staffordshire_bull_terrier",True,True
japanese_chin_10,japanese_chin,japanese_chin,0.9994098,"japanese_chin, saint_bernard, Persian, Ragdoll, english_cocker_spaniel",True,True
Siamese_42,Siamese,Siamese,0.9988324,"Siamese, Birman, Ragdoll, shiba_inu, Abyssinian",True,True
Ragdoll_265,Ragdoll,Ragdoll,0.6354232,"Ragdoll, Birman, Persian, samoyed, japanese_chin",True,True
Siamese_14,Siamese,Siamese,0.9922414,"Siamese, Birman, staffordshire_bull_terrier, Abyssinian, miniature_pinscher",True,True
shiba_inu_139,shiba_inu,shiba_inu,0.9952615,"shiba_inu, pomeranian, chihuahua, samoyed, Siamese",True,True
basset_hound_100,basset_hound,basset_hound,0.990164,"basset_hound, english_cocker_spaniel, boxer, beagle, miniature_pinscher",True,True
Birman_11,Birman,Birman,0.5531342,"Birman, Ragdoll, Siamese, Persian, japanese_chin",True,True
pug_97,pug,pug,0.9952769,"pug, boxer, american_bulldog, leonberger, saint_bernard",True,True
staffordshire_bull_terrier_140,staffordshire_bull_terrier,staffordshire_bull_terrier,0.9460676,"staffordshire_bull_terrier, american_pit_bull_terrier, boxer, chihuahua, miniature_pinscher",True,True
Persian_166,Persian,Persian,0.99650073,"Persian, Maine_Coon, Ragdoll, British_Shorthair, yorkshire_terrier",True,True
basset_hound_74,basset_hound,basset_hound,0.99953485,"basset_hound, beagle, staffordshire_bull_terrier, american_pit_bull_terrier, boxer",True,True
shiba_inu_210,shiba_inu,Abyssinian,0.45006353,"Abyssinian, miniature_pinscher, staffordshire_bull_terrier, pomeranian, shiba_inu",False,True
keeshond_26,keeshond,keeshond,0.6454427,"keeshond, japanese_chin, havanese, pomeranian, Persian",True,True
wheaten_terrier_42,wheaten_terrier,wheaten_terrier,0.6518803,"wheaten_terrier, great_pyrenees, english_setter, american_pit_bull_terrier, staffordshire_bull_terrier",True,True
Abyssinian_62,Abyssinian,Abyssinian,0.97755814,"Abyssinian, Bengal, Maine_Coon, chihuahua, Bombay",True,True
Persian_112,Persian,Persian,0.99936575,"Persian, Maine_Coon, British_Shorthair, pomeranian, yorkshire_terrier",True,True
Abyssinian_183,Abyssinian,Abyssinian,0.9883288,"Abyssinian, Bengal, Russian_Blue, Siamese, Maine_Coon",True,True
scottish_terrier_188,scottish_terrier,scottish_terrier,0.88450104,"scottish_terrier, yorkshire_terrier, havanese, english_cocker_spaniel, wheaten_terrier",True,True
Persian_58,Persian,Persian,0.95692134,"Persian, Maine_Coon, British_Shorthair, Ragdoll, keeshond",True,True
Abyssinian_176,Abyssinian,Abyssinian,0.99720806,"Abyssinian, Bengal, miniature_pinscher, Siamese, Sphynx",True,True
english_cocker_spaniel_8,english_cocker_spaniel,english_cocker_spaniel,0.9778544,"english_cocker_spaniel, english_setter, newfoundland, german_shorthaired, basset_hound",True,True
english_cocker_spaniel_135,english_cocker_spaniel,english_setter,0.7942935,"english_setter, english_cocker_spaniel, german_shorthaired, japanese_chin, havanese",False,True
Sphynx_242,Sphynx,Sphynx,0.99172443,"Sphynx, Siamese, Abyssinian, chihuahua, miniature_pinscher",True,True
american_bulldog_66,american_bulldog,american_bulldog,0.8998119,"american_bulldog, american_pit_bull_terrier, staffordshire_bull_terrier, pug, boxer",True,True
american_pit_bull_terrier_59,american_pit_bull_terrier,american_pit_bull_terrier,0.5102693,"american_pit_bull_terrier, staffordshire_bull_terrier, beagle, chihuahua, basset_hound",True,True
Russian_Blue_262,Russian_Blue,Russian_Blue,0.98402417,"Russian_Blue, Bombay, Abyssinian, Siamese, British_Shorthair",True,True
keeshond_7,keeshond,keeshond,0.9998896,"keeshond, pomeranian, Persian, samoyed, Ragdoll",True,True
Birman_48,Birman,Birman,0.89754385,"Birman, Siamese, Ragdoll, japanese_chin, Persian",True,True
german_shorthaired_185,german_shorthaired,german_shorthaired,0.5042433,"german_shorthaired, beagle, basset_hound, staffordshire_bull_terrier, boxer",True,True
english_cocker_spaniel_78,english_cocker_spaniel,english_cocker_spaniel,0.43375167,"english_cocker_spaniel, newfoundland, basset_hound, leonberger, wheaten_terrier",True,True
shiba_inu_97,shiba_inu,shiba_inu,0.9124872,"shiba_inu, pomeranian, chihuahua, beagle, Abyssinian",True,True
Bengal_183,Bengal,Bengal,0.9916549,"Bengal, Egyptian_Mau, german_shorthaired, english_setter, staffordshire_bull_terrier",True,True
american_pit_bull_terrier_70,american_pit_bull_terrier,american_pit_bull_terrier,0.9058714,"american_pit_bull_terrier, staffordshire_bull_terrier, american_bulldog, miniature_pinscher, chihuahua",True,True
British_Shorthair_97,British_Shorthair,British_Shorthair,0.9982626,"British_Shorthair, Russian_Blue, Persian, Bombay, Maine_Coon",True,True
British_Shorthair_70,British_Shorthair,British_Shorthair,0.9956447,"British_Shorthair, Russian_Blue, Persian, Egyptian_Mau, Bombay",True,True
shiba_inu_68,shiba_inu,shiba_inu,0.9974044,"shiba_inu, chihuahua, pomeranian, beagle, Abyssinian",True,True
Russian_Blue_226,Russian_Blue,Russian_Blue,0.9770398,"Russian_Blue, Bombay, British_Shorthair, Sphynx, Egyptian_Mau",True,True
boxer_106,boxer,boxer,0.9958917,"boxer, staffordshire_bull_terrier, basset_hound, beagle, american_pit_bull_terrier",True,True
Abyssinian_85,Abyssinian,Abyssinian,0.998528,"Abyssinian, Bengal, Siamese, Maine_Coon, Ragdoll",True,True
Russian_Blue_183,Russian_Blue,British_Shorthair,0.8731449,"British_Shorthair, Russian_Blue, Bombay, Persian, Siamese",False,True
Bengal_18,Bengal,Bengal,0.9735281,"Bengal, Maine_Coon, Abyssinian, yorkshire_terrier, Egyptian_Mau",True,True
pug_192,pug,pug,0.940185,"pug, chihuahua, american_pit_bull_terrier, american_bulldog, staffordshire_bull_terrier",True,True
keeshond_104,keeshond,keeshond,0.93705416,"keeshond, samoyed, Russian_Blue, Persian, pomeranian",True,True
great_pyrenees_45,great_pyrenees,great_pyrenees,0.9956097,"great_pyrenees, havanese, samoyed, wheaten_terrier, leonberger",True,True
english_cocker_spaniel_90,english_cocker_spaniel,english_cocker_spaniel,0.9973743,"english_cocker_spaniel, basset_hound, english_setter, german_shorthaired, havanese",True,True
Bengal_34,Bengal,Bengal,0.81741685,"Bengal, Maine_Coon, Abyssinian, yorkshire_terrier, english_cocker_spaniel",True,True
english_setter_192,english_setter,english_setter,0.97664076,"english_setter, beagle, english_cocker_spaniel, american_bulldog, pug",True,True
english_setter_115,english_setter,english_setter,0.6272954,"english_setter, english_cocker_spaniel, great_pyrenees, havanese, japanese_chin",True,True
Sphynx_9,Sphynx,Sphynx,0.47748727,"Sphynx, chihuahua, beagle, basset_hound, Russian_Blue",True,True
chihuahua_43,chihuahua,chihuahua,0.9923746,"chihuahua, miniature_pinscher, Sphynx, Siamese, Abyssinian",True,True
beagle_149,beagle,beagle,0.80435133,"beagle, basset_hound, english_cocker_spaniel, miniature_pinscher, american_bulldog",True,True
scottish_terrier_110,scottish_terrier,scottish_terrier,0.98528844,"scottish_terrier, yorkshire_terrier, havanese, english_cocker_spaniel, keeshond",True,True
Persian_31,Persian,Persian,0.99904174,"Persian, British_Shorthair, Ragdoll, samoyed, keeshond",True,True
Maine_Coon_247,Maine_Coon,Bengal,0.98212576,"Bengal, Egyptian_Mau, yorkshire_terrier, Maine_Coon, Abyssinian",False,True
British_Shorthair_209,British_Shorthair,British_Shorthair,0.99322754,"British_Shorthair, Russian_Blue, Persian, Bombay, Abyssinian",True,True
german_shorthaired_171,german_shorthaired,english_setter,0.97922426,"english_setter, german_shorthaired, english_cocker_spaniel, pug, american_pit_bull_terrier",False,True
staffordshire_bull_terrier_113,staffordshire_bull_terrier,staffordshire_bull_terrier,0.9940194,"staffordshire_bull_terrier, american_pit_bull_terrier, boxer, Russian_Blue, german_shorthaired",True,True
wheaten_terrier_35,wheaten_terrier,wheaten_terrier,0.454633,"wheaten_terrier, american_bulldog, Russian_Blue, staffordshire_bull_terrier, english_setter",True,True
pomeranian_125,pomeranian,pomeranian,0.91470784,"pomeranian, samoyed, Persian, Maine_Coon, great_pyrenees",True,True
scottish_terrier_43,scottish_terrier,scottish_terrier,0.9205684,"scottish_terrier, yorkshire_terrier, havanese, wheaten_terrier, keeshond",True,True
Persian_42,Persian,Persian,0.9975441,"Persian, Ragdoll, British_Shorthair, Birman, samoyed",True,True
Bombay_24,Bombay,Bombay,0.9977754,"Bombay, Russian_Blue, Siamese, newfoundland, staffordshire_bull_terrier",True,True
pug_7,pug,american_bulldog,0.730702,"american_bulldog, pug, english_setter, japanese_chin, boxer",False,True
yorkshire_terrier_43,yorkshire_terrier,yorkshire_terrier,0.9975383,"yorkshire_terrier, havanese, english_cocker_spaniel, wheaten_terrier, pomeranian",True,True
shiba_inu_175,shiba_inu,shiba_inu,0.9549394,"shiba_inu, Abyssinian, Siamese, pug, beagle",True,True
Maine_Coon_138,Maine_Coon,Maine_Coon,0.9860108,"Maine_Coon, Ragdoll, Persian, Abyssinian, Bengal",True,True
Maine_Coon_246,Maine_Coon,Maine_Coon,0.8512389,"Maine_Coon, Egyptian_Mau, Bengal, Abyssinian, Russian_Blue",True,True
Egyptian_Mau_128,Egyptian_Mau,Egyptian_Mau,0.9327995,"Egyptian_Mau, Bengal, Abyssinian, Russian_Blue, British_Shorthair",True,True
scottish_terrier_161,scottish_terrier,scottish_terrier,0.86199677,"scottish_terrier, chihuahua, yorkshire_terrier, staffordshire_bull_terrier, Bombay",True,True
shiba_inu_31,shiba_inu,shiba_inu,0.9451744,"shiba_inu, chihuahua, pomeranian, Abyssinian, Siamese",True,True
pug_77,pug,pug,0.99952364,"pug, american_bulldog, boxer, leonberger, great_pyrenees",True,True
shiba_inu_28,shiba_inu,shiba_inu,0.6028686,"shiba_inu, chihuahua, pomeranian, american_pit_bull_terrier, beagle",True,True
Ragdoll_117,Ragdoll,Ragdoll,0.9817955,"Ragdoll, Birman, samoyed, Persian, japanese_chin",True,True
basset_hound_103,basset_hound,basset_hound,0.9052359,"basset_hound, beagle, boxer, american_bulldog, staffordshire_bull_terrier",True,True
havanese_31,havanese,havanese,0.97803146,"havanese, yorkshire_terrier, japanese_chin, scottish_terrier, wheaten_terrier",True,True
Siamese_116,Siamese,Siamese,0.9877186,"Siamese, Birman, Abyssinian, Ragdoll, shiba_inu",True,True
Siamese_196,Siamese,Siamese,0.9924529,"Siamese, Birman, shiba_inu, chihuahua, pug",True,True
Maine_Coon_149,Maine_Coon,Maine_Coon,0.99971384,"Maine_Coon, Persian, Egyptian_Mau, Bengal, British_Shorthair",True,True
great_pyrenees_78,great_pyrenees,great_pyrenees,0.9974619,"great_pyrenees, english_setter, samoyed, saint_bernard, havanese",True,True
great_pyrenees_140,great_pyrenees,great_pyrenees,0.48361105,"great_pyrenees, samoyed, shiba_inu, american_bulldog, american_pit_bull_terrier",True,True
Russian_Blue_76,Russian_Blue,Russian_Blue,0.9998073,"Russian_Blue, Sphynx, Siamese, Abyssinian, British_Shorthair",True,True
Ragdoll_1,Ragdoll,Ragdoll,0.99480176,"Ragdoll, Persian, Birman, Maine_Coon, Abyssinian",True,True
american_pit_bull_terrier_190,american_pit_bull_terrier,saint_bernard,0.22209334,"saint_bernard, beagle, american_pit_bull_terrier, chihuahua, english_setter",False,True
basset_hound_22,basset_hound,basset_hound,0.9716019,"basset_hound, beagle, english_cocker_spaniel, american_pit_bull_terrier, staffordshire_bull_terrier",True,True
pug_28,pug,pug,0.9751524,"pug, boxer, staffordshire_bull_terrier, american_bulldog, havanese",True,True
Birman_47,Birman,Birman,0.48169214,"Birman, Siamese, Ragdoll, japanese_chin, saint_bernard",True,True
great_pyrenees_139,great_pyrenees,great_pyrenees,0.95927525,"great_pyrenees, american_bulldog, samoyed, saint_bernard, english_setter",True,True
keeshond_96,keeshond,keeshond,0.89483833,"keeshond, Maine_Coon, pomeranian, Persian, samoyed",True,True
Persian_26,Persian,Persian,0.9605304,"Persian, Maine_Coon, British_Shorthair, Ragdoll, yorkshire_terrier",True,True
staffordshire_bull_terrier_116,staffordshire_bull_terrier,staffordshire_bull_terrier,0.66731614,"staffordshire_bull_terrier, american_pit_bull_terrier, boxer, american_bulldog, chihuahua",True,True
boxer_133,boxer,boxer,0.93780714,"boxer, pug, american_bulldog, staffordshire_bull_terrier, saint_bernard",True,True
staffordshire_bull_terrier_189,staffordshire_bull_terrier,american_bulldog,0.9586682,"american_bulldog, pug, american_pit_bull_terrier, staffordshire_bull_terrier, boxer",False,True
staffordshire_bull_terrier_62,staffordshire_bull_terrier,staffordshire_bull_terrier,0.615837,"staffordshire_bull_terrier, american_pit_bull_terrier, american_bulldog, boxer, chihuahua",True,True
saint_bernard_181,saint_bernard,saint_bernard,0.9930032,"saint_bernard, basset_hound, boxer, leonberger, beagle",True,True
British_Shorthair_158,British_Shorthair,British_Shorthair,0.93539894,"British_Shorthair, Russian_Blue, Egyptian_Mau, Persian, Abyssinian",True,True
great_pyrenees_157,great_pyrenees,great_pyrenees,0.99520504,"great_pyrenees, samoyed, keeshond, havanese, english_setter",True,True
staffordshire_bull_terrier_111,staffordshire_bull_terrier,staffordshire_bull_terrier,0.35851222,"staffordshire_bull_terrier, pug, boxer, newfoundland, Russian_Blue",True,True
japanese_chin_153,japanese_chin,japanese_chin,0.93654007,"japanese_chin, havanese, saint_bernard, english_setter, english_cocker_spaniel",True,True
shiba_inu_43,shiba_inu,shiba_inu,0.99501354,"shiba_inu, pomeranian, chihuahua, Abyssinian, pug",True,True
Birman_94,Birman,Ragdoll,0.3533134,"Ragdoll, Maine_Coon, Siamese, Birman, Abyssinian",False,True
pug_165,pug,staffordshire_bull_terrier,0.57571805,"staffordshire_bull_terrier, pug, american_pit_bull_terrier, boxer, chihuahua",False,True
Ragdoll_190,Ragdoll,Ragdoll,0.54522586,"Ragdoll, Birman, Persian, japanese_chin, Maine_Coon",True,True
Ragdoll_121,Ragdoll,Ragdoll,0.9889816,"Ragdoll, Birman, Siamese, Maine_Coon, Persian",True,True
havanese_170,havanese,staffordshire_bull_terrier,0.6876666,"staffordshire_bull_terrier, newfoundland, scottish_terrier, german_shorthaired, yorkshire_terrier",False,False
yorkshire_terrier_89,yorkshire_terrier,yorkshire_terrier,0.98411155,"yorkshire_terrier, scottish_terrier, havanese, wheaten_terrier, english_cocker_spaniel",True,True
english_cocker_spaniel_182,english_cocker_spaniel,basset_hound,0.3087697,"basset_hound, english_cocker_spaniel, Bengal, miniature_pinscher, newfoundland",False,True
shiba_inu_126,shiba_inu,shiba_inu,0.9774858,"shiba_inu, samoyed, chihuahua, pomeranian, miniature_pinscher",True,True
shiba_inu_24,shiba_inu,shiba_inu,0.99874204,"shiba_inu, pomeranian, chihuahua, leonberger, Abyssinian",True,True
Russian_Blue_221,Russian_Blue,Bombay,0.57066804,"Bombay, British_Shorthair, Russian_Blue, pug, Persian",False,True
saint_bernard_91,saint_bernard,saint_bernard,0.9705071,"saint_bernard, basset_hound, leonberger, boxer, english_cocker_spaniel",True,True
havanese_102,havanese,havanese,0.9764996,"havanese, yorkshire_terrier, wheaten_terrier, scottish_terrier, english_cocker_spaniel",True,True
Maine_Coon_153,Maine_Coon,Maine_Coon,0.9987674,"Maine_Coon, Bengal, Egyptian_Mau, Persian, Abyssinian",True,True
shiba_inu_207,shiba_inu,shiba_inu,0.99924684,"shiba_inu, samoyed, pomeranian, chihuahua, Abyssinian",True,True
Siamese_183,Siamese,Siamese,0.8625402,"Siamese, Birman, Ragdoll, Sphynx, chihuahua",True,True
Ragdoll_113,Ragdoll,Ragdoll,0.58145946,"Ragdoll, Birman, Siamese, Persian, Maine_Coon",True,True
chihuahua_56,chihuahua,chihuahua,0.9521335,"chihuahua, american_pit_bull_terrier, miniature_pinscher, Sphynx, beagle",True,True
american_bulldog_95,american_bulldog,american_pit_bull_terrier,0.49708715,"american_pit_bull_terrier, boxer, staffordshire_bull_terrier, american_bulldog, saint_bernard",False,True
miniature_pinscher_149,miniature_pinscher,miniature_pinscher,0.7359791,"miniature_pinscher, chihuahua, yorkshire_terrier, wheaten_terrier, american_pit_bull_terrier",True,True
Maine_Coon_99,Maine_Coon,Maine_Coon,0.99812144,"Maine_Coon, Persian, Ragdoll, japanese_chin, Bengal",True,True
staffordshire_bull_terrier_80,staffordshire_bull_terrier,staffordshire_bull_terrier,0.38658684,"staffordshire_bull_terrier, shiba_inu, american_pit_bull_terrier, beagle, basset_hound",True,True
Ragdoll_67,Ragdoll,Birman,0.470162,"Birman, Ragdoll, keeshond, Siamese, Persian",False,True
Persian_149,Persian,Persian,0.9538601,"Persian, Maine_Coon, Ragdoll, British_Shorthair, Birman",True,True
japanese_chin_21,japanese_chin,japanese_chin,0.9825447,"japanese_chin, saint_bernard, Birman, havanese, pug",True,True
german_shorthaired_90,german_shorthaired,german_shorthaired,0.99806124,"german_shorthaired, american_pit_bull_terrier, english_setter, english_cocker_spaniel, basset_hound",True,True
japanese_chin_92,japanese_chin,japanese_chin,0.9990766,"japanese_chin, havanese, saint_bernard, keeshond, great_pyrenees",True,True
Siamese_254,Siamese,Bengal,0.24969131,"Bengal, Abyssinian, Persian, British_Shorthair, Bombay",False,False
great_pyrenees_80,great_pyrenees,great_pyrenees,0.9896746,"great_pyrenees, samoyed, leonberger, havanese, wheaten_terrier",True,True
Egyptian_Mau_45,Egyptian_Mau,Egyptian_Mau,0.87686265,"Egyptian_Mau, Russian_Blue, Bengal, British_Shorthair, Abyssinian",True,True
Bombay_108,Bombay,Bombay,0.9466707,"Bombay, Abyssinian, Maine_Coon, miniature_pinscher, chihuahua",True,True
german_shorthaired_55,german_shorthaired,german_shorthaired,0.980808,"german_shorthaired, beagle, basset_hound, english_cocker_spaniel, english_setter",True,True
saint_bernard_13,saint_bernard,saint_bernard,0.9994374,"saint_bernard, basset_hound, japanese_chin, leonberger, great_pyrenees",True,True
wheaten_terrier_174,wheaten_terrier,wheaten_terrier,0.99977666,"wheaten_terrier, leonberger, havanese, english_cocker_spaniel, scottish_terrier",True,True
german_shorthaired_176,german_shorthaired,Sphynx,0.9372868,"Sphynx, german_shorthaired, Abyssinian, miniature_pinscher, beagle",False,True
Egyptian_Mau_27,Egyptian_Mau,Egyptian_Mau,0.9981667,"Egyptian_Mau, Bengal, Maine_Coon, english_setter, British_Shorthair",True,True
beagle_7,beagle,beagle,0.9994191,"beagle, basset_hound, english_setter, shiba_inu, saint_bernard",True,True
Russian_Blue_150,Russian_Blue,Russian_Blue,0.9963348,"Russian_Blue, Sphynx, British_Shorthair, Egyptian_Mau, Abyssinian",True,True
Sphynx_192,Sphynx,Sphynx,0.961023,"Sphynx, chihuahua, german_shorthaired, american_bulldog, Siamese",True,True
keeshond_105,keeshond,keeshond,0.99681866,"keeshond, pomeranian, Persian, leonberger, samoyed",True,True
basset_hound_17,basset_hound,basset_hound,0.9851767,"basset_hound, beagle, english_cocker_spaniel, staffordshire_bull_terrier, german_shorthaired",True,True
shiba_inu_81,shiba_inu,shiba_inu,0.85542333,"shiba_inu, samoyed, scottish_terrier, chihuahua, staffordshire_bull_terrier",True,True
Siamese_122,Siamese,Siamese,0.97051865,"Siamese, Birman, Ragdoll, Sphynx, Russian_Blue",True,True
japanese_chin_170,japanese_chin,japanese_chin,0.732573,"japanese_chin, havanese, saint_bernard, great_pyrenees, pug",True,True
pomeranian_200,pomeranian,havanese,0.23265271,"havanese, great_pyrenees, samoyed, japanese_chin, keeshond",False,False
British_Shorthair_124,British_Shorthair,British_Shorthair,0.96593887,"British_Shorthair, Russian_Blue, Abyssinian, Persian, Maine_Coon",True,True
english_cocker_spaniel_142,english_cocker_spaniel,english_setter,0.6940178,"english_setter, english_cocker_spaniel, american_bulldog, german_shorthaired, beagle",False,True
english_cocker_spaniel_162,english_cocker_spaniel,english_cocker_spaniel,0.7642507,"english_cocker_spaniel, beagle, english_setter, german_shorthaired, basset_hound",True,True
american_bulldog_117,american_bulldog,american_pit_bull_terrier,0.5574858,"american_pit_bull_terrier, american_bulldog, beagle, staffordshire_bull_terrier, boxer",False,True
Bengal_132,Bengal,Bengal,0.59332967,"Bengal, Egyptian_Mau, Maine_Coon, Abyssinian, english_setter",True,True
basset_hound_134,basset_hound,basset_hound,0.99084646,"basset_hound, beagle, english_cocker_spaniel, german_shorthaired, staffordshire_bull_terrier",True,True
basset_hound_4,basset_hound,beagle,0.40508646,"beagle, basset_hound, staffordshire_bull_terrier, boxer, american_pit_bull_terrier",False,True
Bombay_68,Bombay,Bombay,0.9692245,"Bombay, Abyssinian, Siamese, Russian_Blue, miniature_pinscher",True,True
Sphynx_178,Sphynx,Sphynx,0.99661785,"Sphynx, Abyssinian, Russian_Blue, Siamese, Bengal",True,True
great_pyrenees_133,great_pyrenees,great_pyrenees,0.9681525,"great_pyrenees, english_setter, samoyed, english_cocker_spaniel, British_Shorthair",True,True
havanese_190,havanese,havanese,0.98634744,"havanese, wheaten_terrier, great_pyrenees, japanese_chin, yorkshire_terrier",True,True
keeshond_94,keeshond,keeshond,0.99863356,"keeshond, leonberger, pomeranian, yorkshire_terrier, great_pyrenees",True,True
pug_199,pug,pug,0.9998098,"pug, boxer, american_pit_bull_terrier, american_bulldog, chihuahua",True,True
german_shorthaired_22,german_shorthaired,staffordshire_bull_terrier,0.50991523,"staffordshire_bull_terrier, german_shorthaired, american_pit_bull_terrier, miniature_pinscher, chihuahua",False,True
keeshond_89,keeshond,keeshond,0.99923956,"keeshond, samoyed, pomeranian, scottish_terrier, great_pyrenees",True,True
pomeranian_47,pomeranian,pomeranian,0.9776419,"pomeranian, japanese_chin, chihuahua, shiba_inu, great_pyrenees",True,True
Egyptian_Mau_199,Egyptian_Mau,Egyptian_Mau,0.93163675,"Egyptian_Mau, Maine_Coon, Bengal, Russian_Blue, Abyssinian",True,True
pug_22,pug,boxer,0.9780221,"boxer, pug, american_bulldog, beagle, saint_bernard",False,True
american_pit_bull_terrier_204,american_pit_bull_terrier,american_pit_bull_terrier,0.52138436,"american_pit_bull_terrier, miniature_pinscher, chihuahua, staffordshire_bull_terrier, american_bulldog",True,True
chihuahua_115,chihuahua,chihuahua,0.549269,"chihuahua, miniature_pinscher, Abyssinian, pomeranian, Bengal",True,True
Abyssinian_151,Abyssinian,Abyssinian,0.3094908,"Abyssinian, Bengal, Maine_Coon, boxer, Sphynx",True,True
leonberger_75,leonberger,leonberger,0.9999287,"leonberger, saint_bernard, keeshond, great_pyrenees, pug",True,True
pug_168,pug,pug,0.9999975,"pug, chihuahua, boxer, american_bulldog, staffordshire_bull_terrier",True,True
British_Shorthair_119,British_Shorthair,British_Shorthair,0.9995245,"British_Shorthair, Persian, Russian_Blue, Bombay, Maine_Coon",True,True
english_setter_190,english_setter,english_setter,0.7999387,"english_setter, saint_bernard, english_cocker_spaniel, japanese_chin, great_pyrenees",True,True
havanese_192,havanese,havanese,0.99982125,"havanese, yorkshire_terrier, wheaten_terrier, japanese_chin, english_cocker_spaniel",True,True
great_pyrenees_155,great_pyrenees,great_pyrenees,0.8946598,"great_pyrenees, samoyed, english_setter, english_cocker_spaniel, havanese",True,True
Russian_Blue_123,Russian_Blue,Russian_Blue,0.99725866,"Russian_Blue, British_Shorthair, scottish_terrier, staffordshire_bull_terrier, keeshond",True,True
Ragdoll_227,Ragdoll,Abyssinian,0.5123764,"Abyssinian, Ragdoll, Siamese, Bengal, Russian_Blue",False,True
Ragdoll_134,Ragdoll,Ragdoll,0.9902864,"Ragdoll, Persian, Maine_Coon, Abyssinian, Birman",True,True
Abyssinian_128,Abyssinian,Abyssinian,0.997315,"Abyssinian, Siamese, Bengal, miniature_pinscher, chihuahua",True,True
english_cocker_spaniel_4,english_cocker_spaniel,newfoundland,0.5453372,"newfoundland, english_cocker_spaniel, scottish_terrier, english_setter, havanese",False,True
Egyptian_Mau_161,Egyptian_Mau,Egyptian_Mau,0.93780535,"Egyptian_Mau, Russian_Blue, Sphynx, Bengal, Maine_Coon",True,True
saint_bernard_20,saint_bernard,saint_bernard,0.8902434,"saint_bernard, boxer, basset_hound, leonberger, beagle",True,True
Ragdoll_35,Ragdoll,Birman,0.96962917,"Birman, Siamese, Ragdoll, japanese_chin, keeshond",False,True
great_pyrenees_1,great_pyrenees,great_pyrenees,0.998524,"great_pyrenees, samoyed, havanese, leonberger, keeshond",True,True
Abyssinian_169,Abyssinian,Abyssinian,0.98371017,"Abyssinian, Bengal, Maine_Coon, Egyptian_Mau, Russian_Blue",True,True
japanese_chin_11,japanese_chin,japanese_chin,0.97248447,"japanese_chin, havanese, yorkshire_terrier, Persian, pomeranian",True,True
english_cocker_spaniel_199,english_cocker_spaniel,english_cocker_spaniel,0.99983776,"english_cocker_spaniel, basset_hound, english_setter, wheaten_terrier, yorkshire_terrier",True,True
Persian_260,Persian,Persian,0.9997495,"Persian, British_Shorthair, Maine_Coon, samoyed, Ragdoll",True,True
Maine_Coon_222,Maine_Coon,Maine_Coon,0.5275923,"Maine_Coon, Persian, British_Shorthair, Abyssinian, Bengal",True,True
shiba_inu_8,shiba_inu,shiba_inu,0.9994475,"shiba_inu, chihuahua, samoyed, american_pit_bull_terrier, staffordshire_bull_terrier",True,True
Russian_Blue_242,Russian_Blue,Russian_Blue,0.9969081,"Russian_Blue, British_Shorthair, Egyptian_Mau, Abyssinian, Bombay",True,True
pug_183,pug,pug,0.9963517,"pug, american_pit_bull_terrier, american_bulldog, staffordshire_bull_terrier, boxer",True,True
samoyed_114,samoyed,samoyed,0.6696655,"samoyed, great_pyrenees, keeshond, havanese, japanese_chin",True,True
english_cocker_spaniel_132,english_cocker_spaniel,english_cocker_spaniel,0.97431445,"english_cocker_spaniel, havanese, newfoundland, yorkshire_terrier, scottish_terrier",True,True
english_setter_86,english_setter,english_setter,0.9996007,"english_setter, Egyptian_Mau, great_pyrenees, english_cocker_spaniel, basset_hound",True,True
pomeranian_142,pomeranian,pomeranian,0.99932003,"pomeranian, chihuahua, shiba_inu, Persian, japanese_chin",True,True
Persian_70,Persian,Persian,0.99990785,"Persian, Maine_Coon, British_Shorthair, keeshond, yorkshire_terrier",True,True
leonberger_53,leonberger,leonberger,0.99713767,"leonberger, saint_bernard, great_pyrenees, keeshond, pug",True,True
havanese_106,havanese,havanese,0.84649235,"havanese, yorkshire_terrier, wheaten_terrier, scottish_terrier, Ragdoll",True,True
Ragdoll_174,Ragdoll,Ragdoll,0.71768844,"Ragdoll, Birman, samoyed, pomeranian, Persian",True,True
chihuahua_116,chihuahua,chihuahua,0.9981724,"chihuahua, miniature_pinscher, american_pit_bull_terrier, Sphynx, staffordshire_bull_terrier",True,True
miniature_pinscher_42,miniature_pinscher,miniature_pinscher,0.8250765,"miniature_pinscher, chihuahua, Bengal, Abyssinian, Siamese",True,True
havanese_14,havanese,havanese,0.9816819,"havanese, wheaten_terrier, yorkshire_terrier, scottish_terrier, english_cocker_spaniel",True,True
american_pit_bull_terrier_189,american_pit_bull_terrier,american_pit_bull_terrier,0.97126275,"american_pit_bull_terrier, staffordshire_bull_terrier, miniature_pinscher, chihuahua, Sphynx",True,True
basset_hound_142,basset_hound,basset_hound,0.9744718,"basset_hound, beagle, english_cocker_spaniel, saint_bernard, japanese_chin",True,True
Bengal_172,Bengal,Bengal,0.6055476,"Bengal, Abyssinian, miniature_pinscher, chihuahua, Egyptian_Mau",True,True
american_bulldog_19,american_bulldog,american_bulldog,0.960684,"american_bulldog, american_pit_bull_terrier, staffordshire_bull_terrier, beagle, boxer",True,True
samoyed_72,samoyed,samoyed,0.9414827,"samoyed, great_pyrenees, shiba_inu, pomeranian, Persian",True,True
Persian_117,Persian,Persian,0.992831,"Persian, pomeranian, Maine_Coon, Ragdoll, British_Shorthair",True,True
great_pyrenees_125,great_pyrenees,great_pyrenees,0.9963505,"great_pyrenees, havanese, english_setter, samoyed, wheaten_terrier",True,True
miniature_pinscher_27,miniature_pinscher,miniature_pinscher,0.99975497,"miniature_pinscher, yorkshire_terrier, chihuahua, basset_hound, staffordshire_bull_terrier",True,True
japanese_chin_80,japanese_chin,japanese_chin,0.5782573,"japanese_chin, beagle, american_bulldog, american_pit_bull_terrier, chihuahua",True,True
english_cocker_spaniel_10,english_cocker_spaniel,english_cocker_spaniel,0.9962851,"english_cocker_spaniel, english_setter, basset_hound, beagle, japanese_chin",True,True
samoyed_77,samoyed,samoyed,0.99643517,"samoyed, great_pyrenees, pomeranian, Ragdoll, Persian",True,True
american_pit_bull_terrier_126,american_pit_bull_terrier,american_pit_bull_terrier,0.7365066,"american_pit_bull_terrier, chihuahua, pomeranian, miniature_pinscher, staffordshire_bull_terrier",True,True
english_cocker_spaniel_123,english_cocker_spaniel,yorkshire_terrier,0.7002744,"yorkshire_terrier, english_cocker_spaniel, english_setter, havanese, miniature_pinscher",False,True
basset_hound_133,basset_hound,basset_hound,0.4847873,"basset_hound, boxer, saint_bernard, american_bulldog, beagle",True,True
pug_203,pug,pug,0.9992353,"pug, boxer, american_bulldog, leonberger, chihuahua",True,True
wheaten_terrier_161,wheaten_terrier,wheaten_terrier,0.997813,"wheaten_terrier, english_cocker_spaniel, scottish_terrier, havanese, Maine_Coon",True,True
american_bulldog_142,american_bulldog,american_bulldog,0.96344805,"american_bulldog, american_pit_bull_terrier, staffordshire_bull_terrier, pug, boxer",True,True
Abyssinian_46,Abyssinian,Abyssinian,0.9374196,"Abyssinian, Sphynx, Maine_Coon, Ragdoll, chihuahua",True,True
shiba_inu_112,shiba_inu,shiba_inu,0.80414873,"shiba_inu, beagle, basset_hound, boxer, chihuahua",True,True
leonberger_84,leonberger,leonberger,0.9921842,"leonberger, boxer, wheaten_terrier, pug, saint_bernard",True,True
american_bulldog_221,american_bulldog,american_bulldog,0.8704789,"american_bulldog, american_pit_bull_terrier, beagle, english_setter, great_pyrenees",True,True
saint_bernard_89,saint_bernard,saint_bernard,0.82369727,"saint_bernard, leonberger, great_pyrenees, basset_hound, english_setter",True,True
japanese_chin_161,japanese_chin,japanese_chin,0.9998816,"japanese_chin, havanese, saint_bernard, english_cocker_spaniel, Ragdoll",True,True
Ragdoll_79,Ragdoll,Birman,0.6681023,"Birman, Ragdoll, Siamese, japanese_chin, Persian",False,True
american_pit_bull_terrier_203,american_pit_bull_terrier,american_pit_bull_terrier,0.96760845,"american_pit_bull_terrier, chihuahua, staffordshire_bull_terrier, american_bulldog, pug",True,True
english_setter_168,english_setter,english_setter,0.867524,"english_setter, english_cocker_spaniel, american_pit_bull_terrier, american_bulldog, wheaten_terrier",True,True
american_bulldog_10,american_bulldog,american_bulldog,0.9815005,"american_bulldog, american_pit_bull_terrier, staffordshire_bull_terrier, boxer, beagle",True,True
shiba_inu_205,shiba_inu,shiba_inu,0.77859163,"shiba_inu, samoyed, chihuahua, great_pyrenees, basset_hound",True,True
american_pit_bull_terrier_62,american_pit_bull_terrier,american_pit_bull_terrier,0.9573112,"american_pit_bull_terrier, american_bulldog, staffordshire_bull_terrier, german_shorthaired, beagle",True,True
British_Shorthair_51,British_Shorthair,British_Shorthair,0.99676454,"British_Shorthair, Persian, Abyssinian, Ragdoll, Maine_Coon",True,True
Sphynx_61,Sphynx,Sphynx,0.39298293,"Sphynx, japanese_chin, chihuahua, beagle, Siamese",True,True
Bombay_78,Bombay,Bombay,0.9961004,"Bombay, Maine_Coon, British_Shorthair, scottish_terrier, newfoundland",True,True
wheaten_terrier_108,wheaten_terrier,havanese,0.6433603,"havanese, wheaten_terrier, great_pyrenees, scottish_terrier, pug",False,True
great_pyrenees_144,great_pyrenees,great_pyrenees,0.9940572,"great_pyrenees, leonberger, wheaten_terrier, english_setter, samoyed",True,True
english_setter_17,english_setter,english_setter,0.9858041,"english_setter, english_cocker_spaniel, german_shorthaired, beagle, havanese",True,True
Russian_Blue_159,Russian_Blue,Russian_Blue,0.9389462,"Russian_Blue, British_Shorthair, Siamese, Abyssinian, scottish_terrier",True,True
pomeranian_170,pomeranian,pomeranian,0.9978732,"pomeranian, samoyed, Ragdoll, Persian, japanese_chin",True,True
Bombay_56,Bombay,Bombay,0.92580223,"Bombay, Siamese, Russian_Blue, British_Shorthair, Abyssinian",True,True
basset_hound_7,basset_hound,basset_hound,0.84426874,"basset_hound, beagle, american_bulldog, boxer, saint_bernard",True,True
american_pit_bull_terrier_161,american_pit_bull_terrier,american_pit_bull_terrier,0.71622986,"american_pit_bull_terrier, american_bulldog, staffordshire_bull_terrier, chihuahua, pug",True,True
great_pyrenees_42,great_pyrenees,great_pyrenees,0.7955184,"great_pyrenees, wheaten_terrier, english_cocker_spaniel, havanese, leonberger",True,True
Siamese_216,Siamese,Siamese,0.98376274,"Siamese, Bombay, Ragdoll, Birman, Abyssinian",True,True
chihuahua_74,chihuahua,chihuahua,0.7690294,"chihuahua, miniature_pinscher, staffordshire_bull_terrier, american_pit_bull_terrier, beagle",True,True
samoyed_143,samoyed,samoyed,0.94562703,"samoyed, great_pyrenees, shiba_inu, Ragdoll, pomeranian",True,True
keeshond_18,keeshond,keeshond,0.9995839,"keeshond, pomeranian, samoyed, Persian, great_pyrenees",True,True
beagle_79,beagle,american_pit_bull_terrier,0.67042696,"american_pit_bull_terrier, beagle, american_bulldog, staffordshire_bull_terrier, chihuahua",False,True
japanese_chin_64,japanese_chin,japanese_chin,0.9986003,"japanese_chin, havanese, english_cocker_spaniel, english_setter, american_bulldog",True,True
Russian_Blue_158,Russian_Blue,Russian_Blue,0.77169394,"Russian_Blue, Sphynx, Siamese, British_Shorthair, miniature_pinscher",True,True
scottish_terrier_21,scottish_terrier,scottish_terrier,0.9992256,"scottish_terrier, yorkshire_terrier, staffordshire_bull_terrier, keeshond, chihuahua",True,True
pomeranian_90,pomeranian,pomeranian,0.9990565,"pomeranian, samoyed, shiba_inu, keeshond, Persian",True,True
shiba_inu_34,shiba_inu,shiba_inu,0.99953306,"shiba_inu, samoyed, chihuahua, staffordshire_bull_terrier, pomeranian",True,True
samoyed_15,samoyed,samoyed,0.9928076,"samoyed, great_pyrenees, shiba_inu, pomeranian, keeshond",True,True
Abyssinian_47,Abyssinian,Abyssinian,0.9908869,"Abyssinian, Ragdoll, Maine_Coon, Bengal, Sphynx",True,True
american_pit_bull_terrier_197,american_pit_bull_terrier,staffordshire_bull_terrier,0.9740814,"staffordshire_bull_terrier, american_pit_bull_terrier, basset_hound, boxer, beagle",False,True
scottish_terrier_57,scottish_terrier,scottish_terrier,0.9990164,"scottish_terrier, yorkshire_terrier, newfoundland, english_cocker_spaniel, havanese",True,True
Abyssinian_134,Abyssinian,Abyssinian,0.98880184,"Abyssinian, Maine_Coon, Bengal, British_Shorthair, Russian_Blue",True,True
Egyptian_Mau_201,Egyptian_Mau,Bombay,0.6411317,"Bombay, Russian_Blue, Egyptian_Mau, Bengal, Abyssinian",False,True
pomeranian_93,pomeranian,pomeranian,0.99261004,"pomeranian, Persian, Maine_Coon, samoyed, keeshond",True,True
german_shorthaired_72,german_shorthaired,german_shorthaired,0.9994203,"german_shorthaired, american_pit_bull_terrier, english_setter, beagle, basset_hound",True,True
newfoundland_107,newfoundland,newfoundland,0.9851655,"newfoundland, leonberger, english_cocker_spaniel, havanese, scottish_terrier",True,True
chihuahua_161,chihuahua,chihuahua,0.8199998,"chihuahua, Abyssinian, Siamese, Ragdoll, shiba_inu",True,True
great_pyrenees_15,great_pyrenees,great_pyrenees,0.9995685,"great_pyrenees, samoyed, havanese, leonberger, keeshond",True,True
Egyptian_Mau_40,Egyptian_Mau,Egyptian_Mau,0.62930065,"Egyptian_Mau, Bengal, Sphynx, Abyssinian, Maine_Coon",True,True
basset_hound_110,basset_hound,beagle,0.8988461,"beagle, basset_hound, german_shorthaired, boxer, staffordshire_bull_terrier",False,True
British_Shorthair_77,British_Shorthair,British_Shorthair,0.9744811,"British_Shorthair, Russian_Blue, Egyptian_Mau, Persian, Maine_Coon",True,True
miniature_pinscher_125,miniature_pinscher,chihuahua,0.192044,"chihuahua, beagle, miniature_pinscher, basset_hound, Abyssinian",False,True
english_cocker_spaniel_113,english_cocker_spaniel,english_cocker_spaniel,0.95978945,"english_cocker_spaniel, german_shorthaired, english_setter, basset_hound, newfoundland",True,True
Siamese_110,Siamese,Siamese,0.9724448,"Siamese, Birman, Ragdoll, chihuahua, japanese_chin",True,True
Abyssinian_70,Abyssinian,Abyssinian,0.7227542,"Abyssinian, Ragdoll, Maine_Coon, Bengal, Sphynx",True,True
basset_hound_26,basset_hound,basset_hound,0.81581527,"basset_hound, beagle, english_cocker_spaniel, saint_bernard, boxer",True,True
american_bulldog_164,american_bulldog,saint_bernard,0.5474054,"saint_bernard, american_bulldog, beagle, boxer, basset_hound",False,True
miniature_pinscher_98,miniature_pinscher,miniature_pinscher,0.9192015,"miniature_pinscher, boxer, staffordshire_bull_terrier, american_pit_bull_terrier, chihuahua",True,True
german_shorthaired_89,german_shorthaired,german_shorthaired,0.9933838,"german_shorthaired, american_pit_bull_terrier, english_setter, american_bulldog, staffordshire_bull_terrier",True,True
leonberger_146,leonberger,leonberger,0.9995468,"leonberger, saint_bernard, boxer, basset_hound, great_pyrenees",True,True
wheaten_terrier_141,wheaten_terrier,wheaten_terrier,0.99123365,"wheaten_terrier, havanese, scottish_terrier, great_pyrenees, english_cocker_spaniel",True,True
beagle_17,beagle,beagle,0.8172221,"beagle, chihuahua, shiba_inu, staffordshire_bull_terrier, american_pit_bull_terrier",True,True
german_shorthaired_154,german_shorthaired,german_shorthaired,0.9866202,"german_shorthaired, beagle, staffordshire_bull_terrier, basset_hound, american_pit_bull_terrier",True,True
great_pyrenees_62,great_pyrenees,great_pyrenees,0.9935353,"great_pyrenees, samoyed, havanese, newfoundland, wheaten_terrier",True,True
Sphynx_180,Sphynx,Sphynx,0.99995303,"Sphynx, miniature_pinscher, Abyssinian, chihuahua, Siamese",True,True
yorkshire_terrier_142,yorkshire_terrier,yorkshire_terrier,0.9999709,"yorkshire_terrier, scottish_terrier, havanese, Bengal, wheaten_terrier",True,True
german_shorthaired_12,german_shorthaired,german_shorthaired,0.9996722,"german_shorthaired, american_pit_bull_terrier, english_cocker_spaniel, english_setter, beagle",True,True
german_shorthaired_16,german_shorthaired,german_shorthaired,0.99535096,"german_shorthaired, american_pit_bull_terrier, staffordshire_bull_terrier, beagle, boxer",True,True
beagle_75,beagle,beagle,0.9656032,"beagle, basset_hound, boxer, staffordshire_bull_terrier, saint_bernard",True,True
newfoundland_101,newfoundland,newfoundland,0.99356574,"newfoundland, scottish_terrier, keeshond, leonberger, staffordshire_bull_terrier",True,True
Bengal_20,Bengal,Bengal,0.98570675,"Bengal, Abyssinian, miniature_pinscher, Egyptian_Mau, yorkshire_terrier",True,True
german_shorthaired_112,german_shorthaired,german_shorthaired,0.99920887,"german_shorthaired, american_pit_bull_terrier, staffordshire_bull_terrier, english_cocker_spaniel, american_bulldog",True,True
havanese_155,havanese,havanese,0.9735135,"havanese, wheaten_terrier, yorkshire_terrier, scottish_terrier, great_pyrenees",True,True
saint_bernard_32,saint_bernard,saint_bernard,0.97417873,"saint_bernard, american_bulldog, boxer, american_pit_bull_terrier, basset_hound",True,True
saint_bernard_36,saint_bernard,saint_bernard,0.9575406,"saint_bernard, leonberger, boxer, great_pyrenees, japanese_chin",True,True
keeshond_51,keeshond,keeshond,0.9997284,"keeshond, pomeranian, yorkshire_terrier, havanese, scottish_terrier",True,True
Russian_Blue_64,Russian_Blue,Russian_Blue,0.99111676,"Russian_Blue, British_Shorthair, Egyptian_Mau, Abyssinian, Sphynx",True,True
japanese_chin_88,japanese_chin,japanese_chin,0.9446705,"japanese_chin, english_cocker_spaniel, saint_bernard, havanese, english_setter",True,True
beagle_36,beagle,beagle,0.99893266,"beagle, english_setter, german_shorthaired, american_pit_bull_terrier, chihuahua",True,True
Russian_Blue_199,Russian_Blue,Russian_Blue,0.7592053,"Russian_Blue, British_Shorthair, Abyssinian, Bengal, Sphynx",True,True
Siamese_176,Siamese,Siamese,0.73078,"Siamese, Birman, Ragdoll, Sphynx, pug",True,True
Ragdoll_122,Ragdoll,Ragdoll,0.99975747,"Ragdoll, Birman, Maine_Coon, Persian, Abyssinian",True,True
boxer_61,boxer,boxer,0.9918031,"boxer, american_bulldog, pug, staffordshire_bull_terrier, beagle",True,True
great_pyrenees_38,great_pyrenees,wheaten_terrier,0.57351744,"wheaten_terrier, leonberger, great_pyrenees, pomeranian, english_cocker_spaniel",False,True
miniature_pinscher_182,miniature_pinscher,miniature_pinscher,0.9970427,"miniature_pinscher, chihuahua, Sphynx, Abyssinian, staffordshire_bull_terrier",True,True
havanese_41,havanese,havanese,0.710818,"havanese, great_pyrenees, english_cocker_spaniel, wheaten_terrier, newfoundland",True,True
chihuahua_99,chihuahua,chihuahua,0.99630594,"chihuahua, Sphynx, Abyssinian, Siamese, miniature_pinscher",True,True
samoyed_6,samoyed,samoyed,0.997077,"samoyed, great_pyrenees, shiba_inu, pomeranian, Ragdoll",True,True
boxer_92,boxer,boxer,0.99976486,"boxer, american_bulldog, staffordshire_bull_terrier, saint_bernard, pug",True,True
german_shorthaired_108,german_shorthaired,german_shorthaired,0.96931016,"german_shorthaired, english_setter, boxer, american_bulldog, basset_hound",True,True
Russian_Blue_144,Russian_Blue,Russian_Blue,0.9940043,"Russian_Blue, British_Shorthair, Siamese, Abyssinian, Bombay",True,True
beagle_74,beagle,beagle,0.82047284,"beagle, basset_hound, english_cocker_spaniel, staffordshire_bull_terrier, shiba_inu",True,True
Siamese_114,Siamese,Siamese,0.9991968,"Siamese, Birman, Ragdoll, chihuahua, Abyssinian",True,True
keeshond_109,keeshond,keeshond,0.99904794,"keeshond, pomeranian, Persian, great_pyrenees, leonberger",True,True
english_setter_47,english_setter,english_cocker_spaniel,0.4994996,"english_cocker_spaniel, english_setter, great_pyrenees, wheaten_terrier, Maine_Coon",False,True
leonberger_148,leonberger,english_setter,0.39366588,"english_setter, leonberger, wheaten_terrier, english_cocker_spaniel, saint_bernard",False,True
Persian_168,Persian,english_cocker_spaniel,0.41086197,"english_cocker_spaniel, Persian, British_Shorthair, havanese, wheaten_terrier",False,True
Bombay_91,Bombay,Bombay,0.999111,"Bombay, scottish_terrier, Siamese, British_Shorthair, Russian_Blue",True,True
american_bulldog_114,american_bulldog,american_bulldog,0.8337303,"american_bulldog, boxer, japanese_chin, pug, beagle",True,True
Siamese_81,Siamese,Siamese,0.8192679,"Siamese, Birman, Ragdoll, Abyssinian, British_Shorthair",True,True
keeshond_116,keeshond,keeshond,0.9907526,"keeshond, pomeranian, samoyed, Persian, Maine_Coon",True,True
japanese_chin_58,japanese_chin,japanese_chin,0.9883956,"japanese_chin, Ragdoll, havanese, saint_bernard, pomeranian",True,True
Bombay_209,Bombay,Bombay,0.9995958,"Bombay, British_Shorthair, Russian_Blue, Abyssinian, Siamese",True,True
great_pyrenees_17,great_pyrenees,great_pyrenees,0.9934843,"great_pyrenees, leonberger, english_setter, saint_bernard, wheaten_terrier",True,True
British_Shorthair_230,British_Shorthair,Bombay,0.35460427,"Bombay, Russian_Blue, miniature_pinscher, chihuahua, British_Shorthair",False,True
beagle_148,beagle,basset_hound,0.784531,"basset_hound, beagle, saint_bernard, staffordshire_bull_terrier, american_pit_bull_terrier",False,True
american_pit_bull_terrier_198,american_pit_bull_terrier,american_pit_bull_terrier,0.6293648,"american_pit_bull_terrier, staffordshire_bull_terrier, pug, american_bulldog, chihuahua",True,True
Ragdoll_53,Ragdoll,Ragdoll,0.5385657,"Ragdoll, Siamese, Birman, Bengal, yorkshire_terrier",True,True
British_Shorthair_197,British_Shorthair,British_Shorthair,0.9994881,"British_Shorthair, Russian_Blue, Persian, Bombay, shiba_inu",True,True
american_pit_bull_terrier_57,american_pit_bull_terrier,boxer,0.47331846,"boxer, staffordshire_bull_terrier, american_pit_bull_terrier, american_bulldog, basset_hound",False,True
Sphynx_184,Sphynx,Sphynx,0.99391973,"Sphynx, Russian_Blue, Abyssinian, Bengal, american_bulldog",True,True
miniature_pinscher_38,miniature_pinscher,miniature_pinscher,0.39468563,"miniature_pinscher, staffordshire_bull_terrier, boxer, chihuahua, Bombay",True,True
german_shorthaired_111,german_shorthaired,german_shorthaired,0.9998282,"german_shorthaired, english_setter, american_pit_bull_terrier, beagle, english_cocker_spaniel",True,True
Maine_Coon_137,Maine_Coon,Maine_Coon,0.9998523,"Maine_Coon, Bengal, Egyptian_Mau, Persian, Abyssinian",True,True
chihuahua_52,chihuahua,chihuahua,0.9995091,"chihuahua, Sphynx, miniature_pinscher, staffordshire_bull_terrier, boxer",True,True
english_setter_79,english_setter,english_setter,0.9949609,"english_setter, german_shorthaired, english_cocker_spaniel, Egyptian_Mau, Bengal",True,True
english_cocker_spaniel_131,english_cocker_spaniel,english_cocker_spaniel,0.9255615,"english_cocker_spaniel, newfoundland, scottish_terrier, staffordshire_bull_terrier, leonberger",True,True
great_pyrenees_162,great_pyrenees,great_pyrenees,0.9760995,"great_pyrenees, samoyed, keeshond, pomeranian, havanese",True,True
beagle_90,beagle,beagle,0.98679394,"beagle, basset_hound, american_pit_bull_terrier, american_bulldog, saint_bernard",True,True
shiba_inu_15,shiba_inu,shiba_inu,0.9994543,"shiba_inu, chihuahua, pomeranian, samoyed, scottish_terrier",True,True
english_setter_196,english_setter,great_pyrenees,0.6914231,"great_pyrenees, english_cocker_spaniel, havanese, english_setter, wheaten_terrier",False,True
Bombay_184,Bombay,Bombay,0.8768455,"Bombay, staffordshire_bull_terrier, boxer, Siamese, chihuahua",True,True
american_pit_bull_terrier_110,american_pit_bull_terrier,shiba_inu,0.68395466,"shiba_inu, miniature_pinscher, chihuahua, american_pit_bull_terrier, pomeranian",False,True
leonberger_25,leonberger,leonberger,0.9968035,"leonberger, keeshond, newfoundland, saint_bernard, great_pyrenees",True,True
american_bulldog_58,american_bulldog,american_bulldog,0.5805212,"american_bulldog, boxer, staffordshire_bull_terrier, pug, american_pit_bull_terrier",True,True
keeshond_43,keeshond,keeshond,0.8988745,"keeshond, great_pyrenees, samoyed, leonberger, pomeranian",True,True
Sphynx_34,Sphynx,Sphynx,0.9792027,"Sphynx, chihuahua, miniature_pinscher, Abyssinian, Siamese",True,True
Bombay_109,Bombay,Bombay,0.997031,"Bombay, British_Shorthair, Russian_Blue, Siamese, newfoundland",True,True
British_Shorthair_200,British_Shorthair,British_Shorthair,0.98908955,"British_Shorthair, Russian_Blue, Persian, Abyssinian, Bombay",True,True
basset_hound_15,basset_hound,basset_hound,0.71251446,"basset_hound, beagle, english_cocker_spaniel, english_setter, american_pit_bull_terrier",True,True
Bengal_55,Bengal,Bengal,0.998494,"Bengal, boxer, Egyptian_Mau, staffordshire_bull_terrier, basset_hound",True,True
Russian_Blue_79,Russian_Blue,Russian_Blue,0.9979772,"Russian_Blue, British_Shorthair, Egyptian_Mau, shiba_inu, Sphynx",True,True
great_pyrenees_123,great_pyrenees,great_pyrenees,0.99996436,"great_pyrenees, samoyed, leonberger, havanese, english_setter",True,True
havanese_56,havanese,havanese,0.99905103,"havanese, japanese_chin, wheaten_terrier, great_pyrenees, english_cocker_spaniel",True,True
wheaten_terrier_44,wheaten_terrier,havanese,0.9396678,"havanese, wheaten_terrier, great_pyrenees, english_cocker_spaniel, english_setter",False,True
British_Shorthair_218,British_Shorthair,British_Shorthair,0.99846727,"British_Shorthair, Russian_Blue, Bombay, Persian, Abyssinian",True,True
chihuahua_102,chihuahua,chihuahua,0.9490439,"chihuahua, Sphynx, miniature_pinscher, Siamese, Bombay",True,True
Bengal_51,Bengal,Bengal,0.53845924,"Bengal, Maine_Coon, wheaten_terrier, english_setter, Abyssinian",True,True
Maine_Coon_195,Maine_Coon,Maine_Coon,0.9962763,"Maine_Coon, Persian, pomeranian, Abyssinian, Bengal",True,True
Sphynx_250,Sphynx,Sphynx,0.8917404,"Sphynx, Abyssinian, chihuahua, Bengal, Egyptian_Mau",True,True
pomeranian_24,pomeranian,pomeranian,0.95569694,"pomeranian, Ragdoll, samoyed, Persian, Maine_Coon",True,True
staffordshire_bull_terrier_114,staffordshire_bull_terrier,staffordshire_bull_terrier,0.9266773,"staffordshire_bull_terrier, american_pit_bull_terrier, boxer, american_bulldog, chihuahua",True,True
Maine_Coon_191,Maine_Coon,Maine_Coon,0.98696053,"Maine_Coon, Ragdoll, Bengal, Egyptian_Mau, Abyssinian",True,True
Birman_133,Birman,Siamese,0.499149,"Siamese, leonberger, Birman, shiba_inu, pomeranian",False,True
Bombay_144,Bombay,Bombay,0.9808983,"Bombay, British_Shorthair, Russian_Blue, Siamese, Abyssinian",True,True
staffordshire_bull_terrier_5,staffordshire_bull_terrier,staffordshire_bull_terrier,0.7408325,"staffordshire_bull_terrier, american_pit_bull_terrier, miniature_pinscher, boxer, basset_hound",True,True
boxer_31,boxer,boxer,0.99640465,"boxer, saint_bernard, staffordshire_bull_terrier, basset_hound, american_bulldog",True,True
keeshond_75,keeshond,keeshond,0.808118,"keeshond, Persian, havanese, Ragdoll, samoyed",True,True
Maine_Coon_158,Maine_Coon,Maine_Coon,0.99966216,"Maine_Coon, Egyptian_Mau, Ragdoll, Bengal, Abyssinian",True,True
Maine_Coon_174,Maine_Coon,Maine_Coon,0.9938479,"Maine_Coon, Persian, Bengal, Ragdoll, Abyssinian",True,True
saint_bernard_48,saint_bernard,saint_bernard,0.9924663,"saint_bernard, boxer, leonberger, basset_hound, japanese_chin",True,True
american_bulldog_62,american_bulldog,miniature_pinscher,0.36138543,"miniature_pinscher, american_pit_bull_terrier, american_bulldog, chihuahua, Sphynx",False,True
english_cocker_spaniel_101,english_cocker_spaniel,english_setter,0.8188609,"english_setter, english_cocker_spaniel, german_shorthaired, basset_hound, havanese",False,True
beagle_163,beagle,beagle,0.95106786,"beagle, staffordshire_bull_terrier, american_pit_bull_terrier, boxer, american_bulldog",True,True
chihuahua_170,chihuahua,chihuahua,0.999826,"chihuahua, miniature_pinscher, american_pit_bull_terrier, staffordshire_bull_terrier, pomeranian",True,True
saint_bernard_55,saint_bernard,saint_bernard,0.9359119,"saint_bernard, boxer, american_bulldog, american_pit_bull_terrier, japanese_chin",True,True
beagle_117,beagle,beagle,0.9853974,"beagle, german_shorthaired, english_setter, basset_hound, american_pit_bull_terrier",True,True
Siamese_157,Siamese,Siamese,0.9691088,"Siamese, Birman, Ragdoll, shiba_inu, chihuahua",True,True
Abyssinian_152,Abyssinian,Abyssinian,0.9870499,"Abyssinian, Maine_Coon, Persian, Bengal, wheaten_terrier",True,True
staffordshire_bull_terrier_79,staffordshire_bull_terrier,staffordshire_bull_terrier,0.93098646,"staffordshire_bull_terrier, miniature_pinscher, american_pit_bull_terrier, chihuahua, Russian_Blue",True,True
Egyptian_Mau_23,Egyptian_Mau,Egyptian_Mau,0.99304634,"Egyptian_Mau, Bengal, Russian_Blue, english_setter, boxer",True,True
Sphynx_5,Sphynx,Sphynx,0.95630556,"Sphynx, miniature_pinscher, chihuahua, american_pit_bull_terrier, Abyssinian",True,True
boxer_174,boxer,basset_hound,0.65545785,"basset_hound, boxer, leonberger, saint_bernard, german_shorthaired",False,True
Abyssinian_185,Abyssinian,Abyssinian,0.8681502,"Abyssinian, Bengal, Maine_Coon, Egyptian_Mau, Siamese",True,True
shiba_inu_98,shiba_inu,shiba_inu,0.5631895,"shiba_inu, american_pit_bull_terrier, staffordshire_bull_terrier, miniature_pinscher, chihuahua",True,True
Persian_64,Persian,Persian,0.9498531,"Persian, Maine_Coon, British_Shorthair, yorkshire_terrier, Ragdoll",True,True
scottish_terrier_74,scottish_terrier,scottish_terrier,0.56411177,"scottish_terrier, yorkshire_terrier, wheaten_terrier, english_cocker_spaniel, havanese",True,True
staffordshire_bull_terrier_121,staffordshire_bull_terrier,german_shorthaired,0.7450875,"german_shorthaired, american_bulldog, american_pit_bull_terrier, staffordshire_bull_terrier, newfoundland",False,True
yorkshire_terrier_154,yorkshire_terrier,yorkshire_terrier,0.99935216,"yorkshire_terrier, havanese, scottish_terrier, wheaten_terrier, chihuahua",True,True
Siamese_189,Siamese,Siamese,0.9933562,"Siamese, Birman, Ragdoll, Russian_Blue, British_Shorthair",True,True
yorkshire_terrier_80,yorkshire_terrier,yorkshire_terrier,0.9998522,"yorkshire_terrier, scottish_terrier, havanese, wheaten_terrier, english_cocker_spaniel",True,True
havanese_196,havanese,havanese,0.93290985,"havanese, yorkshire_terrier, english_cocker_spaniel, japanese_chin, english_setter",True,True
american_bulldog_18,american_bulldog,american_pit_bull_terrier,0.6422402,"american_pit_bull_terrier, staffordshire_bull_terrier, american_bulldog, chihuahua, beagle",False,True
havanese_186,havanese,havanese,0.99637705,"havanese, yorkshire_terrier, japanese_chin, scottish_terrier, newfoundland",True,True
Abyssinian_99,Abyssinian,Abyssinian,0.32059607,"Abyssinian, Bengal, Sphynx, Maine_Coon, boxer",True,True
english_cocker_spaniel_195,english_cocker_spaniel,scottish_terrier,0.3559444,"scottish_terrier, havanese, english_cocker_spaniel, newfoundland, yorkshire_terrier",False,True
beagle_23,beagle,beagle,0.972844,"beagle, basset_hound, japanese_chin, german_shorthaired, saint_bernard",True,True
miniature_pinscher_94,miniature_pinscher,american_pit_bull_terrier,0.6154591,"american_pit_bull_terrier, staffordshire_bull_terrier, american_bulldog, boxer, basset_hound",False,False
Bengal_125,Bengal,Bengal,0.6851735,"Bengal, Egyptian_Mau, Maine_Coon, Abyssinian, British_Shorthair",True,True
Egyptian_Mau_56,Egyptian_Mau,Egyptian_Mau,0.9820503,"Egyptian_Mau, Bengal, german_shorthaired, Abyssinian, Russian_Blue",True,True
Russian_Blue_232,Russian_Blue,Russian_Blue,0.84964544,"Russian_Blue, British_Shorthair, Bombay, Siamese, Abyssinian",True,True
Siamese_175,Siamese,Siamese,0.91389287,"Siamese, pug, chihuahua, Bombay, Sphynx",True,True
wheaten_terrier_84,wheaten_terrier,yorkshire_terrier,0.82684404,"yorkshire_terrier, havanese, wheaten_terrier, scottish_terrier, japanese_chin",False,True
British_Shorthair_274,British_Shorthair,Russian_Blue,0.586751,"Russian_Blue, British_Shorthair, Egyptian_Mau, Abyssinian, Bombay",False,True
basset_hound_50,basset_hound,basset_hound,0.91793,"basset_hound, beagle, american_pit_bull_terrier, staffordshire_bull_terrier, english_cocker_spaniel",True,True
german_shorthaired_83,german_shorthaired,german_shorthaired,0.99387807,"german_shorthaired, english_setter, english_cocker_spaniel, newfoundland, Egyptian_Mau",True,True
miniature_pinscher_131,miniature_pinscher,miniature_pinscher,0.9991892,"miniature_pinscher, chihuahua, Abyssinian, boxer, Sphynx",True,True
yorkshire_terrier_155,yorkshire_terrier,havanese,0.4830574,"havanese, wheaten_terrier, yorkshire_terrier, english_setter, great_pyrenees",False,True
Ragdoll_154,Ragdoll,Ragdoll,0.9832722,"Ragdoll, Abyssinian, Maine_Coon, Persian, Birman",True,True
Abyssinian_121,Abyssinian,Maine_Coon,0.9106323,"Maine_Coon, Abyssinian, Bengal, Egyptian_Mau, Ragdoll",False,True
Russian_Blue_85,Russian_Blue,Russian_Blue,0.99209166,"Russian_Blue, British_Shorthair, Sphynx, Siamese, Egyptian_Mau",True,True
wheaten_terrier_138,wheaten_terrier,wheaten_terrier,0.99978906,"wheaten_terrier, leonberger, english_cocker_spaniel, scottish_terrier, havanese",True,True
keeshond_86,keeshond,keeshond,0.9998324,"keeshond, Russian_Blue, samoyed, scottish_terrier, Birman",True,True
scottish_terrier_122,scottish_terrier,scottish_terrier,0.98816365,"scottish_terrier, Bombay, yorkshire_terrier, havanese, newfoundland",True,True
Persian_88,Persian,Persian,0.9762246,"Persian, keeshond, Maine_Coon, pomeranian, British_Shorthair",True,True
keeshond_156,keeshond,keeshond,0.80029553,"keeshond, pomeranian, Birman, samoyed, Siamese",True,True
Maine_Coon_265,Maine_Coon,Maine_Coon,0.98640233,"Maine_Coon, Egyptian_Mau, Bengal, Abyssinian, Ragdoll",True,True
yorkshire_terrier_10,yorkshire_terrier,yorkshire_terrier,0.9904739,"yorkshire_terrier, english_cocker_spaniel, wheaten_terrier, scottish_terrier, havanese",True,True
keeshond_25,keeshond,keeshond,0.947754,"keeshond, japanese_chin, yorkshire_terrier, havanese, leonberger",True,True
British_Shorthair_139,British_Shorthair,British_Shorthair,0.99981767,"British_Shorthair, Russian_Blue, Persian, Bombay, Abyssinian",True,True
yorkshire_terrier_120,yorkshire_terrier,yorkshire_terrier,0.9999969,"yorkshire_terrier, pomeranian, english_cocker_spaniel, Bengal, miniature_pinscher",True,True
leonberger_145,leonberger,leonberger,0.9998357,"leonberger, saint_bernard, boxer, great_pyrenees, basset_hound",True,True
keeshond_191,keeshond,keeshond,0.9963546,"keeshond, leonberger, japanese_chin, havanese, yorkshire_terrier",True,True
miniature_pinscher_179,miniature_pinscher,miniature_pinscher,0.9998858,"miniature_pinscher, chihuahua, staffordshire_bull_terrier, american_pit_bull_terrier, beagle",True,True
Maine_Coon_97,Maine_Coon,Maine_Coon,0.90617865,"Maine_Coon, Abyssinian, Bengal, Ragdoll, wheaten_terrier",True,True
japanese_chin_123,japanese_chin,japanese_chin,0.9976699,"japanese_chin, Ragdoll, saint_bernard, pomeranian, english_cocker_spaniel",True,True
english_cocker_spaniel_27,english_cocker_spaniel,english_cocker_spaniel,0.9846331,"english_cocker_spaniel, english_setter, newfoundland, havanese, scottish_terrier",True,True
saint_bernard_1,saint_bernard,beagle,0.56908166,"beagle, saint_bernard, american_bulldog, american_pit_bull_terrier, boxer",False,True
pomeranian_185,pomeranian,keeshond,0.6383195,"keeshond, scottish_terrier, pomeranian, Bombay, chihuahua",False,True
Bengal_52,Bengal,Bengal,0.99893314,"Bengal, Egyptian_Mau, boxer, Abyssinian, newfoundland",True,True
miniature_pinscher_35,miniature_pinscher,miniature_pinscher,0.9991837,"miniature_pinscher, chihuahua, staffordshire_bull_terrier, boxer, beagle",True,True
american_bulldog_185,american_bulldog,american_bulldog,0.93154985,"american_bulldog, american_pit_bull_terrier, beagle, staffordshire_bull_terrier, boxer",True,True
great_pyrenees_135,great_pyrenees,great_pyrenees,0.77016383,"great_pyrenees, samoyed, american_bulldog, japanese_chin, saint_bernard",True,True
Sphynx_213,Sphynx,Sphynx,0.34429488,"Sphynx, Abyssinian, Bombay, Russian_Blue, Siamese",True,True
Russian_Blue_93,Russian_Blue,Russian_Blue,0.9152301,"Russian_Blue, Sphynx, British_Shorthair, Egyptian_Mau, Abyssinian",True,True
great_pyrenees_26,great_pyrenees,great_pyrenees,0.93168133,"great_pyrenees, american_bulldog, staffordshire_bull_terrier, samoyed, american_pit_bull_terrier",True,True
pomeranian_45,pomeranian,pomeranian,0.9246312,"pomeranian, samoyed, keeshond, Ragdoll, shiba_inu",True,True
Bengal_77,Bengal,Bengal,0.86290497,"Bengal, Maine_Coon, Abyssinian, Egyptian_Mau, yorkshire_terrier",True,True
samoyed_103,samoyed,samoyed,0.99832624,"samoyed, great_pyrenees, shiba_inu, pomeranian, keeshond",True,True
Birman_134,Birman,Birman,0.98983836,"Birman, Ragdoll, Siamese, japanese_chin, Persian",True,True
Bengal_199,Bengal,Bengal,0.9772528,"Bengal, Egyptian_Mau, Abyssinian, Maine_Coon, yorkshire_terrier",True,True
Egyptian_Mau_131,Egyptian_Mau,Egyptian_Mau,0.93629336,"Egyptian_Mau, Bengal, english_setter, chihuahua, Maine_Coon",True,True
Sphynx_74,Sphynx,Sphynx,0.83991134,"Sphynx, Abyssinian, Russian_Blue, miniature_pinscher, Bengal",True,True
saint_bernard_169,saint_bernard,saint_bernard,0.99722725,"saint_bernard, boxer, basset_hound, american_bulldog, american_pit_bull_terrier",True,True
scottish_terrier_76,scottish_terrier,scottish_terrier,0.9028471,"scottish_terrier, havanese, wheaten_terrier, yorkshire_terrier, chihuahua",True,True
chihuahua_171,chihuahua,miniature_pinscher,0.9490238,"miniature_pinscher, chihuahua, american_pit_bull_terrier, Sphynx, staffordshire_bull_terrier",False,True
Maine_Coon_31,Maine_Coon,Maine_Coon,0.99792814,"Maine_Coon, Persian, Bengal, yorkshire_terrier, Egyptian_Mau",True,True
shiba_inu_173,shiba_inu,boxer,0.5038131,"boxer, Sphynx, american_bulldog, american_pit_bull_terrier, staffordshire_bull_terrier",False,False
saint_bernard_44,saint_bernard,saint_bernard,0.9981343,"saint_bernard, japanese_chin, boxer, beagle, basset_hound",True,True
boxer_89,boxer,boxer,0.9991258,"boxer, staffordshire_bull_terrier, american_pit_bull_terrier, american_bulldog, pug",True,True
Ragdoll_93,Ragdoll,Abyssinian,0.3275111,"Abyssinian, Ragdoll, shiba_inu, Persian, Siamese",False,True
Siamese_138,Siamese,Siamese,0.8171178,"Siamese, Birman, Ragdoll, shiba_inu, chihuahua",True,True
Sphynx_198,Sphynx,Sphynx,0.9997305,"Sphynx, Abyssinian, Russian_Blue, miniature_pinscher, Bengal",True,True
basset_hound_8,basset_hound,basset_hound,0.9910908,"basset_hound, beagle, english_cocker_spaniel, boxer, german_shorthaired",True,True
Birman_159,Birman,Birman,0.9735222,"Birman, Ragdoll, Siamese, japanese_chin, Persian",True,True
Russian_Blue_127,Russian_Blue,Russian_Blue,0.9462559,"Russian_Blue, British_Shorthair, Egyptian_Mau, Abyssinian, pug",True,True
Bengal_22,Bengal,Bengal,0.9633457,"Bengal, Abyssinian, Egyptian_Mau, english_cocker_spaniel, wheaten_terrier",True,True
yorkshire_terrier_149,yorkshire_terrier,yorkshire_terrier,0.99907136,"yorkshire_terrier, miniature_pinscher, chihuahua, havanese, pomeranian",True,True
leonberger_85,leonberger,leonberger,0.99969864,"leonberger, newfoundland, keeshond, great_pyrenees, saint_bernard",True,True
pug_18,pug,pug,0.50541407,"pug, boxer, american_bulldog, saint_bernard, staffordshire_bull_terrier",True,True
wheaten_terrier_192,wheaten_terrier,wheaten_terrier,0.99954456,"wheaten_terrier, leonberger, english_setter, shiba_inu, english_cocker_spaniel",True,True
Bombay_193,Bombay,Bombay,0.9962941,"Bombay, scottish_terrier, yorkshire_terrier, Siamese, Maine_Coon",True,True
pomeranian_57,pomeranian,pomeranian,0.9995103,"pomeranian, samoyed, japanese_chin, shiba_inu, Persian",True,True
saint_bernard_77,saint_bernard,saint_bernard,0.9968919,"saint_bernard, leonberger, english_setter, great_pyrenees, japanese_chin",True,True
basset_hound_151,basset_hound,basset_hound,0.99992275,"basset_hound, beagle, english_cocker_spaniel, german_shorthaired, saint_bernard",True,True
havanese_139,havanese,havanese,0.96374124,"havanese, wheaten_terrier, yorkshire_terrier, english_cocker_spaniel, scottish_terrier",True,True
boxer_151,boxer,boxer,0.9185944,"boxer, basset_hound, saint_bernard, staffordshire_bull_terrier, american_pit_bull_terrier",True,True
pomeranian_179,pomeranian,pomeranian,0.99988186,"pomeranian, samoyed, Persian, Ragdoll, keeshond",True,True
english_cocker_spaniel_12,english_cocker_spaniel,english_cocker_spaniel,0.99528223,"english_cocker_spaniel, english_setter, basset_hound, great_pyrenees, beagle",True,True
german_shorthaired_120,german_shorthaired,german_shorthaired,0.9999485,"german_shorthaired, beagle, Egyptian_Mau, staffordshire_bull_terrier, english_setter",True,True
Egyptian_Mau_138,Egyptian_Mau,Bengal,0.7509593,"Bengal, Egyptian_Mau, Maine_Coon, newfoundland, Sphynx",False,True
english_setter_156,english_setter,american_bulldog,0.30039412,"american_bulldog, beagle, german_shorthaired, american_pit_bull_terrier, saint_bernard",False,False
american_bulldog_125,american_bulldog,american_bulldog,0.99190813,"american_bulldog, pug, american_pit_bull_terrier, boxer, staffordshire_bull_terrier",True,True
boxer_17,boxer,boxer,0.9508368,"boxer, american_bulldog, beagle, staffordshire_bull_terrier, american_pit_bull_terrier",True,True
Siamese_98,Siamese,Siamese,0.7095194,"Siamese, Birman, Ragdoll, japanese_chin, pug",True,True
Birman_1,Birman,Ragdoll,0.673702,"Ragdoll, Birman, Siamese, japanese_chin, pomeranian",False,True
Sphynx_96,Sphynx,Sphynx,0.9961106,"Sphynx, Egyptian_Mau, Russian_Blue, Abyssinian, chihuahua",True,True
staffordshire_bull_terrier_28,staffordshire_bull_terrier,american_pit_bull_terrier,0.4319225,"american_pit_bull_terrier, staffordshire_bull_terrier, saint_bernard, american_bulldog, boxer",False,True
Egyptian_Mau_28,Egyptian_Mau,Bengal,0.9263748,"Bengal, Egyptian_Mau, Abyssinian, Maine_Coon, Sphynx",False,True
german_shorthaired_36,german_shorthaired,german_shorthaired,0.9977992,"german_shorthaired, english_setter, english_cocker_spaniel, american_pit_bull_terrier, beagle",True,True
newfoundland_173,newfoundland,newfoundland,0.8615376,"newfoundland, english_cocker_spaniel, english_setter, scottish_terrier, german_shorthaired",True,True
newfoundland_43,newfoundland,newfoundland,0.94790685,"newfoundland, english_cocker_spaniel, scottish_terrier, leonberger, staffordshire_bull_terrier",True,True
german_shorthaired_160,german_shorthaired,basset_hound,0.90666765,"basset_hound, beagle, german_shorthaired, boxer, saint_bernard",False,True
wheaten_terrier_27,wheaten_terrier,wheaten_terrier,0.99552035,"wheaten_terrier, havanese, english_cocker_spaniel, scottish_terrier, great_pyrenees",True,True
Maine_Coon_206,Maine_Coon,Maine_Coon,0.9887989,"Maine_Coon, Persian, Bengal, Egyptian_Mau, Ragdoll",True,True
Russian_Blue_178,Russian_Blue,Russian_Blue,0.97815955,"Russian_Blue, British_Shorthair, Siamese, Abyssinian, Egyptian_Mau",True,True
shiba_inu_129,shiba_inu,shiba_inu,0.95095044,"shiba_inu, american_pit_bull_terrier, chihuahua, staffordshire_bull_terrier, basset_hound",True,True
Ragdoll_95,Ragdoll,Birman,0.18092778,"Birman, beagle, Ragdoll, japanese_chin, basset_hound",False,True
Russian_Blue_9,Russian_Blue,Abyssinian,0.8508554,"Abyssinian, Russian_Blue, Sphynx, Bombay, British_Shorthair",False,True
Egyptian_Mau_5,Egyptian_Mau,Egyptian_Mau,0.9958348,"Egyptian_Mau, Bengal, Sphynx, Maine_Coon, Russian_Blue",True,True
Bombay_185,Bombay,Bombay,0.9966286,"Bombay, Siamese, chihuahua, Russian_Blue, Abyssinian",True,True
boxer_23,boxer,boxer,0.9431607,"boxer, american_bulldog, staffordshire_bull_terrier, pug, american_pit_bull_terrier",True,True
Birman_201,Birman,Birman,0.9947766,"Birman, Ragdoll, Persian, japanese_chin, Siamese",True,True
yorkshire_terrier_113,yorkshire_terrier,japanese_chin,0.2168837,"japanese_chin, Ragdoll, pomeranian, havanese, Persian",False,False
saint_bernard_16,saint_bernard,basset_hound,0.88955307,"basset_hound, beagle, saint_bernard, boxer, staffordshire_bull_terrier",False,True
havanese_96,havanese,havanese,0.9993782,"havanese, wheaten_terrier, yorkshire_terrier, english_cocker_spaniel, japanese_chin",True,True
havanese_87,havanese,havanese,0.9646298,"havanese, wheaten_terrier, scottish_terrier, english_cocker_spaniel, yorkshire_terrier",True,True
Birman_112,Birman,Birman,0.97549033,"Birman, Siamese, Ragdoll, japanese_chin, keeshond",True,True
scottish_terrier_3,scottish_terrier,Bengal,0.40467513,"Bengal, scottish_terrier, Siamese, Bombay, boxer",False,True
pomeranian_141,pomeranian,pomeranian,0.99713206,"pomeranian, japanese_chin, yorkshire_terrier, Persian, Maine_Coon",True,True
basset_hound_47,basset_hound,basset_hound,0.98679686,"basset_hound, beagle, saint_bernard, staffordshire_bull_terrier, american_pit_bull_terrier",True,True
miniature_pinscher_79,miniature_pinscher,boxer,0.6491558,"boxer, miniature_pinscher, staffordshire_bull_terrier, german_shorthaired, american_pit_bull_terrier",False,True
havanese_198,havanese,havanese,0.70563805,"havanese, yorkshire_terrier, english_cocker_spaniel, Bengal, Persian",True,True
basset_hound_119,basset_hound,basset_hound,0.9999645,"basset_hound, beagle, english_cocker_spaniel, saint_bernard, staffordshire_bull_terrier",True,True
miniature_pinscher_188,miniature_pinscher,miniature_pinscher,0.88600653,"miniature_pinscher, staffordshire_bull_terrier, american_pit_bull_terrier, chihuahua, Abyssinian",True,True
Persian_194,Persian,Persian,0.98117346,"Persian, Maine_Coon, pomeranian, havanese, wheaten_terrier",True,True
Sphynx_92,Sphynx,Sphynx,0.99935216,"Sphynx, chihuahua, Egyptian_Mau, miniature_pinscher, Russian_Blue",True,True
wheaten_terrier_130,wheaten_terrier,wheaten_terrier,0.99565864,"wheaten_terrier, havanese, scottish_terrier, english_cocker_spaniel, english_setter",True,True
saint_bernard_2,saint_bernard,saint_bernard,0.9956809,"saint_bernard, japanese_chin, boxer, leonberger, Maine_Coon",True,True
Russian_Blue_110,Russian_Blue,Russian_Blue,0.93907356,"Russian_Blue, British_Shorthair, Siamese, Abyssinian, Bombay",True,True
german_shorthaired_3,german_shorthaired,german_shorthaired,0.97291374,"german_shorthaired, staffordshire_bull_terrier, american_pit_bull_terrier, boxer, american_bulldog",True,True
samoyed_96,samoyed,samoyed,0.99967945,"samoyed, shiba_inu, pomeranian, keeshond, great_pyrenees",True,True
keeshond_184,keeshond,keeshond,0.9996408,"keeshond, pomeranian, Persian, samoyed, newfoundland",True,True
basset_hound_127,basset_hound,miniature_pinscher,0.748905,"miniature_pinscher, beagle, basset_hound, german_shorthaired, boxer",False,True
beagle_49,beagle,beagle,0.8575436,"beagle, basset_hound, boxer, american_bulldog, saint_bernard",True,True
staffordshire_bull_terrier_59,staffordshire_bull_terrier,american_pit_bull_terrier,0.5496228,"american_pit_bull_terrier, staffordshire_bull_terrier, beagle, american_bulldog, basset_hound",False,True
chihuahua_185,chihuahua,chihuahua,0.9939255,"chihuahua, Sphynx, miniature_pinscher, Abyssinian, american_pit_bull_terrier",True,True
saint_bernard_187,saint_bernard,saint_bernard,0.99000496,"saint_bernard, boxer, japanese_chin, american_bulldog, leonberger",True,True
pug_11,pug,pug,0.99998033,"pug, american_bulldog, boxer, Siamese, japanese_chin",True,True
Abyssinian_207,Abyssinian,Abyssinian,0.7951497,"Abyssinian, Bengal, miniature_pinscher, chihuahua, pomeranian",True,True
Bombay_25,Bombay,Bombay,0.9958906,"Bombay, Siamese, Abyssinian, chihuahua, Maine_Coon",True,True
great_pyrenees_110,great_pyrenees,great_pyrenees,0.97551244,"great_pyrenees, leonberger, shiba_inu, wheaten_terrier, american_pit_bull_terrier",True,True
chihuahua_147,chihuahua,chihuahua,0.9972161,"chihuahua, american_pit_bull_terrier, miniature_pinscher, Sphynx, beagle",True,True
British_Shorthair_45,British_Shorthair,British_Shorthair,0.9982515,"British_Shorthair, Russian_Blue, Persian, Bombay, Maine_Coon",True,True
Egyptian_Mau_188,Egyptian_Mau,Egyptian_Mau,0.95806235,"Egyptian_Mau, Bengal, Abyssinian, Sphynx, Russian_Blue",True,True
staffordshire_bull_terrier_32,staffordshire_bull_terrier,staffordshire_bull_terrier,0.32792205,"staffordshire_bull_terrier, american_bulldog, boxer, american_pit_bull_terrier, beagle",True,True
staffordshire_bull_terrier_51,staffordshire_bull_terrier,staffordshire_bull_terrier,0.48401308,"staffordshire_bull_terrier, boxer, chihuahua, basset_hound, Bombay",True,True
havanese_24,havanese,havanese,0.99770087,"havanese, wheaten_terrier, great_pyrenees, yorkshire_terrier, samoyed",True,True
British_Shorthair_89,British_Shorthair,British_Shorthair,0.99942756,"British_Shorthair, Russian_Blue, Persian, Abyssinian, Siamese",True,True
pomeranian_196,pomeranian,pomeranian,0.99707544,"pomeranian, samoyed, keeshond, Persian, chihuahua",True,True
pomeranian_54,pomeranian,pomeranian,0.99840134,"pomeranian, japanese_chin, samoyed, shiba_inu, saint_bernard",True,True
english_cocker_spaniel_178,english_cocker_spaniel,english_cocker_spaniel,0.65842444,"english_cocker_spaniel, havanese, japanese_chin, english_setter, saint_bernard",True,True
Bengal_159,Bengal,Bengal,0.5066123,"Bengal, Egyptian_Mau, Maine_Coon, Abyssinian, British_Shorthair",True,True
saint_bernard_34,saint_bernard,saint_bernard,0.9937271,"saint_bernard, leonberger, basset_hound, english_cocker_spaniel, english_setter",True,True
german_shorthaired_14,german_shorthaired,english_setter,0.6453135,"english_setter, german_shorthaired, Egyptian_Mau, english_cocker_spaniel, newfoundland",False,True
beagle_47,beagle,beagle,0.99988604,"beagle, basset_hound, staffordshire_bull_terrier, miniature_pinscher, boxer",True,True
chihuahua_14,chihuahua,miniature_pinscher,0.96826106,"miniature_pinscher, chihuahua, Sphynx, Abyssinian, Siamese",False,True
keeshond_38,keeshond,keeshond,0.9985031,"keeshond, samoyed, havanese, great_pyrenees, japanese_chin",True,True
Siamese_231,Siamese,Siamese,0.68750036,"Siamese, Abyssinian, Bengal, Ragdoll, Birman",True,True
keeshond_79,keeshond,keeshond,0.99595,"keeshond, leonberger, great_pyrenees, pomeranian, japanese_chin",True,True
scottish_terrier_154,scottish_terrier,scottish_terrier,0.9508672,"scottish_terrier, yorkshire_terrier, english_cocker_spaniel, havanese, miniature_pinscher",True,True
Abyssinian_37,Abyssinian,Abyssinian,0.7909324,"Abyssinian, Siamese, miniature_pinscher, Bengal, Sphynx",True,True
Birman_170,Birman,Siamese,0.93248063,"Siamese, Birman, Ragdoll, British_Shorthair, shiba_inu",False,True
Siamese_150,Siamese,Siamese,0.9703156,"Siamese, Birman, boxer, shiba_inu, leonberger",True,True
Siamese_74,Siamese,Siamese,0.9559116,"Siamese, shiba_inu, chihuahua, Birman, Abyssinian",True,True
german_shorthaired_153,german_shorthaired,german_shorthaired,0.9999548,"german_shorthaired, beagle, basset_hound, staffordshire_bull_terrier, boxer",True,True
english_cocker_spaniel_79,english_cocker_spaniel,english_cocker_spaniel,0.9992022,"english_cocker_spaniel, basset_hound, yorkshire_terrier, english_setter, newfoundland",True,True
Bombay_46,Bombay,Bombay,0.990584,"Bombay, miniature_pinscher, scottish_terrier, staffordshire_bull_terrier, Abyssinian",True,True
yorkshire_terrier_102,yorkshire_terrier,yorkshire_terrier,0.9921638,"yorkshire_terrier, havanese, english_cocker_spaniel, japanese_chin, wheaten_terrier",True,True
pomeranian_152,pomeranian,yorkshire_terrier,0.77211607,"yorkshire_terrier, pomeranian, japanese_chin, chihuahua, miniature_pinscher",False,True
american_pit_bull_terrier_18,american_pit_bull_terrier,american_pit_bull_terrier,0.622206,"american_pit_bull_terrier, staffordshire_bull_terrier, miniature_pinscher, american_bulldog, chihuahua",True,True
boxer_47,boxer,boxer,0.99891996,"boxer, pug, american_bulldog, staffordshire_bull_terrier, beagle",True,True
wheaten_terrier_176,wheaten_terrier,wheaten_terrier,0.9982014,"wheaten_terrier, havanese, scottish_terrier, pug, leonberger",True,True
american_bulldog_81,american_bulldog,american_bulldog,0.76895183,"american_bulldog, boxer, saint_bernard, pug, american_pit_bull_terrier",True,True
havanese_78,havanese,havanese,0.9674068,"havanese, wheaten_terrier, great_pyrenees, samoyed, english_cocker_spaniel",True,True
leonberger_126,leonberger,leonberger,0.9852213,"leonberger, great_pyrenees, saint_bernard, english_setter, wheaten_terrier",True,True
boxer_166,boxer,boxer,0.76332986,"boxer, pug, staffordshire_bull_terrier, american_bulldog, saint_bernard",True,True
pomeranian_46,pomeranian,pomeranian,0.99996996,"pomeranian, samoyed, keeshond, Persian, japanese_chin",True,True
Ragdoll_252,Ragdoll,Birman,0.63601476,"Birman, Ragdoll, Siamese, Persian, British_Shorthair",False,True
Ragdoll_51,Ragdoll,Ragdoll,0.69176984,"Ragdoll, Persian, British_Shorthair, Maine_Coon, Abyssinian",True,True
havanese_21,havanese,havanese,0.9486032,"havanese, samoyed, scottish_terrier, great_pyrenees, wheaten_terrier",True,True
Abyssinian_228,Abyssinian,Abyssinian,0.9968209,"Abyssinian, Bengal, Maine_Coon, chihuahua, shiba_inu",True,True
Bombay_96,Bombay,Bombay,0.83321,"Bombay, British_Shorthair, Russian_Blue, Abyssinian, boxer",True,True
Bombay_74,Bombay,Bombay,0.99088144,"Bombay, scottish_terrier, Maine_Coon, newfoundland, Siamese",True,True
newfoundland_171,newfoundland,newfoundland,0.9912436,"newfoundland, staffordshire_bull_terrier, leonberger, scottish_terrier, Bombay",True,True
miniature_pinscher_118,miniature_pinscher,miniature_pinscher,0.98965526,"miniature_pinscher, american_pit_bull_terrier, chihuahua, staffordshire_bull_terrier, Abyssinian",True,True
Siamese_209,Siamese,Siamese,0.96371907,"Siamese, Birman, Ragdoll, pug, keeshond",True,True
chihuahua_36,chihuahua,chihuahua,0.9969662,"chihuahua, Sphynx, miniature_pinscher, Siamese, beagle",True,True
beagle_16,beagle,beagle,0.9982515,"beagle, staffordshire_bull_terrier, basset_hound, american_pit_bull_terrier, chihuahua",True,True
american_pit_bull_terrier_113,american_pit_bull_terrier,american_pit_bull_terrier,0.9942263,"american_pit_bull_terrier, staffordshire_bull_terrier, american_bulldog, chihuahua, beagle",True,True
keeshond_121,keeshond,keeshond,0.9987274,"keeshond, pomeranian, leonberger, great_pyrenees, staffordshire_bull_terrier",True,True
boxer_197,boxer,boxer,0.96193707,"boxer, american_bulldog, pug, beagle, saint_bernard",True,True
chihuahua_153,chihuahua,chihuahua,0.96833646,"chihuahua, Sphynx, miniature_pinscher, american_pit_bull_terrier, staffordshire_bull_terrier",True,True
Egyptian_Mau_186,Egyptian_Mau,Egyptian_Mau,0.9997168,"Egyptian_Mau, Bengal, Russian_Blue, British_Shorthair, Maine_Coon",True,True
newfoundland_15,newfoundland,newfoundland,0.98486876,"newfoundland, leonberger, keeshond, english_setter, german_shorthaired",True,True
miniature_pinscher_24,miniature_pinscher,miniature_pinscher,0.999225,"miniature_pinscher, boxer, staffordshire_bull_terrier, beagle, chihuahua",True,True
yorkshire_terrier_90,yorkshire_terrier,havanese,0.385786,"havanese, yorkshire_terrier, scottish_terrier, Sphynx, japanese_chin",False,True
newfoundland_156,newfoundland,newfoundland,0.9978078,"newfoundland, keeshond, scottish_terrier, pomeranian, staffordshire_bull_terrier",True,True
staffordshire_bull_terrier_173,staffordshire_bull_terrier,staffordshire_bull_terrier,0.9405043,"staffordshire_bull_terrier, american_pit_bull_terrier, german_shorthaired, boxer, pug",True,True
basset_hound_33,basset_hound,basset_hound,0.999874,"basset_hound, beagle, saint_bernard, staffordshire_bull_terrier, english_cocker_spaniel",True,True
Persian_22,Persian,Persian,0.9495367,"Persian, British_Shorthair, havanese, pug, keeshond",True,True
miniature_pinscher_192,miniature_pinscher,chihuahua,0.7520127,"chihuahua, miniature_pinscher, american_pit_bull_terrier, Sphynx, Siamese",False,True
pug_175,pug,pug,0.99720323,"pug, staffordshire_bull_terrier, american_pit_bull_terrier, boxer, chihuahua",True,True
pomeranian_65,pomeranian,pomeranian,0.9847105,"pomeranian, samoyed, keeshond, japanese_chin, Persian",True,True
yorkshire_terrier_91,yorkshire_terrier,yorkshire_terrier,0.99900836,"yorkshire_terrier, english_cocker_spaniel, english_setter, havanese, scottish_terrier",True,True
american_bulldog_85,american_bulldog,american_bulldog,0.9775639,"american_bulldog, boxer, saint_bernard, japanese_chin, staffordshire_bull_terrier",True,True
Bombay_88,Bombay,Bombay,0.9464212,"Bombay, Russian_Blue, Abyssinian, Siamese, Sphynx",True,True
beagle_18,beagle,beagle,0.9417907,"beagle, chihuahua, american_bulldog, american_pit_bull_terrier, staffordshire_bull_terrier",True,True
Bombay_7,Bombay,Bombay,0.99522984,"Bombay, British_Shorthair, Russian_Blue, Siamese, Abyssinian",True,True
chihuahua_44,chihuahua,chihuahua,0.99923134,"chihuahua, Sphynx, miniature_pinscher, Siamese, beagle",True,True
beagle_190,beagle,beagle,0.8981054,"beagle, boxer, american_bulldog, wheaten_terrier, japanese_chin",True,True
pug_2,pug,pug,0.9481716,"pug, american_bulldog, chihuahua, japanese_chin, beagle",True,True
beagle_142,beagle,beagle,0.61041516,"beagle, Sphynx, boxer, staffordshire_bull_terrier, basset_hound",True,True
american_bulldog_106,american_bulldog,american_bulldog,0.9555826,"american_bulldog, pug, boxer, american_pit_bull_terrier, Sphynx",True,True
Sphynx_197,Sphynx,Sphynx,0.9997104,"Sphynx, Abyssinian, miniature_pinscher, chihuahua, american_bulldog",True,True
miniature_pinscher_199,miniature_pinscher,miniature_pinscher,0.99478143,"miniature_pinscher, chihuahua, Bombay, Abyssinian, Bengal",True,True
Egyptian_Mau_46,Egyptian_Mau,Egyptian_Mau,0.9849546,"Egyptian_Mau, Bengal, Maine_Coon, Russian_Blue, Abyssinian",True,True
newfoundland_169,newfoundland,newfoundland,0.76004475,"newfoundland, staffordshire_bull_terrier, leonberger, scottish_terrier, keeshond",True,True
chihuahua_197,chihuahua,Bombay,0.48341364,"Bombay, chihuahua, Siamese, scottish_terrier, yorkshire_terrier",False,True
leonberger_37,leonberger,leonberger,0.99694794,"leonberger, keeshond, great_pyrenees, newfoundland, wheaten_terrier",True,True
British_Shorthair_75,British_Shorthair,British_Shorthair,0.99928385,"British_Shorthair, Russian_Blue, Persian, Bombay, Abyssinian",True,True
wheaten_terrier_116,wheaten_terrier,wheaten_terrier,0.8253662,"wheaten_terrier, english_cocker_spaniel, english_setter, german_shorthaired, Bengal",True,True
boxer_177,boxer,boxer,0.8837917,"boxer, leonberger, basset_hound, saint_bernard, staffordshire_bull_terrier",True,True
chihuahua_90,chihuahua,staffordshire_bull_terrier,0.41793612,"staffordshire_bull_terrier, boxer, american_pit_bull_terrier, miniature_pinscher, german_shorthaired",False,False
american_pit_bull_terrier_147,american_pit_bull_terrier,american_pit_bull_terrier,0.7510626,"american_pit_bull_terrier, staffordshire_bull_terrier, english_setter, american_bulldog, chihuahua",True,True
Russian_Blue_87,Russian_Blue,Russian_Blue,0.99949193,"Russian_Blue, British_Shorthair, Siamese, Sphynx, Egyptian_Mau",True,True
beagle_122,beagle,beagle,0.61601835,"beagle, basset_hound, german_shorthaired, saint_bernard, american_bulldog",True,True
Egyptian_Mau_6,Egyptian_Mau,Egyptian_Mau,0.9997465,"Egyptian_Mau, Bengal, Russian_Blue, British_Shorthair, Maine_Coon",True,True
Sphynx_173,Sphynx,Sphynx,0.9999856,"Sphynx, Egyptian_Mau, chihuahua, Abyssinian, Russian_Blue",True,True
saint_bernard_165,saint_bernard,saint_bernard,0.96060586,"saint_bernard, boxer, american_bulldog, american_pit_bull_terrier, beagle",True,True
Russian_Blue_176,Russian_Blue,Russian_Blue,0.5942114,"Russian_Blue, British_Shorthair, Abyssinian, Siamese, Bombay",True,True
Bengal_136,Bengal,Bengal,0.999292,"Bengal, Abyssinian, yorkshire_terrier, miniature_pinscher, Egyptian_Mau",True,True
Maine_Coon_139,Maine_Coon,Maine_Coon,0.51505613,"Maine_Coon, Bengal, Persian, Abyssinian, yorkshire_terrier",True,True
beagle_138,beagle,basset_hound,0.77490693,"basset_hound, american_pit_bull_terrier, beagle, staffordshire_bull_terrier, german_shorthaired",False,True
newfoundland_38,newfoundland,newfoundland,0.9686599,"newfoundland, leonberger, english_cocker_spaniel, english_setter, great_pyrenees",True,True
leonberger_10,leonberger,leonberger,0.95496124,"leonberger, saint_bernard, wheaten_terrier, great_pyrenees, boxer",True,True
leonberger_111,leonberger,leonberger,0.9756428,"leonberger, saint_bernard, great_pyrenees, basset_hound, boxer",True,True
english_setter_108,english_setter,english_setter,0.99055827,"english_setter, english_cocker_spaniel, german_shorthaired, Egyptian_Mau, japanese_chin",True,True
Abyssinian_138,Abyssinian,Abyssinian,0.89898586,"Abyssinian, Ragdoll, Maine_Coon, pomeranian, Persian",True,True
shiba_inu_89,shiba_inu,shiba_inu,0.987452,"shiba_inu, pomeranian, chihuahua, samoyed, Ragdoll",True,True
keeshond_182,keeshond,keeshond,0.99021155,"keeshond, pomeranian, samoyed, Persian, scottish_terrier",True,True
Ragdoll_54,Ragdoll,Ragdoll,0.57435745,"Ragdoll, Maine_Coon, Birman, scottish_terrier, Bengal",True,True
chihuahua_86,chihuahua,chihuahua,0.78318286,"chihuahua, miniature_pinscher, american_pit_bull_terrier, Sphynx, beagle",True,True
wheaten_terrier_83,wheaten_terrier,wheaten_terrier,0.9995245,"wheaten_terrier, havanese, leonberger, great_pyrenees, english_cocker_spaniel",True,True
Birman_41,Birman,Birman,0.93575746,"Birman, Ragdoll, Siamese, japanese_chin, Persian",True,True
Maine_Coon_180,Maine_Coon,Maine_Coon,0.99842274,"Maine_Coon, Persian, Bengal, Abyssinian, Ragdoll",True,True
basset_hound_115,basset_hound,basset_hound,0.9999839,"basset_hound, beagle, english_cocker_spaniel, saint_bernard, american_pit_bull_terrier",True,True
keeshond_107,keeshond,keeshond,0.99952126,"keeshond, pomeranian, leonberger, samoyed, great_pyrenees",True,True
keeshond_76,keeshond,keeshond,0.9999113,"keeshond, samoyed, leonberger, pomeranian, great_pyrenees",True,True
havanese_117,havanese,havanese,0.9912212,"havanese, wheaten_terrier, scottish_terrier, yorkshire_terrier, english_cocker_spaniel",True,True
english_cocker_spaniel_51,english_cocker_spaniel,english_cocker_spaniel,0.80819887,"english_cocker_spaniel, basset_hound, english_setter, beagle, yorkshire_terrier",True,True
miniature_pinscher_14,miniature_pinscher,miniature_pinscher,0.92838556,"miniature_pinscher, boxer, staffordshire_bull_terrier, chihuahua, shiba_inu",True,True
Maine_Coon_52,Maine_Coon,Maine_Coon,0.8265851,"Maine_Coon, Persian, Ragdoll, pomeranian, keeshond",True,True
scottish_terrier_151,scottish_terrier,scottish_terrier,0.9970594,"scottish_terrier, yorkshire_terrier, chihuahua, Bombay, english_cocker_spaniel",True,True
Persian_266,Persian,Ragdoll,0.7347881,"Ragdoll, Persian, samoyed, Birman, Maine_Coon",False,True
yorkshire_terrier_63,yorkshire_terrier,yorkshire_terrier,0.99993,"yorkshire_terrier, scottish_terrier, miniature_pinscher, english_cocker_spaniel, wheaten_terrier",True,True
pomeranian_34,pomeranian,samoyed,0.9743912,"samoyed, great_pyrenees, pomeranian, Persian, keeshond",False,True
Bengal_82,Bengal,Bengal,0.9788802,"Bengal, Egyptian_Mau, Abyssinian, Sphynx, Maine_Coon",True,True
Abyssinian_50,Abyssinian,Abyssinian,0.564053,"Abyssinian, chihuahua, Siamese, Ragdoll, miniature_pinscher",True,True
Siamese_222,Siamese,Siamese,0.91111296,"Siamese, chihuahua, Bombay, Sphynx, Ragdoll",True,True
miniature_pinscher_134,miniature_pinscher,miniature_pinscher,0.9994035,"miniature_pinscher, chihuahua, staffordshire_bull_terrier, beagle, american_pit_bull_terrier",True,True
havanese_132,havanese,havanese,0.99896955,"havanese, yorkshire_terrier, scottish_terrier, wheaten_terrier, japanese_chin",True,True
shiba_inu_79,shiba_inu,shiba_inu,0.9972066,"shiba_inu, chihuahua, pomeranian, Abyssinian, Russian_Blue",True,True
english_cocker_spaniel_183,english_cocker_spaniel,english_cocker_spaniel,0.9851281,"english_cocker_spaniel, english_setter, basset_hound, saint_bernard, great_pyrenees",True,True
saint_bernard_75,saint_bernard,saint_bernard,0.94711727,"saint_bernard, japanese_chin, english_setter, american_bulldog, english_cocker_spaniel",True,True
Bombay_186,Bombay,Bombay,0.9909037,"Bombay, Maine_Coon, Abyssinian, Siamese, Russian_Blue",True,True
yorkshire_terrier_185,yorkshire_terrier,yorkshire_terrier,0.9989299,"yorkshire_terrier, scottish_terrier, havanese, english_cocker_spaniel, wheaten_terrier",True,True
boxer_9,boxer,boxer,0.93004864,"boxer, saint_bernard, beagle, american_bulldog, pug",True,True
great_pyrenees_97,great_pyrenees,great_pyrenees,0.9979876,"great_pyrenees, havanese, samoyed, leonberger, saint_bernard",True,True
Persian_65,Persian,Persian,0.99070704,"Persian, Ragdoll, pomeranian, japanese_chin, Maine_Coon",True,True
miniature_pinscher_34,miniature_pinscher,miniature_pinscher,0.94421977,"miniature_pinscher, chihuahua, boxer, staffordshire_bull_terrier, Siamese",True,True
yorkshire_terrier_144,yorkshire_terrier,yorkshire_terrier,0.85702175,"yorkshire_terrier, havanese, Persian, japanese_chin, wheaten_terrier",True,True
Siamese_54,Siamese,Siamese,0.9203947,"Siamese, Birman, Ragdoll, British_Shorthair, Russian_Blue",True,True
pomeranian_193,pomeranian,pomeranian,0.99931,"pomeranian, japanese_chin, shiba_inu, chihuahua, leonberger",True,True
scottish_terrier_100,scottish_terrier,scottish_terrier,0.84146184,"scottish_terrier, wheaten_terrier, yorkshire_terrier, havanese, english_cocker_spaniel",True,True
havanese_13,havanese,havanese,0.9884095,"havanese, wheaten_terrier, great_pyrenees, yorkshire_terrier, scottish_terrier",True,True
Persian_182,Persian,Persian,0.9948343,"Persian, Birman, Ragdoll, Maine_Coon, pomeranian",True,True
Egyptian_Mau_68,Egyptian_Mau,Egyptian_Mau,0.9617918,"Egyptian_Mau, Bengal, Maine_Coon, english_setter, Abyssinian",True,True
Bengal_73,Bengal,Bengal,0.9056703,"Bengal, Abyssinian, Egyptian_Mau, Maine_Coon, British_Shorthair",True,True
shiba_inu_107,shiba_inu,shiba_inu,0.9997838,"shiba_inu, basset_hound, samoyed, staffordshire_bull_terrier, american_pit_bull_terrier",True,True
British_Shorthair_66,British_Shorthair,British_Shorthair,0.99972504,"British_Shorthair, Russian_Blue, Persian, Ragdoll, Siamese",True,True
chihuahua_89,chihuahua,miniature_pinscher,0.49115872,"miniature_pinscher, chihuahua, staffordshire_bull_terrier, american_pit_bull_terrier, boxer",False,True
British_Shorthair_108,British_Shorthair,British_Shorthair,0.9843417,"British_Shorthair, Russian_Blue, Egyptian_Mau, Persian, samoyed",True,True
german_shorthaired_100,german_shorthaired,german_shorthaired,0.9971783,"german_shorthaired, beagle, staffordshire_bull_terrier, american_pit_bull_terrier, english_setter",True,True
english_cocker_spaniel_114,english_cocker_spaniel,english_setter,0.65539414,"english_setter, english_cocker_spaniel, german_shorthaired, basset_hound, japanese_chin",False,True
Bengal_63,Bengal,Bengal,0.9951749,"Bengal, Egyptian_Mau, Abyssinian, Maine_Coon, yorkshire_terrier",True,True
pug_59,pug,pug,0.99790925,"pug, boxer, american_bulldog, japanese_chin, Siamese",True,True
Ragdoll_2,Ragdoll,Ragdoll,0.9893505,"Ragdoll, Persian, Abyssinian, Maine_Coon, Birman",True,True
american_pit_bull_terrier_141,american_pit_bull_terrier,american_pit_bull_terrier,0.71221536,"american_pit_bull_terrier, american_bulldog, boxer, staffordshire_bull_terrier, german_shorthaired",True,True
Egyptian_Mau_130,Egyptian_Mau,Egyptian_Mau,0.8577022,"Egyptian_Mau, Bengal, Abyssinian, Russian_Blue, British_Shorthair",True,True
havanese_130,havanese,havanese,0.99923754,"havanese, yorkshire_terrier, wheaten_terrier, scottish_terrier, japanese_chin",True,True
english_cocker_spaniel_109,english_cocker_spaniel,english_cocker_spaniel,0.889396,"english_cocker_spaniel, wheaten_terrier, great_pyrenees, english_setter, beagle",True,True
basset_hound_79,basset_hound,basset_hound,0.9958026,"basset_hound, staffordshire_bull_terrier, beagle, saint_bernard, german_shorthaired",True,True
Birman_26,Birman,Birman,0.9645587,"Birman, Ragdoll, Siamese, pomeranian, Persian",True,True
Russian_Blue_118,Russian_Blue,British_Shorthair,0.8181257,"British_Shorthair, Russian_Blue, Persian, Abyssinian, Bombay",False,True
Bombay_75,Bombay,Bombay,0.9937616,"Bombay, British_Shorthair, Siamese, Russian_Blue, Persian",True,True
Ragdoll_147,Ragdoll,Ragdoll,0.9634451,"Ragdoll, Maine_Coon, Persian, Birman, Abyssinian",True,True
great_pyrenees_172,great_pyrenees,great_pyrenees,0.95018107,"great_pyrenees, samoyed, pug, shiba_inu, wheaten_terrier",True,True
pomeranian_124,pomeranian,pomeranian,0.9174773,"pomeranian, yorkshire_terrier, chihuahua, japanese_chin, keeshond",True,True
shiba_inu_16,shiba_inu,shiba_inu,0.9996263,"shiba_inu, samoyed, British_Shorthair, staffordshire_bull_terrier, chihuahua",True,True
pug_180,pug,pug,0.98695624,"pug, boxer, american_bulldog, chihuahua, great_pyrenees",True,True
staffordshire_bull_terrier_128,staffordshire_bull_terrier,staffordshire_bull_terrier,0.6693972,"staffordshire_bull_terrier, american_pit_bull_terrier, german_shorthaired, miniature_pinscher, chihuahua",True,True
basset_hound_63,basset_hound,basset_hound,0.9988902,"basset_hound, beagle, staffordshire_bull_terrier, american_pit_bull_terrier, boxer",True,True
leonberger_1,leonberger,leonberger,0.99442935,"leonberger, saint_bernard, great_pyrenees, newfoundland, Maine_Coon",True,True
Persian_34,Persian,Persian,0.99183863,"Persian, Birman, keeshond, Ragdoll, havanese",True,True
samoyed_117,samoyed,samoyed,0.98974156,"samoyed, great_pyrenees, Ragdoll, Persian, pomeranian",True,True
basset_hound_143,basset_hound,basset_hound,0.9203984,"basset_hound, beagle, american_pit_bull_terrier, staffordshire_bull_terrier, english_cocker_spaniel",True,True
keeshond_33,keeshond,keeshond,0.9579745,"keeshond, yorkshire_terrier, scottish_terrier, pomeranian, leonberger",True,True
english_setter_3,english_setter,english_setter,0.9942509,"english_setter, english_cocker_spaniel, japanese_chin, beagle, german_shorthaired",True,True
shiba_inu_80,shiba_inu,shiba_inu,0.9291274,"shiba_inu, chihuahua, scottish_terrier, Siamese, samoyed",True,True
Egyptian_Mau_126,Egyptian_Mau,Egyptian_Mau,0.97585934,"Egyptian_Mau, Bengal, Maine_Coon, english_setter, shiba_inu",True,True
german_shorthaired_54,german_shorthaired,german_shorthaired,0.9999939,"german_shorthaired, english_setter, beagle, english_cocker_spaniel, american_pit_bull_terrier",True,True
yorkshire_terrier_173,yorkshire_terrier,yorkshire_terrier,0.9995839,"yorkshire_terrier, wheaten_terrier, english_cocker_spaniel, havanese, scottish_terrier",True,True
great_pyrenees_59,great_pyrenees,great_pyrenees,0.9949976,"great_pyrenees, samoyed, leonberger, keeshond, havanese",True,True
japanese_chin_180,japanese_chin,japanese_chin,0.8452267,"japanese_chin, english_setter, great_pyrenees, chihuahua, pomeranian",True,True
saint_bernard_109,saint_bernard,saint_bernard,0.9374742,"saint_bernard, japanese_chin, great_pyrenees, english_setter, leonberger",True,True
Ragdoll_82,Ragdoll,Ragdoll,0.43580458,"Ragdoll, Birman, Persian, Siamese, keeshond",True,True
leonberger_70,leonberger,leonberger,0.9734368,"leonberger, boxer, newfoundland, saint_bernard, wheaten_terrier",True,True
Bengal_36,Bengal,Bengal,0.7182874,"Bengal, Maine_Coon, Egyptian_Mau, Abyssinian, shiba_inu",True,True
Bombay_47,Bombay,Bombay,0.37029603,"Bombay, beagle, chihuahua, staffordshire_bull_terrier, miniature_pinscher",True,True
samoyed_42,samoyed,samoyed,0.99618983,"samoyed, great_pyrenees, keeshond, shiba_inu, Persian",True,True
Maine_Coon_157,Maine_Coon,Maine_Coon,0.9976267,"Maine_Coon, Persian, wheaten_terrier, Abyssinian, Ragdoll",True,True
english_cocker_spaniel_43,english_cocker_spaniel,english_cocker_spaniel,0.99413955,"english_cocker_spaniel, yorkshire_terrier, english_setter, wheaten_terrier, havanese",True,True
Sphynx_148,Sphynx,Sphynx,0.98463005,"Sphynx, chihuahua, american_bulldog, Abyssinian, miniature_pinscher",True,True
British_Shorthair_115,British_Shorthair,British_Shorthair,0.9991716,"British_Shorthair, Russian_Blue, Persian, Bombay, Abyssinian",True,True
english_setter_19,english_setter,english_setter,0.98110723,"english_setter, great_pyrenees, english_cocker_spaniel, wheaten_terrier, german_shorthaired",True,True
miniature_pinscher_19,miniature_pinscher,miniature_pinscher,0.9885246,"miniature_pinscher, beagle, german_shorthaired, basset_hound, staffordshire_bull_terrier",True,True
Birman_189,Birman,Birman,0.5597131,"Birman, Siamese, Ragdoll, pomeranian, Persian",True,True
boxer_95,boxer,boxer,0.72702587,"boxer, saint_bernard, basset_hound, american_pit_bull_terrier, staffordshire_bull_terrier",True,True
Bengal_89,Bengal,Bengal,0.97880095,"Bengal, Abyssinian, Egyptian_Mau, Maine_Coon, Ragdoll",True,True
boxer_56,boxer,boxer,0.7989359,"boxer, staffordshire_bull_terrier, american_pit_bull_terrier, american_bulldog, pug",True,True
german_shorthaired_59,german_shorthaired,german_shorthaired,0.9731478,"german_shorthaired, staffordshire_bull_terrier, american_pit_bull_terrier, boxer, basset_hound",True,True
american_pit_bull_terrier_114,american_pit_bull_terrier,american_pit_bull_terrier,0.9431429,"american_pit_bull_terrier, staffordshire_bull_terrier, shiba_inu, chihuahua, miniature_pinscher",True,True
great_pyrenees_189,great_pyrenees,great_pyrenees,0.9690277,"great_pyrenees, leonberger, samoyed, wheaten_terrier, saint_bernard",True,True
samoyed_76,samoyed,samoyed,0.9888726,"samoyed, shiba_inu, great_pyrenees, scottish_terrier, keeshond",True,True
Persian_3,Persian,Persian,0.994107,"Persian, British_Shorthair, Maine_Coon, samoyed, Ragdoll",True,True
wheaten_terrier_25,wheaten_terrier,wheaten_terrier,0.84040016,"wheaten_terrier, havanese, yorkshire_terrier, scottish_terrier, english_cocker_spaniel",True,True
Abyssinian_105,Abyssinian,Abyssinian,0.43317026,"Abyssinian, Russian_Blue, shiba_inu, Maine_Coon, Egyptian_Mau",True,True
Egyptian_Mau_82,Egyptian_Mau,Egyptian_Mau,0.9835132,"Egyptian_Mau, Bengal, Maine_Coon, British_Shorthair, Russian_Blue",True,True
miniature_pinscher_170,miniature_pinscher,miniature_pinscher,0.98910123,"miniature_pinscher, yorkshire_terrier, Bengal, chihuahua, english_setter",True,True
Persian_138,Persian,Persian,0.9951994,"Persian, Maine_Coon, Ragdoll, British_Shorthair, Birman",True,True
japanese_chin_147,japanese_chin,japanese_chin,0.9956554,"japanese_chin, saint_bernard, beagle, pomeranian, yorkshire_terrier",True,True
boxer_98,boxer,boxer,0.9271474,"boxer, chihuahua, staffordshire_bull_terrier, miniature_pinscher, american_pit_bull_terrier",True,True
Egyptian_Mau_80,Egyptian_Mau,Egyptian_Mau,0.29536223,"Egyptian_Mau, Bengal, Abyssinian, Maine_Coon, British_Shorthair",True,True
Maine_Coon_18,Maine_Coon,Maine_Coon,0.9954716,"Maine_Coon, Bengal, Persian, yorkshire_terrier, Ragdoll",True,True
miniature_pinscher_80,miniature_pinscher,miniature_pinscher,0.96458775,"miniature_pinscher, chihuahua, Abyssinian, Sphynx, Bombay",True,True
samoyed_19,samoyed,samoyed,0.9261558,"samoyed, great_pyrenees, shiba_inu, Ragdoll, British_Shorthair",True,True
Maine_Coon_254,Maine_Coon,Maine_Coon,0.7212329,"Maine_Coon, Bengal, Abyssinian, yorkshire_terrier, Egyptian_Mau",True,True
japanese_chin_40,japanese_chin,japanese_chin,0.9986634,"japanese_chin, Birman, havanese, saint_bernard, Persian",True,True
Russian_Blue_44,Russian_Blue,Russian_Blue,0.992878,"Russian_Blue, British_Shorthair, Abyssinian, Egyptian_Mau, Sphynx",True,True
japanese_chin_36,japanese_chin,japanese_chin,0.97189313,"japanese_chin, saint_bernard, havanese, Ragdoll, great_pyrenees",True,True
yorkshire_terrier_27,yorkshire_terrier,yorkshire_terrier,0.99999106,"yorkshire_terrier, Persian, scottish_terrier, havanese, Bengal",True,True
Sphynx_127,Sphynx,Sphynx,0.9978725,"Sphynx, Abyssinian, american_bulldog, american_pit_bull_terrier, Egyptian_Mau",True,True
english_setter_38,english_setter,english_setter,0.411362,"english_setter, german_shorthaired, english_cocker_spaniel, wheaten_terrier, havanese",True,True
basset_hound_97,basset_hound,basset_hound,0.9602452,"basset_hound, american_pit_bull_terrier, beagle, boxer, staffordshire_bull_terrier",True,True
shiba_inu_160,shiba_inu,shiba_inu,0.6137109,"shiba_inu, Abyssinian, pomeranian, leonberger, beagle",True,True
Bengal_16,Bengal,Bengal,0.9981634,"Bengal, Abyssinian, Egyptian_Mau, Maine_Coon, Sphynx",True,True
Egyptian_Mau_179,Egyptian_Mau,Bengal,0.8516144,"Bengal, Egyptian_Mau, Maine_Coon, Abyssinian, english_setter",False,True
Bengal_174,Bengal,Russian_Blue,0.5597305,"Russian_Blue, Bengal, Egyptian_Mau, Abyssinian, pug",False,True
British_Shorthair_123,British_Shorthair,British_Shorthair,0.9443675,"British_Shorthair, Russian_Blue, Bombay, Persian, newfoundland",True,True
newfoundland_5,newfoundland,newfoundland,0.95771,"newfoundland, english_cocker_spaniel, scottish_terrier, staffordshire_bull_terrier, leonberger",True,True
leonberger_172,leonberger,leonberger,0.99837494,"leonberger, newfoundland, keeshond, wheaten_terrier, great_pyrenees",True,True
scottish_terrier_24,scottish_terrier,scottish_terrier,0.99594814,"scottish_terrier, yorkshire_terrier, havanese, newfoundland, keeshond",True,True
basset_hound_42,basset_hound,basset_hound,0.91106397,"basset_hound, beagle, american_pit_bull_terrier, english_cocker_spaniel, american_bulldog",True,True
japanese_chin_146,japanese_chin,japanese_chin,0.30818775,"japanese_chin, english_cocker_spaniel, beagle, english_setter, yorkshire_terrier",True,True
Siamese_102,Siamese,Siamese,0.9881942,"Siamese, Birman, Ragdoll, shiba_inu, British_Shorthair",True,True
staffordshire_bull_terrier_31,staffordshire_bull_terrier,american_bulldog,0.8875504,"american_bulldog, staffordshire_bull_terrier, american_pit_bull_terrier, english_setter, beagle",False,True
english_setter_102,english_setter,english_setter,0.49061558,"english_setter, english_cocker_spaniel, beagle, basset_hound, german_shorthaired",True,True
British_Shorthair_199,British_Shorthair,British_Shorthair,0.99913627,"British_Shorthair, Russian_Blue, Persian, Bombay, Egyptian_Mau",True,True
Siamese_18,Siamese,Siamese,0.894988,"Siamese, Birman, Ragdoll, Russian_Blue, Sphynx",True,True
Egyptian_Mau_173,Egyptian_Mau,Egyptian_Mau,0.9477668,"Egyptian_Mau, Bengal, Maine_Coon, Abyssinian, Sphynx",True,True
pug_198,pug,pug,0.99994624,"pug, boxer, chihuahua, Siamese, havanese",True,True
english_setter_141,english_setter,english_setter,0.6012899,"english_setter, english_cocker_spaniel, keeshond, leonberger, yorkshire_terrier",True,True
leonberger_154,leonberger,keeshond,0.8933448,"keeshond, pomeranian, leonberger, shiba_inu, Persian",False,True
yorkshire_terrier_153,yorkshire_terrier,yorkshire_terrier,0.99870694,"yorkshire_terrier, Bengal, Persian, havanese, Maine_Coon",True,True
wheaten_terrier_88,wheaten_terrier,shiba_inu,0.42737618,"shiba_inu, wheaten_terrier, beagle, basset_hound, Russian_Blue",False,True
samoyed_196,samoyed,samoyed,0.99714077,"samoyed, shiba_inu, great_pyrenees, pomeranian, Ragdoll",True,True
Abyssinian_157,Abyssinian,Abyssinian,0.9580468,"Abyssinian, shiba_inu, chihuahua, Siamese, pomeranian",True,True
american_pit_bull_terrier_131,american_pit_bull_terrier,staffordshire_bull_terrier,0.68702257,"staffordshire_bull_terrier, american_pit_bull_terrier, newfoundland, german_shorthaired, chihuahua",False,True
miniature_pinscher_147,miniature_pinscher,miniature_pinscher,0.9811137,"miniature_pinscher, chihuahua, staffordshire_bull_terrier, american_pit_bull_terrier, Bombay",True,True
Bombay_210,Bombay,Bombay,0.9980123,"Bombay, British_Shorthair, scottish_terrier, Maine_Coon, newfoundland",True,True
basset_hound_179,basset_hound,basset_hound,0.99865085,"basset_hound, beagle, boxer, english_cocker_spaniel, saint_bernard",True,True
Siamese_224,Siamese,Siamese,0.55813175,"Siamese, Abyssinian, Ragdoll, Sphynx, chihuahua",True,True
newfoundland_81,newfoundland,newfoundland,0.98571867,"newfoundland, havanese, japanese_chin, pomeranian, english_cocker_spaniel",True,True
Ragdoll_255,Ragdoll,Ragdoll,0.9887399,"Ragdoll, Persian, Maine_Coon, Birman, British_Shorthair",True,True
german_shorthaired_113,german_shorthaired,german_shorthaired,0.99997175,"german_shorthaired, american_pit_bull_terrier, english_setter, beagle, staffordshire_bull_terrier",True,True
great_pyrenees_82,great_pyrenees,great_pyrenees,0.96504664,"great_pyrenees, english_setter, english_cocker_spaniel, samoyed, havanese",True,True
Siamese_27,Siamese,Siamese,0.9392378,"Siamese, pug, Sphynx, chihuahua, shiba_inu",True,True
Birman_171,Birman,Birman,0.984954,"Birman, Ragdoll, Persian, Siamese, japanese_chin",True,True
Birman_34,Birman,Birman,0.9741295,"Birman, Siamese, Ragdoll, keeshond, japanese_chin",True,True
pomeranian_111,pomeranian,pomeranian,0.9996331,"pomeranian, yorkshire_terrier, japanese_chin, Persian, Maine_Coon",True,True
British_Shorthair_213,British_Shorthair,British_Shorthair,0.9997602,"British_Shorthair, Russian_Blue, Persian, Bombay, Maine_Coon",True,True
shiba_inu_18,shiba_inu,shiba_inu,0.9990042,"shiba_inu, chihuahua, pomeranian, american_pit_bull_terrier, beagle",True,True
Birman_67,Birman,Birman,0.6109206,"Birman, Siamese, Ragdoll, japanese_chin, Persian",True,True
great_pyrenees_76,great_pyrenees,great_pyrenees,0.99713707,"great_pyrenees, havanese, samoyed, saint_bernard, japanese_chin",True,True
Ragdoll_106,Ragdoll,Ragdoll,0.61955905,"Ragdoll, Persian, samoyed, american_bulldog, British_Shorthair",True,True
Sphynx_36,Sphynx,Sphynx,0.99969363,"Sphynx, Abyssinian, miniature_pinscher, Russian_Blue, american_bulldog",True,True
pomeranian_164,pomeranian,samoyed,0.7653295,"samoyed, pomeranian, keeshond, scottish_terrier, great_pyrenees",False,True
great_pyrenees_29,great_pyrenees,great_pyrenees,0.89922255,"great_pyrenees, english_setter, english_cocker_spaniel, saint_bernard, leonberger",True,True
keeshond_145,keeshond,Maine_Coon,0.35248333,"Maine_Coon, Ragdoll, Persian, keeshond, pomeranian",False,True
keeshond_164,keeshond,keeshond,0.99954754,"keeshond, pomeranian, Persian, samoyed, scottish_terrier",True,True
leonberger_177,leonberger,leonberger,0.99980706,"leonberger, keeshond, saint_bernard, great_pyrenees, wheaten_terrier",True,True
shiba_inu_121,shiba_inu,shiba_inu,0.9998448,"shiba_inu, chihuahua, samoyed, pomeranian, staffordshire_bull_terrier",True,True
english_cocker_spaniel_143,english_cocker_spaniel,english_cocker_spaniel,0.9748902,"english_cocker_spaniel, yorkshire_terrier, basset_hound, leonberger, miniature_pinscher",True,True
havanese_136,havanese,havanese,0.9801532,"havanese, yorkshire_terrier, japanese_chin, scottish_terrier, wheaten_terrier",True,True
staffordshire_bull_terrier_17,staffordshire_bull_terrier,american_bulldog,0.5337329,"american_bulldog, american_pit_bull_terrier, staffordshire_bull_terrier, chihuahua, boxer",False,True
pomeranian_116,pomeranian,pomeranian,0.5394949,"pomeranian, Maine_Coon, Ragdoll, shiba_inu, Persian",True,True
Persian_104,Persian,Persian,0.9992205,"Persian, Maine_Coon, British_Shorthair, Ragdoll, samoyed",True,True
pug_40,pug,pug,0.2900208,"pug, havanese, japanese_chin, saint_bernard, staffordshire_bull_terrier",True,True
Bengal_108,Bengal,Bengal,0.97758806,"Bengal, Abyssinian, Maine_Coon, Egyptian_Mau, boxer",True,True
Birman_101,Birman,Birman,0.80250853,"Birman, Siamese, Ragdoll, japanese_chin, Persian",True,True
Russian_Blue_139,Russian_Blue,Russian_Blue,0.91006464,"Russian_Blue, British_Shorthair, Egyptian_Mau, shiba_inu, Siamese",True,True
english_setter_53,english_setter,english_setter,0.99705243,"english_setter, leonberger, english_cocker_spaniel, yorkshire_terrier, keeshond",True,True
Russian_Blue_263,Russian_Blue,Russian_Blue,0.99035347,"Russian_Blue, Abyssinian, Sphynx, Siamese, Egyptian_Mau",True,True
Ragdoll_148,Ragdoll,Ragdoll,0.9981546,"Ragdoll, Birman, Persian, samoyed, Maine_Coon",True,True
Persian_28,Persian,Persian,0.9615829,"Persian, Maine_Coon, Ragdoll, pomeranian, Birman",True,True
Sphynx_114,Sphynx,Sphynx,0.99989116,"Sphynx, Abyssinian, chihuahua, miniature_pinscher, american_pit_bull_terrier",True,True
american_bulldog_44,american_bulldog,american_bulldog,0.9732169,"american_bulldog, english_setter, american_pit_bull_terrier, pug, boxer",True,True
Ragdoll_99,Ragdoll,Ragdoll,0.99006116,"Ragdoll, Maine_Coon, Birman, Persian, japanese_chin",True,True
samoyed_85,samoyed,samoyed,0.97605807,"samoyed, great_pyrenees, pomeranian, shiba_inu, keeshond",True,True
pug_122,pug,pug,0.9877914,"pug, boxer, chihuahua, american_bulldog, staffordshire_bull_terrier",True,True
scottish_terrier_26,scottish_terrier,yorkshire_terrier,0.578637,"yorkshire_terrier, scottish_terrier, wheaten_terrier, havanese, english_cocker_spaniel",False,True
Sphynx_53,Sphynx,Sphynx,0.98845774,"Sphynx, Abyssinian, Russian_Blue, american_bulldog, Siamese",True,True
Sphynx_157,Sphynx,Sphynx,0.99932826,"Sphynx, miniature_pinscher, Abyssinian, chihuahua, Siamese",True,True
wheaten_terrier_79,wheaten_terrier,wheaten_terrier,0.8131585,"wheaten_terrier, havanese, scottish_terrier, english_cocker_spaniel, yorkshire_terrier",True,True
Bombay_62,Bombay,Bombay,0.9995952,"Bombay, Siamese, British_Shorthair, scottish_terrier, newfoundland",True,True
english_setter_101,english_setter,english_setter,0.9954123,"english_setter, great_pyrenees, english_cocker_spaniel, havanese, leonberger",True,True
Egyptian_Mau_192,Egyptian_Mau,Egyptian_Mau,0.99370754,"Egyptian_Mau, Bengal, British_Shorthair, Russian_Blue, Abyssinian",True,True
samoyed_136,samoyed,samoyed,0.8495384,"samoyed, great_pyrenees, staffordshire_bull_terrier, shiba_inu, american_pit_bull_terrier",True,True
pug_163,pug,pug,0.5680395,"pug, staffordshire_bull_terrier, boxer, Bombay, miniature_pinscher",True,True
scottish_terrier_119,scottish_terrier,scottish_terrier,0.8496426,"scottish_terrier, Bombay, yorkshire_terrier, havanese, newfoundland",True,True
Siamese_69,Siamese,Siamese,0.9848852,"Siamese, Birman, shiba_inu, Ragdoll, Sphynx",True,True
havanese_133,havanese,havanese,0.9908118,"havanese, keeshond, yorkshire_terrier, wheaten_terrier, great_pyrenees",True,True
japanese_chin_73,japanese_chin,japanese_chin,0.99304646,"japanese_chin, english_setter, saint_bernard, havanese, english_cocker_spaniel",True,True
Siamese_141,Siamese,Siamese,0.9749512,"Siamese, Birman, Ragdoll, shiba_inu, Abyssinian",True,True
havanese_127,havanese,english_cocker_spaniel,0.4917107,"english_cocker_spaniel, newfoundland, havanese, scottish_terrier, yorkshire_terrier",False,True
keeshond_139,keeshond,keeshond,0.9999639,"keeshond, leonberger, scottish_terrier, samoyed, great_pyrenees",True,True
samoyed_170,samoyed,samoyed,0.8191845,"samoyed, shiba_inu, Ragdoll, great_pyrenees, chihuahua",True,True
chihuahua_132,chihuahua,chihuahua,0.59317464,"chihuahua, american_pit_bull_terrier, shiba_inu, miniature_pinscher, staffordshire_bull_terrier",True,True
wheaten_terrier_52,wheaten_terrier,wheaten_terrier,0.36866704,"wheaten_terrier, great_pyrenees, english_setter, american_bulldog, havanese",True,True
chihuahua_182,chihuahua,chihuahua,0.57528204,"chihuahua, miniature_pinscher, Abyssinian, american_pit_bull_terrier, Sphynx",True,True
staffordshire_bull_terrier_107,staffordshire_bull_terrier,staffordshire_bull_terrier,0.9166514,"staffordshire_bull_terrier, newfoundland, german_shorthaired, Russian_Blue, Bombay",True,True
British_Shorthair_145,British_Shorthair,British_Shorthair,0.89162505,"British_Shorthair, Russian_Blue, Abyssinian, Persian, Siamese",True,True
Sphynx_58,Sphynx,Sphynx,0.9977773,"Sphynx, miniature_pinscher, chihuahua, Abyssinian, Russian_Blue",True,True
great_pyrenees_10,great_pyrenees,great_pyrenees,0.98706263,"great_pyrenees, havanese, samoyed, wheaten_terrier, keeshond",True,True
pug_137,pug,pug,0.9994425,"pug, chihuahua, american_bulldog, american_pit_bull_terrier, boxer",True,True
British_Shorthair_29,British_Shorthair,British_Shorthair,0.99171805,"British_Shorthair, Russian_Blue, Abyssinian, Persian, Maine_Coon",True,True
scottish_terrier_30,scottish_terrier,scottish_terrier,0.9903583,"scottish_terrier, yorkshire_terrier, Bombay, chihuahua, Siamese",True,True
pomeranian_126,pomeranian,pomeranian,0.95974237,"pomeranian, yorkshire_terrier, japanese_chin, chihuahua, keeshond",True,True
shiba_inu_30,shiba_inu,shiba_inu,0.9943023,"shiba_inu, chihuahua, samoyed, scottish_terrier, Siamese",True,True
Abyssinian_144,Abyssinian,Abyssinian,0.99570835,"Abyssinian, Maine_Coon, Bengal, Russian_Blue, Egyptian_Mau",True,True
Siamese_179,Siamese,Siamese,0.894951,"Siamese, Birman, Ragdoll, Abyssinian, shiba_inu",True,True
Persian_45,Persian,Persian,0.999361,"Persian, Maine_Coon, British_Shorthair, Ragdoll, keeshond",True,True
english_setter_100,english_setter,english_setter,0.99876213,"english_setter, english_cocker_spaniel, great_pyrenees, german_shorthaired, havanese",True,True
german_shorthaired_143,german_shorthaired,german_shorthaired,0.89137244,"german_shorthaired, american_pit_bull_terrier, staffordshire_bull_terrier, newfoundland, beagle",True,True
Persian_39,Persian,Persian,0.8532366,"Persian, samoyed, Ragdoll, Maine_Coon, pomeranian",True,True
saint_bernard_12,saint_bernard,saint_bernard,0.99970967,"saint_bernard, boxer, japanese_chin, english_setter, leonberger",True,True
basset_hound_113,basset_hound,basset_hound,0.9989542,"basset_hound, beagle, english_cocker_spaniel, saint_bernard, american_pit_bull_terrier",True,True
american_pit_bull_terrier_102,american_pit_bull_terrier,american_pit_bull_terrier,0.8324993,"american_pit_bull_terrier, staffordshire_bull_terrier, german_shorthaired, basset_hound, beagle",True,True
japanese_chin_106,japanese_chin,japanese_chin,0.953183,"japanese_chin, saint_bernard, beagle, pomeranian, english_setter",True,True
american_bulldog_78,american_bulldog,american_bulldog,0.44618043,"american_bulldog, american_pit_bull_terrier, staffordshire_bull_terrier, saint_bernard, boxer",True,True
Birman_82,Birman,Birman,0.75105655,"Birman, Ragdoll, Siamese, shiba_inu, Persian",True,True
scottish_terrier_113,scottish_terrier,scottish_terrier,0.98873925,"scottish_terrier, yorkshire_terrier, Siamese, Bombay, staffordshire_bull_terrier",True,True
Russian_Blue_54,Russian_Blue,Russian_Blue,0.9807382,"Russian_Blue, Sphynx, Siamese, British_Shorthair, Abyssinian",True,True
Bengal_61,Bengal,Bengal,0.96886057,"Bengal, Egyptian_Mau, Maine_Coon, Abyssinian, Ragdoll",True,True
english_setter_142,english_setter,english_setter,0.999453,"english_setter, english_cocker_spaniel, beagle, german_shorthaired, great_pyrenees",True,True
chihuahua_58,chihuahua,Russian_Blue,0.24201852,"Russian_Blue, miniature_pinscher, Bombay, Abyssinian, Sphynx",False,False
american_pit_bull_terrier_196,american_pit_bull_terrier,american_pit_bull_terrier,0.86303633,"american_pit_bull_terrier, staffordshire_bull_terrier, german_shorthaired, american_bulldog, boxer",True,True
yorkshire_terrier_130,yorkshire_terrier,yorkshire_terrier,0.9998909,"yorkshire_terrier, havanese, Persian, miniature_pinscher, Bengal",True,True
samoyed_132,samoyed,samoyed,0.6652927,"samoyed, great_pyrenees, Ragdoll, shiba_inu, keeshond",True,True
leonberger_151,leonberger,leonberger,0.9918446,"leonberger, great_pyrenees, saint_bernard, keeshond, english_setter",True,True
miniature_pinscher_64,miniature_pinscher,miniature_pinscher,0.9996896,"miniature_pinscher, staffordshire_bull_terrier, beagle, american_pit_bull_terrier, chihuahua",True,True
american_pit_bull_terrier_118,american_pit_bull_terrier,american_pit_bull_terrier,0.70092374,"american_pit_bull_terrier, staffordshire_bull_terrier, miniature_pinscher, chihuahua, beagle",True,True
saint_bernard_179,saint_bernard,saint_bernard,0.9871345,"saint_bernard, basset_hound, boxer, beagle, american_bulldog",True,True
beagle_59,beagle,beagle,0.9359533,"beagle, basset_hound, saint_bernard, shiba_inu, american_bulldog",True,True
boxer_115,boxer,boxer,0.99041057,"boxer, saint_bernard, american_bulldog, pug, staffordshire_bull_terrier",True,True
Russian_Blue_149,Russian_Blue,Russian_Blue,0.9995315,"Russian_Blue, British_Shorthair, Egyptian_Mau, Siamese, Sphynx",True,True
shiba_inu_12,shiba_inu,shiba_inu,0.9380923,"shiba_inu, staffordshire_bull_terrier, Russian_Blue, keeshond, Siamese",True,True
Birman_188,Birman,Ragdoll,0.57221425,"Ragdoll, Birman, Persian, Siamese, Maine_Coon",False,True
leonberger_36,leonberger,leonberger,0.9992238,"leonberger, saint_bernard, wheaten_terrier, great_pyrenees, pomeranian",True,True
Maine_Coon_238,Maine_Coon,Siamese,0.22234988,"Siamese, japanese_chin, Ragdoll, Bombay, Birman",False,False
scottish_terrier_162,scottish_terrier,scottish_terrier,0.9962291,"scottish_terrier, yorkshire_terrier, Bombay, newfoundland, havanese",True,True
saint_bernard_135,saint_bernard,saint_bernard,0.9967885,"saint_bernard, great_pyrenees, leonberger, english_setter, basset_hound",True,True
Maine_Coon_129,Maine_Coon,Maine_Coon,0.9983246,"Maine_Coon, Ragdoll, Abyssinian, Persian, Bengal",True,True
boxer_172,boxer,boxer,0.82514167,"boxer, pug, staffordshire_bull_terrier, american_bulldog, Russian_Blue",True,True
american_pit_bull_terrier_191,american_pit_bull_terrier,staffordshire_bull_terrier,0.9240618,"staffordshire_bull_terrier, american_pit_bull_terrier, newfoundland, miniature_pinscher, german_shorthaired",False,True
leonberger_43,leonberger,leonberger,0.9999521,"leonberger, saint_bernard, great_pyrenees, boxer, pug",True,True
english_setter_6,english_setter,english_setter,0.9956436,"english_setter, english_cocker_spaniel, wheaten_terrier, leonberger, great_pyrenees",True,True
boxer_69,boxer,boxer,0.99724615,"boxer, staffordshire_bull_terrier, american_bulldog, pug, beagle",True,True
Sphynx_252,Sphynx,Sphynx,0.99786407,"Sphynx, chihuahua, Abyssinian, miniature_pinscher, Russian_Blue",True,True
pug_68,pug,boxer,0.6608943,"boxer, american_bulldog, staffordshire_bull_terrier, pug, beagle",False,True
shiba_inu_199,shiba_inu,shiba_inu,0.9619762,"shiba_inu, chihuahua, Siamese, pomeranian, Abyssinian",True,True
Bengal_110,Bengal,Bengal,0.98404247,"Bengal, Abyssinian, Egyptian_Mau, Maine_Coon, Sphynx",True,True
Sphynx_115,Sphynx,Sphynx,0.9964709,"Sphynx, Abyssinian, chihuahua, Siamese, american_bulldog",True,True
Sphynx_150,Sphynx,Sphynx,0.92697024,"Sphynx, Siamese, Russian_Blue, chihuahua, Abyssinian",True,True
Russian_Blue_10,Russian_Blue,Russian_Blue,0.99955577,"Russian_Blue, British_Shorthair, Egyptian_Mau, Abyssinian, Sphynx",True,True
newfoundland_96,newfoundland,newfoundland,0.87638646,"newfoundland, scottish_terrier, Bombay, havanese, yorkshire_terrier",True,True
chihuahua_186,chihuahua,chihuahua,0.9829087,"chihuahua, pomeranian, miniature_pinscher, Abyssinian, american_pit_bull_terrier",True,True
boxer_81,boxer,boxer,0.98261154,"boxer, staffordshire_bull_terrier, miniature_pinscher, basset_hound, american_bulldog",True,True
german_shorthaired_155,german_shorthaired,german_shorthaired,0.99037445,"german_shorthaired, english_cocker_spaniel, english_setter, american_pit_bull_terrier, basset_hound",True,True
great_pyrenees_37,great_pyrenees,great_pyrenees,0.9124695,"great_pyrenees, wheaten_terrier, samoyed, english_cocker_spaniel, shiba_inu",True,True
Maine_Coon_241,Maine_Coon,Maine_Coon,0.99930215,"Maine_Coon, Bengal, Abyssinian, Egyptian_Mau, Persian",True,True
newfoundland_13,newfoundland,newfoundland,0.97918576,"newfoundland, staffordshire_bull_terrier, leonberger, scottish_terrier, keeshond",True,True
Maine_Coon_239,Maine_Coon,Maine_Coon,0.9322111,"Maine_Coon, Persian, Abyssinian, Bengal, Ragdoll",True,True
pug_179,pug,staffordshire_bull_terrier,0.8534198,"staffordshire_bull_terrier, pug, american_pit_bull_terrier, boxer, newfoundland",False,True
British_Shorthair_65,British_Shorthair,British_Shorthair,0.9823976,"British_Shorthair, Russian_Blue, Persian, Bombay, Egyptian_Mau",True,True
Bengal_59,Bengal,Bengal,0.99628985,"Bengal, Abyssinian, Egyptian_Mau, Maine_Coon, Sphynx",True,True
leonberger_186,leonberger,leonberger,0.9879205,"leonberger, great_pyrenees, keeshond, newfoundland, saint_bernard",True,True
Bombay_152,Bombay,Bombay,0.9973699,"Bombay, Siamese, staffordshire_bull_terrier, chihuahua, scottish_terrier",True,True
wheaten_terrier_34,wheaten_terrier,scottish_terrier,0.48036647,"scottish_terrier, wheaten_terrier, chihuahua, Sphynx, yorkshire_terrier",False,True
Ragdoll_78,Ragdoll,Ragdoll,0.9883039,"Ragdoll, Maine_Coon, Abyssinian, Persian, Birman",True,True
Persian_18,Persian,Persian,0.9898594,"Persian, Ragdoll, Maine_Coon, British_Shorthair, samoyed",True,True
american_pit_bull_terrier_14,american_pit_bull_terrier,american_pit_bull_terrier,0.9743478,"american_pit_bull_terrier, staffordshire_bull_terrier, miniature_pinscher, american_bulldog, boxer",True,True
wheaten_terrier_105,wheaten_terrier,wheaten_terrier,0.9898197,"wheaten_terrier, scottish_terrier, havanese, english_cocker_spaniel, Sphynx",True,True
japanese_chin_15,japanese_chin,japanese_chin,0.8444213,"japanese_chin, english_setter, english_cocker_spaniel, chihuahua, havanese",True,True
basset_hound_108,basset_hound,basset_hound,0.9996105,"basset_hound, beagle, staffordshire_bull_terrier, saint_bernard, german_shorthaired",True,True
pomeranian_44,pomeranian,pomeranian,0.95432115,"pomeranian, samoyed, keeshond, great_pyrenees, Persian",True,True
chihuahua_141,chihuahua,chihuahua,0.9964445,"chihuahua, beagle, miniature_pinscher, american_pit_bull_terrier, Sphynx",True,True
scottish_terrier_149,scottish_terrier,scottish_terrier,0.9932233,"scottish_terrier, yorkshire_terrier, keeshond, miniature_pinscher, havanese",True,True
english_cocker_spaniel_166,english_cocker_spaniel,english_cocker_spaniel,0.993859,"english_cocker_spaniel, newfoundland, english_setter, scottish_terrier, havanese",True,True
basset_hound_30,basset_hound,basset_hound,0.997771,"basset_hound, beagle, american_pit_bull_terrier, staffordshire_bull_terrier, german_shorthaired",True,True
pomeranian_181,pomeranian,pomeranian,0.999826,"pomeranian, Maine_Coon, japanese_chin, samoyed, Persian",True,True
Birman_37,Birman,Birman,0.92458165,"Birman, Ragdoll, Siamese, japanese_chin, samoyed",True,True
British_Shorthair_105,British_Shorthair,British_Shorthair,0.9954228,"British_Shorthair, Russian_Blue, Persian, Egyptian_Mau, Bombay",True,True
Persian_116,Persian,Persian,0.9157585,"Persian, Ragdoll, japanese_chin, Birman, Maine_Coon",True,True
Maine_Coon_160,Maine_Coon,Maine_Coon,0.99890244,"Maine_Coon, Persian, Bengal, Egyptian_Mau, Abyssinian",True,True
Sphynx_14,Sphynx,Sphynx,0.99239606,"Sphynx, miniature_pinscher, Abyssinian, chihuahua, Siamese",True,True
miniature_pinscher_52,miniature_pinscher,miniature_pinscher,0.87190324,"miniature_pinscher, american_pit_bull_terrier, staffordshire_bull_terrier, boxer, shiba_inu",True,True
Persian_159,Persian,Persian,0.8249285,"Persian, samoyed, Ragdoll, great_pyrenees, havanese",True,True
British_Shorthair_46,British_Shorthair,British_Shorthair,0.9573639,"British_Shorthair, Persian, Maine_Coon, Abyssinian, Russian_Blue",True,True
havanese_181,havanese,havanese,0.8453228,"havanese, japanese_chin, english_setter, Persian, english_cocker_spaniel",True,True
keeshond_83,keeshond,keeshond,0.9999411,"keeshond, pomeranian, samoyed, Persian, scottish_terrier",True,True
Siamese_174,Siamese,British_Shorthair,0.70090836,"British_Shorthair, Siamese, Russian_Blue, chihuahua, Ragdoll",False,True
english_setter_85,english_setter,english_setter,0.9882258,"english_setter, english_cocker_spaniel, japanese_chin, german_shorthaired, havanese",True,True
Ragdoll_194,Ragdoll,Ragdoll,0.99969685,"Ragdoll, Maine_Coon, Birman, Abyssinian, Persian",True,True
boxer_123,boxer,boxer,0.68289864,"boxer, miniature_pinscher, staffordshire_bull_terrier, basset_hound, leonberger",True,True
Egyptian_Mau_222,Egyptian_Mau,Egyptian_Mau,0.8662964,"Egyptian_Mau, Bengal, english_setter, Russian_Blue, Maine_Coon",True,True
newfoundland_112,newfoundland,newfoundland,0.9720491,"newfoundland, leonberger, english_cocker_spaniel, staffordshire_bull_terrier, english_setter",True,True
basset_hound_39,basset_hound,basset_hound,0.9897031,"basset_hound, beagle, staffordshire_bull_terrier, boxer, american_pit_bull_terrier",True,True
Ragdoll_34,Ragdoll,Ragdoll,0.99801034,"Ragdoll, Birman, Maine_Coon, Persian, Abyssinian",True,True
japanese_chin_30,japanese_chin,japanese_chin,0.9988306,"japanese_chin, saint_bernard, pomeranian, havanese, english_cocker_spaniel",True,True
Abyssinian_9,Abyssinian,Abyssinian,0.9324705,"Abyssinian, Bengal, Siamese, Russian_Blue, Egyptian_Mau",True,True
boxer_16,boxer,boxer,0.9374456,"boxer, staffordshire_bull_terrier, american_pit_bull_terrier, american_bulldog, saint_bernard",True,True
miniature_pinscher_95,miniature_pinscher,miniature_pinscher,0.98715067,"miniature_pinscher, Sphynx, american_pit_bull_terrier, chihuahua, staffordshire_bull_terrier",True,True
pug_150,pug,pug,0.9997731,"pug, boxer, chihuahua, american_bulldog, american_pit_bull_terrier",True,True
Persian_111,Persian,Persian,0.9568872,"Persian, Maine_Coon, yorkshire_terrier, Ragdoll, British_Shorthair",True,True
saint_bernard_26,saint_bernard,saint_bernard,0.99951875,"saint_bernard, basset_hound, boxer, japanese_chin, leonberger",True,True
Sphynx_234,Sphynx,Sphynx,0.9990056,"Sphynx, chihuahua, Abyssinian, Egyptian_Mau, american_bulldog",True,True
Abyssinian_56,Abyssinian,Abyssinian,0.99973613,"Abyssinian, Bengal, Maine_Coon, Egyptian_Mau, Russian_Blue",True,True
samoyed_36,samoyed,samoyed,0.9569968,"samoyed, great_pyrenees, shiba_inu, Persian, keeshond",True,True
British_Shorthair_52,British_Shorthair,British_Shorthair,0.66397864,"British_Shorthair, Russian_Blue, Persian, Ragdoll, Sphynx",True,True
english_cocker_spaniel_105,english_cocker_spaniel,english_cocker_spaniel,0.8412073,"english_cocker_spaniel, english_setter, beagle, basset_hound, german_shorthaired",True,True
basset_hound_99,basset_hound,basset_hound,0.78641677,"basset_hound, beagle, american_pit_bull_terrier, staffordshire_bull_terrier, saint_bernard",True,True
Siamese_72,Siamese,Siamese,0.9644966,"Siamese, basset_hound, boxer, staffordshire_bull_terrier, Birman",True,True
japanese_chin_151,japanese_chin,yorkshire_terrier,0.7539766,"yorkshire_terrier, japanese_chin, chihuahua, pomeranian, miniature_pinscher",False,True
shiba_inu_74,shiba_inu,shiba_inu,0.9938553,"shiba_inu, chihuahua, Abyssinian, miniature_pinscher, staffordshire_bull_terrier",True,True
pomeranian_15,pomeranian,pomeranian,0.9184867,"pomeranian, shiba_inu, chihuahua, keeshond, leonberger",True,True
chihuahua_163,chihuahua,chihuahua,0.9827391,"chihuahua, miniature_pinscher, american_pit_bull_terrier, Sphynx, Bengal",True,True
american_bulldog_203,american_bulldog,american_bulldog,0.9782317,"american_bulldog, pug, english_setter, beagle, saint_bernard",True,True
Persian_184,Persian,Persian,0.99643266,"Persian, British_Shorthair, Maine_Coon, Ragdoll, samoyed",True,True
chihuahua_156,chihuahua,chihuahua,0.78495777,"chihuahua, staffordshire_bull_terrier, miniature_pinscher, Bombay, Russian_Blue",True,True
english_cocker_spaniel_157,english_cocker_spaniel,beagle,0.87541276,"beagle, english_setter, german_shorthaired, english_cocker_spaniel, basset_hound",False,True
leonberger_200,leonberger,leonberger,0.9648386,"leonberger, wheaten_terrier, english_cocker_spaniel, yorkshire_terrier, keeshond",True,True
Russian_Blue_202,Russian_Blue,Russian_Blue,0.99894375,"Russian_Blue, British_Shorthair, Bombay, Abyssinian, Egyptian_Mau",True,True
saint_bernard_182,saint_bernard,saint_bernard,0.9902108,"saint_bernard, basset_hound, beagle, japanese_chin, boxer",True,True
Sphynx_176,Sphynx,Sphynx,0.99975115,"Sphynx, chihuahua, american_bulldog, Siamese, american_pit_bull_terrier",True,True
english_cocker_spaniel_42,english_cocker_spaniel,english_setter,0.8059599,"english_setter, english_cocker_spaniel, havanese, japanese_chin, great_pyrenees",False,True
saint_bernard_167,saint_bernard,english_cocker_spaniel,0.36378762,"english_cocker_spaniel, newfoundland, saint_bernard, english_setter, japanese_chin",False,True
pug_140,pug,pug,0.9999771,"pug, american_pit_bull_terrier, american_bulldog, boxer, chihuahua",True,True
staffordshire_bull_terrier_124,staffordshire_bull_terrier,staffordshire_bull_terrier,0.898511,"staffordshire_bull_terrier, american_pit_bull_terrier, german_shorthaired, boxer, american_bulldog",True,True
leonberger_150,leonberger,leonberger,0.99588364,"leonberger, saint_bernard, boxer, pug, basset_hound",True,True
Russian_Blue_240,Russian_Blue,Bombay,0.84546643,"Bombay, British_Shorthair, Russian_Blue, Siamese, Abyssinian",False,True
saint_bernard_96,saint_bernard,saint_bernard,0.984423,"saint_bernard, leonberger, boxer, basset_hound, great_pyrenees",True,True
Persian_80,Persian,Persian,0.77741134,"Persian, yorkshire_terrier, Maine_Coon, havanese, Bengal",True,True
Bengal_27,Bengal,Maine_Coon,0.5423863,"Maine_Coon, Bengal, Abyssinian, Egyptian_Mau, Ragdoll",False,True
wheaten_terrier_73,wheaten_terrier,wheaten_terrier,0.67282623,"wheaten_terrier, havanese, yorkshire_terrier, english_cocker_spaniel, Maine_Coon",True,True
chihuahua_107,chihuahua,chihuahua,0.29262653,"chihuahua, yorkshire_terrier, miniature_pinscher, pomeranian, Abyssinian",True,True
chihuahua_16,chihuahua,chihuahua,0.9939381,"chihuahua, Siamese, shiba_inu, Sphynx, pomeranian",True,True
Abyssinian_74,Abyssinian,Abyssinian,0.9955805,"Abyssinian, Bengal, Maine_Coon, Russian_Blue, Egyptian_Mau",True,True
pug_67,pug,pug,0.9808059,"pug, boxer, american_bulldog, havanese, staffordshire_bull_terrier",True,True
Russian_Blue_155,Russian_Blue,Russian_Blue,0.9531126,"Russian_Blue, British_Shorthair, Abyssinian, Sphynx, shiba_inu",True,True
saint_bernard_148,saint_bernard,boxer,0.98754454,"boxer, basset_hound, beagle, saint_bernard, staffordshire_bull_terrier",False,True
staffordshire_bull_terrier_147,staffordshire_bull_terrier,staffordshire_bull_terrier,0.6887626,"staffordshire_bull_terrier, american_pit_bull_terrier, boxer, german_shorthaired, american_bulldog",True,True
staffordshire_bull_terrier_9,staffordshire_bull_terrier,american_bulldog,0.7774482,"american_bulldog, american_pit_bull_terrier, staffordshire_bull_terrier, boxer, chihuahua",False,True
german_shorthaired_119,german_shorthaired,staffordshire_bull_terrier,0.87743336,"staffordshire_bull_terrier, german_shorthaired, american_pit_bull_terrier, boxer, american_bulldog",False,True
Maine_Coon_270,Maine_Coon,Bengal,0.8513538,"Bengal, Maine_Coon, Egyptian_Mau, yorkshire_terrier, english_setter",False,True
Bengal_167,Bengal,Bengal,0.98999375,"Bengal, Egyptian_Mau, Maine_Coon, Abyssinian, Ragdoll",True,True
Ragdoll_114,Ragdoll,Ragdoll,0.99748564,"Ragdoll, Persian, Maine_Coon, Birman, samoyed",True,True
beagle_125,beagle,beagle,0.988775,"beagle, staffordshire_bull_terrier, german_shorthaired, basset_hound, miniature_pinscher",True,True
pomeranian_22,pomeranian,pomeranian,0.9990103,"pomeranian, samoyed, japanese_chin, Maine_Coon, keeshond",True,True
english_setter_39,english_setter,english_setter,0.64496326,"english_setter, wheaten_terrier, leonberger, yorkshire_terrier, german_shorthaired",True,True
Birman_31,Birman,Birman,0.8919728,"Birman, Ragdoll, Siamese, Persian, japanese_chin",True,True
basset_hound_145,basset_hound,basset_hound,0.9534464,"basset_hound, beagle, english_cocker_spaniel, english_setter, saint_bernard",True,True
yorkshire_terrier_165,yorkshire_terrier,yorkshire_terrier,0.9994549,"yorkshire_terrier, havanese, scottish_terrier, wheaten_terrier, Bengal",True,True
Persian_77,Persian,Ragdoll,0.86308396,"Ragdoll, samoyed, Persian, Maine_Coon, British_Shorthair",False,True
boxer_24,boxer,boxer,0.91572374,"boxer, staffordshire_bull_terrier, american_pit_bull_terrier, american_bulldog, beagle",True,True
saint_bernard_114,saint_bernard,saint_bernard,0.9796026,"saint_bernard, boxer, american_bulldog, basset_hound, american_pit_bull_terrier",True,True
wheaten_terrier_6,wheaten_terrier,wheaten_terrier,0.49664393,"wheaten_terrier, american_bulldog, boxer, staffordshire_bull_terrier, great_pyrenees",True,True
yorkshire_terrier_197,yorkshire_terrier,yorkshire_terrier,0.99979025,"yorkshire_terrier, havanese, wheaten_terrier, scottish_terrier, Persian",True,True
samoyed_177,samoyed,samoyed,0.98484516,"samoyed, great_pyrenees, Ragdoll, shiba_inu, Persian",True,True
wheaten_terrier_172,wheaten_terrier,wheaten_terrier,0.9972543,"wheaten_terrier, havanese, scottish_terrier, leonberger, great_pyrenees",True,True
keeshond_131,keeshond,keeshond,0.99841523,"keeshond, leonberger, pomeranian, samoyed, great_pyrenees",True,True
yorkshire_terrier_146,yorkshire_terrier,yorkshire_terrier,0.99477,"yorkshire_terrier, Bengal, miniature_pinscher, english_cocker_spaniel, havanese",True,True
german_shorthaired_118,german_shorthaired,german_shorthaired,0.9115148,"german_shorthaired, basset_hound, american_pit_bull_terrier, beagle, english_cocker_spaniel",True,True
beagle_144,beagle,beagle,0.815553,"beagle, basset_hound, german_shorthaired, english_setter, english_cocker_spaniel",True,True
Siamese_76,Siamese,Siamese,0.9997428,"Siamese, Birman, chihuahua, Ragdoll, Bombay",True,True
Bombay_69,Bombay,Bombay,0.99998057,"Bombay, Siamese, Maine_Coon, Abyssinian, scottish_terrier",True,True
shiba_inu_209,shiba_inu,shiba_inu,0.9722649,"shiba_inu, american_pit_bull_terrier, beagle, staffordshire_bull_terrier, chihuahua",True,True
english_cocker_spaniel_193,english_cocker_spaniel,english_cocker_spaniel,0.88303185,"english_cocker_spaniel, newfoundland, basset_hound, yorkshire_terrier, english_setter",True,True
yorkshire_terrier_41,yorkshire_terrier,yorkshire_terrier,0.9991379,"yorkshire_terrier, havanese, wheaten_terrier, scottish_terrier, english_cocker_spaniel",True,True
scottish_terrier_75,scottish_terrier,scottish_terrier,0.9228289,"scottish_terrier, yorkshire_terrier, wheaten_terrier, havanese, english_cocker_spaniel",True,True
english_setter_14,english_setter,english_setter,0.945433,"english_setter, english_cocker_spaniel, wheaten_terrier, Bengal, Maine_Coon",True,True
Sphynx_136,Sphynx,Sphynx,0.997175,"Sphynx, miniature_pinscher, Abyssinian, Russian_Blue, Egyptian_Mau",True,True
beagle_156,beagle,beagle,0.9649907,"beagle, basset_hound, english_cocker_spaniel, american_pit_bull_terrier, german_shorthaired",True,True
beagle_113,beagle,beagle,0.9970481,"beagle, basset_hound, chihuahua, staffordshire_bull_terrier, american_bulldog",True,True
shiba_inu_193,shiba_inu,shiba_inu,0.9344882,"shiba_inu, chihuahua, american_pit_bull_terrier, beagle, staffordshire_bull_terrier",True,True
leonberger_89,leonberger,leonberger,0.92583686,"leonberger, saint_bernard, great_pyrenees, pug, boxer",True,True
Ragdoll_74,Ragdoll,Ragdoll,0.99033433,"Ragdoll, Maine_Coon, Birman, Abyssinian, Siamese",True,True
japanese_chin_2,japanese_chin,japanese_chin,0.99961746,"japanese_chin, pomeranian, havanese, english_cocker_spaniel, saint_bernard",True,True
Abyssinian_69,Abyssinian,Abyssinian,0.9991725,"Abyssinian, shiba_inu, Bengal, Russian_Blue, Siamese",True,True
leonberger_112,leonberger,leonberger,0.9968176,"leonberger, saint_bernard, wheaten_terrier, boxer, great_pyrenees",True,True
yorkshire_terrier_188,yorkshire_terrier,yorkshire_terrier,0.99975485,"yorkshire_terrier, havanese, wheaten_terrier, scottish_terrier, english_cocker_spaniel",True,True
Birman_165,Birman,Birman,0.9403275,"Birman, Siamese, Ragdoll, japanese_chin, keeshond",True,True
leonberger_122,leonberger,leonberger,0.36596614,"leonberger, chihuahua, keeshond, miniature_pinscher, scottish_terrier",True,True
basset_hound_16,basset_hound,basset_hound,0.9528552,"basset_hound, beagle, english_cocker_spaniel, american_pit_bull_terrier, american_bulldog",True,True
keeshond_35,keeshond,keeshond,0.9925701,"keeshond, pomeranian, samoyed, Persian, great_pyrenees",True,True
samoyed_22,samoyed,samoyed,0.9914198,"samoyed, great_pyrenees, pomeranian, shiba_inu, keeshond",True,True
pug_23,pug,pug,0.99964035,"pug, american_bulldog, boxer, chihuahua, shiba_inu",True,True
german_shorthaired_130,german_shorthaired,shiba_inu,0.32563847,"shiba_inu, beagle, chihuahua, pug, leonberger",False,False
Maine_Coon_117,Maine_Coon,Maine_Coon,0.99899834,"Maine_Coon, Persian, Bengal, Abyssinian, Ragdoll",True,True
beagle_10,beagle,beagle,0.5221885,"beagle, basset_hound, german_shorthaired, boxer, staffordshire_bull_terrier",True,True
Egyptian_Mau_164,Egyptian_Mau,Egyptian_Mau,0.9590364,"Egyptian_Mau, Bengal, Maine_Coon, english_setter, Russian_Blue",True,True
leonberger_171,leonberger,leonberger,0.99696404,"leonberger, great_pyrenees, keeshond, saint_bernard, pug",True,True
scottish_terrier_166,scottish_terrier,scottish_terrier,0.79840237,"scottish_terrier, yorkshire_terrier, havanese, keeshond, staffordshire_bull_terrier",True,True
great_pyrenees_128,great_pyrenees,great_pyrenees,0.99526596,"great_pyrenees, samoyed, saint_bernard, leonberger, havanese",True,True
chihuahua_34,chihuahua,chihuahua,0.5151116,"chihuahua, american_bulldog, american_pit_bull_terrier, great_pyrenees, english_setter",True,True
Russian_Blue_236,Russian_Blue,Russian_Blue,0.9947055,"Russian_Blue, British_Shorthair, Egyptian_Mau, Sphynx, Bengal",True,True
havanese_34,havanese,havanese,0.9780017,"havanese, wheaten_terrier, great_pyrenees, english_cocker_spaniel, yorkshire_terrier",True,True
wheaten_terrier_63,wheaten_terrier,wheaten_terrier,0.9744502,"wheaten_terrier, havanese, scottish_terrier, yorkshire_terrier, english_cocker_spaniel",True,True
saint_bernard_136,saint_bernard,saint_bernard,0.76986074,"saint_bernard, boxer, basset_hound, staffordshire_bull_terrier, leonberger",True,True
boxer_193,boxer,boxer,0.37889642,"boxer, american_pit_bull_terrier, staffordshire_bull_terrier, miniature_pinscher, american_bulldog",True,True
Persian_67,Persian,Persian,0.997962,"Persian, Maine_Coon, Ragdoll, yorkshire_terrier, British_Shorthair",True,True
Persian_264,Persian,Persian,0.9464972,"Persian, Ragdoll, Maine_Coon, Birman, samoyed",True,True
keeshond_2,keeshond,keeshond,0.997703,"keeshond, leonberger, yorkshire_terrier, pomeranian, japanese_chin",True,True
Maine_Coon_14,Maine_Coon,Maine_Coon,0.74704355,"Maine_Coon, Persian, Abyssinian, shiba_inu, pomeranian",True,True
Egyptian_Mau_175,Egyptian_Mau,Bengal,0.5334043,"Bengal, Egyptian_Mau, Maine_Coon, Sphynx, Abyssinian",False,True
scottish_terrier_38,scottish_terrier,scottish_terrier,0.9094969,"scottish_terrier, chihuahua, yorkshire_terrier, wheaten_terrier, shiba_inu",True,True
boxer_114,boxer,boxer,0.9613559,"boxer, american_bulldog, saint_bernard, staffordshire_bull_terrier, basset_hound",True,True
japanese_chin_117,japanese_chin,japanese_chin,0.92401123,"japanese_chin, saint_bernard, english_cocker_spaniel, pomeranian, english_setter",True,True
pomeranian_72,pomeranian,pomeranian,0.9261601,"pomeranian, yorkshire_terrier, keeshond, Maine_Coon, Persian",True,True
great_pyrenees_98,great_pyrenees,great_pyrenees,0.99103504,"great_pyrenees, samoyed, havanese, keeshond, leonberger",True,True
leonberger_51,leonberger,leonberger,0.9938431,"leonberger, newfoundland, keeshond, great_pyrenees, saint_bernard",True,True
boxer_99,boxer,boxer,0.94951713,"boxer, pug, miniature_pinscher, staffordshire_bull_terrier, american_pit_bull_terrier",True,True
american_bulldog_76,american_bulldog,american_pit_bull_terrier,0.63597256,"american_pit_bull_terrier, american_bulldog, staffordshire_bull_terrier, beagle, shiba_inu",False,True
basset_hound_165,basset_hound,basset_hound,0.91654515,"basset_hound, beagle, saint_bernard, american_pit_bull_terrier, staffordshire_bull_terrier",True,True
Sphynx_228,Sphynx,Sphynx,0.7303804,"Sphynx, Egyptian_Mau, Bengal, chihuahua, yorkshire_terrier",True,True
shiba_inu_21,shiba_inu,shiba_inu,0.95996016,"shiba_inu, beagle, american_pit_bull_terrier, staffordshire_bull_terrier, chihuahua",True,True
British_Shorthair_110,British_Shorthair,British_Shorthair,0.9977847,"British_Shorthair, Russian_Blue, Persian, german_shorthaired, newfoundland",True,True
samoyed_30,samoyed,samoyed,0.9801854,"samoyed, great_pyrenees, Persian, pomeranian, havanese",True,True
pomeranian_143,pomeranian,pomeranian,0.9997805,"pomeranian, samoyed, shiba_inu, japanese_chin, keeshond",True,True
British_Shorthair_136,British_Shorthair,British_Shorthair,0.99575704,"British_Shorthair, Russian_Blue, Persian, Bombay, Siamese",True,True
boxer_107,boxer,boxer,0.99964964,"boxer, saint_bernard, pug, american_bulldog, staffordshire_bull_terrier",True,True
keeshond_134,keeshond,leonberger,0.7901137,"leonberger, keeshond, great_pyrenees, english_cocker_spaniel, pomeranian",False,True
saint_bernard_159,saint_bernard,saint_bernard,0.99960846,"saint_bernard, basset_hound, leonberger, boxer, great_pyrenees",True,True
samoyed_139,samoyed,samoyed,0.99663407,"samoyed, great_pyrenees, pomeranian, shiba_inu, Ragdoll",True,True
yorkshire_terrier_74,yorkshire_terrier,yorkshire_terrier,0.53446037,"yorkshire_terrier, havanese, wheaten_terrier, scottish_terrier, english_cocker_spaniel",True,True
leonberger_2,leonberger,leonberger,0.99892277,"leonberger, saint_bernard, great_pyrenees, newfoundland, keeshond",True,True
saint_bernard_8,saint_bernard,saint_bernard,0.69687366,"saint_bernard, boxer, beagle, basset_hound, american_bulldog",True,True
leonberger_174,leonberger,leonberger,0.98928344,"leonberger, newfoundland, keeshond, great_pyrenees, pug",True,True
Sphynx_143,Sphynx,Sphynx,0.3924398,"Sphynx, american_bulldog, chihuahua, Siamese, beagle",True,True
english_setter_72,english_setter,english_setter,0.87179,"english_setter, english_cocker_spaniel, great_pyrenees, newfoundland, beagle",True,True
scottish_terrier_80,scottish_terrier,scottish_terrier,0.99887687,"scottish_terrier, yorkshire_terrier, havanese, Bombay, staffordshire_bull_terrier",True,True
Maine_Coon_27,Maine_Coon,Maine_Coon,0.972421,"Maine_Coon, Persian, Ragdoll, pomeranian, samoyed",True,True
japanese_chin_22,japanese_chin,japanese_chin,0.700011,"japanese_chin, american_bulldog, saint_bernard, pug, english_setter",True,True
Russian_Blue_103,Russian_Blue,Russian_Blue,0.81256,"Russian_Blue, shiba_inu, scottish_terrier, British_Shorthair, staffordshire_bull_terrier",True,True
Sphynx_93,Sphynx,Sphynx,0.9992229,"Sphynx, chihuahua, miniature_pinscher, Abyssinian, Siamese",True,True
beagle_68,beagle,beagle,0.9919045,"beagle, basset_hound, german_shorthaired, english_cocker_spaniel, american_pit_bull_terrier",True,True
american_bulldog_147,american_bulldog,american_bulldog,0.38606656,"american_bulldog, boxer, pug, american_pit_bull_terrier, staffordshire_bull_terrier",True,True
german_shorthaired_101,german_shorthaired,german_shorthaired,0.9999981,"german_shorthaired, beagle, english_setter, Egyptian_Mau, american_pit_bull_terrier",True,True
havanese_76,havanese,havanese,0.99782723,"havanese, japanese_chin, yorkshire_terrier, wheaten_terrier, scottish_terrier",True,True
saint_bernard_29,saint_bernard,saint_bernard,0.9984717,"saint_bernard, basset_hound, boxer, japanese_chin, american_bulldog",True,True
german_shorthaired_19,german_shorthaired,german_shorthaired,0.8885912,"german_shorthaired, basset_hound, english_cocker_spaniel, english_setter, american_pit_bull_terrier",True,True
British_Shorthair_134,British_Shorthair,British_Shorthair,0.9992167,"British_Shorthair, Russian_Blue, Persian, Bombay, Egyptian_Mau",True,True
shiba_inu_177,shiba_inu,Abyssinian,0.7598899,"Abyssinian, shiba_inu, Ragdoll, Siamese, Bengal",False,True
samoyed_194,samoyed,samoyed,0.97529024,"samoyed, great_pyrenees, pomeranian, shiba_inu, Persian",True,True
samoyed_174,samoyed,samoyed,0.7932625,"samoyed, great_pyrenees, Ragdoll, shiba_inu, japanese_chin",True,True
Bengal_191,Bengal,Bengal,0.97595644,"Bengal, Egyptian_Mau, newfoundland, staffordshire_bull_terrier, Abyssinian",True,True
Sphynx_94,Sphynx,Sphynx,0.9893819,"Sphynx, Abyssinian, miniature_pinscher, american_bulldog, chihuahua",True,True
american_pit_bull_terrier_50,american_pit_bull_terrier,staffordshire_bull_terrier,0.75289565,"staffordshire_bull_terrier, american_pit_bull_terrier, boxer, Bombay, chihuahua",False,True
english_cocker_spaniel_2,english_cocker_spaniel,newfoundland,0.9529267,"newfoundland, english_setter, english_cocker_spaniel, german_shorthaired, scottish_terrier",False,True
american_bulldog_36,american_bulldog,american_bulldog,0.7907237,"american_bulldog, american_pit_bull_terrier, staffordshire_bull_terrier, beagle, chihuahua",True,True
scottish_terrier_121,scottish_terrier,scottish_terrier,0.9915473,"scottish_terrier, yorkshire_terrier, havanese, english_cocker_spaniel, Bombay",True,True
Russian_Blue_27,Russian_Blue,Russian_Blue,0.9998759,"Russian_Blue, British_Shorthair, Egyptian_Mau, Sphynx, Abyssinian",True,True
pug_105,pug,pug,0.9964474,"pug, american_bulldog, japanese_chin, american_pit_bull_terrier, staffordshire_bull_terrier",True,True
saint_bernard_72,saint_bernard,saint_bernard,0.8879337,"saint_bernard, basset_hound, beagle, boxer, american_bulldog",True,True
Maine_Coon_34,Maine_Coon,Maine_Coon,0.9861097,"Maine_Coon, Bengal, Egyptian_Mau, Abyssinian, Ragdoll",True,True
american_pit_bull_terrier_186,american_pit_bull_terrier,boxer,0.34714788,"boxer, staffordshire_bull_terrier, american_pit_bull_terrier, american_bulldog, chihuahua",False,True
Abyssinian_27,Abyssinian,Abyssinian,0.9999769,"Abyssinian, Bengal, Siamese, Maine_Coon, shiba_inu",True,True
miniature_pinscher_29,miniature_pinscher,miniature_pinscher,0.50450957,"miniature_pinscher, basset_hound, staffordshire_bull_terrier, boxer, beagle",True,True
newfoundland_135,newfoundland,newfoundland,0.9874232,"newfoundland, english_cocker_spaniel, english_setter, leonberger, japanese_chin",True,True
basset_hound_2,basset_hound,basset_hound,0.9989116,"basset_hound, beagle, boxer, staffordshire_bull_terrier, american_pit_bull_terrier",True,True
boxer_148,boxer,boxer,0.6071975,"boxer, american_bulldog, staffordshire_bull_terrier, saint_bernard, american_pit_bull_terrier",True,True
miniature_pinscher_88,miniature_pinscher,beagle,0.55287904,"beagle, staffordshire_bull_terrier, american_pit_bull_terrier, miniature_pinscher, basset_hound",False,True
german_shorthaired_98,german_shorthaired,german_shorthaired,0.97790754,"german_shorthaired, staffordshire_bull_terrier, american_pit_bull_terrier, american_bulldog, boxer",True,True
boxer_13,boxer,boxer,0.8688528,"boxer, american_bulldog, staffordshire_bull_terrier, american_pit_bull_terrier, beagle",True,True
wheaten_terrier_26,wheaten_terrier,wheaten_terrier,0.90213597,"wheaten_terrier, havanese, leonberger, great_pyrenees, scottish_terrier",True,True
keeshond_154,keeshond,keeshond,0.98886126,"keeshond, Birman, japanese_chin, leonberger, Persian",True,True
Ragdoll_176,Ragdoll,Birman,0.88851464,"Birman, Ragdoll, Siamese, keeshond, Persian",False,True
Egyptian_Mau_34,Egyptian_Mau,Egyptian_Mau,0.99783856,"Egyptian_Mau, Bengal, english_setter, Russian_Blue, german_shorthaired",True,True
Egyptian_Mau_92,Egyptian_Mau,Egyptian_Mau,0.99912006,"Egyptian_Mau, Bengal, Russian_Blue, english_setter, Maine_Coon",True,True
staffordshire_bull_terrier_27,staffordshire_bull_terrier,staffordshire_bull_terrier,0.36005318,"staffordshire_bull_terrier, american_pit_bull_terrier, boxer, german_shorthaired, american_bulldog",True,True
saint_bernard_149,saint_bernard,saint_bernard,0.9970451,"saint_bernard, basset_hound, boxer, american_bulldog, japanese_chin",True,True
havanese_32,havanese,havanese,0.8309261,"havanese, english_cocker_spaniel, english_setter, yorkshire_terrier, german_shorthaired",True,True
scottish_terrier_35,scottish_terrier,scottish_terrier,0.97567844,"scottish_terrier, yorkshire_terrier, chihuahua, staffordshire_bull_terrier, miniature_pinscher",True,True
miniature_pinscher_72,miniature_pinscher,miniature_pinscher,0.9838254,"miniature_pinscher, chihuahua, Abyssinian, Siamese, Sphynx",True,True
samoyed_180,samoyed,samoyed,0.9985682,"samoyed, great_pyrenees, pomeranian, keeshond, shiba_inu",True,True
Persian_76,Persian,Persian,0.99821967,"Persian, Maine_Coon, British_Shorthair, samoyed, Ragdoll",True,True
Bombay_63,Bombay,Bombay,0.9983986,"Bombay, Siamese, British_Shorthair, newfoundland, Maine_Coon",True,True
english_setter_92,english_setter,english_setter,0.9872277,"english_setter, english_cocker_spaniel, beagle, german_shorthaired, keeshond",True,True
german_shorthaired_15,german_shorthaired,german_shorthaired,0.9970631,"german_shorthaired, basset_hound, english_cocker_spaniel, american_pit_bull_terrier, beagle",True,True
scottish_terrier_136,scottish_terrier,scottish_terrier,0.9084357,"scottish_terrier, yorkshire_terrier, havanese, wheaten_terrier, Ragdoll",True,True
great_pyrenees_199,great_pyrenees,great_pyrenees,0.9978728,"great_pyrenees, samoyed, havanese, saint_bernard, wheaten_terrier",True,True
english_cocker_spaniel_172,english_cocker_spaniel,english_cocker_spaniel,0.8746289,"english_cocker_spaniel, english_setter, basset_hound, newfoundland, german_shorthaired",True,True
Bombay_116,Bombay,Bombay,0.9995197,"Bombay, newfoundland, Siamese, British_Shorthair, chihuahua",True,True
yorkshire_terrier_170,yorkshire_terrier,Bengal,0.47949338,"Bengal, yorkshire_terrier, english_cocker_spaniel, Abyssinian, miniature_pinscher",False,True
great_pyrenees_36,great_pyrenees,great_pyrenees,0.9119682,"great_pyrenees, wheaten_terrier, havanese, samoyed, leonberger",True,True
Bombay_90,Bombay,Bombay,0.78605384,"Bombay, scottish_terrier, Maine_Coon, newfoundland, Siamese",True,True
Russian_Blue_140,Russian_Blue,Russian_Blue,0.92985904,"Russian_Blue, British_Shorthair, Siamese, Sphynx, Egyptian_Mau",True,True
havanese_140,havanese,havanese,0.937359,"havanese, yorkshire_terrier, wheaten_terrier, scottish_terrier, Persian",True,True
american_pit_bull_terrier_90,american_pit_bull_terrier,staffordshire_bull_terrier,0.97145444,"staffordshire_bull_terrier, american_pit_bull_terrier, beagle, american_bulldog, german_shorthaired",False,True
Persian_125,Persian,Persian,0.9572998,"Persian, British_Shorthair, keeshond, Maine_Coon, samoyed",True,True
pug_62,pug,pug,0.9998795,"pug, boxer, american_bulldog, staffordshire_bull_terrier, american_pit_bull_terrier",True,True
saint_bernard_199,saint_bernard,saint_bernard,0.92503893,"saint_bernard, leonberger, basset_hound, beagle, boxer",True,True
basset_hound_136,basset_hound,basset_hound,0.95452356,"basset_hound, beagle, american_pit_bull_terrier, saint_bernard, boxer",True,True
Sphynx_236,Sphynx,Sphynx,0.9765015,"Sphynx, chihuahua, miniature_pinscher, Siamese, Abyssinian",True,True
Maine_Coon_176,Maine_Coon,Maine_Coon,0.98755175,"Maine_Coon, Bengal, Abyssinian, Persian, Ragdoll",True,True
saint_bernard_45,saint_bernard,saint_bernard,0.9933559,"saint_bernard, basset_hound, beagle, japanese_chin, boxer",True,True
newfoundland_165,newfoundland,newfoundland,0.9574792,"newfoundland, leonberger, german_shorthaired, great_pyrenees, wheaten_terrier",True,True
english_setter_182,english_setter,english_setter,0.79438895,"english_setter, english_cocker_spaniel, yorkshire_terrier, german_shorthaired, keeshond",True,True
pug_200,pug,pug,0.99959964,"pug, boxer, american_bulldog, american_pit_bull_terrier, havanese",True,True
basset_hound_72,basset_hound,basset_hound,0.6957608,"basset_hound, beagle, miniature_pinscher, english_cocker_spaniel, german_shorthaired",True,True
Siamese_155,Siamese,Siamese,0.7042403,"Siamese, Sphynx, Abyssinian, Bengal, chihuahua",True,True
Abyssinian_44,Abyssinian,Abyssinian,0.9957445,"Abyssinian, Russian_Blue, Egyptian_Mau, Bengal, Maine_Coon",True,True
Ragdoll_69,Ragdoll,Ragdoll,0.98895895,"Ragdoll, Maine_Coon, Persian, Birman, British_Shorthair",True,True
Egyptian_Mau_89,Egyptian_Mau,Egyptian_Mau,0.98731786,"Egyptian_Mau, Bengal, Russian_Blue, Sphynx, British_Shorthair",True,True
english_setter_73,english_setter,english_setter,0.85409075,"english_setter, english_cocker_spaniel, german_shorthaired, japanese_chin, havanese",True,True
Egyptian_Mau_62,Egyptian_Mau,Egyptian_Mau,0.99667126,"Egyptian_Mau, Bengal, Russian_Blue, British_Shorthair, german_shorthaired",True,True
beagle_57,beagle,beagle,0.9925298,"beagle, american_pit_bull_terrier, american_bulldog, staffordshire_bull_terrier, basset_hound",True,True
Siamese_188,Siamese,Siamese,0.85577106,"Siamese, Bombay, Russian_Blue, Sphynx, British_Shorthair",True,True
Persian_265,Persian,Persian,0.9926322,"Persian, Maine_Coon, yorkshire_terrier, pomeranian, pug",True,True
staffordshire_bull_terrier_74,staffordshire_bull_terrier,staffordshire_bull_terrier,0.9819921,"staffordshire_bull_terrier, american_pit_bull_terrier, newfoundland, german_shorthaired, miniature_pinscher",True,True
yorkshire_terrier_16,yorkshire_terrier,yorkshire_terrier,0.9993331,"yorkshire_terrier, havanese, wheaten_terrier, scottish_terrier, english_cocker_spaniel",True,True
Russian_Blue_136,Russian_Blue,Abyssinian,0.60125905,"Abyssinian, Russian_Blue, Bombay, Bengal, chihuahua",False,True
boxer_182,boxer,english_setter,0.4468771,"english_setter, great_pyrenees, american_bulldog, pug, saint_bernard",False,False
Persian_72,Persian,Persian,0.70325816,"Persian, British_Shorthair, Maine_Coon, keeshond, english_setter",True,True
english_setter_157,english_setter,english_setter,0.9521633,"english_setter, english_cocker_spaniel, german_shorthaired, basset_hound, american_pit_bull_terrier",True,True
chihuahua_108,chihuahua,chihuahua,0.9947615,"chihuahua, pomeranian, beagle, miniature_pinscher, american_pit_bull_terrier",True,True
beagle_50,beagle,basset_hound,0.89664847,"basset_hound, beagle, saint_bernard, staffordshire_bull_terrier, american_pit_bull_terrier",False,True
Sphynx_54,Sphynx,Sphynx,0.9908462,"Sphynx, american_bulldog, american_pit_bull_terrier, Abyssinian, german_shorthaired",True,True
leonberger_113,leonberger,leonberger,0.99983287,"leonberger, saint_bernard, boxer, basset_hound, great_pyrenees",True,True
japanese_chin_3,japanese_chin,japanese_chin,0.9773628,"japanese_chin, pomeranian, chihuahua, saint_bernard, english_cocker_spaniel",True,True
american_bulldog_69,american_bulldog,saint_bernard,0.42885575,"saint_bernard, boxer, staffordshire_bull_terrier, basset_hound, Bengal",False,False
saint_bernard_99,saint_bernard,saint_bernard,0.9017127,"saint_bernard, japanese_chin, english_setter, great_pyrenees, english_cocker_spaniel",True,True
american_pit_bull_terrier_68,american_pit_bull_terrier,american_bulldog,0.538602,"american_bulldog, american_pit_bull_terrier, german_shorthaired, beagle, english_cocker_spaniel",False,True
Siamese_83,Siamese,Siamese,0.87140155,"Siamese, Ragdoll, Birman, chihuahua, Abyssinian",True,True
leonberger_187,leonberger,leonberger,0.9941856,"leonberger, saint_bernard, great_pyrenees, newfoundland, Maine_Coon",True,True
wheaten_terrier_40,wheaten_terrier,Persian,0.2734558,"Persian, wheaten_terrier, Maine_Coon, Birman, pomeranian",False,True
keeshond_192,keeshond,keeshond,0.9988205,"keeshond, leonberger, pomeranian, yorkshire_terrier, japanese_chin",True,True
staffordshire_bull_terrier_52,staffordshire_bull_terrier,boxer,0.8684779,"boxer, staffordshire_bull_terrier, miniature_pinscher, pug, chihuahua",False,True
Egyptian_Mau_108,Egyptian_Mau,Egyptian_Mau,0.9151312,"Egyptian_Mau, Bengal, pug, Persian, chihuahua",True,True
shiba_inu_25,shiba_inu,shiba_inu,0.9610485,"shiba_inu, chihuahua, samoyed, pomeranian, american_pit_bull_terrier",True,True
basset_hound_193,basset_hound,basset_hound,0.63663393,"basset_hound, german_shorthaired, english_setter, english_cocker_spaniel, boxer",True,True
shiba_inu_113,shiba_inu,shiba_inu,0.98498225,"shiba_inu, chihuahua, american_pit_bull_terrier, beagle, staffordshire_bull_terrier",True,True
english_setter_49,english_setter,english_setter,0.9905978,"english_setter, german_shorthaired, Egyptian_Mau, english_cocker_spaniel, havanese",True,True
Egyptian_Mau_213,Egyptian_Mau,Abyssinian,0.46999937,"Abyssinian, Egyptian_Mau, Bengal, Russian_Blue, Maine_Coon",False,True
Bengal_135,Bengal,Bengal,0.9843105,"Bengal, yorkshire_terrier, Egyptian_Mau, Abyssinian, english_cocker_spaniel",True,True
boxer_14,boxer,boxer,0.92880005,"boxer, american_pit_bull_terrier, staffordshire_bull_terrier, beagle, miniature_pinscher",True,True
english_cocker_spaniel_119,english_cocker_spaniel,basset_hound,0.42920923,"basset_hound, english_cocker_spaniel, miniature_pinscher, beagle, american_pit_bull_terrier",False,True
Birman_8,Birman,Birman,0.91654205,"Birman, Ragdoll, japanese_chin, Siamese, Persian",True,True
english_setter_28,english_setter,english_setter,0.99959093,"english_setter, german_shorthaired, english_cocker_spaniel, leonberger, beagle",True,True
Bombay_37,Bombay,Bombay,0.9836745,"Bombay, Siamese, British_Shorthair, Russian_Blue, Abyssinian",True,True
english_cocker_spaniel_177,english_cocker_spaniel,english_cocker_spaniel,0.90310836,"english_cocker_spaniel, english_setter, havanese, japanese_chin, great_pyrenees",True,True
beagle_182,beagle,basset_hound,0.57519346,"basset_hound, beagle, american_pit_bull_terrier, staffordshire_bull_terrier, american_bulldog",False,True
Russian_Blue_133,Russian_Blue,Russian_Blue,0.631453,"Russian_Blue, British_Shorthair, Bombay, Abyssinian, Egyptian_Mau",True,True
newfoundland_18,newfoundland,newfoundland,0.8740446,"newfoundland, english_cocker_spaniel, english_setter, leonberger, keeshond",True,True
samoyed_20,samoyed,samoyed,0.9974496,"samoyed, scottish_terrier, shiba_inu, great_pyrenees, keeshond",True,True
american_pit_bull_terrier_172,american_pit_bull_terrier,american_pit_bull_terrier,0.3995085,"american_pit_bull_terrier, miniature_pinscher, chihuahua, staffordshire_bull_terrier, Sphynx",True,True
beagle_157,beagle,beagle,0.9813229,"beagle, basset_hound, staffordshire_bull_terrier, german_shorthaired, american_pit_bull_terrier",True,True
american_bulldog_75,american_bulldog,american_pit_bull_terrier,0.45832822,"american_pit_bull_terrier, american_bulldog, german_shorthaired, miniature_pinscher, Sphynx",False,True
havanese_167,havanese,havanese,0.9991659,"havanese, yorkshire_terrier, japanese_chin, english_cocker_spaniel, scottish_terrier",True,True
german_shorthaired_40,german_shorthaired,staffordshire_bull_terrier,0.6932508,"staffordshire_bull_terrier, german_shorthaired, boxer, american_pit_bull_terrier, basset_hound",False,True
american_pit_bull_terrier_183,american_pit_bull_terrier,american_pit_bull_terrier,0.9961649,"american_pit_bull_terrier, staffordshire_bull_terrier, american_bulldog, miniature_pinscher, shiba_inu",True,True
Ragdoll_115,Ragdoll,Ragdoll,0.8932125,"Ragdoll, Birman, Persian, Maine_Coon, japanese_chin",True,True
samoyed_181,samoyed,samoyed,0.9901634,"samoyed, great_pyrenees, keeshond, pomeranian, havanese",True,True
havanese_90,havanese,havanese,0.9754558,"havanese, japanese_chin, english_cocker_spaniel, yorkshire_terrier, scottish_terrier",True,True
english_setter_98,english_setter,english_setter,0.99953663,"english_setter, english_cocker_spaniel, havanese, japanese_chin, great_pyrenees",True,True
great_pyrenees_28,great_pyrenees,great_pyrenees,0.99776113,"great_pyrenees, samoyed, havanese, keeshond, leonberger",True,True
chihuahua_70,chihuahua,chihuahua,0.98739606,"chihuahua, Siamese, miniature_pinscher, Abyssinian, Sphynx",True,True
yorkshire_terrier_65,yorkshire_terrier,yorkshire_terrier,0.9995926,"yorkshire_terrier, wheaten_terrier, havanese, miniature_pinscher, chihuahua",True,True
keeshond_130,keeshond,leonberger,0.7322237,"leonberger, saint_bernard, basset_hound, keeshond, japanese_chin",False,True
Birman_42,Birman,Birman,0.98188895,"Birman, japanese_chin, Ragdoll, Siamese, havanese",True,True
Sphynx_169,Sphynx,Sphynx,0.9999124,"Sphynx, miniature_pinscher, chihuahua, Abyssinian, Siamese",True,True
Abyssinian_108,Abyssinian,Abyssinian,0.94791555,"Abyssinian, Maine_Coon, Bengal, British_Shorthair, Bombay",True,True
keeshond_174,keeshond,keeshond,0.98424584,"keeshond, Birman, pomeranian, Persian, great_pyrenees",True,True
keeshond_73,keeshond,keeshond,0.969729,"keeshond, pomeranian, samoyed, Persian, British_Shorthair",True,True
Birman_49,Birman,Birman,0.92951643,"Birman, Ragdoll, Siamese, Persian, japanese_chin",True,True
Sphynx_107,Sphynx,Sphynx,0.98621386,"Sphynx, chihuahua, Abyssinian, Bengal, miniature_pinscher",True,True
boxer_154,boxer,boxer,0.8581847,"boxer, staffordshire_bull_terrier, american_pit_bull_terrier, basset_hound, american_bulldog",True,True
pug_86,pug,pug,0.9899052,"pug, boxer, chihuahua, american_bulldog, Siamese",True,True
pomeranian_20,pomeranian,pomeranian,0.9999677,"pomeranian, chihuahua, shiba_inu, japanese_chin, keeshond",True,True
scottish_terrier_54,scottish_terrier,scottish_terrier,0.96816045,"scottish_terrier, yorkshire_terrier, english_cocker_spaniel, havanese, Bombay",True,True
english_setter_140,english_setter,english_setter,0.56868154,"english_setter, leonberger, keeshond, Bengal, staffordshire_bull_terrier",True,True
great_pyrenees_147,great_pyrenees,great_pyrenees,0.23958038,"great_pyrenees, american_pit_bull_terrier, english_setter, staffordshire_bull_terrier, american_bulldog",True,True
pug_30,pug,pug,0.99973935,"pug, boxer, american_bulldog, chihuahua, leonberger",True,True
wheaten_terrier_60,wheaten_terrier,wheaten_terrier,0.77943784,"wheaten_terrier, havanese, scottish_terrier, great_pyrenees, pug",True,True
great_pyrenees_185,great_pyrenees,great_pyrenees,0.87343776,"great_pyrenees, samoyed, shiba_inu, keeshond, american_bulldog",True,True
Maine_Coon_101,Maine_Coon,Maine_Coon,0.99712473,"Maine_Coon, Persian, Abyssinian, Ragdoll, Bengal",True,True
Egyptian_Mau_63,Egyptian_Mau,Bengal,0.6213625,"Bengal, Egyptian_Mau, Maine_Coon, Sphynx, english_setter",False,True
Maine_Coon_39,Maine_Coon,Maine_Coon,0.99975973,"Maine_Coon, Persian, Ragdoll, Bengal, Abyssinian",True,True
english_setter_145,english_setter,english_setter,0.9375755,"english_setter, english_cocker_spaniel, american_pit_bull_terrier, german_shorthaired, beagle",True,True
great_pyrenees_106,great_pyrenees,great_pyrenees,0.9984877,"great_pyrenees, samoyed, english_setter, leonberger, havanese",True,True
scottish_terrier_17,scottish_terrier,yorkshire_terrier,0.67272043,"yorkshire_terrier, scottish_terrier, havanese, wheaten_terrier, english_cocker_spaniel",False,True
pomeranian_60,pomeranian,samoyed,0.35578272,"samoyed, pomeranian, Birman, great_pyrenees, keeshond",False,True
boxer_28,boxer,boxer,0.9853086,"boxer, pug, american_bulldog, staffordshire_bull_terrier, saint_bernard",True,True
shiba_inu_10,shiba_inu,shiba_inu,0.9855781,"shiba_inu, chihuahua, staffordshire_bull_terrier, beagle, american_pit_bull_terrier",True,True
Bengal_3,Bengal,Bengal,0.9991757,"Bengal, Egyptian_Mau, Abyssinian, miniature_pinscher, yorkshire_terrier",True,True
american_bulldog_87,american_bulldog,american_bulldog,0.99459696,"american_bulldog, boxer, american_pit_bull_terrier, staffordshire_bull_terrier, pug",True,True
Birman_137,Birman,Birman,0.86276305,"Birman, japanese_chin, Ragdoll, Siamese, havanese",True,True
saint_bernard_111,saint_bernard,beagle,0.5053223,"beagle, saint_bernard, american_pit_bull_terrier, american_bulldog, boxer",False,True
havanese_26,havanese,havanese,0.9964395,"havanese, great_pyrenees, wheaten_terrier, english_cocker_spaniel, yorkshire_terrier",True,True
scottish_terrier_135,scottish_terrier,scottish_terrier,0.99404424,"scottish_terrier, yorkshire_terrier, havanese, english_cocker_spaniel, newfoundland",True,True
beagle_178,beagle,basset_hound,0.6908743,"basset_hound, beagle, staffordshire_bull_terrier, german_shorthaired, miniature_pinscher",False,True
Birman_118,Birman,Birman,0.9355964,"Birman, Siamese, Ragdoll, keeshond, japanese_chin",True,True
Bengal_160,Bengal,Bengal,0.91337174,"Bengal, Abyssinian, Egyptian_Mau, Maine_Coon, Russian_Blue",True,True
Ragdoll_13,Ragdoll,Ragdoll,0.95330745,"Ragdoll, Persian, Maine_Coon, Abyssinian, samoyed",True,True
japanese_chin_130,japanese_chin,japanese_chin,0.9991235,"japanese_chin, havanese, saint_bernard, american_bulldog, pug",True,True
wheaten_terrier_109,wheaten_terrier,havanese,0.65414953,"havanese, great_pyrenees, wheaten_terrier, samoyed, scottish_terrier",False,True
boxer_6,boxer,boxer,0.5665846,"boxer, staffordshire_bull_terrier, american_pit_bull_terrier, miniature_pinscher, american_bulldog",True,True
basset_hound_163,basset_hound,basset_hound,0.99080795,"basset_hound, beagle, english_cocker_spaniel, american_pit_bull_terrier, saint_bernard",True,True
pug_12,pug,pug,0.99848664,"pug, boxer, american_bulldog, japanese_chin, Siamese",True,True
pug_8,pug,pug,0.9940718,"pug, boxer, american_bulldog, chihuahua, Siamese",True,True
pomeranian_33,pomeranian,pomeranian,0.9298608,"pomeranian, japanese_chin, yorkshire_terrier, shiba_inu, leonberger",True,True
Egyptian_Mau_190,Egyptian_Mau,Egyptian_Mau,0.9985416,"Egyptian_Mau, Bengal, Maine_Coon, english_setter, Russian_Blue",True,True
great_pyrenees_73,great_pyrenees,great_pyrenees,0.96230763,"great_pyrenees, english_setter, english_cocker_spaniel, samoyed, saint_bernard",True,True
pomeranian_30,pomeranian,pomeranian,0.7408646,"pomeranian, shiba_inu, samoyed, chihuahua, wheaten_terrier",True,True
scottish_terrier_50,scottish_terrier,scottish_terrier,0.9919378,"scottish_terrier, Russian_Blue, keeshond, yorkshire_terrier, chihuahua",True,True
japanese_chin_189,japanese_chin,japanese_chin,0.99952734,"japanese_chin, havanese, saint_bernard, pomeranian, english_cocker_spaniel",True,True
Birman_10,Birman,Birman,0.9847648,"Birman, Siamese, Ragdoll, japanese_chin, keeshond",True,True
Egyptian_Mau_127,Egyptian_Mau,Egyptian_Mau,0.9999417,"Egyptian_Mau, Bengal, Maine_Coon, english_setter, Russian_Blue",True,True
american_bulldog_193,american_bulldog,american_bulldog,0.9344117,"american_bulldog, Sphynx, Ragdoll, great_pyrenees, japanese_chin",True,True
shiba_inu_204,shiba_inu,beagle,0.6256473,"beagle, basset_hound, staffordshire_bull_terrier, chihuahua, shiba_inu",False,True
wheaten_terrier_71,wheaten_terrier,wheaten_terrier,0.94351417,"wheaten_terrier, yorkshire_terrier, havanese, scottish_terrier, english_cocker_spaniel",True,True
Egyptian_Mau_209,Egyptian_Mau,Egyptian_Mau,0.61759174,"Egyptian_Mau, Russian_Blue, Maine_Coon, Abyssinian, Bengal",True,True
beagle_114,beagle,beagle,0.98889905,"beagle, american_bulldog, Sphynx, basset_hound, english_cocker_spaniel",True,True
boxer_157,boxer,boxer,0.5833082,"boxer, saint_bernard, american_bulldog, american_pit_bull_terrier, beagle",True,True
pomeranian_14,pomeranian,pomeranian,0.9965718,"pomeranian, keeshond, yorkshire_terrier, shiba_inu, chihuahua",True,True
Maine_Coon_2,Maine_Coon,Maine_Coon,0.997996,"Maine_Coon, Bengal, Ragdoll, Abyssinian, Egyptian_Mau",True,True
american_bulldog_33,american_bulldog,american_bulldog,0.9987508,"american_bulldog, pug, american_pit_bull_terrier, english_setter, chihuahua",True,True
British_Shorthair_205,British_Shorthair,British_Shorthair,0.9832591,"British_Shorthair, Persian, Ragdoll, Russian_Blue, Maine_Coon",True,True
american_bulldog_216,american_bulldog,american_bulldog,0.999574,"american_bulldog, beagle, boxer, american_pit_bull_terrier, staffordshire_bull_terrier",True,True
Russian_Blue_72,Russian_Blue,British_Shorthair,0.5333745,"British_Shorthair, Russian_Blue, Persian, Egyptian_Mau, keeshond",False,True
Ragdoll_189,Ragdoll,Ragdoll,0.87989855,"Ragdoll, Birman, Persian, pomeranian, samoyed",True,True
Sphynx_247,Sphynx,Sphynx,0.9982291,"Sphynx, chihuahua, miniature_pinscher, Abyssinian, Bengal",True,True
pug_178,pug,pug,0.9996711,"pug, boxer, american_bulldog, american_pit_bull_terrier, chihuahua",True,True
havanese_163,havanese,havanese,0.98658377,"havanese, japanese_chin, scottish_terrier, english_cocker_spaniel, wheaten_terrier",True,True
beagle_167,beagle,german_shorthaired,0.3472655,"german_shorthaired, boxer, miniature_pinscher, staffordshire_bull_terrier, beagle",False,True
Birman_109,Birman,Birman,0.9539497,"Birman, Siamese, Ragdoll, japanese_chin, keeshond",True,True
Egyptian_Mau_61,Egyptian_Mau,Egyptian_Mau,0.93796027,"Egyptian_Mau, Bengal, Russian_Blue, wheaten_terrier, British_Shorthair",True,True
english_setter_77,english_setter,english_setter,0.99303985,"english_setter, english_cocker_spaniel, german_shorthaired, great_pyrenees, basset_hound",True,True
american_pit_bull_terrier_173,american_pit_bull_terrier,american_pit_bull_terrier,0.8763795,"american_pit_bull_terrier, american_bulldog, staffordshire_bull_terrier, Sphynx, english_setter",True,True
Russian_Blue_145,Russian_Blue,Russian_Blue,0.97906893,"Russian_Blue, British_Shorthair, Abyssinian, Egyptian_Mau, Sphynx",True,True
Persian_161,Persian,Persian,0.92942744,"Persian, Maine_Coon, Ragdoll, samoyed, British_Shorthair",True,True
scottish_terrier_13,scottish_terrier,scottish_terrier,0.9993893,"scottish_terrier, yorkshire_terrier, havanese, english_cocker_spaniel, Bombay",True,True
samoyed_158,samoyed,samoyed,0.7838608,"samoyed, great_pyrenees, shiba_inu, pomeranian, wheaten_terrier",True,True
leonberger_105,leonberger,leonberger,0.9256055,"leonberger, great_pyrenees, saint_bernard, english_setter, wheaten_terrier",True,True
basset_hound_23,basset_hound,basset_hound,0.9707774,"basset_hound, beagle, american_pit_bull_terrier, english_setter, english_cocker_spaniel",True,True
Siamese_58,Siamese,Abyssinian,0.5080198,"Abyssinian, Siamese, Bengal, Ragdoll, Sphynx",False,True
saint_bernard_146,saint_bernard,basset_hound,0.5929839,"basset_hound, boxer, saint_bernard, staffordshire_bull_terrier, german_shorthaired",False,True
japanese_chin_33,japanese_chin,japanese_chin,0.9179552,"japanese_chin, saint_bernard, great_pyrenees, keeshond, Birman",True,True
japanese_chin_66,japanese_chin,japanese_chin,0.99866736,"japanese_chin, havanese, pomeranian, saint_bernard, Persian",True,True
scottish_terrier_72,scottish_terrier,scottish_terrier,0.9861898,"scottish_terrier, yorkshire_terrier, chihuahua, havanese, miniature_pinscher",True,True
beagle_87,beagle,beagle,0.8391728,"beagle, basset_hound, american_pit_bull_terrier, boxer, staffordshire_bull_terrier",True,True
Egyptian_Mau_157,Egyptian_Mau,Egyptian_Mau,0.979081,"Egyptian_Mau, Sphynx, Bengal, Maine_Coon, Russian_Blue",True,True
Bombay_206,Bombay,Bombay,0.997031,"Bombay, British_Shorthair, Russian_Blue, Siamese, newfoundland",True,True
english_setter_185,english_setter,english_setter,0.9758253,"english_setter, english_cocker_spaniel, german_shorthaired, wheaten_terrier, basset_hound",True,True
Russian_Blue_14,Russian_Blue,Russian_Blue,0.95637935,"Russian_Blue, Abyssinian, British_Shorthair, Siamese, Egyptian_Mau",True,True
British_Shorthair_258,British_Shorthair,Abyssinian,0.5993492,"Abyssinian, Bombay, Russian_Blue, Bengal, Maine_Coon",False,False
shiba_inu_92,shiba_inu,beagle,0.847884,"beagle, shiba_inu, american_pit_bull_terrier, staffordshire_bull_terrier, basset_hound",False,True
boxer_77,boxer,boxer,0.6006855,"boxer, pug, american_bulldog, staffordshire_bull_terrier, american_pit_bull_terrier",True,True
Egyptian_Mau_103,Egyptian_Mau,Egyptian_Mau,0.983373,"Egyptian_Mau, Bengal, Russian_Blue, British_Shorthair, german_shorthaired",True,True
japanese_chin_105,japanese_chin,japanese_chin,0.98727894,"japanese_chin, pomeranian, chihuahua, yorkshire_terrier, Persian",True,True
miniature_pinscher_169,miniature_pinscher,miniature_pinscher,0.94788665,"miniature_pinscher, staffordshire_bull_terrier, american_pit_bull_terrier, chihuahua, german_shorthaired",True,True
Russian_Blue_112,Russian_Blue,British_Shorthair,0.8891099,"British_Shorthair, Russian_Blue, Egyptian_Mau, Persian, shiba_inu",False,True
Persian_174,Persian,Persian,0.9640439,"Persian, Maine_Coon, keeshond, Ragdoll, pomeranian",True,True
leonberger_87,leonberger,leonberger,0.99810106,"leonberger, keeshond, saint_bernard, newfoundland, great_pyrenees",True,True
samoyed_8,samoyed,samoyed,0.9883782,"samoyed, great_pyrenees, shiba_inu, pomeranian, Ragdoll",True,True
german_shorthaired_2,german_shorthaired,basset_hound,0.50469935,"basset_hound, german_shorthaired, staffordshire_bull_terrier, american_pit_bull_terrier, beagle",False,True
Sphynx_164,Sphynx,Sphynx,0.854096,"Sphynx, american_bulldog, Siamese, Abyssinian, chihuahua",True,True
Egyptian_Mau_134,Egyptian_Mau,Egyptian_Mau,0.9998123,"Egyptian_Mau, Bengal, Russian_Blue, British_Shorthair, english_setter",True,True
Ragdoll_185,Ragdoll,Maine_Coon,0.14759226,"Maine_Coon, British_Shorthair, Sphynx, Russian_Blue, Ragdoll",False,True
english_cocker_spaniel_97,english_cocker_spaniel,english_cocker_spaniel,0.9938514,"english_cocker_spaniel, basset_hound, english_setter, german_shorthaired, yorkshire_terrier",True,True
British_Shorthair_263,British_Shorthair,British_Shorthair,0.7517274,"British_Shorthair, Russian_Blue, Bombay, Abyssinian, Persian",True,True
chihuahua_144,chihuahua,chihuahua,0.95988196,"chihuahua, miniature_pinscher, boxer, staffordshire_bull_terrier, pug",True,True
Bengal_50,Bengal,Bengal,0.9087953,"Bengal, Egyptian_Mau, Maine_Coon, Abyssinian, British_Shorthair",True,True
Maine_Coon_5,Maine_Coon,Maine_Coon,0.9885151,"Maine_Coon, Ragdoll, Persian, Abyssinian, japanese_chin",True,True
Abyssinian_81,Abyssinian,Abyssinian,0.99654764,"Abyssinian, Bengal, Russian_Blue, Egyptian_Mau, Maine_Coon",True,True
leonberger_183,leonberger,leonberger,0.9734571,"leonberger, newfoundland, great_pyrenees, keeshond, pomeranian",True,True
Russian_Blue_67,Russian_Blue,British_Shorthair,0.5759117,"British_Shorthair, Russian_Blue, chihuahua, Siamese, Bombay",False,True
great_pyrenees_158,great_pyrenees,great_pyrenees,0.5736253,"great_pyrenees, samoyed, shiba_inu, pomeranian, Persian",True,True
Ragdoll_125,Ragdoll,Ragdoll,0.98656243,"Ragdoll, Maine_Coon, Abyssinian, Siamese, Birman",True,True
japanese_chin_59,japanese_chin,japanese_chin,0.81612545,"japanese_chin, yorkshire_terrier, pomeranian, Persian, Ragdoll",True,True
chihuahua_50,chihuahua,chihuahua,0.9947402,"chihuahua, boxer, miniature_pinscher, Sphynx, american_bulldog",True,True
Ragdoll_197,Ragdoll,Ragdoll,0.9938392,"Ragdoll, Birman, Maine_Coon, japanese_chin, Persian",True,True
Persian_133,Persian,Persian,0.9926444,"Persian, Maine_Coon, British_Shorthair, Ragdoll, samoyed",True,True
Russian_Blue_17,Russian_Blue,Russian_Blue,0.43233803,"Russian_Blue, British_Shorthair, Bombay, Abyssinian, Siamese",True,True
english_cocker_spaniel_187,english_cocker_spaniel,yorkshire_terrier,0.8705117,"yorkshire_terrier, english_cocker_spaniel, havanese, miniature_pinscher, wheaten_terrier",False,True
Ragdoll_98,Ragdoll,Ragdoll,0.99671847,"Ragdoll, Maine_Coon, Birman, Persian, Abyssinian",True,True
american_pit_bull_terrier_115,american_pit_bull_terrier,staffordshire_bull_terrier,0.63447535,"staffordshire_bull_terrier, american_pit_bull_terrier, chihuahua, boxer, Bombay",False,True
scottish_terrier_12,scottish_terrier,scottish_terrier,0.9885079,"scottish_terrier, havanese, yorkshire_terrier, wheaten_terrier, Ragdoll",True,True
german_shorthaired_95,german_shorthaired,german_shorthaired,0.99983346,"german_shorthaired, beagle, basset_hound, boxer, staffordshire_bull_terrier",True,True
Egyptian_Mau_71,Egyptian_Mau,Egyptian_Mau,0.9975313,"Egyptian_Mau, Bengal, english_setter, Maine_Coon, german_shorthaired",True,True
Abyssinian_143,Abyssinian,Abyssinian,0.9932376,"Abyssinian, Maine_Coon, Ragdoll, Bengal, Russian_Blue",True,True
staffordshire_bull_terrier_179,staffordshire_bull_terrier,american_bulldog,0.8734182,"american_bulldog, american_pit_bull_terrier, english_setter, staffordshire_bull_terrier, chihuahua",False,True
miniature_pinscher_171,miniature_pinscher,miniature_pinscher,0.99051064,"miniature_pinscher, chihuahua, beagle, staffordshire_bull_terrier, yorkshire_terrier",True,True
Ragdoll_92,Ragdoll,Ragdoll,0.78140724,"Ragdoll, japanese_chin, Birman, saint_bernard, Siamese",True,True
Bengal_116,Bengal,Bengal,0.8781553,"Bengal, Abyssinian, Egyptian_Mau, miniature_pinscher, Maine_Coon",True,True
Egyptian_Mau_81,Egyptian_Mau,Egyptian_Mau,0.46750048,"Egyptian_Mau, german_shorthaired, Russian_Blue, beagle, wheaten_terrier",True,True
american_bulldog_24,american_bulldog,american_bulldog,0.9803665,"american_bulldog, american_pit_bull_terrier, beagle, english_setter, staffordshire_bull_terrier",True,True
great_pyrenees_104,great_pyrenees,great_pyrenees,0.9367426,"great_pyrenees, samoyed, havanese, pomeranian, leonberger",True,True
keeshond_55,keeshond,keeshond,0.99935526,"keeshond, leonberger, pomeranian, samoyed, great_pyrenees",True,True
basset_hound_178,basset_hound,basset_hound,0.9965463,"basset_hound, beagle, american_pit_bull_terrier, english_cocker_spaniel, boxer",True,True
pomeranian_173,pomeranian,pomeranian,0.9999722,"pomeranian, samoyed, chihuahua, shiba_inu, Ragdoll",True,True
great_pyrenees_161,great_pyrenees,great_pyrenees,0.95090866,"great_pyrenees, samoyed, havanese, Persian, Maine_Coon",True,True
japanese_chin_56,japanese_chin,japanese_chin,0.99800736,"japanese_chin, havanese, Ragdoll, american_bulldog, chihuahua",True,True
Persian_79,Persian,Maine_Coon,0.72383225,"Maine_Coon, Persian, Ragdoll, Abyssinian, British_Shorthair",False,True
boxer_36,boxer,boxer,0.987689,"boxer, american_bulldog, staffordshire_bull_terrier, american_pit_bull_terrier, beagle",True,True
Russian_Blue_130,Russian_Blue,Abyssinian,0.8373325,"Abyssinian, Russian_Blue, Siamese, British_Shorthair, Bengal",False,True
samoyed_58,samoyed,samoyed,0.98314744,"samoyed, great_pyrenees, pomeranian, keeshond, shiba_inu",True,True
american_bulldog_124,american_bulldog,staffordshire_bull_terrier,0.5147364,"staffordshire_bull_terrier, american_pit_bull_terrier, chihuahua, american_bulldog, beagle",False,True
British_Shorthair_151,British_Shorthair,British_Shorthair,0.4683811,"British_Shorthair, Russian_Blue, Sphynx, shiba_inu, Egyptian_Mau",True,True
Russian_Blue_122,Russian_Blue,Russian_Blue,0.9960289,"Russian_Blue, British_Shorthair, Siamese, shiba_inu, staffordshire_bull_terrier",True,True
great_pyrenees_116,great_pyrenees,great_pyrenees,0.99844235,"great_pyrenees, leonberger, samoyed, english_setter, havanese",True,True
staffordshire_bull_terrier_104,staffordshire_bull_terrier,boxer,0.74171734,"boxer, staffordshire_bull_terrier, miniature_pinscher, american_pit_bull_terrier, american_bulldog",False,True
havanese_44,havanese,havanese,0.98246,"havanese, wheaten_terrier, scottish_terrier, english_cocker_spaniel, great_pyrenees",True,True
american_pit_bull_terrier_150,american_pit_bull_terrier,boxer,0.8002975,"boxer, pug, american_pit_bull_terrier, american_bulldog, staffordshire_bull_terrier",False,True
Russian_Blue_74,Russian_Blue,Russian_Blue,0.95916754,"Russian_Blue, Sphynx, British_Shorthair, Siamese, Abyssinian",True,True
samoyed_60,samoyed,samoyed,0.92953336,"samoyed, great_pyrenees, pomeranian, keeshond, Ragdoll",True,True
american_pit_bull_terrier_6,american_pit_bull_terrier,staffordshire_bull_terrier,0.51772493,"staffordshire_bull_terrier, american_pit_bull_terrier, boxer, miniature_pinscher, beagle",False,True
Russian_Blue_43,Russian_Blue,Russian_Blue,0.9579595,"Russian_Blue, British_Shorthair, Siamese, Bombay, keeshond",True,True
leonberger_52,leonberger,leonberger,0.99354506,"leonberger, boxer, wheaten_terrier, pug, great_pyrenees",True,True
Siamese_95,Siamese,Sphynx,0.59281623,"Sphynx, Siamese, shiba_inu, chihuahua, miniature_pinscher",False,True
Sphynx_131,Sphynx,Sphynx,0.9467639,"Sphynx, beagle, chihuahua, Siamese, basset_hound",True,True
Siamese_186,Siamese,Siamese,0.9622295,"Siamese, Birman, Ragdoll, Bombay, Russian_Blue",True,True
Bombay_67,Bombay,Maine_Coon,0.59736854,"Maine_Coon, Bombay, keeshond, Persian, pomeranian",False,True
japanese_chin_183,japanese_chin,japanese_chin,0.99526405,"japanese_chin, havanese, pug, saint_bernard, american_bulldog",True,True
chihuahua_176,chihuahua,pomeranian,0.94829476,"pomeranian, chihuahua, yorkshire_terrier, shiba_inu, miniature_pinscher",False,True
samoyed_67,samoyed,samoyed,0.97701275,"samoyed, great_pyrenees, keeshond, shiba_inu, pomeranian",True,True
Egyptian_Mau_59,Egyptian_Mau,Egyptian_Mau,0.9631239,"Egyptian_Mau, Russian_Blue, Bengal, Sphynx, British_Shorthair",True,True
Bengal_72,Bengal,Bengal,0.9254723,"Bengal, Maine_Coon, Abyssinian, Egyptian_Mau, yorkshire_terrier",True,True
leonberger_160,leonberger,leonberger,0.99984,"leonberger, great_pyrenees, saint_bernard, keeshond, wheaten_terrier",True,True
leonberger_8,leonberger,leonberger,0.9419484,"leonberger, newfoundland, english_cocker_spaniel, wheaten_terrier, great_pyrenees",True,True
german_shorthaired_66,german_shorthaired,german_shorthaired,0.99996614,"german_shorthaired, american_pit_bull_terrier, beagle, staffordshire_bull_terrier, miniature_pinscher",True,True
scottish_terrier_58,scottish_terrier,scottish_terrier,0.991331,"scottish_terrier, wheaten_terrier, yorkshire_terrier, chihuahua, Sphynx",True,True
shiba_inu_76,shiba_inu,shiba_inu,0.99642843,"shiba_inu, chihuahua, Abyssinian, american_pit_bull_terrier, pomeranian",True,True
scottish_terrier_193,scottish_terrier,scottish_terrier,0.9759226,"scottish_terrier, Bombay, Russian_Blue, yorkshire_terrier, staffordshire_bull_terrier",True,True
Russian_Blue_21,Russian_Blue,Russian_Blue,0.99820614,"Russian_Blue, Sphynx, Siamese, British_Shorthair, Abyssinian",True,True
Russian_Blue_99,Russian_Blue,Russian_Blue,0.7634255,"Russian_Blue, Abyssinian, British_Shorthair, Egyptian_Mau, Sphynx",True,True
beagle_135,beagle,basset_hound,0.6654869,"basset_hound, beagle, american_bulldog, boxer, american_pit_bull_terrier",False,True
Bombay_178,Bombay,Bombay,0.9947943,"Bombay, Russian_Blue, miniature_pinscher, scottish_terrier, British_Shorthair",True,True
german_shorthaired_93,german_shorthaired,german_shorthaired,0.9900474,"german_shorthaired, american_pit_bull_terrier, staffordshire_bull_terrier, wheaten_terrier, boxer",True,True
beagle_24,beagle,beagle,0.9903155,"beagle, basset_hound, german_shorthaired, shiba_inu, american_pit_bull_terrier",True,True
great_pyrenees_2,great_pyrenees,great_pyrenees,0.84496677,"great_pyrenees, leonberger, saint_bernard, havanese, japanese_chin",True,True
english_cocker_spaniel_57,english_cocker_spaniel,english_cocker_spaniel,0.9944799,"english_cocker_spaniel, havanese, english_setter, scottish_terrier, yorkshire_terrier",True,True
boxer_119,boxer,boxer,0.69518596,"boxer, basset_hound, beagle, american_pit_bull_terrier, leonberger",True,True
beagle_21,beagle,basset_hound,0.94020164,"basset_hound, beagle, english_cocker_spaniel, saint_bernard, american_bulldog",False,True
yorkshire_terrier_22,yorkshire_terrier,yorkshire_terrier,0.9995204,"yorkshire_terrier, scottish_terrier, english_cocker_spaniel, havanese, wheaten_terrier",True,True
Sphynx_71,Sphynx,Abyssinian,0.38456553,"Abyssinian, Sphynx, chihuahua, american_bulldog, miniature_pinscher",False,True
boxer_130,boxer,boxer,0.99491537,"boxer, staffordshire_bull_terrier, saint_bernard, basset_hound, american_pit_bull_terrier",True,True
Bombay_221,Bombay,Bombay,0.98930603,"Bombay, Russian_Blue, staffordshire_bull_terrier, British_Shorthair, scottish_terrier",True,True
miniature_pinscher_196,miniature_pinscher,miniature_pinscher,0.98437136,"miniature_pinscher, chihuahua, yorkshire_terrier, Bombay, beagle",True,True
newfoundland_140,newfoundland,newfoundland,0.97033644,"newfoundland, scottish_terrier, havanese, english_cocker_spaniel, staffordshire_bull_terrier",True,True
staffordshire_bull_terrier_22,staffordshire_bull_terrier,staffordshire_bull_terrier,0.87941504,"staffordshire_bull_terrier, american_pit_bull_terrier, pug, boxer, german_shorthaired",True,True
staffordshire_bull_terrier_159,staffordshire_bull_terrier,staffordshire_bull_terrier,0.8444854,"staffordshire_bull_terrier, american_pit_bull_terrier, chihuahua, boxer, american_bulldog",True,True
beagle_98,beagle,beagle,0.999215,"beagle, basset_hound, german_shorthaired, american_pit_bull_terrier, staffordshire_bull_terrier",True,True
german_shorthaired_197,german_shorthaired,german_shorthaired,0.6789095,"german_shorthaired, english_setter, beagle, basset_hound, saint_bernard",True,True
Birman_14,Birman,Birman,0.94117403,"Birman, Siamese, Ragdoll, japanese_chin, keeshond",True,True
Egyptian_Mau_121,Egyptian_Mau,Egyptian_Mau,0.9707032,"Egyptian_Mau, Russian_Blue, Bengal, British_Shorthair, Abyssinian",True,True
staffordshire_bull_terrier_14,staffordshire_bull_terrier,staffordshire_bull_terrier,0.9517569,"staffordshire_bull_terrier, american_pit_bull_terrier, american_bulldog, boxer, german_shorthaired",True,True
beagle_54,beagle,beagle,0.9475832,"beagle, american_bulldog, german_shorthaired, american_pit_bull_terrier, boxer",True,True
Egyptian_Mau_141,Egyptian_Mau,Egyptian_Mau,0.9115,"Egyptian_Mau, Bengal, Maine_Coon, Russian_Blue, British_Shorthair",True,True
english_setter_59,english_setter,english_setter,0.99934393,"english_setter, english_cocker_spaniel, great_pyrenees, leonberger, german_shorthaired",True,True
Birman_76,Birman,Siamese,0.59755164,"Siamese, Birman, Ragdoll, shiba_inu, Abyssinian",False,True
samoyed_51,samoyed,samoyed,0.99889576,"samoyed, pomeranian, great_pyrenees, Persian, keeshond",True,True
pomeranian_43,pomeranian,pomeranian,0.9228952,"pomeranian, Ragdoll, samoyed, keeshond, Persian",True,True
newfoundland_93,newfoundland,newfoundland,0.9645078,"newfoundland, english_cocker_spaniel, leonberger, scottish_terrier, staffordshire_bull_terrier",True,True
miniature_pinscher_113,miniature_pinscher,chihuahua,0.362634,"chihuahua, american_pit_bull_terrier, miniature_pinscher, pug, Bombay",False,True
english_setter_95,english_setter,english_setter,0.992392,"english_setter, english_cocker_spaniel, basset_hound, german_shorthaired, beagle",True,True
staffordshire_bull_terrier_192,staffordshire_bull_terrier,boxer,0.39460003,"boxer, american_pit_bull_terrier, american_bulldog, staffordshire_bull_terrier, miniature_pinscher",False,True
Sphynx_42,Sphynx,Sphynx,0.99993503,"Sphynx, Abyssinian, chihuahua, Russian_Blue, american_bulldog",True,True
saint_bernard_52,saint_bernard,saint_bernard,0.99610317,"saint_bernard, leonberger, basset_hound, boxer, great_pyrenees",True,True
leonberger_15,leonberger,leonberger,0.99266315,"leonberger, boxer, basset_hound, miniature_pinscher, newfoundland",True,True
english_setter_65,english_setter,english_setter,0.8970788,"english_setter, english_cocker_spaniel, great_pyrenees, german_shorthaired, american_pit_bull_terrier",True,True
english_setter_43,english_setter,english_setter,0.99369365,"english_setter, english_cocker_spaniel, havanese, Maine_Coon, yorkshire_terrier",True,True
Bengal_69,Bengal,Bengal,0.3715867,"Bengal, British_Shorthair, Abyssinian, Russian_Blue, Maine_Coon",True,True
Birman_140,Birman,Birman,0.7534824,"Birman, Ragdoll, Persian, Maine_Coon, samoyed",True,True
english_cocker_spaniel_169,english_cocker_spaniel,english_cocker_spaniel,0.657083,"english_cocker_spaniel, scottish_terrier, havanese, yorkshire_terrier, newfoundland",True,True
wheaten_terrier_120,wheaten_terrier,wheaten_terrier,0.67483693,"wheaten_terrier, english_cocker_spaniel, english_setter, american_pit_bull_terrier, havanese",True,True
Siamese_128,Siamese,Siamese,0.9993647,"Siamese, chihuahua, Bombay, Birman, Sphynx",True,True
chihuahua_35,chihuahua,chihuahua,0.9997961,"chihuahua, Sphynx, miniature_pinscher, Abyssinian, beagle",True,True
miniature_pinscher_17,miniature_pinscher,staffordshire_bull_terrier,0.2977083,"staffordshire_bull_terrier, miniature_pinscher, chihuahua, american_pit_bull_terrier, beagle",False,True
german_shorthaired_135,german_shorthaired,german_shorthaired,0.9998042,"german_shorthaired, english_setter, beagle, american_pit_bull_terrier, newfoundland",True,True
miniature_pinscher_47,miniature_pinscher,miniature_pinscher,0.7308249,"miniature_pinscher, boxer, staffordshire_bull_terrier, chihuahua, Bengal",True,True
samoyed_112,samoyed,samoyed,0.99907124,"samoyed, pomeranian, shiba_inu, Persian, great_pyrenees",True,True
havanese_68,havanese,havanese,0.7878186,"havanese, yorkshire_terrier, wheaten_terrier, japanese_chin, scottish_terrier",True,True
Siamese_73,Siamese,Siamese,0.99742967,"Siamese, Birman, Ragdoll, Abyssinian, shiba_inu",True,True
chihuahua_82,chihuahua,miniature_pinscher,0.63455087,"miniature_pinscher, chihuahua, Sphynx, Abyssinian, shiba_inu",False,True
scottish_terrier_187,scottish_terrier,scottish_terrier,0.97121304,"scottish_terrier, newfoundland, Bombay, wheaten_terrier, yorkshire_terrier",True,True
newfoundland_25,newfoundland,newfoundland,0.7022994,"newfoundland, leonberger, keeshond, great_pyrenees, english_setter",True,True
Sphynx_66,Sphynx,Sphynx,0.9988549,"Sphynx, chihuahua, miniature_pinscher, Abyssinian, american_pit_bull_terrier",True,True
Abyssinian_111,Abyssinian,Abyssinian,0.9884786,"Abyssinian, Bengal, Sphynx, Maine_Coon, miniature_pinscher",True,True
saint_bernard_58,saint_bernard,saint_bernard,0.9561635,"saint_bernard, english_setter, english_cocker_spaniel, great_pyrenees, beagle",True,True
leonberger_28,leonberger,leonberger,0.9973544,"leonberger, newfoundland, great_pyrenees, saint_bernard, english_setter",True,True
Siamese_31,Siamese,Siamese,0.9567627,"Siamese, Birman, Ragdoll, shiba_inu, beagle",True,True
shiba_inu_85,shiba_inu,shiba_inu,0.9955722,"shiba_inu, chihuahua, samoyed, beagle, staffordshire_bull_terrier",True,True
american_pit_bull_terrier_27,american_pit_bull_terrier,american_pit_bull_terrier,0.55782115,"american_pit_bull_terrier, staffordshire_bull_terrier, american_bulldog, beagle, english_setter",True,True
saint_bernard_173,saint_bernard,saint_bernard,0.8224375,"saint_bernard, english_setter, leonberger, basset_hound, boxer",True,True
samoyed_91,samoyed,great_pyrenees,0.45206255,"great_pyrenees, samoyed, japanese_chin, wheaten_terrier, shiba_inu",False,True
Abyssinian_181,Abyssinian,Abyssinian,0.960133,"Abyssinian, miniature_pinscher, leonberger, Bengal, chihuahua",True,True
Bengal_24,Bengal,Maine_Coon,0.8017545,"Maine_Coon, Persian, scottish_terrier, Bengal, wheaten_terrier",False,True
keeshond_22,keeshond,keeshond,0.997175,"keeshond, pomeranian, leonberger, great_pyrenees, scottish_terrier",True,True
scottish_terrier_32,scottish_terrier,scottish_terrier,0.92305595,"scottish_terrier, yorkshire_terrier, chihuahua, wheaten_terrier, Maine_Coon",True,True
leonberger_128,leonberger,basset_hound,0.20414525,"basset_hound, english_cocker_spaniel, leonberger, saint_bernard, english_setter",False,True
scottish_terrier_197,scottish_terrier,scottish_terrier,0.8753938,"scottish_terrier, havanese, yorkshire_terrier, japanese_chin, newfoundland",True,True
staffordshire_bull_terrier_88,staffordshire_bull_terrier,staffordshire_bull_terrier,0.99123377,"staffordshire_bull_terrier, american_pit_bull_terrier, miniature_pinscher, boxer, pug",True,True
american_bulldog_13,american_bulldog,american_bulldog,0.9999546,"american_bulldog, boxer, american_pit_bull_terrier, pug, staffordshire_bull_terrier",True,True
samoyed_13,samoyed,pomeranian,0.92529714,"pomeranian, samoyed, shiba_inu, great_pyrenees, keeshond",False,True
keeshond_24,keeshond,keeshond,0.78133845,"keeshond, newfoundland, Russian_Blue, japanese_chin, samoyed",True,True
newfoundland_58,newfoundland,newfoundland,0.96777844,"newfoundland, keeshond, leonberger, pomeranian, english_cocker_spaniel",True,True
great_pyrenees_187,great_pyrenees,great_pyrenees,0.96444505,"great_pyrenees, samoyed, american_bulldog, keeshond, japanese_chin",True,True
newfoundland_7,newfoundland,newfoundland,0.9999573,"newfoundland, pomeranian, leonberger, Bombay, scottish_terrier",True,True
japanese_chin_62,japanese_chin,japanese_chin,0.9994205,"japanese_chin, havanese, english_setter, english_cocker_spaniel, saint_bernard",True,True
Russian_Blue_47,Russian_Blue,Russian_Blue,0.9915336,"Russian_Blue, Egyptian_Mau, British_Shorthair, Abyssinian, Sphynx",True,True
havanese_149,havanese,havanese,0.68144083,"havanese, english_cocker_spaniel, yorkshire_terrier, newfoundland, scottish_terrier",True,True
english_setter_132,english_setter,english_setter,0.99680483,"english_setter, english_cocker_spaniel, great_pyrenees, german_shorthaired, basset_hound",True,True
shiba_inu_176,shiba_inu,shiba_inu,0.5441824,"shiba_inu, chihuahua, keeshond, pomeranian, Siamese",True,True
Russian_Blue_205,Russian_Blue,Russian_Blue,0.98726827,"Russian_Blue, British_Shorthair, Egyptian_Mau, Abyssinian, Sphynx",True,True
Abyssinian_166,Abyssinian,Abyssinian,0.99789053,"Abyssinian, Bengal, shiba_inu, leonberger, Russian_Blue",True,True
newfoundland_175,newfoundland,newfoundland,0.99080116,"newfoundland, english_cocker_spaniel, leonberger, havanese, staffordshire_bull_terrier",True,True
newfoundland_159,newfoundland,newfoundland,0.99363035,"newfoundland, leonberger, pomeranian, havanese, keeshond",True,True
miniature_pinscher_71,miniature_pinscher,miniature_pinscher,0.8102326,"miniature_pinscher, boxer, staffordshire_bull_terrier, chihuahua, shiba_inu",True,True
english_setter_93,english_setter,english_setter,0.95125437,"english_setter, english_cocker_spaniel, leonberger, newfoundland, german_shorthaired",True,True
basset_hound_68,basset_hound,beagle,0.5936953,"beagle, basset_hound, german_shorthaired, saint_bernard, american_pit_bull_terrier",False,True
Birman_157,Birman,Birman,0.9613204,"Birman, Ragdoll, Siamese, japanese_chin, keeshond",True,True
Sphynx_190,Sphynx,Sphynx,0.99347454,"Sphynx, Abyssinian, chihuahua, miniature_pinscher, Bengal",True,True
Abyssinian_167,Abyssinian,Abyssinian,0.73889863,"Abyssinian, Bengal, shiba_inu, chihuahua, Maine_Coon",True,True
Bombay_3,Bombay,Bombay,0.99306846,"Bombay, staffordshire_bull_terrier, Siamese, British_Shorthair, newfoundland",True,True
leonberger_57,leonberger,leonberger,0.99894935,"leonberger, keeshond, great_pyrenees, pug, english_setter",True,True
samoyed_185,samoyed,samoyed,0.9971072,"samoyed, great_pyrenees, pomeranian, keeshond, Persian",True,True
german_shorthaired_8,german_shorthaired,german_shorthaired,0.66376364,"german_shorthaired, american_pit_bull_terrier, beagle, staffordshire_bull_terrier, basset_hound",True,True
yorkshire_terrier_133,yorkshire_terrier,yorkshire_terrier,0.9999943,"yorkshire_terrier, Bengal, scottish_terrier, english_cocker_spaniel, miniature_pinscher",True,True
boxer_139,boxer,boxer,0.9639225,"boxer, american_bulldog, staffordshire_bull_terrier, american_pit_bull_terrier, pug",True,True
newfoundland_104,newfoundland,newfoundland,0.96129364,"newfoundland, scottish_terrier, english_cocker_spaniel, keeshond, leonberger",True,True
boxer_132,boxer,boxer,0.922096,"boxer, saint_bernard, american_bulldog, staffordshire_bull_terrier, basset_hound",True,True
British_Shorthair_85,British_Shorthair,Sphynx,0.6529696,"Sphynx, scottish_terrier, chihuahua, Egyptian_Mau, Abyssinian",False,False
japanese_chin_48,japanese_chin,japanese_chin,0.9154688,"japanese_chin, saint_bernard, english_setter, great_pyrenees, havanese",True,True
yorkshire_terrier_193,yorkshire_terrier,yorkshire_terrier,0.9240461,"yorkshire_terrier, chihuahua, pomeranian, miniature_pinscher, leonberger",True,True
english_setter_139,english_setter,english_setter,0.9251385,"english_setter, english_cocker_spaniel, german_shorthaired, basset_hound, beagle",True,True
saint_bernard_143,saint_bernard,saint_bernard,0.8946971,"saint_bernard, japanese_chin, great_pyrenees, leonberger, pug",True,True
Maine_Coon_266,Maine_Coon,Maine_Coon,0.9797737,"Maine_Coon, Abyssinian, Ragdoll, Bengal, Persian",True,True
samoyed_66,samoyed,samoyed,0.99734074,"samoyed, great_pyrenees, pomeranian, keeshond, Persian",True,True
Maine_Coon_135,Maine_Coon,Maine_Coon,0.9967656,"Maine_Coon, Ragdoll, Abyssinian, Bengal, Persian",True,True
Bengal_88,Bengal,Bengal,0.980857,"Bengal, boxer, Egyptian_Mau, german_shorthaired, newfoundland",True,True
yorkshire_terrier_93,yorkshire_terrier,yorkshire_terrier,0.7965838,"yorkshire_terrier, havanese, wheaten_terrier, japanese_chin, scottish_terrier",True,True
Bombay_205,Bombay,Bombay,0.9926488,"Bombay, British_Shorthair, Maine_Coon, Abyssinian, Siamese",True,True
wheaten_terrier_187,wheaten_terrier,wheaten_terrier,0.9742673,"wheaten_terrier, scottish_terrier, havanese, yorkshire_terrier, leonberger",True,True
american_bulldog_108,american_bulldog,beagle,0.9472638,"beagle, american_bulldog, basset_hound, american_pit_bull_terrier, saint_bernard",False,True
saint_bernard_168,saint_bernard,great_pyrenees,0.5067831,"great_pyrenees, saint_bernard, english_setter, beagle, leonberger",False,True
japanese_chin_90,japanese_chin,japanese_chin,0.9331364,"japanese_chin, pomeranian, saint_bernard, chihuahua, Ragdoll",True,True
english_cocker_spaniel_74,english_cocker_spaniel,basset_hound,0.5123116,"basset_hound, english_cocker_spaniel, beagle, english_setter, american_bulldog",False,True
miniature_pinscher_10,miniature_pinscher,miniature_pinscher,0.9796845,"miniature_pinscher, chihuahua, Sphynx, beagle, staffordshire_bull_terrier",True,True
english_cocker_spaniel_73,english_cocker_spaniel,english_cocker_spaniel,0.9286451,"english_cocker_spaniel, english_setter, basset_hound, great_pyrenees, american_bulldog",True,True
beagle_187,beagle,beagle,0.9997434,"beagle, chihuahua, basset_hound, american_bulldog, saint_bernard",True,True
pomeranian_199,pomeranian,pomeranian,0.989585,"pomeranian, leonberger, yorkshire_terrier, keeshond, japanese_chin",True,True
american_pit_bull_terrier_194,american_pit_bull_terrier,american_pit_bull_terrier,0.98231137,"american_pit_bull_terrier, staffordshire_bull_terrier, american_bulldog, chihuahua, pug",True,True
beagle_200,beagle,beagle,0.99725395,"beagle, basset_hound, boxer, american_bulldog, staffordshire_bull_terrier",True,True
american_bulldog_52,american_bulldog,american_pit_bull_terrier,0.70325464,"american_pit_bull_terrier, beagle, american_bulldog, staffordshire_bull_terrier, saint_bernard",False,True
havanese_3,havanese,havanese,0.9998252,"havanese, yorkshire_terrier, japanese_chin, english_cocker_spaniel, scottish_terrier",True,True
Bombay_71,Bombay,Bombay,0.99986994,"Bombay, British_Shorthair, Maine_Coon, newfoundland, Abyssinian",True,True
chihuahua_138,chihuahua,chihuahua,0.38785303,"chihuahua, Sphynx, miniature_pinscher, Bengal, Egyptian_Mau",True,True
Ragdoll_59,Ragdoll,Ragdoll,0.9159301,"Ragdoll, Birman, Maine_Coon, Siamese, Sphynx",True,True
english_setter_151,english_setter,english_setter,0.99894804,"english_setter, english_cocker_spaniel, havanese, german_shorthaired, great_pyrenees",True,True
boxer_131,boxer,boxer,0.4386842,"boxer, staffordshire_bull_terrier, german_shorthaired, basset_hound, saint_bernard",True,True
Maine_Coon_182,Maine_Coon,Maine_Coon,0.9979473,"Maine_Coon, Persian, Ragdoll, Egyptian_Mau, Abyssinian",True,True
american_bulldog_188,american_bulldog,american_bulldog,0.6707491,"american_bulldog, boxer, Sphynx, staffordshire_bull_terrier, Siamese",True,True
Persian_160,Persian,Persian,0.9872915,"Persian, Ragdoll, Maine_Coon, samoyed, Abyssinian",True,True
newfoundland_194,newfoundland,newfoundland,0.99318093,"newfoundland, Bombay, english_cocker_spaniel, scottish_terrier, havanese",True,True
scottish_terrier_163,scottish_terrier,scottish_terrier,0.99889743,"scottish_terrier, Bombay, yorkshire_terrier, chihuahua, english_cocker_spaniel",True,True
german_shorthaired_147,german_shorthaired,german_shorthaired,0.99315345,"german_shorthaired, american_pit_bull_terrier, newfoundland, staffordshire_bull_terrier, basset_hound",True,True
english_cocker_spaniel_6,english_cocker_spaniel,english_cocker_spaniel,0.9432349,"english_cocker_spaniel, english_setter, yorkshire_terrier, havanese, japanese_chin",True,True
British_Shorthair_60,British_Shorthair,British_Shorthair,0.9979327,"British_Shorthair, Russian_Blue, Egyptian_Mau, Persian, Maine_Coon",True,True
yorkshire_terrier_128,yorkshire_terrier,yorkshire_terrier,0.9998324,"yorkshire_terrier, havanese, scottish_terrier, wheaten_terrier, Bengal",True,True
great_pyrenees_35,great_pyrenees,great_pyrenees,0.9908047,"great_pyrenees, samoyed, shiba_inu, leonberger, havanese",True,True
yorkshire_terrier_31,yorkshire_terrier,yorkshire_terrier,0.9981059,"yorkshire_terrier, havanese, english_cocker_spaniel, Bengal, scottish_terrier",True,True
beagle_37,beagle,beagle,0.9982004,"beagle, basset_hound, chihuahua, japanese_chin, english_cocker_spaniel",True,True
pug_173,pug,pug,0.99886334,"pug, boxer, american_bulldog, japanese_chin, havanese",True,True
miniature_pinscher_102,miniature_pinscher,miniature_pinscher,0.9973361,"miniature_pinscher, Sphynx, chihuahua, american_pit_bull_terrier, staffordshire_bull_terrier",True,True
pomeranian_184,pomeranian,pomeranian,0.99769115,"pomeranian, samoyed, japanese_chin, keeshond, Persian",True,True
Egyptian_Mau_185,Egyptian_Mau,Egyptian_Mau,0.8487922,"Egyptian_Mau, Bengal, Maine_Coon, British_Shorthair, Russian_Blue",True,True
Maine_Coon_104,Maine_Coon,Maine_Coon,0.9881578,"Maine_Coon, Persian, wheaten_terrier, Abyssinian, pomeranian",True,True
wheaten_terrier_146,wheaten_terrier,great_pyrenees,0.46086204,"great_pyrenees, havanese, wheaten_terrier, samoyed, keeshond",False,True
leonberger_82,leonberger,leonberger,0.92037725,"leonberger, newfoundland, great_pyrenees, wheaten_terrier, pug",True,True
samoyed_164,samoyed,samoyed,0.976076,"samoyed, great_pyrenees, Persian, Ragdoll, Maine_Coon",True,True
chihuahua_101,chihuahua,miniature_pinscher,0.8581209,"miniature_pinscher, Abyssinian, Sphynx, chihuahua, Bengal",False,True
newfoundland_125,newfoundland,newfoundland,0.70207953,"newfoundland, leonberger, great_pyrenees, keeshond, english_setter",True,True
Birman_51,Birman,Birman,0.97326964,"Birman, Ragdoll, Siamese, japanese_chin, keeshond",True,True
german_shorthaired_126,german_shorthaired,german_shorthaired,0.826052,"german_shorthaired, staffordshire_bull_terrier, american_pit_bull_terrier, miniature_pinscher, newfoundland",True,True
Egyptian_Mau_91,Egyptian_Mau,Egyptian_Mau,0.99820113,"Egyptian_Mau, Bengal, Russian_Blue, Maine_Coon, Sphynx",True,True
american_bulldog_51,american_bulldog,american_pit_bull_terrier,0.56404406,"american_pit_bull_terrier, american_bulldog, english_setter, chihuahua, staffordshire_bull_terrier",False,True
Russian_Blue_88,Russian_Blue,Russian_Blue,0.999634,"Russian_Blue, British_Shorthair, Siamese, Egyptian_Mau, Abyssinian",True,True
staffordshire_bull_terrier_58,staffordshire_bull_terrier,american_pit_bull_terrier,0.59863734,"american_pit_bull_terrier, staffordshire_bull_terrier, american_bulldog, beagle, chihuahua",False,True
staffordshire_bull_terrier_199,staffordshire_bull_terrier,staffordshire_bull_terrier,0.8595688,"staffordshire_bull_terrier, scottish_terrier, newfoundland, Russian_Blue, Bombay",True,True
Bombay_140,Bombay,Bombay,0.9569196,"Bombay, British_Shorthair, Persian, Siamese, Maine_Coon",True,True
german_shorthaired_106,german_shorthaired,german_shorthaired,0.99405956,"german_shorthaired, beagle, english_setter, miniature_pinscher, english_cocker_spaniel",True,True
saint_bernard_80,saint_bernard,saint_bernard,0.7701489,"saint_bernard, american_bulldog, boxer, pug, american_pit_bull_terrier",True,True
miniature_pinscher_60,miniature_pinscher,miniature_pinscher,0.99447,"miniature_pinscher, chihuahua, staffordshire_bull_terrier, boxer, Sphynx",True,True
havanese_15,havanese,havanese,0.9995023,"havanese, yorkshire_terrier, wheaten_terrier, japanese_chin, great_pyrenees",True,True
saint_bernard_43,saint_bernard,boxer,0.7147487,"boxer, american_bulldog, saint_bernard, american_pit_bull_terrier, pug",False,True
english_setter_15,english_setter,english_setter,0.99892104,"english_setter, english_cocker_spaniel, german_shorthaired, Maine_Coon, yorkshire_terrier",True,True
Maine_Coon_121,Maine_Coon,Maine_Coon,0.50781804,"Maine_Coon, Persian, japanese_chin, Ragdoll, pomeranian",True,True
staffordshire_bull_terrier_24,staffordshire_bull_terrier,staffordshire_bull_terrier,0.7830677,"staffordshire_bull_terrier, american_pit_bull_terrier, miniature_pinscher, boxer, chihuahua",True,True
pug_125,pug,pug,0.99956757,"pug, boxer, chihuahua, Siamese, leonberger",True,True
english_setter_18,english_setter,english_setter,0.9975546,"english_setter, german_shorthaired, english_cocker_spaniel, Egyptian_Mau, basset_hound",True,True
scottish_terrier_27,scottish_terrier,scottish_terrier,0.97876877,"scottish_terrier, yorkshire_terrier, wheaten_terrier, havanese, chihuahua",True,True
Abyssinian_83,Abyssinian,Abyssinian,0.74865097,"Abyssinian, miniature_pinscher, Bengal, boxer, shiba_inu",True,True
pomeranian_82,pomeranian,pomeranian,0.9999864,"pomeranian, japanese_chin, chihuahua, samoyed, Maine_Coon",True,True
miniature_pinscher_54,miniature_pinscher,miniature_pinscher,0.999445,"miniature_pinscher, chihuahua, boxer, staffordshire_bull_terrier, beagle",True,True
shiba_inu_55,shiba_inu,shiba_inu,0.99998045,"shiba_inu, chihuahua, samoyed, american_pit_bull_terrier, pomeranian",True,True
yorkshire_terrier_192,yorkshire_terrier,yorkshire_terrier,0.821468,"yorkshire_terrier, miniature_pinscher, chihuahua, Bengal, pomeranian",True,True
Abyssinian_86,Abyssinian,Abyssinian,0.61841637,"Abyssinian, Maine_Coon, Bengal, Ragdoll, Persian",True,True
chihuahua_47,chihuahua,chihuahua,0.9969247,"chihuahua, miniature_pinscher, beagle, german_shorthaired, yorkshire_terrier",True,True
miniature_pinscher_136,miniature_pinscher,miniature_pinscher,0.7884955,"miniature_pinscher, chihuahua, staffordshire_bull_terrier, american_pit_bull_terrier, Bombay",True,True
Birman_12,Birman,Birman,0.9947278,"Birman, Ragdoll, Siamese, japanese_chin, Persian",True,True
samoyed_157,samoyed,samoyed,0.6049158,"samoyed, great_pyrenees, pomeranian, shiba_inu, leonberger",True,True
japanese_chin_122,japanese_chin,japanese_chin,0.98964185,"japanese_chin, beagle, english_cocker_spaniel, english_setter, chihuahua",True,True
newfoundland_183,newfoundland,newfoundland,0.99841976,"newfoundland, leonberger, keeshond, pomeranian, german_shorthaired",True,True
Bombay_5,Bombay,Bombay,0.975941,"Bombay, British_Shorthair, Russian_Blue, Abyssinian, scottish_terrier",True,True
german_shorthaired_127,german_shorthaired,staffordshire_bull_terrier,0.9135147,"staffordshire_bull_terrier, Bombay, american_pit_bull_terrier, german_shorthaired, newfoundland",False,True
Sphynx_102,Sphynx,Sphynx,0.9979674,"Sphynx, Abyssinian, chihuahua, american_pit_bull_terrier, miniature_pinscher",True,True
basset_hound_60,basset_hound,basset_hound,0.97469574,"basset_hound, beagle, boxer, saint_bernard, english_cocker_spaniel",True,True
staffordshire_bull_terrier_47,staffordshire_bull_terrier,american_pit_bull_terrier,0.81052506,"american_pit_bull_terrier, staffordshire_bull_terrier, american_bulldog, basset_hound, beagle",False,True
Siamese_205,Siamese,Siamese,0.9628959,"Siamese, Birman, Sphynx, pug, Ragdoll",True,True
Russian_Blue_29,Russian_Blue,British_Shorthair,0.9943772,"British_Shorthair, Russian_Blue, Persian, Bombay, Maine_Coon",False,True
leonberger_133,leonberger,leonberger,0.9992086,"leonberger, great_pyrenees, saint_bernard, wheaten_terrier, boxer",True,True
american_bulldog_137,american_bulldog,american_pit_bull_terrier,0.5243687,"american_pit_bull_terrier, american_bulldog, staffordshire_bull_terrier, boxer, german_shorthaired",False,True
shiba_inu_152,shiba_inu,Abyssinian,0.4529326,"Abyssinian, shiba_inu, chihuahua, Sphynx, Ragdoll",False,True
saint_bernard_23,saint_bernard,american_bulldog,0.420724,"american_bulldog, saint_bernard, english_setter, beagle, basset_hound",False,True
english_setter_176,english_setter,english_setter,0.71201605,"english_setter, english_cocker_spaniel, german_shorthaired, basset_hound, newfoundland",True,True
great_pyrenees_85,great_pyrenees,great_pyrenees,0.37911317,"great_pyrenees, japanese_chin, saint_bernard, havanese, Birman",True,True
leonberger_62,leonberger,leonberger,0.998602,"leonberger, wheaten_terrier, saint_bernard, english_cocker_spaniel, great_pyrenees",True,True
Egyptian_Mau_156,Egyptian_Mau,Egyptian_Mau,0.9956696,"Egyptian_Mau, Bengal, english_setter, British_Shorthair, Maine_Coon",True,True
beagle_69,beagle,basset_hound,0.7707255,"basset_hound, beagle, staffordshire_bull_terrier, american_pit_bull_terrier, boxer",False,True
american_pit_bull_terrier_132,american_pit_bull_terrier,american_bulldog,0.7576267,"american_bulldog, american_pit_bull_terrier, english_setter, pug, chihuahua",False,True
pug_20,pug,pug,0.44709417,"pug, boxer, american_bulldog, staffordshire_bull_terrier, american_pit_bull_terrier",True,True
Bombay_191,Bombay,Bombay,0.99675,"Bombay, Siamese, Maine_Coon, British_Shorthair, Abyssinian",True,True
miniature_pinscher_151,miniature_pinscher,miniature_pinscher,0.9979431,"miniature_pinscher, chihuahua, beagle, staffordshire_bull_terrier, Bombay",True,True
British_Shorthair_111,British_Shorthair,British_Shorthair,0.9995943,"British_Shorthair, Russian_Blue, Persian, Bombay, Egyptian_Mau",True,True
miniature_pinscher_103,miniature_pinscher,miniature_pinscher,0.9986222,"miniature_pinscher, staffordshire_bull_terrier, chihuahua, american_pit_bull_terrier, Sphynx",True,True
american_bulldog_200,american_bulldog,american_bulldog,0.97603923,"american_bulldog, Sphynx, american_pit_bull_terrier, beagle, boxer",True,True
Birman_3,Birman,Birman,0.83779794,"Birman, Ragdoll, Siamese, Persian, scottish_terrier",True,True
British_Shorthair_48,British_Shorthair,British_Shorthair,0.9547453,"British_Shorthair, Persian, Russian_Blue, Maine_Coon, Egyptian_Mau",True,True
Egyptian_Mau_107,Egyptian_Mau,Egyptian_Mau,0.99777275,"Egyptian_Mau, Bengal, Maine_Coon, english_setter, Russian_Blue",True,True
english_setter_66,english_setter,english_setter,0.99912685,"english_setter, english_cocker_spaniel, great_pyrenees, german_shorthaired, american_pit_bull_terrier",True,True
Maine_Coon_10,Maine_Coon,Maine_Coon,0.79423434,"Maine_Coon, Bengal, Egyptian_Mau, Abyssinian, yorkshire_terrier",True,True
Siamese_112,Siamese,Birman,0.62850547,"Birman, Siamese, Ragdoll, keeshond, japanese_chin",False,True
beagle_28,beagle,beagle,0.98560566,"beagle, american_bulldog, american_pit_bull_terrier, basset_hound, staffordshire_bull_terrier",True,True
great_pyrenees_154,great_pyrenees,great_pyrenees,0.94099605,"great_pyrenees, samoyed, american_bulldog, japanese_chin, pug",True,True
leonberger_103,leonberger,leonberger,0.72214556,"leonberger, boxer, miniature_pinscher, newfoundland, staffordshire_bull_terrier",True,True
beagle_158,beagle,beagle,0.71074915,"beagle, basset_hound, german_shorthaired, english_cocker_spaniel, staffordshire_bull_terrier",True,True
german_shorthaired_190,german_shorthaired,german_shorthaired,0.99609655,"german_shorthaired, english_setter, beagle, english_cocker_spaniel, basset_hound",True,True
staffordshire_bull_terrier_1,staffordshire_bull_terrier,staffordshire_bull_terrier,0.88644236,"staffordshire_bull_terrier, american_pit_bull_terrier, german_shorthaired, newfoundland, english_setter",True,True
scottish_terrier_169,scottish_terrier,scottish_terrier,0.99842215,"scottish_terrier, yorkshire_terrier, Bombay, havanese, chihuahua",True,True
german_shorthaired_60,german_shorthaired,german_shorthaired,0.9969644,"german_shorthaired, staffordshire_bull_terrier, american_pit_bull_terrier, newfoundland, english_setter",True,True
wheaten_terrier_177,wheaten_terrier,wheaten_terrier,0.99978083,"wheaten_terrier, english_setter, havanese, leonberger, english_cocker_spaniel",True,True
pomeranian_87,pomeranian,samoyed,0.9165106,"samoyed, pomeranian, great_pyrenees, shiba_inu, Persian",False,True
basset_hound_176,basset_hound,basset_hound,0.91122323,"basset_hound, beagle, saint_bernard, boxer, american_pit_bull_terrier",True,True
shiba_inu_171,shiba_inu,shiba_inu,0.99044776,"shiba_inu, chihuahua, wheaten_terrier, Siamese, scottish_terrier",True,True
leonberger_163,leonberger,leonberger,0.9972506,"leonberger, keeshond, great_pyrenees, newfoundland, saint_bernard",True,True
Bengal_117,Bengal,Bengal,0.8165242,"Bengal, Maine_Coon, Egyptian_Mau, english_cocker_spaniel, Persian",True,True
Egyptian_Mau_87,Egyptian_Mau,Egyptian_Mau,0.9991136,"Egyptian_Mau, Bengal, Russian_Blue, german_shorthaired, British_Shorthair",True,True
Ragdoll_25,Ragdoll,Ragdoll,0.9690503,"Ragdoll, Birman, samoyed, Persian, Maine_Coon",True,True
havanese_69,havanese,american_bulldog,0.41777807,"american_bulldog, basset_hound, beagle, wheaten_terrier, Sphynx",False,False
British_Shorthair_106,British_Shorthair,British_Shorthair,0.99943763,"British_Shorthair, Russian_Blue, Persian, Bombay, Maine_Coon",True,True
japanese_chin_188,japanese_chin,japanese_chin,0.9964322,"japanese_chin, pomeranian, saint_bernard, english_cocker_spaniel, havanese",True,True
Russian_Blue_137,Russian_Blue,Russian_Blue,0.25115058,"Russian_Blue, British_Shorthair, Abyssinian, Maine_Coon, Egyptian_Mau",True,True
Sphynx_48,Sphynx,Sphynx,0.99564004,"Sphynx, american_bulldog, Abyssinian, american_pit_bull_terrier, chihuahua",True,True
american_pit_bull_terrier_128,american_pit_bull_terrier,american_pit_bull_terrier,0.63475907,"american_pit_bull_terrier, staffordshire_bull_terrier, chihuahua, miniature_pinscher, german_shorthaired",True,True
saint_bernard_27,saint_bernard,saint_bernard,0.99864286,"saint_bernard, leonberger, basset_hound, japanese_chin, great_pyrenees",True,True
pug_51,pug,pug,0.9999398,"pug, american_bulldog, boxer, chihuahua, shiba_inu",True,True
beagle_33,beagle,american_pit_bull_terrier,0.63497925,"american_pit_bull_terrier, staffordshire_bull_terrier, beagle, american_bulldog, basset_hound",False,True
Abyssinian_97,Abyssinian,Abyssinian,0.6772435,"Abyssinian, miniature_pinscher, chihuahua, shiba_inu, Bengal",True,True
pug_148,pug,pug,0.99928707,"pug, american_bulldog, boxer, american_pit_bull_terrier, staffordshire_bull_terrier",True,True
pug_85,pug,pug,0.9990651,"pug, boxer, american_bulldog, leonberger, Siamese",True,True
scottish_terrier_117,scottish_terrier,scottish_terrier,0.5172077,"scottish_terrier, yorkshire_terrier, Bombay, havanese, chihuahua",True,True
scottish_terrier_191,scottish_terrier,scottish_terrier,0.99918,"scottish_terrier, yorkshire_terrier, english_cocker_spaniel, havanese, wheaten_terrier",True,True
american_pit_bull_terrier_149,american_pit_bull_terrier,american_pit_bull_terrier,0.9950854,"american_pit_bull_terrier, staffordshire_bull_terrier, american_bulldog, miniature_pinscher, german_shorthaired",True,True
keeshond_60,keeshond,keeshond,0.9998621,"keeshond, pomeranian, samoyed, Persian, leonberger",True,True
beagle_30,beagle,beagle,0.6952432,"beagle, chihuahua, basset_hound, staffordshire_bull_terrier, miniature_pinscher",True,True
samoyed_141,samoyed,great_pyrenees,0.6941677,"great_pyrenees, samoyed, japanese_chin, keeshond, saint_bernard",False,True
Russian_Blue_94,Russian_Blue,Russian_Blue,0.5454366,"Russian_Blue, Abyssinian, Sphynx, British_Shorthair, Egyptian_Mau",True,True
chihuahua_8,chihuahua,chihuahua,0.99979657,"chihuahua, Sphynx, miniature_pinscher, beagle, shiba_inu",True,True
Bengal_12,Bengal,Bengal,0.9940018,"Bengal, Egyptian_Mau, Maine_Coon, Abyssinian, english_setter",True,True
boxer_60,boxer,boxer,0.9767039,"boxer, beagle, american_bulldog, staffordshire_bull_terrier, american_pit_bull_terrier",True,True
newfoundland_89,newfoundland,newfoundland,0.7313828,"newfoundland, staffordshire_bull_terrier, german_shorthaired, scottish_terrier, english_cocker_spaniel",True,True
Birman_19,Birman,Birman,0.95532364,"Birman, Siamese, Ragdoll, keeshond, Persian",True,True
staffordshire_bull_terrier_46,staffordshire_bull_terrier,american_pit_bull_terrier,0.5519384,"american_pit_bull_terrier, staffordshire_bull_terrier, miniature_pinscher, german_shorthaired, chihuahua",False,True
Bombay_122,Bombay,Bombay,0.9159629,"Bombay, chihuahua, scottish_terrier, pug, miniature_pinscher",True,True
yorkshire_terrier_13,yorkshire_terrier,yorkshire_terrier,0.99861324,"yorkshire_terrier, havanese, english_cocker_spaniel, scottish_terrier, wheaten_terrier",True,True
basset_hound_187,basset_hound,basset_hound,0.97009426,"basset_hound, beagle, staffordshire_bull_terrier, saint_bernard, american_pit_bull_terrier",True,True
keeshond_178,keeshond,keeshond,0.98536205,"keeshond, leonberger, Persian, yorkshire_terrier, japanese_chin",True,True
yorkshire_terrier_56,yorkshire_terrier,yorkshire_terrier,0.99810934,"yorkshire_terrier, scottish_terrier, havanese, english_cocker_spaniel, wheaten_terrier",True,True
staffordshire_bull_terrier_202,staffordshire_bull_terrier,staffordshire_bull_terrier,0.97169906,"staffordshire_bull_terrier, boxer, american_pit_bull_terrier, basset_hound, miniature_pinscher",True,True
great_pyrenees_61,great_pyrenees,great_pyrenees,0.9768961,"great_pyrenees, samoyed, havanese, english_setter, english_cocker_spaniel",True,True
Maine_Coon_26,Maine_Coon,Maine_Coon,0.920713,"Maine_Coon, Persian, British_Shorthair, Ragdoll, Abyssinian",True,True
chihuahua_30,chihuahua,chihuahua,0.68548346,"chihuahua, miniature_pinscher, shiba_inu, staffordshire_bull_terrier, Abyssinian",True,True
Birman_95,Birman,Birman,0.9616798,"Birman, Ragdoll, Siamese, japanese_chin, Persian",True,True
pomeranian_135,pomeranian,pomeranian,0.9987172,"pomeranian, keeshond, samoyed, Ragdoll, Persian",True,True
keeshond_66,keeshond,keeshond,0.9955646,"keeshond, leonberger, japanese_chin, pomeranian, yorkshire_terrier",True,True
leonberger_72,leonberger,leonberger,0.9889987,"leonberger, great_pyrenees, pug, english_setter, keeshond",True,True
Persian_27,Persian,Persian,0.9539898,"Persian, Maine_Coon, Ragdoll, British_Shorthair, japanese_chin",True,True
keeshond_62,keeshond,keeshond,0.99928695,"keeshond, pomeranian, leonberger, great_pyrenees, samoyed",True,True
keeshond_40,keeshond,keeshond,0.99471927,"keeshond, yorkshire_terrier, leonberger, Persian, havanese",True,True
basset_hound_44,basset_hound,basset_hound,0.9946398,"basset_hound, beagle, saint_bernard, staffordshire_bull_terrier, american_pit_bull_terrier",True,True
British_Shorthair_96,British_Shorthair,British_Shorthair,0.81286055,"British_Shorthair, Russian_Blue, american_bulldog, Sphynx, Persian",True,True
scottish_terrier_141,scottish_terrier,scottish_terrier,0.46998873,"scottish_terrier, havanese, yorkshire_terrier, english_cocker_spaniel, Bombay",True,True
english_cocker_spaniel_146,english_cocker_spaniel,english_cocker_spaniel,0.9701755,"english_cocker_spaniel, english_setter, scottish_terrier, german_shorthaired, newfoundland",True,True
yorkshire_terrier_136,yorkshire_terrier,yorkshire_terrier,0.96518564,"yorkshire_terrier, wheaten_terrier, english_cocker_spaniel, havanese, Persian",True,True
japanese_chin_185,japanese_chin,japanese_chin,0.99943537,"japanese_chin, saint_bernard, havanese, pug, Ragdoll",True,True
leonberger_182,leonberger,leonberger,0.99986565,"leonberger, keeshond, newfoundland, great_pyrenees, saint_bernard",True,True
saint_bernard_73,saint_bernard,saint_bernard,0.98736984,"saint_bernard, american_bulldog, boxer, beagle, japanese_chin",True,True
Siamese_234,Siamese,Siamese,0.98442984,"Siamese, chihuahua, pug, miniature_pinscher, Bombay",True,True
Abyssinian_58,Abyssinian,Abyssinian,0.8592849,"Abyssinian, Bengal, Ragdoll, Maine_Coon, Siamese",True,True
Abyssinian_93,Abyssinian,Abyssinian,0.99795866,"Abyssinian, Bengal, Siamese, shiba_inu, Maine_Coon",True,True
leonberger_5,leonberger,leonberger,0.8129563,"leonberger, english_cocker_spaniel, boxer, basset_hound, staffordshire_bull_terrier",True,True
Egyptian_Mau_163,Egyptian_Mau,Egyptian_Mau,0.9061554,"Egyptian_Mau, Bengal, Sphynx, basset_hound, Russian_Blue",True,True
japanese_chin_112,japanese_chin,japanese_chin,0.9988092,"japanese_chin, saint_bernard, havanese, english_setter, english_cocker_spaniel",True,True
german_shorthaired_24,german_shorthaired,german_shorthaired,0.99317014,"german_shorthaired, staffordshire_bull_terrier, american_pit_bull_terrier, beagle, boxer",True,True
american_pit_bull_terrier_11,american_pit_bull_terrier,basset_hound,0.49506417,"basset_hound, boxer, staffordshire_bull_terrier, american_pit_bull_terrier, beagle",False,True
american_pit_bull_terrier_200,american_pit_bull_terrier,basset_hound,0.40684915,"basset_hound, english_cocker_spaniel, miniature_pinscher, american_pit_bull_terrier, beagle",False,True
saint_bernard_95,saint_bernard,saint_bernard,0.99801576,"saint_bernard, boxer, leonberger, japanese_chin, great_pyrenees",True,True
german_shorthaired_46,german_shorthaired,american_pit_bull_terrier,0.5808976,"american_pit_bull_terrier, staffordshire_bull_terrier, german_shorthaired, basset_hound, american_bulldog",False,True
havanese_122,havanese,havanese,0.9462532,"havanese, wheaten_terrier, english_cocker_spaniel, scottish_terrier, yorkshire_terrier",True,True
basset_hound_122,basset_hound,basset_hound,0.83889645,"basset_hound, beagle, american_pit_bull_terrier, staffordshire_bull_terrier, american_bulldog",True,True
wheaten_terrier_50,wheaten_terrier,wheaten_terrier,0.9990421,"wheaten_terrier, havanese, great_pyrenees, english_setter, scottish_terrier",True,True
Siamese_131,Siamese,Siamese,0.99920964,"Siamese, Birman, pug, Ragdoll, chihuahua",True,True
pug_14,pug,pug,0.9942853,"pug, boxer, american_bulldog, staffordshire_bull_terrier, american_pit_bull_terrier",True,True
Russian_Blue_100,Russian_Blue,Russian_Blue,0.9983302,"Russian_Blue, British_Shorthair, Siamese, Bombay, Sphynx",True,True
Bombay_159,Bombay,Bombay,0.9995067,"Bombay, Russian_Blue, Siamese, British_Shorthair, newfoundland",True,True
basset_hound_186,basset_hound,basset_hound,0.62775326,"basset_hound, beagle, english_cocker_spaniel, american_bulldog, shiba_inu",True,True
Bengal_6,Bengal,Bengal,0.91890043,"Bengal, Egyptian_Mau, Sphynx, miniature_pinscher, Abyssinian",True,True
Sphynx_137,Sphynx,Sphynx,0.99902225,"Sphynx, american_bulldog, chihuahua, miniature_pinscher, Abyssinian",True,True
Bengal_74,Bengal,Bengal,0.92061377,"Bengal, Egyptian_Mau, Abyssinian, Maine_Coon, english_cocker_spaniel",True,True
Birman_33,Birman,Birman,0.99370265,"Birman, Ragdoll, Siamese, japanese_chin, Persian",True,True
Bombay_181,Bombay,Bombay,0.8993386,"Bombay, Russian_Blue, Siamese, Abyssinian, British_Shorthair",True,True
beagle_110,beagle,beagle,0.7115932,"beagle, english_setter, german_shorthaired, basset_hound, english_cocker_spaniel",True,True
havanese_175,havanese,havanese,0.97937703,"havanese, wheaten_terrier, yorkshire_terrier, scottish_terrier, newfoundland",True,True
newfoundland_22,newfoundland,newfoundland,0.91623324,"newfoundland, scottish_terrier, staffordshire_bull_terrier, keeshond, english_cocker_spaniel",True,True
wheaten_terrier_74,wheaten_terrier,wheaten_terrier,0.91364604,"wheaten_terrier, havanese, scottish_terrier, yorkshire_terrier, english_cocker_spaniel",True,True
chihuahua_159,chihuahua,miniature_pinscher,0.89385074,"miniature_pinscher, chihuahua, american_pit_bull_terrier, staffordshire_bull_terrier, beagle",False,True
beagle_154,beagle,beagle,0.8836647,"beagle, american_pit_bull_terrier, staffordshire_bull_terrier, basset_hound, american_bulldog",True,True
leonberger_147,leonberger,leonberger,0.81510127,"leonberger, great_pyrenees, wheaten_terrier, staffordshire_bull_terrier, boxer",True,True
chihuahua_180,chihuahua,chihuahua,0.799226,"chihuahua, yorkshire_terrier, miniature_pinscher, Abyssinian, Siamese",True,True
Birman_138,Birman,Birman,0.9335873,"Birman, Ragdoll, Siamese, japanese_chin, Persian",True,True
newfoundland_94,newfoundland,newfoundland,0.9919865,"newfoundland, english_cocker_spaniel, leonberger, staffordshire_bull_terrier, scottish_terrier",True,True
Abyssinian_197,Abyssinian,Abyssinian,0.9080007,"Abyssinian, Bengal, Russian_Blue, Egyptian_Mau, Maine_Coon",True,True
British_Shorthair_79,British_Shorthair,Persian,0.65771335,"Persian, Maine_Coon, British_Shorthair, Ragdoll, Abyssinian",False,True
newfoundland_120,newfoundland,newfoundland,0.61563504,"newfoundland, leonberger, great_pyrenees, keeshond, english_setter",True,True
Siamese_86,Siamese,Siamese,0.99576616,"Siamese, Birman, Ragdoll, chihuahua, Russian_Blue",True,True
keeshond_179,keeshond,keeshond,0.8580234,"keeshond, Persian, havanese, samoyed, pomeranian",True,True
basset_hound_32,basset_hound,basset_hound,0.6378865,"basset_hound, staffordshire_bull_terrier, american_bulldog, american_pit_bull_terrier, beagle",True,True
basset_hound_89,basset_hound,basset_hound,0.8884176,"basset_hound, beagle, german_shorthaired, english_cocker_spaniel, staffordshire_bull_terrier",True,True
great_pyrenees_50,great_pyrenees,great_pyrenees,0.94365287,"great_pyrenees, leonberger, wheaten_terrier, samoyed, pomeranian",True,True
yorkshire_terrier_191,yorkshire_terrier,yorkshire_terrier,0.9949586,"yorkshire_terrier, havanese, english_cocker_spaniel, wheaten_terrier, japanese_chin",True,True
pug_166,pug,pug,0.9993316,"pug, boxer, chihuahua, american_bulldog, japanese_chin",True,True
wheaten_terrier_178,wheaten_terrier,wheaten_terrier,0.989805,"wheaten_terrier, leonberger, havanese, yorkshire_terrier, Maine_Coon",True,True
pomeranian_127,pomeranian,pomeranian,0.99850035,"pomeranian, chihuahua, miniature_pinscher, Abyssinian, yorkshire_terrier",True,True
samoyed_147,samoyed,great_pyrenees,0.3710842,"great_pyrenees, samoyed, pomeranian, keeshond, leonberger",False,True
yorkshire_terrier_48,yorkshire_terrier,yorkshire_terrier,0.9761782,"yorkshire_terrier, havanese, scottish_terrier, english_cocker_spaniel, wheaten_terrier",True,True
Russian_Blue_198,Russian_Blue,Russian_Blue,0.99603647,"Russian_Blue, Egyptian_Mau, British_Shorthair, Abyssinian, shiba_inu",True,True
newfoundland_111,newfoundland,newfoundland,0.9991491,"newfoundland, leonberger, english_cocker_spaniel, english_setter, german_shorthaired",True,True
Siamese_71,Siamese,Siamese,0.9967776,"Siamese, Birman, Ragdoll, Abyssinian, chihuahua",True,True
chihuahua_20,chihuahua,chihuahua,0.9953975,"chihuahua, miniature_pinscher, Sphynx, shiba_inu, boxer",True,True
havanese_95,havanese,havanese,0.9925607,"havanese, yorkshire_terrier, wheaten_terrier, japanese_chin, english_cocker_spaniel",True,True
Persian_190,Persian,Persian,0.99801576,"Persian, Maine_Coon, British_Shorthair, pomeranian, Ragdoll",True,True
japanese_chin_195,japanese_chin,japanese_chin,0.9989697,"japanese_chin, Ragdoll, saint_bernard, pomeranian, american_bulldog",True,True
miniature_pinscher_26,miniature_pinscher,miniature_pinscher,0.9992193,"miniature_pinscher, staffordshire_bull_terrier, boxer, chihuahua, american_pit_bull_terrier",True,True
chihuahua_12,chihuahua,chihuahua,0.8017853,"chihuahua, shiba_inu, Abyssinian, miniature_pinscher, pomeranian",True,True
english_cocker_spaniel_58,english_cocker_spaniel,english_cocker_spaniel,0.949247,"english_cocker_spaniel, english_setter, basset_hound, havanese, japanese_chin",True,True
Birman_177,Birman,Birman,0.9670884,"Birman, Ragdoll, japanese_chin, Siamese, Persian",True,True
basset_hound_150,basset_hound,basset_hound,0.7131741,"basset_hound, beagle, english_cocker_spaniel, german_shorthaired, boxer",True,True
chihuahua_175,chihuahua,chihuahua,0.52567947,"chihuahua, pomeranian, miniature_pinscher, Abyssinian, american_pit_bull_terrier",True,True
miniature_pinscher_78,miniature_pinscher,miniature_pinscher,0.90755576,"miniature_pinscher, chihuahua, yorkshire_terrier, Bombay, Bengal",True,True
american_bulldog_217,american_bulldog,american_bulldog,0.9698368,"american_bulldog, Sphynx, beagle, american_pit_bull_terrier, english_cocker_spaniel",True,True
Bombay_50,Bombay,Bombay,0.9998229,"Bombay, Siamese, Maine_Coon, Abyssinian, British_Shorthair",True,True
chihuahua_196,chihuahua,yorkshire_terrier,0.34971932,"yorkshire_terrier, pomeranian, japanese_chin, chihuahua, leonberger",False,True
leonberger_59,leonberger,leonberger,0.92153686,"leonberger, boxer, newfoundland, keeshond, german_shorthaired",True,True
german_shorthaired_179,german_shorthaired,german_shorthaired,0.88625234,"german_shorthaired, basset_hound, english_cocker_spaniel, english_setter, american_pit_bull_terrier",True,True
german_shorthaired_199,german_shorthaired,german_shorthaired,0.9999341,"german_shorthaired, basset_hound, beagle, staffordshire_bull_terrier, american_pit_bull_terrier",True,True
german_shorthaired_175,german_shorthaired,german_shorthaired,0.6801162,"german_shorthaired, english_setter, beagle, basset_hound, american_pit_bull_terrier",True,True
Russian_Blue_207,Russian_Blue,Russian_Blue,0.9990221,"Russian_Blue, British_Shorthair, Egyptian_Mau, Siamese, Sphynx",True,True
german_shorthaired_42,german_shorthaired,german_shorthaired,0.99884254,"german_shorthaired, beagle, american_pit_bull_terrier, english_setter, american_bulldog",True,True
samoyed_156,samoyed,samoyed,0.9880994,"samoyed, pomeranian, shiba_inu, Ragdoll, great_pyrenees",True,True
american_bulldog_39,american_bulldog,american_bulldog,0.95362836,"american_bulldog, boxer, american_pit_bull_terrier, staffordshire_bull_terrier, chihuahua",True,True
japanese_chin_174,japanese_chin,japanese_chin,0.9995247,"japanese_chin, havanese, english_setter, english_cocker_spaniel, saint_bernard",True,True
havanese_20,havanese,havanese,0.9931692,"havanese, great_pyrenees, japanese_chin, wheaten_terrier, samoyed",True,True
Egyptian_Mau_168,Egyptian_Mau,Egyptian_Mau,0.9840688,"Egyptian_Mau, Bengal, english_setter, german_shorthaired, Russian_Blue",True,True
german_shorthaired_33,german_shorthaired,german_shorthaired,0.9982703,"german_shorthaired, beagle, staffordshire_bull_terrier, basset_hound, english_cocker_spaniel",True,True
wheaten_terrier_43,wheaten_terrier,wheaten_terrier,0.99815625,"wheaten_terrier, havanese, scottish_terrier, english_cocker_spaniel, great_pyrenees",True,True
Siamese_250,Siamese,Siamese,0.781915,"Siamese, Sphynx, Abyssinian, Ragdoll, chihuahua",True,True
saint_bernard_67,saint_bernard,saint_bernard,0.9666903,"saint_bernard, boxer, basset_hound, beagle, american_pit_bull_terrier",True,True
British_Shorthair_3,British_Shorthair,British_Shorthair,0.9516569,"British_Shorthair, Abyssinian, Russian_Blue, Persian, Bombay",True,True
american_bulldog_212,american_bulldog,american_bulldog,0.98590565,"american_bulldog, american_pit_bull_terrier, chihuahua, english_setter, Sphynx",True,True
shiba_inu_40,shiba_inu,shiba_inu,0.9984224,"shiba_inu, pomeranian, staffordshire_bull_terrier, beagle, samoyed",True,True
pug_79,pug,pug,0.9997489,"pug, american_bulldog, boxer, shiba_inu, chihuahua",True,True
german_shorthaired_76,german_shorthaired,german_shorthaired,0.9998902,"german_shorthaired, beagle, american_pit_bull_terrier, staffordshire_bull_terrier, boxer",True,True
Maine_Coon_143,Maine_Coon,Maine_Coon,0.99872965,"Maine_Coon, Abyssinian, Bengal, Egyptian_Mau, Ragdoll",True,True
boxer_32,boxer,boxer,0.9791116,"boxer, american_bulldog, saint_bernard, staffordshire_bull_terrier, american_pit_bull_terrier",True,True
german_shorthaired_178,german_shorthaired,german_shorthaired,0.62752444,"german_shorthaired, american_pit_bull_terrier, staffordshire_bull_terrier, american_bulldog, english_setter",True,True
great_pyrenees_124,great_pyrenees,great_pyrenees,0.99964106,"great_pyrenees, samoyed, english_setter, leonberger, havanese",True,True
Ragdoll_170,Ragdoll,Birman,0.5875054,"Birman, Persian, Ragdoll, Siamese, British_Shorthair",False,True
pomeranian_133,pomeranian,pomeranian,0.9918955,"pomeranian, keeshond, japanese_chin, samoyed, yorkshire_terrier",True,True
german_shorthaired_177,german_shorthaired,german_shorthaired,0.9987692,"german_shorthaired, newfoundland, english_setter, english_cocker_spaniel, beagle",True,True
american_pit_bull_terrier_152,american_pit_bull_terrier,american_pit_bull_terrier,0.6241189,"american_pit_bull_terrier, miniature_pinscher, staffordshire_bull_terrier, basset_hound, beagle",True,True
miniature_pinscher_68,miniature_pinscher,Bombay,0.44582018,"Bombay, Abyssinian, miniature_pinscher, Siamese, chihuahua",False,True
Ragdoll_26,Ragdoll,Persian,0.9895643,"Persian, Ragdoll, British_Shorthair, Maine_Coon, samoyed",False,True
Persian_192,Persian,Persian,0.99936026,"Persian, British_Shorthair, Maine_Coon, Ragdoll, samoyed",True,True
Persian_144,Persian,Persian,0.4547474,"Persian, Maine_Coon, Ragdoll, samoyed, english_setter",True,True
leonberger_168,leonberger,leonberger,0.9968996,"leonberger, keeshond, newfoundland, boxer, saint_bernard",True,True
Ragdoll_219,Ragdoll,Ragdoll,0.48841405,"Ragdoll, Birman, Siamese, Persian, japanese_chin",True,True
japanese_chin_71,japanese_chin,japanese_chin,0.9987903,"japanese_chin, Persian, american_bulldog, Ragdoll, saint_bernard",True,True
Persian_135,Persian,Persian,0.9999223,"Persian, Maine_Coon, British_Shorthair, keeshond, Ragdoll",True,True
staffordshire_bull_terrier_110,staffordshire_bull_terrier,american_bulldog,0.7161195,"american_bulldog, pug, boxer, staffordshire_bull_terrier, american_pit_bull_terrier",False,True
leonberger_191,leonberger,leonberger,0.9963541,"leonberger, great_pyrenees, saint_bernard, keeshond, pomeranian",True,True
german_shorthaired_144,german_shorthaired,german_shorthaired,0.9543806,"german_shorthaired, american_pit_bull_terrier, staffordshire_bull_terrier, american_bulldog, newfoundland",True,True
Egyptian_Mau_50,Egyptian_Mau,Egyptian_Mau,0.95988613,"Egyptian_Mau, Bengal, Maine_Coon, english_setter, Sphynx",True,True
miniature_pinscher_154,miniature_pinscher,miniature_pinscher,0.99969876,"miniature_pinscher, chihuahua, staffordshire_bull_terrier, american_pit_bull_terrier, beagle",True,True
beagle_46,beagle,beagle,0.53102267,"beagle, basset_hound, american_pit_bull_terrier, english_setter, english_cocker_spaniel",True,True
basset_hound_138,basset_hound,basset_hound,0.66015834,"basset_hound, beagle, english_cocker_spaniel, boxer, miniature_pinscher",True,True
British_Shorthair_2,British_Shorthair,British_Shorthair,0.9986411,"British_Shorthair, Russian_Blue, Persian, Bombay, Egyptian_Mau",True,True
Maine_Coon_96,Maine_Coon,Maine_Coon,0.9899552,"Maine_Coon, Persian, Abyssinian, Ragdoll, Bengal",True,True
newfoundland_182,newfoundland,newfoundland,0.93887514,"newfoundland, english_cocker_spaniel, havanese, japanese_chin, leonberger",True,True
german_shorthaired_161,german_shorthaired,german_shorthaired,0.57067925,"german_shorthaired, staffordshire_bull_terrier, boxer, beagle, american_pit_bull_terrier",True,True
keeshond_3,keeshond,keeshond,0.9999889,"keeshond, pomeranian, leonberger, samoyed, Persian",True,True
keeshond_113,keeshond,keeshond,0.94512117,"keeshond, pug, Persian, japanese_chin, Ragdoll",True,True
Sphynx_55,Sphynx,Sphynx,0.9997805,"Sphynx, Abyssinian, Russian_Blue, chihuahua, Egyptian_Mau",True,True
keeshond_53,keeshond,keeshond,0.99978584,"keeshond, pomeranian, samoyed, shiba_inu, scottish_terrier",True,True
basset_hound_102,basset_hound,basset_hound,0.98563194,"basset_hound, beagle, english_setter, english_cocker_spaniel, american_pit_bull_terrier",True,True
american_pit_bull_terrier_82,american_pit_bull_terrier,american_pit_bull_terrier,0.7270194,"american_pit_bull_terrier, german_shorthaired, staffordshire_bull_terrier, american_bulldog, miniature_pinscher",True,True
Bombay_23,Bombay,Bombay,0.9612544,"Bombay, scottish_terrier, Siamese, Abyssinian, Maine_Coon",True,True
wheaten_terrier_110,wheaten_terrier,havanese,0.7222094,"havanese, wheaten_terrier, scottish_terrier, yorkshire_terrier, great_pyrenees",False,True
chihuahua_64,chihuahua,chihuahua,0.639673,"chihuahua, Sphynx, miniature_pinscher, american_pit_bull_terrier, Abyssinian",True,True
pug_187,pug,pug,0.9983584,"pug, boxer, american_bulldog, chihuahua, staffordshire_bull_terrier",True,True
english_cocker_spaniel_71,english_cocker_spaniel,english_cocker_spaniel,0.9939553,"english_cocker_spaniel, english_setter, havanese, german_shorthaired, newfoundland",True,True
Bombay_139,Bombay,Bombay,0.9291172,"Bombay, Abyssinian, Russian_Blue, Sphynx, Bengal",True,True
wheaten_terrier_39,wheaten_terrier,wheaten_terrier,0.6642025,"wheaten_terrier, havanese, scottish_terrier, yorkshire_terrier, Maine_Coon",True,True
boxer_68,boxer,boxer,0.9842466,"boxer, american_bulldog, pug, staffordshire_bull_terrier, american_pit_bull_terrier",True,True
Siamese_191,Siamese,Siamese,0.9069426,"Siamese, Abyssinian, Bombay, chihuahua, pug",True,True
Birman_154,Birman,Birman,0.6658862,"Birman, Ragdoll, Siamese, Persian, japanese_chin",True,True
pug_46,pug,pug,0.9952532,"pug, boxer, american_bulldog, english_setter, saint_bernard",True,True
havanese_174,havanese,havanese,0.9994935,"havanese, wheaten_terrier, yorkshire_terrier, english_cocker_spaniel, scottish_terrier",True,True
Bengal_161,Bengal,Bengal,0.5016845,"Bengal, Egyptian_Mau, Abyssinian, Russian_Blue, Bombay",True,True
american_pit_bull_terrier_156,american_pit_bull_terrier,american_pit_bull_terrier,0.97000647,"american_pit_bull_terrier, staffordshire_bull_terrier, american_bulldog, german_shorthaired, boxer",True,True
american_pit_bull_terrier_140,american_pit_bull_terrier,american_pit_bull_terrier,0.7853751,"american_pit_bull_terrier, staffordshire_bull_terrier, chihuahua, boxer, miniature_pinscher",True,True
Sphynx_56,Sphynx,Sphynx,0.9981243,"Sphynx, Abyssinian, Egyptian_Mau, Russian_Blue, american_bulldog",True,True
american_bulldog_103,american_bulldog,american_bulldog,0.8743508,"american_bulldog, beagle, japanese_chin, american_pit_bull_terrier, english_setter",True,True
boxer_134,boxer,pug,0.8799989,"pug, boxer, havanese, japanese_chin, american_bulldog",False,True
havanese_30,havanese,havanese,0.9980848,"havanese, wheaten_terrier, yorkshire_terrier, scottish_terrier, great_pyrenees",True,True
saint_bernard_82,saint_bernard,saint_bernard,0.9779087,"saint_bernard, leonberger, english_setter, great_pyrenees, basset_hound",True,True
samoyed_79,samoyed,samoyed,0.9987765,"samoyed, great_pyrenees, Persian, pomeranian, Ragdoll",True,True
yorkshire_terrier_98,yorkshire_terrier,yorkshire_terrier,0.9908049,"yorkshire_terrier, havanese, wheaten_terrier, scottish_terrier, english_cocker_spaniel",True,True
newfoundland_47,newfoundland,newfoundland,0.9995809,"newfoundland, leonberger, english_cocker_spaniel, german_shorthaired, staffordshire_bull_terrier",True,True
miniature_pinscher_177,miniature_pinscher,miniature_pinscher,0.9986743,"miniature_pinscher, chihuahua, yorkshire_terrier, staffordshire_bull_terrier, american_pit_bull_terrier",True,True
saint_bernard_106,saint_bernard,saint_bernard,0.8688854,"saint_bernard, boxer, leonberger, basset_hound, american_pit_bull_terrier",True,True
keeshond_50,keeshond,keeshond,0.36109015,"keeshond, samoyed, pomeranian, great_pyrenees, shiba_inu",True,True
basset_hound_160,basset_hound,basset_hound,0.9999633,"basset_hound, beagle, saint_bernard, english_cocker_spaniel, staffordshire_bull_terrier",True,True
Siamese_40,Siamese,Siamese,0.9922065,"Siamese, Birman, Ragdoll, Sphynx, pug",True,True
leonberger_42,leonberger,leonberger,0.9657686,"leonberger, boxer, keeshond, wheaten_terrier, pug",True,True
saint_bernard_118,saint_bernard,saint_bernard,0.9986835,"saint_bernard, japanese_chin, boxer, leonberger, american_bulldog",True,True
keeshond_63,keeshond,keeshond,0.9837689,"keeshond, Persian, japanese_chin, pomeranian, yorkshire_terrier",True,True
havanese_153,havanese,havanese,0.984395,"havanese, yorkshire_terrier, scottish_terrier, english_cocker_spaniel, japanese_chin",True,True
Maine_Coon_108,Maine_Coon,Maine_Coon,0.8203669,"Maine_Coon, Bengal, Egyptian_Mau, Abyssinian, Persian",True,True
Egyptian_Mau_102,Egyptian_Mau,Egyptian_Mau,0.9936435,"Egyptian_Mau, Bengal, Russian_Blue, Maine_Coon, Sphynx",True,True
miniature_pinscher_148,miniature_pinscher,american_pit_bull_terrier,0.6931364,"american_pit_bull_terrier, miniature_pinscher, staffordshire_bull_terrier, chihuahua, beagle",False,True
yorkshire_terrier_166,yorkshire_terrier,yorkshire_terrier,0.9933109,"yorkshire_terrier, havanese, scottish_terrier, japanese_chin, chihuahua",True,True
american_bulldog_42,american_bulldog,american_bulldog,0.7514161,"american_bulldog, english_setter, japanese_chin, saint_bernard, american_pit_bull_terrier",True,True
Abyssinian_19,Abyssinian,Abyssinian,0.9980261,"Abyssinian, Russian_Blue, Siamese, Sphynx, shiba_inu",True,True
wheaten_terrier_126,wheaten_terrier,english_setter,0.2742074,"english_setter, wheaten_terrier, german_shorthaired, english_cocker_spaniel, leonberger",False,True
newfoundland_62,newfoundland,scottish_terrier,0.42139587,"scottish_terrier, staffordshire_bull_terrier, newfoundland, keeshond, Russian_Blue",False,True
pomeranian_123,pomeranian,pomeranian,0.999491,"pomeranian, samoyed, Ragdoll, keeshond, Persian",True,True
wheaten_terrier_121,wheaten_terrier,havanese,0.9243296,"havanese, wheaten_terrier, yorkshire_terrier, scottish_terrier, english_cocker_spaniel",False,True
boxer_25,boxer,boxer,0.92602444,"boxer, american_bulldog, staffordshire_bull_terrier, american_pit_bull_terrier, pug",True,True
newfoundland_137,newfoundland,newfoundland,0.9919823,"newfoundland, Bombay, german_shorthaired, leonberger, english_cocker_spaniel",True,True
staffordshire_bull_terrier_115,staffordshire_bull_terrier,staffordshire_bull_terrier,0.965674,"staffordshire_bull_terrier, american_pit_bull_terrier, german_shorthaired, american_bulldog, boxer",True,True
Bombay_82,Bombay,Bombay,0.9956487,"Bombay, staffordshire_bull_terrier, scottish_terrier, yorkshire_terrier, chihuahua",True,True
pomeranian_81,pomeranian,pomeranian,0.9990018,"pomeranian, samoyed, Ragdoll, Persian, shiba_inu",True,True
samoyed_107,samoyed,samoyed,0.9899991,"samoyed, great_pyrenees, Ragdoll, shiba_inu, pomeranian",True,True
Russian_Blue_216,Russian_Blue,Bengal,0.32945883,"Bengal, Egyptian_Mau, Abyssinian, Russian_Blue, Maine_Coon",False,True
Bengal_133,Bengal,Bengal,0.9545454,"Bengal, Maine_Coon, Egyptian_Mau, Abyssinian, yorkshire_terrier",True,True
Bombay_112,Bombay,Bombay,0.99960405,"Bombay, Siamese, Abyssinian, scottish_terrier, chihuahua",True,True
wheaten_terrier_32,wheaten_terrier,yorkshire_terrier,0.7739152,"yorkshire_terrier, english_cocker_spaniel, wheaten_terrier, Bengal, miniature_pinscher",False,True
pug_201,pug,pug,0.9639293,"pug, boxer, american_pit_bull_terrier, american_bulldog, english_setter",True,True
havanese_194,havanese,havanese,0.998044,"havanese, yorkshire_terrier, japanese_chin, english_cocker_spaniel, english_setter",True,True
British_Shorthair_271,British_Shorthair,British_Shorthair,0.9999262,"British_Shorthair, Russian_Blue, Persian, Bombay, Egyptian_Mau",True,True
great_pyrenees_33,great_pyrenees,great_pyrenees,0.5793725,"great_pyrenees, samoyed, shiba_inu, wheaten_terrier, keeshond",True,True
Egyptian_Mau_93,Egyptian_Mau,Egyptian_Mau,0.98741525,"Egyptian_Mau, Bengal, Abyssinian, chihuahua, Russian_Blue",True,True
basset_hound_98,basset_hound,basset_hound,0.9931619,"basset_hound, beagle, german_shorthaired, american_pit_bull_terrier, staffordshire_bull_terrier",True,True
basset_hound_172,basset_hound,basset_hound,0.976109,"basset_hound, beagle, german_shorthaired, english_cocker_spaniel, miniature_pinscher",True,True
Siamese_206,Siamese,Ragdoll,0.50731903,"Ragdoll, Birman, Siamese, japanese_chin, shiba_inu",False,True
chihuahua_139,chihuahua,chihuahua,0.99693465,"chihuahua, american_pit_bull_terrier, miniature_pinscher, pug, Sphynx",True,True
chihuahua_191,chihuahua,chihuahua,0.9379334,"chihuahua, miniature_pinscher, boxer, american_pit_bull_terrier, staffordshire_bull_terrier",True,True
Ragdoll_228,Ragdoll,Birman,0.95577,"Birman, Ragdoll, Siamese, Persian, japanese_chin",False,True
Egyptian_Mau_31,Egyptian_Mau,Egyptian_Mau,0.96867466,"Egyptian_Mau, Bengal, english_setter, german_shorthaired, Maine_Coon",True,True
basset_hound_128,basset_hound,basset_hound,0.9992207,"basset_hound, beagle, english_cocker_spaniel, american_pit_bull_terrier, staffordshire_bull_terrier",True,True
Bengal_104,Bengal,Bengal,0.9901181,"Bengal, Egyptian_Mau, Abyssinian, Maine_Coon, boxer",True,True
scottish_terrier_59,scottish_terrier,scottish_terrier,0.95675766,"scottish_terrier, Bombay, yorkshire_terrier, Russian_Blue, Siamese",True,True
wheaten_terrier_165,wheaten_terrier,wheaten_terrier,0.9546913,"wheaten_terrier, havanese, scottish_terrier, great_pyrenees, yorkshire_terrier",True,True
havanese_160,havanese,havanese,0.98859286,"havanese, yorkshire_terrier, wheaten_terrier, english_cocker_spaniel, japanese_chin",True,True
scottish_terrier_22,scottish_terrier,scottish_terrier,0.9997547,"scottish_terrier, yorkshire_terrier, newfoundland, english_cocker_spaniel, havanese",True,True
Ragdoll_182,Ragdoll,Ragdoll,0.8820481,"Ragdoll, Maine_Coon, Persian, Abyssinian, samoyed",True,True
pomeranian_94,pomeranian,pomeranian,0.9872685,"pomeranian, samoyed, keeshond, Ragdoll, Persian",True,True
Birman_176,Birman,Birman,0.5475966,"Birman, Ragdoll, Siamese, japanese_chin, Sphynx",True,True
Maine_Coon_210,Maine_Coon,Maine_Coon,0.99884355,"Maine_Coon, Persian, Ragdoll, Abyssinian, Bengal",True,True
shiba_inu_166,shiba_inu,shiba_inu,0.9172826,"shiba_inu, chihuahua, staffordshire_bull_terrier, beagle, american_pit_bull_terrier",True,True
Ragdoll_97,Ragdoll,Ragdoll,0.98579216,"Ragdoll, Maine_Coon, Birman, japanese_chin, Persian",True,True
boxer_124,boxer,boxer,0.6880841,"boxer, basset_hound, leonberger, saint_bernard, beagle",True,True
British_Shorthair_68,British_Shorthair,Abyssinian,0.47658634,"Abyssinian, British_Shorthair, Russian_Blue, beagle, american_bulldog",False,True
Ragdoll_128,Ragdoll,Ragdoll,0.9978582,"Ragdoll, Birman, Maine_Coon, Persian, samoyed",True,True
miniature_pinscher_66,miniature_pinscher,miniature_pinscher,0.9997056,"miniature_pinscher, chihuahua, staffordshire_bull_terrier, american_pit_bull_terrier, Abyssinian",True,True
Bengal_176,Bengal,Abyssinian,0.39607415,"Abyssinian, Russian_Blue, Egyptian_Mau, Maine_Coon, Bengal",False,True
miniature_pinscher_97,miniature_pinscher,miniature_pinscher,0.99251187,"miniature_pinscher, staffordshire_bull_terrier, american_pit_bull_terrier, chihuahua, boxer",True,True
Bombay_141,Bombay,Bombay,0.9964104,"Bombay, Siamese, British_Shorthair, Maine_Coon, newfoundland",True,True
Siamese_94,Siamese,Siamese,0.99709,"Siamese, Birman, shiba_inu, pug, Ragdoll",True,True
British_Shorthair_58,British_Shorthair,British_Shorthair,0.99599683,"British_Shorthair, Russian_Blue, Bombay, Persian, Egyptian_Mau",True,True
keeshond_136,keeshond,keeshond,0.9856771,"keeshond, Birman, japanese_chin, Persian, leonberger",True,True
Persian_89,Persian,Persian,0.95892787,"Persian, japanese_chin, samoyed, pomeranian, British_Shorthair",True,True
Birman_128,Birman,Birman,0.8736065,"Birman, Siamese, Ragdoll, keeshond, japanese_chin",True,True
scottish_terrier_39,scottish_terrier,scottish_terrier,0.9738201,"scottish_terrier, wheaten_terrier, havanese, samoyed, yorkshire_terrier",True,True
newfoundland_26,newfoundland,Bombay,0.22110222,"Bombay, staffordshire_bull_terrier, newfoundland, american_pit_bull_terrier, german_shorthaired",False,True
wheaten_terrier_4,wheaten_terrier,wheaten_terrier,0.9310267,"wheaten_terrier, havanese, english_cocker_spaniel, leonberger, scottish_terrier",True,True
miniature_pinscher_9,miniature_pinscher,chihuahua,0.93891245,"chihuahua, miniature_pinscher, Sphynx, Abyssinian, beagle",False,True
havanese_70,havanese,havanese,0.98350346,"havanese, yorkshire_terrier, japanese_chin, english_cocker_spaniel, scottish_terrier",True,True
great_pyrenees_130,great_pyrenees,great_pyrenees,0.9980288,"great_pyrenees, samoyed, english_setter, leonberger, american_bulldog",True,True
japanese_chin_41,japanese_chin,japanese_chin,0.9978212,"japanese_chin, saint_bernard, english_setter, havanese, Ragdoll",True,True
english_setter_124,english_setter,english_setter,0.9980926,"english_setter, english_cocker_spaniel, great_pyrenees, leonberger, wheaten_terrier",True,True
staffordshire_bull_terrier_12,staffordshire_bull_terrier,beagle,0.98248166,"beagle, american_bulldog, basset_hound, american_pit_bull_terrier, staffordshire_bull_terrier",False,True
British_Shorthair_207,British_Shorthair,British_Shorthair,0.98729813,"British_Shorthair, Russian_Blue, Egyptian_Mau, Persian, Bombay",True,True
Russian_Blue_34,Russian_Blue,Russian_Blue,0.99756,"Russian_Blue, British_Shorthair, Egyptian_Mau, staffordshire_bull_terrier, Siamese",True,True
Egyptian_Mau_8,Egyptian_Mau,Egyptian_Mau,0.9989071,"Egyptian_Mau, Bengal, Maine_Coon, Russian_Blue, British_Shorthair",True,True
american_bulldog_111,american_bulldog,american_bulldog,0.8871128,"american_bulldog, american_pit_bull_terrier, staffordshire_bull_terrier, boxer, saint_bernard",True,True
Egyptian_Mau_215,Egyptian_Mau,Egyptian_Mau,0.60366213,"Egyptian_Mau, Bengal, Abyssinian, Russian_Blue, Maine_Coon",True,True
Persian_141,Persian,Persian,0.99889034,"Persian, British_Shorthair, Maine_Coon, yorkshire_terrier, havanese",True,True
havanese_129,havanese,havanese,0.85756147,"havanese, yorkshire_terrier, scottish_terrier, wheaten_terrier, newfoundland",True,True
english_setter_170,english_setter,english_setter,0.86375153,"english_setter, english_cocker_spaniel, german_shorthaired, havanese, wheaten_terrier",True,True
miniature_pinscher_39,miniature_pinscher,boxer,0.52311164,"boxer, miniature_pinscher, basset_hound, american_pit_bull_terrier, german_shorthaired",False,True
yorkshire_terrier_109,yorkshire_terrier,yorkshire_terrier,0.9998349,"yorkshire_terrier, havanese, scottish_terrier, chihuahua, japanese_chin",True,True
american_bulldog_181,american_bulldog,american_bulldog,0.973578,"american_bulldog, saint_bernard, american_pit_bull_terrier, boxer, english_setter",True,True
miniature_pinscher_8,miniature_pinscher,miniature_pinscher,0.8639211,"miniature_pinscher, american_pit_bull_terrier, chihuahua, german_shorthaired, beagle",True,True
german_shorthaired_151,german_shorthaired,german_shorthaired,0.99269545,"german_shorthaired, american_pit_bull_terrier, staffordshire_bull_terrier, boxer, basset_hound",True,True
american_pit_bull_terrier_30,american_pit_bull_terrier,staffordshire_bull_terrier,0.56538546,"staffordshire_bull_terrier, american_pit_bull_terrier, boxer, american_bulldog, miniature_pinscher",False,True
Abyssinian_31,Abyssinian,Abyssinian,0.94940305,"Abyssinian, Bengal, Russian_Blue, Siamese, British_Shorthair",True,True
english_cocker_spaniel_55,english_cocker_spaniel,english_cocker_spaniel,0.9510133,"english_cocker_spaniel, english_setter, basset_hound, newfoundland, german_shorthaired",True,True
saint_bernard_133,saint_bernard,saint_bernard,0.9995945,"saint_bernard, boxer, leonberger, basset_hound, staffordshire_bull_terrier",True,True
Maine_Coon_47,Maine_Coon,japanese_chin,0.27149582,"japanese_chin, Ragdoll, havanese, Maine_Coon, yorkshire_terrier",False,True
staffordshire_bull_terrier_154,staffordshire_bull_terrier,staffordshire_bull_terrier,0.8484678,"staffordshire_bull_terrier, american_pit_bull_terrier, boxer, american_bulldog, german_shorthaired",True,True
japanese_chin_61,japanese_chin,japanese_chin,0.7732115,"japanese_chin, saint_bernard, beagle, english_cocker_spaniel, basset_hound",True,True
samoyed_1,samoyed,samoyed,0.97984934,"samoyed, great_pyrenees, pomeranian, keeshond, shiba_inu",True,True
Sphynx_174,Sphynx,Sphynx,0.9967127,"Sphynx, miniature_pinscher, Siamese, chihuahua, Abyssinian",True,True
pug_116,pug,pug,0.9999894,"pug, boxer, american_bulldog, leonberger, Siamese",True,True
leonberger_32,leonberger,leonberger,0.99922323,"leonberger, keeshond, newfoundland, great_pyrenees, saint_bernard",True,True
Abyssinian_142,Abyssinian,Abyssinian,0.9732924,"Abyssinian, Egyptian_Mau, german_shorthaired, Bengal, Russian_Blue",True,True
american_pit_bull_terrier_74,american_pit_bull_terrier,american_pit_bull_terrier,0.70617175,"american_pit_bull_terrier, staffordshire_bull_terrier, miniature_pinscher, chihuahua, Sphynx",True,True
Bombay_1,Bombay,Bombay,0.98867935,"Bombay, British_Shorthair, scottish_terrier, Russian_Blue, newfoundland",True,True
beagle_73,beagle,beagle,0.9988431,"beagle, basset_hound, staffordshire_bull_terrier, american_pit_bull_terrier, chihuahua",True,True
pomeranian_157,pomeranian,pomeranian,0.9850522,"pomeranian, chihuahua, Abyssinian, shiba_inu, Ragdoll",True,True
Bombay_20,Bombay,Bombay,0.99539596,"Bombay, Siamese, newfoundland, Russian_Blue, scottish_terrier",True,True
Egyptian_Mau_148,Egyptian_Mau,Sphynx,0.34466586,"Sphynx, Bengal, Egyptian_Mau, Maine_Coon, Ragdoll",False,True
beagle_76,beagle,beagle,0.9949163,"beagle, chihuahua, english_setter, american_bulldog, english_cocker_spaniel",True,True
miniature_pinscher_85,miniature_pinscher,american_pit_bull_terrier,0.6265147,"american_pit_bull_terrier, staffordshire_bull_terrier, miniature_pinscher, boxer, american_bulldog",False,True
British_Shorthair_178,British_Shorthair,British_Shorthair,0.7776386,"British_Shorthair, Persian, Maine_Coon, Ragdoll, Abyssinian",True,True
Maine_Coon_184,Maine_Coon,Maine_Coon,0.9992605,"Maine_Coon, Abyssinian, Persian, Ragdoll, Bengal",True,True
japanese_chin_156,japanese_chin,japanese_chin,0.9877346,"japanese_chin, havanese, saint_bernard, english_setter, Persian",True,True
english_cocker_spaniel_32,english_cocker_spaniel,english_cocker_spaniel,0.99901104,"english_cocker_spaniel, english_setter, basset_hound, great_pyrenees, yorkshire_terrier",True,True
scottish_terrier_140,scottish_terrier,scottish_terrier,0.99341595,"scottish_terrier, Bombay, miniature_pinscher, Russian_Blue, yorkshire_terrier",True,True
scottish_terrier_192,scottish_terrier,scottish_terrier,0.9615321,"scottish_terrier, yorkshire_terrier, havanese, wheaten_terrier, Bombay",True,True
Bombay_220,Bombay,Bombay,0.8734062,"Bombay, staffordshire_bull_terrier, miniature_pinscher, Abyssinian, Siamese",True,True
Bengal_106,Bengal,Bengal,0.9960776,"Bengal, Egyptian_Mau, Abyssinian, Maine_Coon, boxer",True,True
newfoundland_61,newfoundland,newfoundland,0.9997818,"newfoundland, english_cocker_spaniel, scottish_terrier, leonberger, german_shorthaired",True,True
newfoundland_64,newfoundland,newfoundland,0.99313945,"newfoundland, staffordshire_bull_terrier, scottish_terrier, english_cocker_spaniel, german_shorthaired",True,True
Bombay_80,Bombay,Bombay,0.99923015,"Bombay, Russian_Blue, Abyssinian, Siamese, British_Shorthair",True,True
newfoundland_114,newfoundland,newfoundland,0.8744424,"newfoundland, english_cocker_spaniel, havanese, scottish_terrier, yorkshire_terrier",True,True
British_Shorthair_98,British_Shorthair,British_Shorthair,0.99163634,"British_Shorthair, Russian_Blue, Abyssinian, shiba_inu, Bombay",True,True
english_cocker_spaniel_44,english_cocker_spaniel,english_cocker_spaniel,0.81026506,"english_cocker_spaniel, english_setter, great_pyrenees, havanese, japanese_chin",True,True
wheaten_terrier_156,wheaten_terrier,wheaten_terrier,0.9971111,"wheaten_terrier, english_cocker_spaniel, english_setter, great_pyrenees, leonberger",True,True
Maine_Coon_42,Maine_Coon,Maine_Coon,0.98487526,"Maine_Coon, Persian, wheaten_terrier, pomeranian, Ragdoll",True,True
Russian_Blue_151,Russian_Blue,Russian_Blue,0.88210374,"Russian_Blue, Egyptian_Mau, Sphynx, British_Shorthair, Abyssinian",True,True
beagle_162,beagle,beagle,0.8704577,"beagle, basset_hound, staffordshire_bull_terrier, american_pit_bull_terrier, german_shorthaired",True,True
japanese_chin_142,japanese_chin,japanese_chin,0.98890823,"japanese_chin, havanese, Persian, saint_bernard, Ragdoll",True,True
yorkshire_terrier_182,yorkshire_terrier,yorkshire_terrier,0.9999294,"yorkshire_terrier, havanese, wheaten_terrier, english_cocker_spaniel, scottish_terrier",True,True
havanese_2,havanese,havanese,0.5060278,"havanese, yorkshire_terrier, wheaten_terrier, scottish_terrier, Maine_Coon",True,True
Bengal_76,Bengal,Bengal,0.9825264,"Bengal, Abyssinian, Egyptian_Mau, Maine_Coon, shiba_inu",True,True
scottish_terrier_111,scottish_terrier,Bombay,0.92973775,"Bombay, staffordshire_bull_terrier, newfoundland, chihuahua, scottish_terrier",False,True
english_cocker_spaniel_196,english_cocker_spaniel,english_cocker_spaniel,0.98538554,"english_cocker_spaniel, newfoundland, basset_hound, leonberger, english_setter",True,True
american_bulldog_3,american_bulldog,chihuahua,0.54628235,"chihuahua, staffordshire_bull_terrier, american_bulldog, american_pit_bull_terrier, shiba_inu",False,True
newfoundland_117,newfoundland,newfoundland,0.77730715,"newfoundland, english_cocker_spaniel, scottish_terrier, havanese, japanese_chin",True,True
pug_39,pug,pug,0.9750803,"pug, american_bulldog, boxer, staffordshire_bull_terrier, american_pit_bull_terrier",True,True
great_pyrenees_174,great_pyrenees,great_pyrenees,0.9884177,"great_pyrenees, samoyed, havanese, english_setter, leonberger",True,True
chihuahua_117,chihuahua,chihuahua,0.9791982,"chihuahua, miniature_pinscher, Sphynx, Abyssinian, american_pit_bull_terrier",True,True
Abyssinian_101,Abyssinian,Bengal,0.99709666,"Bengal, Abyssinian, Egyptian_Mau, Maine_Coon, Sphynx",False,True
Siamese_41,Siamese,Siamese,0.96847576,"Siamese, Birman, Ragdoll, shiba_inu, pug",True,True
Abyssinian_225,Abyssinian,Abyssinian,0.99797934,"Abyssinian, Bengal, chihuahua, Siamese, Maine_Coon",True,True
Maine_Coon_187,Maine_Coon,Maine_Coon,0.962972,"Maine_Coon, Persian, Ragdoll, Abyssinian, British_Shorthair",True,True
beagle_131,beagle,beagle,0.5291286,"beagle, saint_bernard, basset_hound, american_pit_bull_terrier, staffordshire_bull_terrier",True,True
japanese_chin_193,japanese_chin,havanese,0.18110242,"havanese, pomeranian, japanese_chin, Maine_Coon, yorkshire_terrier",False,True
english_cocker_spaniel_120,english_cocker_spaniel,english_cocker_spaniel,0.98140585,"english_cocker_spaniel, english_setter, basset_hound, beagle, german_shorthaired",True,True
staffordshire_bull_terrier_85,staffordshire_bull_terrier,boxer,0.5968062,"boxer, staffordshire_bull_terrier, american_pit_bull_terrier, american_bulldog, pug",False,True
newfoundland_53,newfoundland,newfoundland,0.99813914,"newfoundland, leonberger, english_cocker_spaniel, german_shorthaired, staffordshire_bull_terrier",True,True
Bengal_166,Bengal,Egyptian_Mau,0.6376141,"Egyptian_Mau, Russian_Blue, Bengal, British_Shorthair, Abyssinian",False,True
Maine_Coon_253,Maine_Coon,Maine_Coon,0.83709997,"Maine_Coon, Bengal, Abyssinian, Egyptian_Mau, Persian",True,True
miniature_pinscher_158,miniature_pinscher,miniature_pinscher,0.9981377,"miniature_pinscher, chihuahua, staffordshire_bull_terrier, american_pit_bull_terrier, Bombay",True,True
saint_bernard_94,saint_bernard,saint_bernard,0.99684936,"saint_bernard, boxer, basset_hound, leonberger, japanese_chin",True,True
boxer_43,boxer,boxer,0.98092115,"boxer, leonberger, saint_bernard, american_bulldog, staffordshire_bull_terrier",True,True
american_bulldog_220,american_bulldog,american_bulldog,0.9729118,"american_bulldog, Sphynx, american_pit_bull_terrier, english_setter, english_cocker_spaniel",True,True
saint_bernard_139,saint_bernard,saint_bernard,0.3711643,"saint_bernard, japanese_chin, american_bulldog, english_setter, english_cocker_spaniel",True,True
Russian_Blue_166,Russian_Blue,Russian_Blue,0.6774598,"Russian_Blue, Bombay, British_Shorthair, Siamese, Abyssinian",True,True
pug_71,pug,pug,0.9999256,"pug, american_bulldog, boxer, chihuahua, Siamese",True,True
keeshond_19,keeshond,keeshond,0.9223728,"keeshond, samoyed, Persian, japanese_chin, great_pyrenees",True,True
miniature_pinscher_2,miniature_pinscher,miniature_pinscher,0.9923339,"miniature_pinscher, staffordshire_bull_terrier, chihuahua, boxer, Bombay",True,True
Persian_74,Persian,Persian,0.99941933,"Persian, yorkshire_terrier, Maine_Coon, pomeranian, British_Shorthair",True,True
great_pyrenees_146,great_pyrenees,great_pyrenees,0.95283824,"great_pyrenees, english_setter, samoyed, american_pit_bull_terrier, american_bulldog",True,True
american_bulldog_109,american_bulldog,great_pyrenees,0.28184715,"great_pyrenees, american_bulldog, shiba_inu, staffordshire_bull_terrier, american_pit_bull_terrier",False,True
chihuahua_109,chihuahua,miniature_pinscher,0.54400736,"miniature_pinscher, chihuahua, american_pit_bull_terrier, Sphynx, Abyssinian",False,True
Bombay_107,Bombay,Bombay,0.99902916,"Bombay, British_Shorthair, Siamese, Russian_Blue, newfoundland",True,True
Maine_Coon_84,Maine_Coon,Maine_Coon,0.67866415,"Maine_Coon, yorkshire_terrier, Persian, Bengal, wheaten_terrier",True,True
pug_76,pug,pug,0.693819,"pug, chihuahua, boxer, leonberger, american_pit_bull_terrier",True,True
pomeranian_113,pomeranian,pomeranian,0.99934834,"pomeranian, samoyed, keeshond, shiba_inu, chihuahua",True,True
Persian_175,Persian,Persian,0.9248529,"Persian, Maine_Coon, yorkshire_terrier, Ragdoll, pomeranian",True,True
Siamese_200,Siamese,Siamese,0.98976886,"Siamese, Ragdoll, chihuahua, Birman, shiba_inu",True,True
chihuahua_5,chihuahua,chihuahua,0.9318736,"chihuahua, miniature_pinscher, staffordshire_bull_terrier, beagle, Siamese",True,True
american_bulldog_112,american_bulldog,american_bulldog,0.75707275,"american_bulldog, american_pit_bull_terrier, pug, boxer, staffordshire_bull_terrier",True,True
american_bulldog_59,american_bulldog,american_bulldog,0.98450917,"american_bulldog, boxer, pug, american_pit_bull_terrier, staffordshire_bull_terrier",True,True
pug_70,pug,american_bulldog,0.38730422,"american_bulldog, pug, staffordshire_bull_terrier, american_pit_bull_terrier, boxer",False,True
leonberger_109,leonberger,leonberger,0.9672573,"leonberger, great_pyrenees, newfoundland, english_setter, basset_hound",True,True
shiba_inu_168,shiba_inu,shiba_inu,0.9956868,"shiba_inu, chihuahua, samoyed, scottish_terrier, staffordshire_bull_terrier",True,True
Egyptian_Mau_110,Egyptian_Mau,Egyptian_Mau,0.9934563,"Egyptian_Mau, Bengal, english_setter, Russian_Blue, Maine_Coon",True,True
keeshond_166,keeshond,Bombay,0.45981267,"Bombay, chihuahua, staffordshire_bull_terrier, boxer, scottish_terrier",False,False
Birman_184,Birman,Birman,0.5751515,"Birman, Ragdoll, Siamese, keeshond, scottish_terrier",True,True
miniature_pinscher_114,miniature_pinscher,miniature_pinscher,0.9821186,"miniature_pinscher, american_pit_bull_terrier, staffordshire_bull_terrier, chihuahua, beagle",True,True
english_setter_153,english_setter,english_setter,0.999595,"english_setter, english_cocker_spaniel, great_pyrenees, leonberger, japanese_chin",True,True
havanese_169,havanese,havanese,0.97508234,"havanese, newfoundland, scottish_terrier, yorkshire_terrier, english_cocker_spaniel",True,True
Maine_Coon_43,Maine_Coon,Maine_Coon,0.9997955,"Maine_Coon, Bengal, Egyptian_Mau, Abyssinian, Ragdoll",True,True
havanese_12,havanese,havanese,0.99764556,"havanese, yorkshire_terrier, english_cocker_spaniel, japanese_chin, wheaten_terrier",True,True
miniature_pinscher_87,miniature_pinscher,miniature_pinscher,0.9233571,"miniature_pinscher, Sphynx, chihuahua, american_pit_bull_terrier, staffordshire_bull_terrier",True,True
miniature_pinscher_197,miniature_pinscher,miniature_pinscher,0.9731268,"miniature_pinscher, american_pit_bull_terrier, staffordshire_bull_terrier, chihuahua, beagle",True,True
american_pit_bull_terrier_86,american_pit_bull_terrier,american_pit_bull_terrier,0.9734003,"american_pit_bull_terrier, staffordshire_bull_terrier, american_bulldog, german_shorthaired, miniature_pinscher",True,True
Sphynx_239,Sphynx,Sphynx,0.99975854,"Sphynx, chihuahua, Abyssinian, miniature_pinscher, Siamese",True,True
Egyptian_Mau_109,Egyptian_Mau,Egyptian_Mau,0.8672528,"Egyptian_Mau, Bengal, Sphynx, Abyssinian, Russian_Blue",True,True
english_cocker_spaniel_45,english_cocker_spaniel,english_cocker_spaniel,0.9495832,"english_cocker_spaniel, english_setter, wheaten_terrier, havanese, great_pyrenees",True,True
boxer_167,boxer,boxer,0.9987735,"boxer, american_bulldog, staffordshire_bull_terrier, pug, beagle",True,True
japanese_chin_198,japanese_chin,japanese_chin,0.9880223,"japanese_chin, pomeranian, saint_bernard, havanese, Persian",True,True
pomeranian_68,pomeranian,pomeranian,0.99780947,"pomeranian, Persian, samoyed, Ragdoll, keeshond",True,True
saint_bernard_195,saint_bernard,saint_bernard,0.80681384,"saint_bernard, english_setter, english_cocker_spaniel, japanese_chin, great_pyrenees",True,True
english_setter_147,english_setter,english_setter,0.98860383,"english_setter, english_cocker_spaniel, beagle, german_shorthaired, american_bulldog",True,True
basset_hound_188,basset_hound,basset_hound,0.9998946,"basset_hound, beagle, english_cocker_spaniel, staffordshire_bull_terrier, american_pit_bull_terrier",True,True
havanese_6,havanese,havanese,0.9927193,"havanese, wheaten_terrier, yorkshire_terrier, Persian, scottish_terrier",True,True
pug_155,pug,pug,0.99979764,"pug, boxer, american_bulldog, american_pit_bull_terrier, chihuahua",True,True
english_cocker_spaniel_91,english_cocker_spaniel,english_cocker_spaniel,0.9965359,"english_cocker_spaniel, yorkshire_terrier, wheaten_terrier, english_setter, basset_hound",True,True
chihuahua_23,chihuahua,miniature_pinscher,0.8484848,"miniature_pinscher, chihuahua, shiba_inu, boxer, Abyssinian",False,True
english_setter_179,english_setter,english_setter,0.5690205,"english_setter, beagle, japanese_chin, great_pyrenees, english_cocker_spaniel",True,True
chihuahua_160,chihuahua,chihuahua,0.94957185,"chihuahua, miniature_pinscher, Sphynx, american_pit_bull_terrier, staffordshire_bull_terrier",True,True
Ragdoll_257,Ragdoll,Ragdoll,0.9701151,"Ragdoll, Persian, samoyed, Birman, pomeranian",True,True
British_Shorthair_10,British_Shorthair,British_Shorthair,0.9992842,"British_Shorthair, Russian_Blue, Persian, Bombay, Egyptian_Mau",True,True
japanese_chin_43,japanese_chin,japanese_chin,0.9358035,"japanese_chin, havanese, saint_bernard, english_cocker_spaniel, staffordshire_bull_terrier",True,True
Ragdoll_139,Ragdoll,Ragdoll,0.7516675,"Ragdoll, Birman, Siamese, japanese_chin, Maine_Coon",True,True
chihuahua_92,chihuahua,chihuahua,0.96825904,"chihuahua, miniature_pinscher, pomeranian, Abyssinian, staffordshire_bull_terrier",True,True
keeshond_124,keeshond,keeshond,0.99936646,"keeshond, pomeranian, Persian, samoyed, scottish_terrier",True,True
miniature_pinscher_105,miniature_pinscher,miniature_pinscher,0.9982309,"miniature_pinscher, american_pit_bull_terrier, Sphynx, staffordshire_bull_terrier, chihuahua",True,True
american_pit_bull_terrier_162,american_pit_bull_terrier,american_pit_bull_terrier,0.9833213,"american_pit_bull_terrier, chihuahua, staffordshire_bull_terrier, american_bulldog, miniature_pinscher",True,True
pug_108,pug,pug,0.9872591,"pug, american_bulldog, boxer, american_pit_bull_terrier, japanese_chin",True,True
american_pit_bull_terrier_15,american_pit_bull_terrier,staffordshire_bull_terrier,0.87147933,"staffordshire_bull_terrier, american_pit_bull_terrier, american_bulldog, boxer, german_shorthaired",False,True
english_cocker_spaniel_60,english_cocker_spaniel,english_cocker_spaniel,0.6416378,"english_cocker_spaniel, Bengal, yorkshire_terrier, wheaten_terrier, english_setter",True,True
staffordshire_bull_terrier_15,staffordshire_bull_terrier,staffordshire_bull_terrier,0.9551641,"staffordshire_bull_terrier, american_pit_bull_terrier, american_bulldog, newfoundland, pug",True,True
miniature_pinscher_61,miniature_pinscher,miniature_pinscher,0.9998958,"miniature_pinscher, chihuahua, Abyssinian, staffordshire_bull_terrier, Sphynx",True,True
american_bulldog_207,american_bulldog,american_bulldog,0.6473146,"american_bulldog, boxer, beagle, pug, staffordshire_bull_terrier",True,True
pomeranian_118,pomeranian,pomeranian,0.8181552,"pomeranian, samoyed, great_pyrenees, keeshond, Ragdoll",True,True
Sphynx_72,Sphynx,Sphynx,0.9477681,"Sphynx, Egyptian_Mau, Abyssinian, Bengal, Russian_Blue",True,True
keeshond_71,keeshond,keeshond,0.9983712,"keeshond, scottish_terrier, leonberger, newfoundland, staffordshire_bull_terrier",True,True
basset_hound_85,basset_hound,basset_hound,0.99983394,"basset_hound, beagle, staffordshire_bull_terrier, english_cocker_spaniel, american_pit_bull_terrier",True,True
samoyed_100,samoyed,samoyed,0.98291206,"samoyed, keeshond, shiba_inu, great_pyrenees, scottish_terrier",True,True
Siamese_67,Siamese,Siamese,0.85387945,"Siamese, Birman, Ragdoll, american_bulldog, staffordshire_bull_terrier",True,True
great_pyrenees_142,great_pyrenees,great_pyrenees,0.99819773,"great_pyrenees, leonberger, samoyed, english_setter, wheaten_terrier",True,True
Persian_15,Persian,Persian,0.99872774,"Persian, British_Shorthair, Maine_Coon, Ragdoll, samoyed",True,True
pug_29,pug,pug,0.9967314,"pug, boxer, american_bulldog, havanese, leonberger",True,True
Persian_14,Persian,Persian,0.9998889,"Persian, British_Shorthair, Ragdoll, Maine_Coon, samoyed",True,True
japanese_chin_8,japanese_chin,japanese_chin,0.6710846,"japanese_chin, saint_bernard, leonberger, great_pyrenees, havanese",True,True
miniature_pinscher_164,miniature_pinscher,miniature_pinscher,0.99988544,"miniature_pinscher, chihuahua, staffordshire_bull_terrier, Abyssinian, beagle",True,True
pomeranian_7,pomeranian,pomeranian,0.9581875,"pomeranian, yorkshire_terrier, keeshond, japanese_chin, Persian",True,True
Bengal_9,Bengal,Bengal,0.9799912,"Bengal, Abyssinian, shiba_inu, Maine_Coon, boxer",True,True
Egyptian_Mau_224,Egyptian_Mau,Egyptian_Mau,0.9975313,"Egyptian_Mau, Bengal, english_setter, Maine_Coon, german_shorthaired",True,True
Bengal_141,Bengal,Bengal,0.8691158,"Bengal, Egyptian_Mau, german_shorthaired, basset_hound, yorkshire_terrier",True,True
wheaten_terrier_19,wheaten_terrier,wheaten_terrier,0.9995322,"wheaten_terrier, havanese, scottish_terrier, yorkshire_terrier, english_cocker_spaniel",True,True
Persian_108,Persian,Persian,0.9982529,"Persian, Ragdoll, samoyed, Maine_Coon, Birman",True,True
shiba_inu_159,shiba_inu,miniature_pinscher,0.6302371,"miniature_pinscher, beagle, leonberger, staffordshire_bull_terrier, basset_hound",False,False
Bombay_43,Bombay,Bombay,0.9831698,"Bombay, Russian_Blue, British_Shorthair, Siamese, scottish_terrier",True,True
Persian_101,Persian,Persian,0.8314756,"Persian, Maine_Coon, Ragdoll, pomeranian, British_Shorthair",True,True
staffordshire_bull_terrier_45,staffordshire_bull_terrier,american_pit_bull_terrier,0.91036636,"american_pit_bull_terrier, american_bulldog, staffordshire_bull_terrier, chihuahua, basset_hound",False,True
english_cocker_spaniel_185,english_cocker_spaniel,english_cocker_spaniel,0.9920792,"english_cocker_spaniel, basset_hound, yorkshire_terrier, english_setter, wheaten_terrier",True,True
american_bulldog_152,american_bulldog,boxer,0.70036745,"boxer, saint_bernard, american_bulldog, staffordshire_bull_terrier, american_pit_bull_terrier",False,True
Abyssinian_114,Abyssinian,Abyssinian,0.95689464,"Abyssinian, Maine_Coon, Bengal, miniature_pinscher, Persian",True,True
wheaten_terrier_114,wheaten_terrier,english_cocker_spaniel,0.42350903,"english_cocker_spaniel, wheaten_terrier, yorkshire_terrier, scottish_terrier, german_shorthaired",False,True
leonberger_185,leonberger,leonberger,0.9977963,"leonberger, newfoundland, great_pyrenees, keeshond, saint_bernard",True,True
Persian_17,Persian,Persian,0.70838106,"Persian, Ragdoll, Maine_Coon, japanese_chin, keeshond",True,True
Birman_129,Birman,Birman,0.5540542,"Birman, Siamese, Ragdoll, shiba_inu, japanese_chin",True,True
Egyptian_Mau_142,Egyptian_Mau,Egyptian_Mau,0.9423673,"Egyptian_Mau, Abyssinian, Bengal, Sphynx, Russian_Blue",True,True
Bombay_22,Bombay,Bombay,0.9962941,"Bombay, scottish_terrier, yorkshire_terrier, Siamese, Maine_Coon",True,True
scottish_terrier_105,scottish_terrier,scottish_terrier,0.5378049,"scottish_terrier, Sphynx, miniature_pinscher, chihuahua, shiba_inu",True,True
Egyptian_Mau_204,Egyptian_Mau,Egyptian_Mau,0.8877322,"Egyptian_Mau, Bengal, Abyssinian, Russian_Blue, Maine_Coon",True,True
english_setter_42,english_setter,english_setter,0.98656774,"english_setter, english_cocker_spaniel, havanese, german_shorthaired, yorkshire_terrier",True,True
leonberger_34,leonberger,leonberger,0.9926569,"leonberger, keeshond, great_pyrenees, newfoundland, saint_bernard",True,True
Egyptian_Mau_162,Egyptian_Mau,Egyptian_Mau,0.50608367,"Egyptian_Mau, Maine_Coon, Bengal, Abyssinian, British_Shorthair",True,True
american_pit_bull_terrier_49,american_pit_bull_terrier,boxer,0.6596137,"boxer, staffordshire_bull_terrier, german_shorthaired, basset_hound, american_pit_bull_terrier",False,True
japanese_chin_134,japanese_chin,japanese_chin,0.9998473,"japanese_chin, saint_bernard, american_bulldog, havanese, chihuahua",True,True
Birman_24,Birman,Siamese,0.75349873,"Siamese, Birman, Ragdoll, shiba_inu, keeshond",False,True
Persian_200,Persian,Persian,0.99329185,"Persian, Maine_Coon, British_Shorthair, Ragdoll, samoyed",True,True
newfoundland_37,newfoundland,newfoundland,0.7561093,"newfoundland, english_cocker_spaniel, german_shorthaired, english_setter, basset_hound",True,True
Sphynx_29,Sphynx,Sphynx,0.9998611,"Sphynx, chihuahua, beagle, miniature_pinscher, american_bulldog",True,True
japanese_chin_132,japanese_chin,japanese_chin,0.99958724,"japanese_chin, american_bulldog, havanese, saint_bernard, english_setter",True,True
scottish_terrier_92,scottish_terrier,english_setter,0.28742227,"english_setter, wheaten_terrier, american_bulldog, samoyed, shiba_inu",False,False
english_cocker_spaniel_11,english_cocker_spaniel,english_cocker_spaniel,0.98411775,"english_cocker_spaniel, english_setter, havanese, german_shorthaired, yorkshire_terrier",True,True
British_Shorthair_86,British_Shorthair,British_Shorthair,0.9606181,"British_Shorthair, Russian_Blue, german_shorthaired, american_bulldog, american_pit_bull_terrier",True,True
staffordshire_bull_terrier_136,staffordshire_bull_terrier,american_bulldog,0.77707773,"american_bulldog, american_pit_bull_terrier, staffordshire_bull_terrier, pug, saint_bernard",False,True
american_bulldog_41,american_bulldog,american_bulldog,0.9792269,"american_bulldog, american_pit_bull_terrier, staffordshire_bull_terrier, boxer, pug",True,True
British_Shorthair_187,British_Shorthair,British_Shorthair,0.85923976,"British_Shorthair, Russian_Blue, Egyptian_Mau, Sphynx, Persian",True,True
chihuahua_95,chihuahua,chihuahua,0.99105483,"chihuahua, miniature_pinscher, Sphynx, beagle, staffordshire_bull_terrier",True,True
samoyed_123,samoyed,samoyed,0.9951623,"samoyed, shiba_inu, pomeranian, Persian, great_pyrenees",True,True
pomeranian_18,pomeranian,shiba_inu,0.36623558,"shiba_inu, chihuahua, samoyed, Ragdoll, Egyptian_Mau",False,False
Persian_46,Persian,Persian,0.9897267,"Persian, keeshond, Ragdoll, Birman, samoyed",True,True
yorkshire_terrier_198,yorkshire_terrier,yorkshire_terrier,0.9995503,"yorkshire_terrier, english_cocker_spaniel, havanese, wheaten_terrier, japanese_chin",True,True
english_cocker_spaniel_59,english_cocker_spaniel,english_setter,0.5260936,"english_setter, staffordshire_bull_terrier, english_cocker_spaniel, pug, wheaten_terrier",False,True
shiba_inu_144,shiba_inu,shiba_inu,0.9895354,"shiba_inu, pomeranian, samoyed, chihuahua, basset_hound",True,True
havanese_185,havanese,havanese,0.99257976,"havanese, scottish_terrier, newfoundland, wheaten_terrier, english_cocker_spaniel",True,True
staffordshire_bull_terrier_198,staffordshire_bull_terrier,staffordshire_bull_terrier,0.87255114,"staffordshire_bull_terrier, american_pit_bull_terrier, boxer, pug, american_bulldog",True,True
beagle_25,beagle,beagle,0.97052944,"beagle, basset_hound, english_cocker_spaniel, english_setter, german_shorthaired",True,True
basset_hound_123,basset_hound,basset_hound,0.99837446,"basset_hound, beagle, english_cocker_spaniel, american_pit_bull_terrier, staffordshire_bull_terrier",True,True
german_shorthaired_84,german_shorthaired,german_shorthaired,0.99964166,"german_shorthaired, english_cocker_spaniel, newfoundland, english_setter, staffordshire_bull_terrier",True,True
scottish_terrier_91,scottish_terrier,scottish_terrier,0.9820941,"scottish_terrier, yorkshire_terrier, havanese, Bombay, wheaten_terrier",True,True
american_pit_bull_terrier_109,american_pit_bull_terrier,american_pit_bull_terrier,0.9459707,"american_pit_bull_terrier, staffordshire_bull_terrier, american_bulldog, Sphynx, beagle",True,True
Persian_189,Persian,Persian,0.92588186,"Persian, Maine_Coon, British_Shorthair, pomeranian, Ragdoll",True,True
Birman_121,Birman,Birman,0.9328035,"Birman, Ragdoll, Siamese, Persian, japanese_chin",True,True
beagle_181,beagle,basset_hound,0.7496493,"basset_hound, beagle, boxer, saint_bernard, staffordshire_bull_terrier",False,True
Sphynx_240,Sphynx,chihuahua,0.3050974,"chihuahua, Sphynx, miniature_pinscher, Siamese, Abyssinian",False,True
german_shorthaired_184,german_shorthaired,german_shorthaired,0.9259112,"german_shorthaired, Egyptian_Mau, boxer, english_setter, american_bulldog",True,True
english_cocker_spaniel_141,english_cocker_spaniel,english_cocker_spaniel,0.4251195,"english_cocker_spaniel, scottish_terrier, newfoundland, yorkshire_terrier, havanese",True,True
beagle_136,beagle,beagle,0.6319301,"beagle, basset_hound, boxer, american_pit_bull_terrier, staffordshire_bull_terrier",True,True
Ragdoll_199,Ragdoll,Ragdoll,0.9916883,"Ragdoll, Birman, Maine_Coon, japanese_chin, Siamese",True,True
yorkshire_terrier_194,yorkshire_terrier,yorkshire_terrier,0.8521196,"yorkshire_terrier, havanese, wheaten_terrier, english_cocker_spaniel, scottish_terrier",True,True
leonberger_184,leonberger,leonberger,0.998868,"leonberger, keeshond, newfoundland, english_setter, great_pyrenees",True,True
great_pyrenees_121,great_pyrenees,great_pyrenees,0.99705005,"great_pyrenees, samoyed, wheaten_terrier, havanese, english_setter",True,True
english_setter_117,english_setter,english_setter,0.98297125,"english_setter, great_pyrenees, japanese_chin, saint_bernard, english_cocker_spaniel",True,True
newfoundland_118,newfoundland,newfoundland,0.6356808,"newfoundland, leonberger, english_cocker_spaniel, scottish_terrier, keeshond",True,True
newfoundland_87,newfoundland,newfoundland,0.9980933,"newfoundland, english_cocker_spaniel, havanese, leonberger, scottish_terrier",True,True
newfoundland_41,newfoundland,newfoundland,0.9967476,"newfoundland, leonberger, german_shorthaired, Russian_Blue, staffordshire_bull_terrier",True,True
leonberger_170,leonberger,leonberger,0.99849784,"leonberger, great_pyrenees, wheaten_terrier, pomeranian, saint_bernard",True,True
pug_145,pug,pug,0.99554247,"pug, boxer, american_bulldog, american_pit_bull_terrier, staffordshire_bull_terrier",True,True
pomeranian_32,pomeranian,pomeranian,0.9913311,"pomeranian, Persian, Maine_Coon, yorkshire_terrier, samoyed",True,True
chihuahua_140,chihuahua,chihuahua,0.9938355,"chihuahua, Sphynx, miniature_pinscher, american_pit_bull_terrier, Siamese",True,True
english_setter_123,english_setter,english_cocker_spaniel,0.7968878,"english_cocker_spaniel, great_pyrenees, english_setter, leonberger, keeshond",False,True
american_bulldog_189,american_bulldog,american_bulldog,0.9621242,"american_bulldog, boxer, staffordshire_bull_terrier, chihuahua, american_pit_bull_terrier",True,True
american_pit_bull_terrier_155,american_pit_bull_terrier,american_pit_bull_terrier,0.8281813,"american_pit_bull_terrier, staffordshire_bull_terrier, american_bulldog, chihuahua, miniature_pinscher",True,True
american_bulldog_28,american_bulldog,american_bulldog,0.97871953,"american_bulldog, english_setter, american_pit_bull_terrier, beagle, pug",True,True
wheaten_terrier_65,wheaten_terrier,english_setter,0.5343492,"english_setter, wheaten_terrier, leonberger, great_pyrenees, english_cocker_spaniel",False,True
american_pit_bull_terrier_78,american_pit_bull_terrier,american_pit_bull_terrier,0.85486037,"american_pit_bull_terrier, staffordshire_bull_terrier, miniature_pinscher, american_bulldog, shiba_inu",True,True
german_shorthaired_4,german_shorthaired,staffordshire_bull_terrier,0.32253572,"staffordshire_bull_terrier, german_shorthaired, american_pit_bull_terrier, boxer, miniature_pinscher",False,True
scottish_terrier_123,scottish_terrier,scottish_terrier,0.7237245,"scottish_terrier, english_cocker_spaniel, yorkshire_terrier, newfoundland, english_setter",True,True
great_pyrenees_113,great_pyrenees,great_pyrenees,0.99593616,"great_pyrenees, samoyed, havanese, english_setter, english_cocker_spaniel",True,True
english_setter_118,english_setter,english_setter,0.99920976,"english_setter, beagle, german_shorthaired, american_bulldog, english_cocker_spaniel",True,True
Egyptian_Mau_74,Egyptian_Mau,Egyptian_Mau,0.9018839,"Egyptian_Mau, Bengal, Maine_Coon, British_Shorthair, Russian_Blue",True,True
Maine_Coon_111,Maine_Coon,Maine_Coon,0.94738424,"Maine_Coon, Ragdoll, Persian, japanese_chin, Birman",True,True
american_bulldog_67,american_bulldog,american_bulldog,0.71174383,"american_bulldog, boxer, american_pit_bull_terrier, staffordshire_bull_terrier, german_shorthaired",True,True
Ragdoll_162,Ragdoll,Ragdoll,0.9263675,"Ragdoll, Persian, Maine_Coon, samoyed, Birman",True,True
wheaten_terrier_194,wheaten_terrier,wheaten_terrier,0.94268066,"wheaten_terrier, havanese, scottish_terrier, great_pyrenees, leonberger",True,True
english_setter_62,english_setter,english_setter,0.9911917,"english_setter, english_cocker_spaniel, beagle, german_shorthaired, basset_hound",True,True
staffordshire_bull_terrier_48,staffordshire_bull_terrier,english_setter,0.8753168,"english_setter, german_shorthaired, american_pit_bull_terrier, american_bulldog, english_cocker_spaniel",False,False
Sphynx_25,Sphynx,Sphynx,0.9997743,"Sphynx, Russian_Blue, Abyssinian, Egyptian_Mau, miniature_pinscher",True,True
Birman_65,Birman,Siamese,0.5287034,"Siamese, Birman, Ragdoll, keeshond, Russian_Blue",False,True
havanese_27,havanese,havanese,0.99777114,"havanese, scottish_terrier, yorkshire_terrier, english_cocker_spaniel, wheaten_terrier",True,True
chihuahua_126,chihuahua,chihuahua,0.77071154,"chihuahua, miniature_pinscher, american_pit_bull_terrier, beagle, Sphynx",True,True
British_Shorthair_27,British_Shorthair,British_Shorthair,0.9354625,"British_Shorthair, Persian, Russian_Blue, Egyptian_Mau, Maine_Coon",True,True
Bombay_39,Bombay,Bengal,0.26635116,"Bengal, yorkshire_terrier, Bombay, scottish_terrier, Maine_Coon",False,True
leonberger_49,leonberger,leonberger,0.99940836,"leonberger, saint_bernard, great_pyrenees, boxer, keeshond",True,True
Egyptian_Mau_53,Egyptian_Mau,Egyptian_Mau,0.9146732,"Egyptian_Mau, Bengal, Maine_Coon, Abyssinian, Russian_Blue",True,True
german_shorthaired_141,german_shorthaired,german_shorthaired,0.98887604,"german_shorthaired, english_setter, american_pit_bull_terrier, Bombay, english_cocker_spaniel",True,True
Siamese_149,Siamese,Siamese,0.906317,"Siamese, Bombay, Russian_Blue, Abyssinian, British_Shorthair",True,True
Maine_Coon_196,Maine_Coon,Maine_Coon,0.9882125,"Maine_Coon, Persian, yorkshire_terrier, pomeranian, Bengal",True,True
boxer_163,boxer,boxer,0.68847734,"boxer, saint_bernard, american_bulldog, american_pit_bull_terrier, staffordshire_bull_terrier",True,True
saint_bernard_192,saint_bernard,great_pyrenees,0.3274963,"great_pyrenees, american_bulldog, american_pit_bull_terrier, saint_bernard, english_setter",False,True
pug_63,pug,pug,0.9877973,"pug, boxer, american_bulldog, wheaten_terrier, leonberger",True,True
Ragdoll_135,Ragdoll,Ragdoll,0.47546673,"Ragdoll, Birman, Siamese, japanese_chin, Persian",True,True
pug_17,pug,pug,0.99961406,"pug, boxer, staffordshire_bull_terrier, american_bulldog, leonberger",True,True
keeshond_200,keeshond,keeshond,0.9853849,"keeshond, pomeranian, leonberger, samoyed, Persian",True,True
Birman_18,Birman,Birman,0.70510644,"Birman, Siamese, Ragdoll, japanese_chin, keeshond",True,True
Egyptian_Mau_119,Egyptian_Mau,Egyptian_Mau,0.9637259,"Egyptian_Mau, Bengal, Maine_Coon, Russian_Blue, Sphynx",True,True
pomeranian_178,pomeranian,pomeranian,0.99837685,"pomeranian, keeshond, samoyed, japanese_chin, Persian",True,True
British_Shorthair_116,British_Shorthair,British_Shorthair,0.9995993,"British_Shorthair, Russian_Blue, Persian, Bombay, Egyptian_Mau",True,True
japanese_chin_28,japanese_chin,japanese_chin,0.99994445,"japanese_chin, havanese, saint_bernard, american_bulldog, english_setter",True,True
yorkshire_terrier_162,yorkshire_terrier,yorkshire_terrier,0.98087126,"yorkshire_terrier, havanese, scottish_terrier, wheaten_terrier, japanese_chin",True,True
pug_195,pug,pug,0.8598677,"pug, american_pit_bull_terrier, staffordshire_bull_terrier, american_bulldog, chihuahua",True,True
newfoundland_99,newfoundland,newfoundland,0.9997546,"newfoundland, scottish_terrier, Bombay, havanese, Russian_Blue",True,True
Abyssinian_106,Abyssinian,Abyssinian,0.7182348,"Abyssinian, Bengal, Egyptian_Mau, Maine_Coon, Russian_Blue",True,True
boxer_46,boxer,boxer,0.9392036,"boxer, miniature_pinscher, staffordshire_bull_terrier, american_pit_bull_terrier, basset_hound",True,True
american_bulldog_80,american_bulldog,english_setter,0.45322025,"english_setter, great_pyrenees, american_pit_bull_terrier, american_bulldog, english_cocker_spaniel",False,True
havanese_74,havanese,havanese,0.5221894,"havanese, wheaten_terrier, great_pyrenees, Birman, samoyed",True,True
boxer_67,boxer,boxer,0.9317948,"boxer, saint_bernard, american_bulldog, japanese_chin, pug",True,True
pug_26,pug,pug,0.99718934,"pug, boxer, american_bulldog, Bengal, Egyptian_Mau",True,True
samoyed_198,samoyed,samoyed,0.9846036,"samoyed, pomeranian, shiba_inu, great_pyrenees, Ragdoll",True,True
american_bulldog_99,american_bulldog,american_bulldog,0.96873415,"american_bulldog, boxer, pug, american_pit_bull_terrier, staffordshire_bull_terrier",True,True
shiba_inu_58,shiba_inu,shiba_inu,0.9965791,"shiba_inu, chihuahua, miniature_pinscher, american_pit_bull_terrier, beagle",True,True
Bengal_187,Bengal,Bengal,0.95594245,"Bengal, Egyptian_Mau, Maine_Coon, Abyssinian, english_setter",True,True
samoyed_179,samoyed,samoyed,0.98006344,"samoyed, great_pyrenees, shiba_inu, keeshond, pomeranian",True,True
Persian_176,Persian,Persian,0.99789953,"Persian, British_Shorthair, Ragdoll, Maine_Coon, samoyed",True,True
american_pit_bull_terrier_35,american_pit_bull_terrier,miniature_pinscher,0.41559198,"miniature_pinscher, american_pit_bull_terrier, basset_hound, staffordshire_bull_terrier, german_shorthaired",False,True
havanese_65,havanese,havanese,0.997203,"havanese, wheaten_terrier, yorkshire_terrier, japanese_chin, great_pyrenees",True,True
Egyptian_Mau_67,Egyptian_Mau,Egyptian_Mau,0.7015145,"Egyptian_Mau, Russian_Blue, Sphynx, Abyssinian, Bengal",True,True
english_setter_174,english_setter,english_setter,0.96584076,"english_setter, english_cocker_spaniel, german_shorthaired, basset_hound, beagle",True,True
Siamese_182,Siamese,Siamese,0.57575417,"Siamese, Abyssinian, chihuahua, Sphynx, Ragdoll",True,True
english_cocker_spaniel_86,english_cocker_spaniel,english_cocker_spaniel,0.96216744,"english_cocker_spaniel, english_setter, basset_hound, beagle, great_pyrenees",True,True
samoyed_82,samoyed,samoyed,0.7140521,"samoyed, shiba_inu, pomeranian, Ragdoll, British_Shorthair",True,True
newfoundland_97,newfoundland,english_cocker_spaniel,0.46639383,"english_cocker_spaniel, havanese, newfoundland, scottish_terrier, yorkshire_terrier",False,True
Maine_Coon_169,Maine_Coon,Maine_Coon,0.9756056,"Maine_Coon, Abyssinian, Bengal, Ragdoll, Persian",True,True
american_pit_bull_terrier_199,american_pit_bull_terrier,american_pit_bull_terrier,0.9719254,"american_pit_bull_terrier, staffordshire_bull_terrier, german_shorthaired, american_bulldog, english_setter",True,True
Maine_Coon_269,Maine_Coon,Maine_Coon,0.9988738,"Maine_Coon, Abyssinian, Persian, Bengal, Ragdoll",True,True
Ragdoll_48,Ragdoll,Ragdoll,0.9657637,"Ragdoll, Persian, British_Shorthair, Abyssinian, Maine_Coon",True,True
great_pyrenees_51,great_pyrenees,great_pyrenees,0.9924575,"great_pyrenees, english_setter, leonberger, english_cocker_spaniel, samoyed",True,True
saint_bernard_120,saint_bernard,saint_bernard,0.9003452,"saint_bernard, japanese_chin, leonberger, pug, boxer",True,True
english_setter_91,english_setter,english_setter,0.9702497,"english_setter, english_cocker_spaniel, german_shorthaired, basset_hound, great_pyrenees",True,True
pomeranian_140,pomeranian,pomeranian,0.96569955,"pomeranian, yorkshire_terrier, japanese_chin, chihuahua, Persian",True,True
havanese_92,havanese,havanese,0.9761243,"havanese, yorkshire_terrier, japanese_chin, wheaten_terrier, english_cocker_spaniel",True,True
Sphynx_90,Sphynx,Sphynx,0.98593,"Sphynx, Russian_Blue, miniature_pinscher, Abyssinian, Bengal",True,True
american_pit_bull_terrier_100,american_pit_bull_terrier,american_bulldog,0.8530408,"american_bulldog, boxer, american_pit_bull_terrier, staffordshire_bull_terrier, pug",False,True
Ragdoll_104,Ragdoll,Ragdoll,0.896318,"Ragdoll, Birman, Persian, Siamese, japanese_chin",True,True
american_bulldog_127,american_bulldog,saint_bernard,0.82249326,"saint_bernard, basset_hound, beagle, boxer, american_bulldog",False,True
yorkshire_terrier_2,yorkshire_terrier,yorkshire_terrier,0.95841676,"yorkshire_terrier, havanese, pomeranian, japanese_chin, Persian",True,True
english_setter_114,english_setter,english_setter,0.9515065,"english_setter, english_cocker_spaniel, great_pyrenees, german_shorthaired, beagle",True,True
havanese_22,havanese,havanese,0.81764865,"havanese, yorkshire_terrier, wheaten_terrier, Persian, english_cocker_spaniel",True,True
British_Shorthair_126,British_Shorthair,British_Shorthair,0.75402004,"British_Shorthair, Persian, Russian_Blue, samoyed, Maine_Coon",True,True
basset_hound_144,basset_hound,basset_hound,0.8445793,"basset_hound, beagle, saint_bernard, american_pit_bull_terrier, staffordshire_bull_terrier",True,True
pug_21,pug,pug,0.9998926,"pug, boxer, american_bulldog, japanese_chin, chihuahua",True,True
Sphynx_8,Sphynx,Sphynx,0.998478,"Sphynx, chihuahua, miniature_pinscher, boxer, american_bulldog",True,True
japanese_chin_32,japanese_chin,japanese_chin,0.95680434,"japanese_chin, havanese, saint_bernard, scottish_terrier, great_pyrenees",True,True
Maine_Coon_102,Maine_Coon,Maine_Coon,0.97265977,"Maine_Coon, Abyssinian, Bengal, Ragdoll, Persian",True,True
Birman_179,Birman,Birman,0.99728584,"Birman, Siamese, Ragdoll, keeshond, japanese_chin",True,True
japanese_chin_167,japanese_chin,japanese_chin,0.9567938,"japanese_chin, havanese, english_cocker_spaniel, saint_bernard, english_setter",True,True
beagle_13,beagle,beagle,0.21401389,"beagle, american_pit_bull_terrier, shiba_inu, staffordshire_bull_terrier, english_cocker_spaniel",True,True
staffordshire_bull_terrier_21,staffordshire_bull_terrier,basset_hound,0.43852854,"basset_hound, staffordshire_bull_terrier, boxer, american_pit_bull_terrier, beagle",False,True
Siamese_158,Siamese,Siamese,0.7706438,"Siamese, Birman, Ragdoll, shiba_inu, keeshond",True,True
american_bulldog_172,american_bulldog,american_bulldog,0.6928916,"american_bulldog, boxer, pug, staffordshire_bull_terrier, american_pit_bull_terrier",True,True
great_pyrenees_4,great_pyrenees,great_pyrenees,0.9968458,"great_pyrenees, english_setter, samoyed, havanese, english_cocker_spaniel",True,True
basset_hound_198,basset_hound,basset_hound,0.9815015,"basset_hound, beagle, saint_bernard, staffordshire_bull_terrier, boxer",True,True
boxer_83,boxer,boxer,0.99387217,"boxer, staffordshire_bull_terrier, american_bulldog, american_pit_bull_terrier, miniature_pinscher",True,True
Abyssinian_201,Abyssinian,Abyssinian,0.92463046,"Abyssinian, Sphynx, Bengal, Russian_Blue, miniature_pinscher",True,True
Birman_81,Birman,Birman,0.89311314,"Birman, Siamese, Ragdoll, japanese_chin, pomeranian",True,True
japanese_chin_128,japanese_chin,japanese_chin,0.99991155,"japanese_chin, havanese, saint_bernard, Ragdoll, pomeranian",True,True
english_cocker_spaniel_94,english_cocker_spaniel,english_cocker_spaniel,0.99983966,"english_cocker_spaniel, newfoundland, scottish_terrier, english_setter, havanese",True,True
keeshond_177,keeshond,keeshond,0.59514415,"keeshond, Ragdoll, Maine_Coon, Persian, japanese_chin",True,True
staffordshire_bull_terrier_86,staffordshire_bull_terrier,american_pit_bull_terrier,0.86007416,"american_pit_bull_terrier, american_bulldog, staffordshire_bull_terrier, beagle, english_setter",False,True
Bombay_94,Bombay,Bombay,0.995421,"Bombay, scottish_terrier, Siamese, Maine_Coon, newfoundland",True,True
Siamese_65,Siamese,Siamese,0.9800631,"Siamese, Birman, Ragdoll, pug, Abyssinian",True,True
staffordshire_bull_terrier_70,staffordshire_bull_terrier,american_pit_bull_terrier,0.36729744,"american_pit_bull_terrier, boxer, staffordshire_bull_terrier, miniature_pinscher, chihuahua",False,True
British_Shorthair_101,British_Shorthair,British_Shorthair,0.9958268,"British_Shorthair, Russian_Blue, Bombay, Persian, Abyssinian",True,True
beagle_166,beagle,shiba_inu,0.26911467,"shiba_inu, staffordshire_bull_terrier, miniature_pinscher, american_pit_bull_terrier, beagle",False,True
leonberger_41,leonberger,leonberger,0.9944225,"leonberger, great_pyrenees, keeshond, pug, staffordshire_bull_terrier",True,True
japanese_chin_178,japanese_chin,japanese_chin,0.53172296,"japanese_chin, chihuahua, american_bulldog, beagle, american_pit_bull_terrier",True,True
havanese_88,havanese,havanese,0.9968548,"havanese, yorkshire_terrier, japanese_chin, english_cocker_spaniel, wheaten_terrier",True,True
Bombay_134,Bombay,Bombay,0.9838022,"Bombay, British_Shorthair, Russian_Blue, Siamese, Abyssinian",True,True
staffordshire_bull_terrier_77,staffordshire_bull_terrier,american_bulldog,0.47805473,"american_bulldog, american_pit_bull_terrier, staffordshire_bull_terrier, english_setter, beagle",False,True
boxer_84,boxer,boxer,0.9770379,"boxer, american_bulldog, staffordshire_bull_terrier, pug, saint_bernard",True,True
Siamese_6,Siamese,Siamese,0.97342604,"Siamese, miniature_pinscher, chihuahua, Abyssinian, Bombay",True,True
pug_161,pug,pug,0.9625814,"pug, boxer, chihuahua, american_pit_bull_terrier, staffordshire_bull_terrier",True,True
newfoundland_29,newfoundland,newfoundland,0.3247377,"newfoundland, havanese, english_cocker_spaniel, scottish_terrier, Bombay",True,True
miniature_pinscher_198,miniature_pinscher,american_pit_bull_terrier,0.8730119,"american_pit_bull_terrier, staffordshire_bull_terrier, miniature_pinscher, chihuahua, boxer",False,True
British_Shorthair_173,British_Shorthair,Russian_Blue,0.7001061,"Russian_Blue, British_Shorthair, Egyptian_Mau, Abyssinian, Sphynx",False,True
basset_hound_116,basset_hound,basset_hound,0.6463155,"basset_hound, beagle, english_cocker_spaniel, american_pit_bull_terrier, staffordshire_bull_terrier",True,True
saint_bernard_74,saint_bernard,saint_bernard,0.9906379,"saint_bernard, great_pyrenees, leonberger, japanese_chin, english_setter",True,True
english_setter_127,english_setter,english_setter,0.99921834,"english_setter, Egyptian_Mau, german_shorthaired, leonberger, great_pyrenees",True,True
Bombay_102,Bombay,Bombay,0.99882716,"Bombay, chihuahua, staffordshire_bull_terrier, Siamese, scottish_terrier",True,True
great_pyrenees_165,great_pyrenees,great_pyrenees,0.9787143,"great_pyrenees, havanese, english_setter, japanese_chin, english_cocker_spaniel",True,True
Siamese_195,Siamese,Siamese,0.9861335,"Siamese, Birman, Ragdoll, Sphynx, chihuahua",True,True
miniature_pinscher_77,miniature_pinscher,miniature_pinscher,0.9986179,"miniature_pinscher, chihuahua, staffordshire_bull_terrier, boxer, american_pit_bull_terrier",True,True
Egyptian_Mau_52,Egyptian_Mau,Egyptian_Mau,0.9952807,"Egyptian_Mau, Bengal, Russian_Blue, British_Shorthair, chihuahua",True,True
shiba_inu_153,shiba_inu,shiba_inu,0.9551324,"shiba_inu, samoyed, pomeranian, chihuahua, great_pyrenees",True,True
great_pyrenees_107,great_pyrenees,great_pyrenees,0.9906816,"great_pyrenees, english_setter, samoyed, english_cocker_spaniel, saint_bernard",True,True
British_Shorthair_104,British_Shorthair,British_Shorthair,0.9925472,"British_Shorthair, Persian, Maine_Coon, Bombay, Russian_Blue",True,True
British_Shorthair_87,British_Shorthair,British_Shorthair,0.44662282,"British_Shorthair, Russian_Blue, Abyssinian, Egyptian_Mau, Ragdoll",True,True
saint_bernard_175,saint_bernard,saint_bernard,0.5971276,"saint_bernard, basset_hound, boxer, beagle, american_pit_bull_terrier",True,True
boxer_12,boxer,boxer,0.977821,"boxer, saint_bernard, leonberger, basset_hound, staffordshire_bull_terrier",True,True
Bengal_33,Bengal,Bengal,0.960886,"Bengal, Abyssinian, Maine_Coon, english_cocker_spaniel, Egyptian_Mau",True,True
Abyssinian_149,Abyssinian,Abyssinian,0.8691017,"Abyssinian, Bengal, Siamese, basset_hound, boxer",True,True
Abyssinian_66,Abyssinian,Abyssinian,0.99978334,"Abyssinian, Russian_Blue, Ragdoll, shiba_inu, Siamese",True,True
pomeranian_69,pomeranian,pomeranian,0.99945647,"pomeranian, samoyed, keeshond, Ragdoll, Persian",True,True
Birman_32,Birman,Birman,0.9251092,"Birman, Siamese, Ragdoll, keeshond, japanese_chin",True,True
boxer_85,boxer,english_setter,0.41661325,"english_setter, american_bulldog, japanese_chin, american_pit_bull_terrier, pug",False,False
British_Shorthair_185,British_Shorthair,British_Shorthair,0.9991786,"British_Shorthair, Russian_Blue, Persian, Bombay, Egyptian_Mau",True,True
staffordshire_bull_terrier_53,staffordshire_bull_terrier,american_pit_bull_terrier,0.5946529,"american_pit_bull_terrier, german_shorthaired, english_setter, american_bulldog, staffordshire_bull_terrier",False,True
British_Shorthair_172,British_Shorthair,British_Shorthair,0.9980678,"British_Shorthair, Russian_Blue, Persian, Bombay, Abyssinian",True,True
Russian_Blue_101,Russian_Blue,Russian_Blue,0.9683132,"Russian_Blue, Egyptian_Mau, British_Shorthair, Abyssinian, Sphynx",True,True
staffordshire_bull_terrier_72,staffordshire_bull_terrier,boxer,0.4063552,"boxer, miniature_pinscher, chihuahua, staffordshire_bull_terrier, american_pit_bull_terrier",False,True
staffordshire_bull_terrier_2,staffordshire_bull_terrier,staffordshire_bull_terrier,0.9713345,"staffordshire_bull_terrier, american_pit_bull_terrier, miniature_pinscher, boxer, american_bulldog",True,True
pomeranian_194,pomeranian,samoyed,0.7156178,"samoyed, pomeranian, Ragdoll, great_pyrenees, Abyssinian",False,True
american_bulldog_184,american_bulldog,american_bulldog,0.94527996,"american_bulldog, english_setter, american_pit_bull_terrier, beagle, boxer",True,True
Ragdoll_30,Ragdoll,Birman,0.5647581,"Birman, Ragdoll, japanese_chin, Siamese, saint_bernard",False,True
pomeranian_195,pomeranian,pomeranian,0.99698263,"pomeranian, Persian, samoyed, chihuahua, japanese_chin",True,True
Birman_9,Birman,Birman,0.9648735,"Birman, Ragdoll, japanese_chin, Siamese, Persian",True,True
Siamese_153,Siamese,Siamese,0.9268395,"Siamese, shiba_inu, Sphynx, chihuahua, Abyssinian",True,True
Bombay_180,Bombay,Bombay,0.9856414,"Bombay, Siamese, chihuahua, staffordshire_bull_terrier, British_Shorthair",True,True
Sphynx_211,Sphynx,miniature_pinscher,0.57786435,"miniature_pinscher, Bengal, Abyssinian, Sphynx, chihuahua",False,True
english_setter_161,english_setter,english_setter,0.93650526,"english_setter, english_cocker_spaniel, german_shorthaired, leonberger, wheaten_terrier",True,True
British_Shorthair_112,British_Shorthair,British_Shorthair,0.9935201,"British_Shorthair, Russian_Blue, Persian, Bombay, Egyptian_Mau",True,True
boxer_113,boxer,boxer,0.8853643,"boxer, staffordshire_bull_terrier, pug, saint_bernard, american_pit_bull_terrier",True,True
yorkshire_terrier_99,yorkshire_terrier,yorkshire_terrier,0.8664009,"yorkshire_terrier, havanese, scottish_terrier, japanese_chin, wheaten_terrier",True,True
newfoundland_84,newfoundland,newfoundland,0.99943537,"newfoundland, english_cocker_spaniel, leonberger, german_shorthaired, staffordshire_bull_terrier",True,True
basset_hound_121,basset_hound,basset_hound,0.9955454,"basset_hound, beagle, english_cocker_spaniel, american_pit_bull_terrier, boxer",True,True
Bombay_214,Bombay,Bombay,0.9989706,"Bombay, Abyssinian, British_Shorthair, chihuahua, Persian",True,True
Russian_Blue_186,Russian_Blue,Russian_Blue,0.99953485,"Russian_Blue, British_Shorthair, Egyptian_Mau, Sphynx, Siamese",True,True
Ragdoll_126,Ragdoll,Ragdoll,0.9979527,"Ragdoll, Birman, Persian, Maine_Coon, japanese_chin",True,True
saint_bernard_170,saint_bernard,saint_bernard,0.9508196,"saint_bernard, basset_hound, boxer, leonberger, american_pit_bull_terrier",True,True
Birman_64,Birman,Birman,0.7815202,"Birman, Siamese, Ragdoll, keeshond, japanese_chin",True,True
staffordshire_bull_terrier_150,staffordshire_bull_terrier,staffordshire_bull_terrier,0.52158177,"staffordshire_bull_terrier, american_pit_bull_terrier, american_bulldog, boxer, basset_hound",True,True
staffordshire_bull_terrier_41,staffordshire_bull_terrier,american_pit_bull_terrier,0.72623533,"american_pit_bull_terrier, staffordshire_bull_terrier, american_bulldog, boxer, beagle",False,True
english_cocker_spaniel_152,english_cocker_spaniel,english_cocker_spaniel,0.99863225,"english_cocker_spaniel, basset_hound, scottish_terrier, newfoundland, havanese",True,True
Persian_202,Persian,Persian,0.8012454,"Persian, Maine_Coon, British_Shorthair, Ragdoll, samoyed",True,True
saint_bernard_105,saint_bernard,saint_bernard,0.9839624,"saint_bernard, boxer, leonberger, basset_hound, japanese_chin",True,True
japanese_chin_35,japanese_chin,japanese_chin,0.6556628,"japanese_chin, saint_bernard, havanese, english_cocker_spaniel, basset_hound",True,True
japanese_chin_19,japanese_chin,japanese_chin,0.99910957,"japanese_chin, havanese, english_cocker_spaniel, saint_bernard, english_setter",True,True
British_Shorthair_21,British_Shorthair,British_Shorthair,0.5337297,"British_Shorthair, Persian, Ragdoll, Maine_Coon, Abyssinian",True,True
american_bulldog_57,american_bulldog,american_bulldog,0.8962233,"american_bulldog, boxer, pug, staffordshire_bull_terrier, japanese_chin",True,True
american_bulldog_158,american_bulldog,Sphynx,0.6610925,"Sphynx, american_bulldog, japanese_chin, american_pit_bull_terrier, boxer",False,True
yorkshire_terrier_88,yorkshire_terrier,yorkshire_terrier,0.9966683,"yorkshire_terrier, wheaten_terrier, havanese, english_cocker_spaniel, scottish_terrier",True,True
samoyed_135,samoyed,samoyed,0.890051,"samoyed, shiba_inu, great_pyrenees, scottish_terrier, wheaten_terrier",True,True
english_setter_51,english_setter,english_setter,0.997976,"english_setter, english_cocker_spaniel, basset_hound, german_shorthaired, great_pyrenees",True,True
Persian_78,Persian,Persian,0.7515402,"Persian, British_Shorthair, Maine_Coon, Ragdoll, japanese_chin",True,True
Siamese_159,Siamese,Siamese,0.9519822,"Siamese, Birman, Ragdoll, shiba_inu, British_Shorthair",True,True
american_pit_bull_terrier_19,american_pit_bull_terrier,american_pit_bull_terrier,0.9230223,"american_pit_bull_terrier, staffordshire_bull_terrier, beagle, american_bulldog, miniature_pinscher",True,True
Abyssinian_118,Abyssinian,Abyssinian,0.7249574,"Abyssinian, Maine_Coon, Ragdoll, Bengal, Persian",True,True
shiba_inu_5,shiba_inu,shiba_inu,0.9994512,"shiba_inu, chihuahua, pomeranian, Abyssinian, Siamese",True,True
wheaten_terrier_171,wheaten_terrier,wheaten_terrier,0.8373898,"wheaten_terrier, yorkshire_terrier, havanese, scottish_terrier, Maine_Coon",True,True
Abyssinian_206,Abyssinian,Abyssinian,0.54954016,"Abyssinian, Bengal, Maine_Coon, Ragdoll, Egyptian_Mau",True,True
english_cocker_spaniel_26,english_cocker_spaniel,english_cocker_spaniel,0.990528,"english_cocker_spaniel, english_setter, yorkshire_terrier, basset_hound, havanese",True,True
basset_hound_175,basset_hound,basset_hound,0.96091104,"basset_hound, english_cocker_spaniel, beagle, miniature_pinscher, american_pit_bull_terrier",True,True
Russian_Blue_41,Russian_Blue,Russian_Blue,0.99158114,"Russian_Blue, British_Shorthair, Bombay, Abyssinian, Sphynx",True,True
Birman_194,Birman,Birman,0.38198763,"Birman, japanese_chin, Siamese, Ragdoll, saint_bernard",True,True
boxer_20,boxer,boxer,0.6883356,"boxer, saint_bernard, basset_hound, beagle, american_bulldog",True,True
shiba_inu_117,shiba_inu,shiba_inu,0.99458015,"shiba_inu, chihuahua, Abyssinian, pomeranian, Siamese",True,True
leonberger_92,leonberger,leonberger,0.9763356,"leonberger, saint_bernard, great_pyrenees, newfoundland, boxer",True,True
chihuahua_77,chihuahua,chihuahua,0.77548045,"chihuahua, shiba_inu, Siamese, miniature_pinscher, Abyssinian",True,True
Sphynx_212,Sphynx,Sphynx,0.98155653,"Sphynx, chihuahua, Abyssinian, american_bulldog, Siamese",True,True
german_shorthaired_50,german_shorthaired,german_shorthaired,0.99579656,"german_shorthaired, staffordshire_bull_terrier, english_setter, boxer, american_pit_bull_terrier",True,True
Persian_163,Persian,Persian,0.9672627,"Persian, Maine_Coon, British_Shorthair, pomeranian, Ragdoll",True,True
english_cocker_spaniel_164,english_cocker_spaniel,english_cocker_spaniel,0.9512934,"english_cocker_spaniel, english_setter, basset_hound, german_shorthaired, havanese",True,True
Ragdoll_254,Ragdoll,Ragdoll,0.9840141,"Ragdoll, Maine_Coon, Persian, Abyssinian, Bengal",True,True
Maine_Coon_197,Maine_Coon,Maine_Coon,0.9994815,"Maine_Coon, Persian, Ragdoll, Egyptian_Mau, Abyssinian",True,True
beagle_119,beagle,beagle,0.9693505,"beagle, american_pit_bull_terrier, basset_hound, chihuahua, miniature_pinscher",True,True
Sphynx_182,Sphynx,Sphynx,0.9993463,"Sphynx, chihuahua, Abyssinian, miniature_pinscher, Russian_Blue",True,True
Bombay_160,Bombay,Bombay,0.813456,"Bombay, Siamese, British_Shorthair, Russian_Blue, Abyssinian",True,True
boxer_180,boxer,boxer,0.8595919,"boxer, pug, staffordshire_bull_terrier, german_shorthaired, american_bulldog",True,True
boxer_188,boxer,boxer,0.9820607,"boxer, beagle, saint_bernard, basset_hound, american_bulldog",True,True
Persian_126,Persian,Maine_Coon,0.8208301,"Maine_Coon, english_cocker_spaniel, wheaten_terrier, Persian, english_setter",False,True
Russian_Blue_124,Russian_Blue,Russian_Blue,0.8619016,"Russian_Blue, British_Shorthair, Egyptian_Mau, pug, staffordshire_bull_terrier",True,True
english_cocker_spaniel_24,english_cocker_spaniel,english_cocker_spaniel,0.76755935,"english_cocker_spaniel, yorkshire_terrier, havanese, english_setter, Maine_Coon",True,True
samoyed_166,samoyed,samoyed,0.9992125,"samoyed, shiba_inu, great_pyrenees, Persian, pomeranian",True,True
american_pit_bull_terrier_2,american_pit_bull_terrier,staffordshire_bull_terrier,0.9765573,"staffordshire_bull_terrier, american_pit_bull_terrier, german_shorthaired, newfoundland, boxer",False,True
wheaten_terrier_125,wheaten_terrier,wheaten_terrier,0.91148657,"wheaten_terrier, english_cocker_spaniel, great_pyrenees, havanese, english_setter",True,True
staffordshire_bull_terrier_33,staffordshire_bull_terrier,american_bulldog,0.49262127,"american_bulldog, Sphynx, american_pit_bull_terrier, staffordshire_bull_terrier, chihuahua",False,True
Bengal_60,Bengal,Bengal,0.99210733,"Bengal, Egyptian_Mau, Maine_Coon, Abyssinian, Sphynx",True,True
leonberger_167,leonberger,leonberger,0.9797148,"leonberger, boxer, wheaten_terrier, saint_bernard, english_setter",True,True
german_shorthaired_174,german_shorthaired,german_shorthaired,0.98402125,"german_shorthaired, beagle, american_pit_bull_terrier, miniature_pinscher, staffordshire_bull_terrier",True,True
chihuahua_177,chihuahua,miniature_pinscher,0.80914783,"miniature_pinscher, chihuahua, american_pit_bull_terrier, yorkshire_terrier, beagle",False,True
Egyptian_Mau_42,Egyptian_Mau,Egyptian_Mau,0.9997739,"Egyptian_Mau, Bengal, Russian_Blue, german_shorthaired, english_setter",True,True
yorkshire_terrier_168,yorkshire_terrier,yorkshire_terrier,0.99995327,"yorkshire_terrier, havanese, english_cocker_spaniel, wheaten_terrier, Bengal",True,True
english_setter_121,english_setter,american_bulldog,0.7951936,"american_bulldog, english_setter, great_pyrenees, american_pit_bull_terrier, english_cocker_spaniel",False,True
saint_bernard_103,saint_bernard,saint_bernard,0.7040569,"saint_bernard, japanese_chin, boxer, chihuahua, american_bulldog",True,True
wheaten_terrier_128,wheaten_terrier,wheaten_terrier,0.9999366,"wheaten_terrier, english_cocker_spaniel, havanese, leonberger, scottish_terrier",True,True
pomeranian_130,pomeranian,pomeranian,0.9998667,"pomeranian, chihuahua, samoyed, Persian, Ragdoll",True,True
Bengal_66,Bengal,Bengal,0.9787948,"Bengal, Maine_Coon, Abyssinian, Egyptian_Mau, english_cocker_spaniel",True,True
leonberger_98,leonberger,leonberger,0.9990852,"leonberger, boxer, newfoundland, great_pyrenees, pug",True,True
american_bulldog_86,american_bulldog,american_bulldog,0.9798182,"american_bulldog, american_pit_bull_terrier, boxer, chihuahua, staffordshire_bull_terrier",True,True
shiba_inu_104,shiba_inu,shiba_inu,0.98919374,"shiba_inu, chihuahua, pomeranian, samoyed, Abyssinian",True,True
english_cocker_spaniel_174,english_cocker_spaniel,english_cocker_spaniel,0.99197465,"english_cocker_spaniel, english_setter, german_shorthaired, basset_hound, yorkshire_terrier",True,True
basset_hound_67,basset_hound,basset_hound,0.77709043,"basset_hound, beagle, boxer, american_pit_bull_terrier, miniature_pinscher",True,True
Abyssinian_52,Abyssinian,Bengal,0.5749255,"Bengal, Abyssinian, Sphynx, Maine_Coon, Egyptian_Mau",False,True
yorkshire_terrier_167,yorkshire_terrier,yorkshire_terrier,0.99972504,"yorkshire_terrier, english_cocker_spaniel, wheaten_terrier, havanese, scottish_terrier",True,True
american_bulldog_120,american_bulldog,american_bulldog,0.97425294,"american_bulldog, boxer, american_pit_bull_terrier, pug, staffordshire_bull_terrier",True,True
Sphynx_40,Sphynx,Sphynx,0.9992976,"Sphynx, chihuahua, miniature_pinscher, Abyssinian, Siamese",True,True
english_cocker_spaniel_156,english_cocker_spaniel,english_cocker_spaniel,0.95683175,"english_cocker_spaniel, english_setter, yorkshire_terrier, havanese, scottish_terrier",True,True
wheaten_terrier_164,wheaten_terrier,wheaten_terrier,0.77380216,"wheaten_terrier, havanese, yorkshire_terrier, japanese_chin, english_setter",True,True
german_shorthaired_132,german_shorthaired,beagle,0.7308975,"beagle, chihuahua, leonberger, miniature_pinscher, wheaten_terrier",False,False
shiba_inu_143,shiba_inu,shiba_inu,0.8346743,"shiba_inu, miniature_pinscher, basset_hound, boxer, staffordshire_bull_terrier",True,True
saint_bernard_68,saint_bernard,saint_bernard,0.94253653,"saint_bernard, japanese_chin, boxer, basset_hound, english_cocker_spaniel",True,True
english_cocker_spaniel_50,english_cocker_spaniel,english_cocker_spaniel,0.9826684,"english_cocker_spaniel, basset_hound, leonberger, english_setter, newfoundland",True,True
Siamese_49,Siamese,Siamese,0.9939237,"Siamese, Birman, Russian_Blue, Ragdoll, shiba_inu",True,True
beagle_161,beagle,pug,0.17501803,"pug, german_shorthaired, boxer, staffordshire_bull_terrier, beagle",False,True
saint_bernard_63,saint_bernard,saint_bernard,0.99787045,"saint_bernard, japanese_chin, english_setter, basset_hound, leonberger",True,True
Egyptian_Mau_3,Egyptian_Mau,Egyptian_Mau,0.99595624,"Egyptian_Mau, Bengal, Maine_Coon, Russian_Blue, British_Shorthair",True,True
Persian_51,Persian,Persian,0.96570224,"Persian, Ragdoll, yorkshire_terrier, Maine_Coon, japanese_chin",True,True
wheaten_terrier_15,wheaten_terrier,havanese,0.9540607,"havanese, wheaten_terrier, english_cocker_spaniel, great_pyrenees, english_setter",False,True
pug_193,pug,pug,0.8192965,"pug, boxer, staffordshire_bull_terrier, Bombay, chihuahua",True,True
wheaten_terrier_145,wheaten_terrier,wheaten_terrier,0.99736243,"wheaten_terrier, english_cocker_spaniel, havanese, yorkshire_terrier, leonberger",True,True
chihuahua_22,chihuahua,beagle,0.24205182,"beagle, american_pit_bull_terrier, staffordshire_bull_terrier, chihuahua, american_bulldog",False,True
Siamese_171,Siamese,Siamese,0.8213003,"Siamese, Birman, Russian_Blue, Sphynx, Ragdoll",True,True
Maine_Coon_140,Maine_Coon,Bengal,0.9989761,"Bengal, Abyssinian, Maine_Coon, Egyptian_Mau, yorkshire_terrier",False,True
english_cocker_spaniel_19,english_cocker_spaniel,english_cocker_spaniel,0.9997421,"english_cocker_spaniel, newfoundland, scottish_terrier, english_setter, yorkshire_terrier",True,True
Birman_92,Birman,Ragdoll,0.19939782,"Ragdoll, samoyed, Persian, Maine_Coon, Birman",False,True
Abyssinian_32,Abyssinian,Abyssinian,0.5723619,"Abyssinian, Bengal, Sphynx, Egyptian_Mau, Russian_Blue",True,True
beagle_191,beagle,beagle,0.93476486,"beagle, miniature_pinscher, basset_hound, boxer, german_shorthaired",True,True
leonberger_47,leonberger,leonberger,0.5777884,"leonberger, english_cocker_spaniel, basset_hound, english_setter, wheaten_terrier",True,True
english_cocker_spaniel_56,english_cocker_spaniel,english_cocker_spaniel,0.91551536,"english_cocker_spaniel, english_setter, basset_hound, german_shorthaired, saint_bernard",True,True
Abyssinian_12,Abyssinian,Abyssinian,0.8609956,"Abyssinian, Sphynx, Siamese, Russian_Blue, British_Shorthair",True,True
samoyed_52,samoyed,samoyed,0.99312663,"samoyed, pomeranian, Ragdoll, shiba_inu, Persian",True,True
yorkshire_terrier_187,yorkshire_terrier,yorkshire_terrier,0.99829584,"yorkshire_terrier, wheaten_terrier, havanese, scottish_terrier, english_cocker_spaniel",True,True
scottish_terrier_116,scottish_terrier,scottish_terrier,0.628788,"scottish_terrier, yorkshire_terrier, havanese, english_cocker_spaniel, Bombay",True,True
British_Shorthair_53,British_Shorthair,Maine_Coon,0.42445433,"Maine_Coon, Ragdoll, Abyssinian, British_Shorthair, Persian",False,True
american_bulldog_105,american_bulldog,american_pit_bull_terrier,0.33575562,"american_pit_bull_terrier, beagle, american_bulldog, boxer, staffordshire_bull_terrier",False,True
Abyssinian_1,Abyssinian,Abyssinian,0.9915821,"Abyssinian, shiba_inu, Bengal, miniature_pinscher, chihuahua",True,True
pug_75,pug,pug,0.99976283,"pug, boxer, american_bulldog, chihuahua, staffordshire_bull_terrier",True,True
beagle_177,beagle,beagle,0.54868484,"beagle, basset_hound, american_pit_bull_terrier, staffordshire_bull_terrier, saint_bernard",True,True
Ragdoll_137,Ragdoll,Birman,0.76231384,"Birman, Ragdoll, Siamese, japanese_chin, Maine_Coon",False,True
pug_121,pug,pug,0.9972314,"pug, boxer, american_bulldog, havanese, staffordshire_bull_terrier",True,True
Abyssinian_10,Abyssinian,Abyssinian,0.56426096,"Abyssinian, Maine_Coon, Bengal, Sphynx, Egyptian_Mau",True,True
pug_159,pug,pug,0.9806409,"pug, boxer, chihuahua, american_pit_bull_terrier, staffordshire_bull_terrier",True,True
yorkshire_terrier_68,yorkshire_terrier,yorkshire_terrier,0.9994809,"yorkshire_terrier, havanese, scottish_terrier, japanese_chin, wheaten_terrier",True,True
Egyptian_Mau_122,Egyptian_Mau,Egyptian_Mau,0.92505217,"Egyptian_Mau, Bengal, Maine_Coon, Sphynx, Russian_Blue",True,True
Russian_Blue_193,Russian_Blue,Russian_Blue,0.9918556,"Russian_Blue, British_Shorthair, Egyptian_Mau, Sphynx, Siamese",True,True
British_Shorthair_153,British_Shorthair,British_Shorthair,0.95191747,"British_Shorthair, Persian, Russian_Blue, samoyed, Ragdoll",True,True
scottish_terrier_130,scottish_terrier,scottish_terrier,0.9987949,"scottish_terrier, yorkshire_terrier, keeshond, wheaten_terrier, havanese",True,True
beagle_105,beagle,beagle,0.91697305,"beagle, basset_hound, staffordshire_bull_terrier, american_pit_bull_terrier, saint_bernard",True,True
havanese_38,havanese,havanese,0.99908257,"havanese, yorkshire_terrier, wheaten_terrier, japanese_chin, scottish_terrier",True,True
leonberger_166,leonberger,leonberger,0.99785304,"leonberger, newfoundland, great_pyrenees, saint_bernard, keeshond",True,True
english_setter_7,english_setter,english_setter,0.4910547,"english_setter, great_pyrenees, havanese, english_cocker_spaniel, japanese_chin",True,True
pomeranian_112,pomeranian,pomeranian,0.99598336,"pomeranian, samoyed, Persian, shiba_inu, Maine_Coon",True,True
samoyed_46,samoyed,samoyed,0.99387664,"samoyed, pomeranian, great_pyrenees, keeshond, shiba_inu",True,True
basset_hound_162,basset_hound,basset_hound,0.6480443,"basset_hound, beagle, german_shorthaired, english_setter, english_cocker_spaniel",True,True
great_pyrenees_40,great_pyrenees,english_setter,0.9761313,"english_setter, great_pyrenees, english_cocker_spaniel, japanese_chin, saint_bernard",False,True
Abyssinian_78,Abyssinian,Abyssinian,0.99910337,"Abyssinian, Maine_Coon, Bengal, Russian_Blue, shiba_inu",True,True
pomeranian_61,pomeranian,pomeranian,0.9533945,"pomeranian, japanese_chin, Persian, Ragdoll, samoyed",True,True
pug_143,pug,pug,0.99981683,"pug, boxer, american_bulldog, american_pit_bull_terrier, chihuahua",True,True
havanese_115,havanese,havanese,0.98419327,"havanese, yorkshire_terrier, wheaten_terrier, japanese_chin, english_cocker_spaniel",True,True
Bombay_155,Bombay,Bombay,0.99590516,"Bombay, Russian_Blue, Abyssinian, Siamese, chihuahua",True,True
american_pit_bull_terrier_107,american_pit_bull_terrier,staffordshire_bull_terrier,0.9538758,"staffordshire_bull_terrier, american_pit_bull_terrier, boxer, american_bulldog, beagle",False,True
yorkshire_terrier_186,yorkshire_terrier,yorkshire_terrier,0.9787339,"yorkshire_terrier, scottish_terrier, havanese, english_cocker_spaniel, wheaten_terrier",True,True
yorkshire_terrier_95,yorkshire_terrier,yorkshire_terrier,0.9512593,"yorkshire_terrier, english_cocker_spaniel, wheaten_terrier, Bengal, scottish_terrier",True,True
great_pyrenees_143,great_pyrenees,great_pyrenees,0.9949536,"great_pyrenees, samoyed, leonberger, havanese, keeshond",True,True
British_Shorthair_141,British_Shorthair,British_Shorthair,0.9996437,"British_Shorthair, Persian, Russian_Blue, Egyptian_Mau, Maine_Coon",True,True
boxer_63,boxer,boxer,0.94238955,"boxer, pug, american_bulldog, american_pit_bull_terrier, staffordshire_bull_terrier",True,True
pomeranian_168,pomeranian,pomeranian,0.99927217,"pomeranian, shiba_inu, samoyed, chihuahua, Persian",True,True
newfoundland_108,newfoundland,newfoundland,0.8390518,"newfoundland, leonberger, yorkshire_terrier, english_cocker_spaniel, havanese",True,True
american_bulldog_7,american_bulldog,american_bulldog,0.9750308,"american_bulldog, boxer, beagle, english_setter, saint_bernard",True,True
saint_bernard_10,saint_bernard,saint_bernard,0.99883634,"saint_bernard, japanese_chin, boxer, basset_hound, leonberger",True,True
British_Shorthair_103,British_Shorthair,British_Shorthair,0.90117157,"British_Shorthair, Russian_Blue, Persian, samoyed, shiba_inu",True,True
boxer_7,boxer,boxer,0.9975889,"boxer, pug, american_bulldog, staffordshire_bull_terrier, american_pit_bull_terrier",True,True
beagle_88,beagle,boxer,0.44334188,"boxer, american_bulldog, miniature_pinscher, german_shorthaired, beagle",False,True
leonberger_68,leonberger,leonberger,0.99887794,"leonberger, great_pyrenees, saint_bernard, keeshond, pug",True,True
pug_38,pug,pug,0.9967784,"pug, american_bulldog, boxer, japanese_chin, staffordshire_bull_terrier",True,True
american_bulldog_138,american_bulldog,american_bulldog,0.99555135,"american_bulldog, american_pit_bull_terrier, staffordshire_bull_terrier, chihuahua, boxer",True,True
leonberger_197,leonberger,leonberger,0.98476136,"leonberger, great_pyrenees, wheaten_terrier, english_setter, keeshond",True,True
Bengal_13,Bengal,Bengal,0.98479915,"Bengal, german_shorthaired, Egyptian_Mau, staffordshire_bull_terrier, english_cocker_spaniel",True,True
Siamese_142,Siamese,Siamese,0.9386262,"Siamese, Birman, Ragdoll, British_Shorthair, Russian_Blue",True,True
american_bulldog_73,american_bulldog,american_bulldog,0.98835516,"american_bulldog, american_pit_bull_terrier, boxer, staffordshire_bull_terrier, pug",True,True
newfoundland_71,newfoundland,newfoundland,0.95771146,"newfoundland, english_cocker_spaniel, staffordshire_bull_terrier, leonberger, german_shorthaired",True,True
newfoundland_127,newfoundland,leonberger,0.89431673,"leonberger, newfoundland, keeshond, english_setter, great_pyrenees",False,True
american_bulldog_77,american_bulldog,american_bulldog,0.76892215,"american_bulldog, boxer, american_pit_bull_terrier, saint_bernard, staffordshire_bull_terrier",True,True
Persian_147,Persian,Persian,0.8990868,"Persian, British_Shorthair, Maine_Coon, newfoundland, pomeranian",True,True
miniature_pinscher_126,miniature_pinscher,miniature_pinscher,0.8805232,"miniature_pinscher, american_pit_bull_terrier, staffordshire_bull_terrier, beagle, chihuahua",True,True
Egyptian_Mau_79,Egyptian_Mau,Egyptian_Mau,0.36323667,"Egyptian_Mau, english_setter, Abyssinian, Maine_Coon, Bengal",True,True
Maine_Coon_213,Maine_Coon,Maine_Coon,0.999298,"Maine_Coon, Persian, Abyssinian, Bengal, Ragdoll",True,True
Russian_Blue_142,Russian_Blue,Russian_Blue,0.9971867,"Russian_Blue, Egyptian_Mau, Sphynx, Abyssinian, British_Shorthair",True,True
samoyed_81,samoyed,samoyed,0.9890749,"samoyed, great_pyrenees, pomeranian, keeshond, shiba_inu",True,True
leonberger_139,leonberger,leonberger,0.9910947,"leonberger, saint_bernard, newfoundland, boxer, basset_hound",True,True
Siamese_140,Siamese,Siamese,0.6194303,"Siamese, Ragdoll, Birman, Abyssinian, British_Shorthair",True,True
Birman_44,Birman,Birman,0.7515668,"Birman, Siamese, Ragdoll, japanese_chin, scottish_terrier",True,True
Ragdoll_33,Ragdoll,Ragdoll,0.9944607,"Ragdoll, Birman, Persian, Maine_Coon, samoyed",True,True
wheaten_terrier_162,wheaten_terrier,wheaten_terrier,0.96852344,"wheaten_terrier, english_cocker_spaniel, english_setter, leonberger, scottish_terrier",True,True
Birman_119,Birman,Birman,0.48529288,"Birman, Siamese, Ragdoll, British_Shorthair, Persian",True,True
american_bulldog_68,american_bulldog,saint_bernard,0.39022988,"saint_bernard, boxer, american_bulldog, beagle, american_pit_bull_terrier",False,True
Sphynx_4,Sphynx,Sphynx,0.99795616,"Sphynx, Abyssinian, Bengal, Egyptian_Mau, Russian_Blue",True,True
Birman_28,Birman,Birman,0.82271063,"Birman, Ragdoll, Siamese, japanese_chin, Persian",True,True
yorkshire_terrier_67,yorkshire_terrier,yorkshire_terrier,0.9999963,"yorkshire_terrier, havanese, wheaten_terrier, scottish_terrier, english_cocker_spaniel",True,True
boxer_1,boxer,boxer,0.98523825,"boxer, american_bulldog, saint_bernard, staffordshire_bull_terrier, beagle",True,True
english_cocker_spaniel_200,english_cocker_spaniel,english_cocker_spaniel,0.98526925,"english_cocker_spaniel, newfoundland, english_setter, havanese, german_shorthaired",True,True
wheaten_terrier_95,wheaten_terrier,wheaten_terrier,0.97665805,"wheaten_terrier, english_setter, english_cocker_spaniel, havanese, great_pyrenees",True,True
newfoundland_136,newfoundland,newfoundland,0.9225624,"newfoundland, leonberger, english_cocker_spaniel, keeshond, pomeranian",True,True
Maine_Coon_56,Maine_Coon,Maine_Coon,0.99948716,"Maine_Coon, Bengal, Persian, Egyptian_Mau, Abyssinian",True,True
havanese_150,havanese,scottish_terrier,0.3831303,"scottish_terrier, havanese, english_cocker_spaniel, staffordshire_bull_terrier, yorkshire_terrier",False,True
leonberger_199,leonberger,leonberger,0.9998266,"leonberger, saint_bernard, great_pyrenees, newfoundland, boxer",True,True
shiba_inu_95,shiba_inu,shiba_inu,0.9948592,"shiba_inu, chihuahua, pomeranian, samoyed, scottish_terrier",True,True
Ragdoll_16,Ragdoll,Ragdoll,0.7653223,"Ragdoll, Maine_Coon, japanese_chin, Persian, Birman",True,True
scottish_terrier_147,scottish_terrier,scottish_terrier,0.95940405,"scottish_terrier, yorkshire_terrier, havanese, chihuahua, Bombay",True,True
basset_hound_118,basset_hound,basset_hound,0.99890554,"basset_hound, beagle, english_cocker_spaniel, american_pit_bull_terrier, german_shorthaired",True,True
staffordshire_bull_terrier_137,staffordshire_bull_terrier,staffordshire_bull_terrier,0.75154734,"staffordshire_bull_terrier, american_pit_bull_terrier, chihuahua, miniature_pinscher, boxer",True,True
leonberger_22,leonberger,leonberger,0.99985397,"leonberger, great_pyrenees, boxer, Siamese, pug",True,True
havanese_50,havanese,havanese,0.9949962,"havanese, wheaten_terrier, yorkshire_terrier, english_cocker_spaniel, scottish_terrier",True,True
pomeranian_58,pomeranian,pomeranian,0.9999496,"pomeranian, samoyed, Ragdoll, shiba_inu, Persian",True,True
Persian_69,Persian,Persian,0.9842057,"Persian, Maine_Coon, wheaten_terrier, British_Shorthair, yorkshire_terrier",True,True
Maine_Coon_244,Maine_Coon,Maine_Coon,0.43781805,"Maine_Coon, Bengal, Ragdoll, Egyptian_Mau, Abyssinian",True,True
wheaten_terrier_68,wheaten_terrier,wheaten_terrier,0.8317935,"wheaten_terrier, havanese, yorkshire_terrier, scottish_terrier, english_cocker_spaniel",True,True
pug_146,pug,pug,0.99997115,"pug, american_bulldog, boxer, american_pit_bull_terrier, chihuahua",True,True
Egyptian_Mau_98,Egyptian_Mau,Egyptian_Mau,0.99821055,"Egyptian_Mau, Bengal, Sphynx, Russian_Blue, British_Shorthair",True,True
Sphynx_95,Sphynx,Sphynx,0.9998068,"Sphynx, Abyssinian, chihuahua, american_bulldog, Egyptian_Mau",True,True
pomeranian_120,pomeranian,pomeranian,0.9987186,"pomeranian, japanese_chin, Persian, yorkshire_terrier, chihuahua",True,True
american_bulldog_161,american_bulldog,american_bulldog,0.997163,"american_bulldog, american_pit_bull_terrier, english_setter, german_shorthaired, beagle",True,True
yorkshire_terrier_151,yorkshire_terrier,yorkshire_terrier,0.9998073,"yorkshire_terrier, havanese, scottish_terrier, Bengal, miniature_pinscher",True,True
great_pyrenees_16,great_pyrenees,great_pyrenees,0.9514583,"great_pyrenees, samoyed, wheaten_terrier, english_setter, havanese",True,True
boxer_147,boxer,boxer,0.9956993,"boxer, staffordshire_bull_terrier, american_bulldog, american_pit_bull_terrier, saint_bernard",True,True
scottish_terrier_2,scottish_terrier,scottish_terrier,0.9590181,"scottish_terrier, yorkshire_terrier, havanese, english_cocker_spaniel, staffordshire_bull_terrier",True,True
japanese_chin_104,japanese_chin,japanese_chin,0.9709371,"japanese_chin, pomeranian, english_cocker_spaniel, saint_bernard, beagle",True,True
basset_hound_120,basset_hound,basset_hound,0.96425295,"basset_hound, beagle, english_cocker_spaniel, american_pit_bull_terrier, boxer",True,True
Bombay_79,Bombay,Bombay,0.90876675,"Bombay, Russian_Blue, British_Shorthair, newfoundland, Siamese",True,True
leonberger_138,leonberger,leonberger,0.9758852,"leonberger, wheaten_terrier, great_pyrenees, english_setter, saint_bernard",True,True
leonberger_90,leonberger,leonberger,0.89192253,"leonberger, great_pyrenees, keeshond, pug, saint_bernard",True,True
Abyssinian_156,Abyssinian,Abyssinian,0.99634176,"Abyssinian, Bengal, shiba_inu, miniature_pinscher, chihuahua",True,True
keeshond_11,keeshond,keeshond,0.99985063,"keeshond, pomeranian, leonberger, Siamese, Persian",True,True
great_pyrenees_122,great_pyrenees,great_pyrenees,0.9575799,"great_pyrenees, english_setter, wheaten_terrier, samoyed, english_cocker_spaniel",True,True
Russian_Blue_51,Russian_Blue,Russian_Blue,0.99773943,"Russian_Blue, British_Shorthair, Egyptian_Mau, Sphynx, Siamese",True,True
havanese_99,havanese,havanese,0.9980045,"havanese, wheaten_terrier, yorkshire_terrier, japanese_chin, great_pyrenees",True,True
Bengal_146,Bengal,Bengal,0.99559,"Bengal, Abyssinian, Maine_Coon, Egyptian_Mau, Ragdoll",True,True
great_pyrenees_193,great_pyrenees,great_pyrenees,0.99206865,"great_pyrenees, samoyed, leonberger, havanese, saint_bernard",True,True
basset_hound_88,basset_hound,basset_hound,0.99812454,"basset_hound, beagle, boxer, saint_bernard, staffordshire_bull_terrier",True,True
yorkshire_terrier_47,yorkshire_terrier,yorkshire_terrier,0.99996006,"yorkshire_terrier, havanese, english_cocker_spaniel, wheaten_terrier, miniature_pinscher",True,True
miniature_pinscher_145,miniature_pinscher,miniature_pinscher,0.7719092,"miniature_pinscher, Bengal, Abyssinian, chihuahua, yorkshire_terrier",True,True
keeshond_129,keeshond,keeshond,0.99958676,"keeshond, leonberger, great_pyrenees, samoyed, japanese_chin",True,True
Birman_145,Birman,Birman,0.9671149,"Birman, japanese_chin, Ragdoll, keeshond, Persian",True,True
wheaten_terrier_10,wheaten_terrier,wheaten_terrier,0.79748005,"wheaten_terrier, havanese, great_pyrenees, scottish_terrier, english_setter",True,True
english_cocker_spaniel_39,english_cocker_spaniel,english_cocker_spaniel,0.98662066,"english_cocker_spaniel, newfoundland, havanese, scottish_terrier, english_setter",True,True
english_setter_177,english_setter,english_setter,0.6287299,"english_setter, english_cocker_spaniel, havanese, great_pyrenees, newfoundland",True,True
Egyptian_Mau_132,Egyptian_Mau,Bengal,0.23050234,"Bengal, Bombay, newfoundland, Egyptian_Mau, Russian_Blue",False,True
staffordshire_bull_terrier_190,staffordshire_bull_terrier,american_bulldog,0.7964785,"american_bulldog, staffordshire_bull_terrier, american_pit_bull_terrier, beagle, chihuahua",False,True
Birman_148,Birman,Birman,0.98175323,"Birman, Ragdoll, Siamese, keeshond, japanese_chin",True,True
Sphynx_3,Sphynx,Sphynx,0.95347726,"Sphynx, chihuahua, Bombay, Abyssinian, miniature_pinscher",True,True
Birman_167,Birman,Birman,0.9214093,"Birman, Ragdoll, Siamese, japanese_chin, Persian",True,True
boxer_142,boxer,boxer,0.99048656,"boxer, pug, saint_bernard, leonberger, american_bulldog",True,True
samoyed_94,samoyed,samoyed,0.99473345,"samoyed, great_pyrenees, pomeranian, keeshond, Persian",True,True
Persian_179,Persian,Persian,0.99965477,"Persian, Maine_Coon, British_Shorthair, Ragdoll, pomeranian",True,True
saint_bernard_174,saint_bernard,saint_bernard,0.99949133,"saint_bernard, leonberger, english_setter, basset_hound, great_pyrenees",True,True
american_pit_bull_terrier_88,american_pit_bull_terrier,american_bulldog,0.34070602,"american_bulldog, staffordshire_bull_terrier, pug, boxer, american_pit_bull_terrier",False,True
boxer_117,boxer,boxer,0.994859,"boxer, miniature_pinscher, american_bulldog, staffordshire_bull_terrier, american_pit_bull_terrier",True,True
scottish_terrier_171,scottish_terrier,scottish_terrier,0.98873436,"scottish_terrier, keeshond, shiba_inu, Bombay, samoyed",True,True
keeshond_158,keeshond,keeshond,0.99770373,"keeshond, samoyed, pomeranian, Persian, great_pyrenees",True,True
yorkshire_terrier_70,yorkshire_terrier,yorkshire_terrier,0.99995494,"yorkshire_terrier, havanese, scottish_terrier, wheaten_terrier, english_cocker_spaniel",True,True
Maine_Coon_36,Maine_Coon,Maine_Coon,0.9607719,"Maine_Coon, Bengal, Abyssinian, Persian, Ragdoll",True,True
Egyptian_Mau_154,Egyptian_Mau,Bengal,0.5952604,"Bengal, Maine_Coon, Egyptian_Mau, Abyssinian, Ragdoll",False,True
Abyssinian_110,Abyssinian,Abyssinian,0.9996253,"Abyssinian, Bengal, Russian_Blue, Egyptian_Mau, Siamese",True,True
Bengal_79,Bengal,Bengal,0.8888973,"Bengal, Maine_Coon, Abyssinian, Egyptian_Mau, english_cocker_spaniel",True,True
english_cocker_spaniel_108,english_cocker_spaniel,english_cocker_spaniel,0.94328034,"english_cocker_spaniel, english_setter, basset_hound, wheaten_terrier, great_pyrenees",True,True
boxer_183,boxer,boxer,0.99032295,"boxer, american_bulldog, american_pit_bull_terrier, staffordshire_bull_terrier, pug",True,True
boxer_191,boxer,boxer,0.50167274,"boxer, basset_hound, saint_bernard, leonberger, beagle",True,True
Ragdoll_193,Ragdoll,Ragdoll,0.99968004,"Ragdoll, Birman, Maine_Coon, Persian, samoyed",True,True
basset_hound_132,basset_hound,basset_hound,0.9324837,"basset_hound, beagle, staffordshire_bull_terrier, saint_bernard, boxer",True,True
Persian_16,Persian,Persian,0.99115974,"Persian, Maine_Coon, British_Shorthair, wheaten_terrier, havanese",True,True
beagle_8,beagle,beagle,0.9510348,"beagle, staffordshire_bull_terrier, basset_hound, american_pit_bull_terrier, american_bulldog",True,True
chihuahua_78,chihuahua,chihuahua,0.640548,"chihuahua, beagle, miniature_pinscher, american_pit_bull_terrier, shiba_inu",True,True
beagle_150,beagle,beagle,0.48222518,"beagle, basset_hound, german_shorthaired, american_pit_bull_terrier, american_bulldog",True,True
newfoundland_152,newfoundland,newfoundland,0.8199359,"newfoundland, keeshond, leonberger, staffordshire_bull_terrier, Russian_Blue",True,True
Bengal_29,Bengal,Bengal,0.92320234,"Bengal, Egyptian_Mau, Maine_Coon, english_setter, Abyssinian",True,True
Persian_197,Persian,Persian,0.97473484,"Persian, Maine_Coon, British_Shorthair, Ragdoll, samoyed",True,True
newfoundland_4,newfoundland,newfoundland,0.9940744,"newfoundland, english_cocker_spaniel, leonberger, scottish_terrier, keeshond",True,True
British_Shorthair_182,British_Shorthair,British_Shorthair,0.99893814,"British_Shorthair, Russian_Blue, Persian, Bombay, Abyssinian",True,True
pomeranian_48,pomeranian,pomeranian,0.9997851,"pomeranian, japanese_chin, Persian, leonberger, samoyed",True,True
english_cocker_spaniel_25,english_cocker_spaniel,english_cocker_spaniel,0.81681895,"english_cocker_spaniel, newfoundland, leonberger, english_setter, basset_hound",True,True
Abyssinian_89,Abyssinian,Abyssinian,0.99533314,"Abyssinian, Siamese, Bengal, Bombay, Russian_Blue",True,True
keeshond_148,keeshond,keeshond,0.9998466,"keeshond, pomeranian, great_pyrenees, samoyed, leonberger",True,True
Birman_13,Birman,Birman,0.73001206,"Birman, Siamese, Ragdoll, leonberger, keeshond",True,True
Birman_124,Birman,Birman,0.98437124,"Birman, Siamese, Ragdoll, japanese_chin, keeshond",True,True
english_cocker_spaniel_198,english_cocker_spaniel,english_cocker_spaniel,0.98984295,"english_cocker_spaniel, yorkshire_terrier, leonberger, wheaten_terrier, miniature_pinscher",True,True
Maine_Coon_155,Maine_Coon,Maine_Coon,0.99626476,"Maine_Coon, Persian, Abyssinian, Bengal, Ragdoll",True,True
Egyptian_Mau_218,Egyptian_Mau,Egyptian_Mau,0.9868657,"Egyptian_Mau, Russian_Blue, Bengal, Maine_Coon, British_Shorthair",True,True
Bombay_52,Bombay,Bombay,0.98182917,"Bombay, Siamese, scottish_terrier, Abyssinian, British_Shorthair",True,True
wheaten_terrier_133,wheaten_terrier,wheaten_terrier,0.9985902,"wheaten_terrier, english_cocker_spaniel, havanese, scottish_terrier, english_setter",True,True
Maine_Coon_64,Maine_Coon,Maine_Coon,0.99977905,"Maine_Coon, Bengal, Abyssinian, Ragdoll, Egyptian_Mau",True,True
pug_80,pug,pug,0.89854175,"pug, american_bulldog, boxer, staffordshire_bull_terrier, american_pit_bull_terrier",True,True
Maine_Coon_78,Maine_Coon,Maine_Coon,0.41854295,"Maine_Coon, Ragdoll, Abyssinian, Bengal, Persian",True,True
newfoundland_76,newfoundland,scottish_terrier,0.79241186,"scottish_terrier, english_cocker_spaniel, havanese, newfoundland, yorkshire_terrier",False,True
chihuahua_62,chihuahua,chihuahua,0.99986255,"chihuahua, beagle, Sphynx, miniature_pinscher, Siamese",True,True
boxer_135,boxer,boxer,0.9455946,"boxer, pug, staffordshire_bull_terrier, american_bulldog, Bombay",True,True
basset_hound_54,basset_hound,basset_hound,0.8780992,"basset_hound, english_cocker_spaniel, beagle, american_pit_bull_terrier, german_shorthaired",True,True
american_pit_bull_terrier_22,american_pit_bull_terrier,miniature_pinscher,0.48017058,"miniature_pinscher, staffordshire_bull_terrier, american_pit_bull_terrier, chihuahua, boxer",False,True
Russian_Blue_181,Russian_Blue,Russian_Blue,0.9997147,"Russian_Blue, British_Shorthair, Egyptian_Mau, Sphynx, pug",True,True
British_Shorthair_44,British_Shorthair,British_Shorthair,0.9909394,"British_Shorthair, Persian, Russian_Blue, Maine_Coon, samoyed",True,True
Bengal_75,Bengal,Bengal,0.9984425,"Bengal, Abyssinian, Maine_Coon, Egyptian_Mau, Ragdoll",True,True
Bengal_189,Bengal,Egyptian_Mau,0.623748,"Egyptian_Mau, Bengal, Maine_Coon, english_setter, Abyssinian",False,True
newfoundland_141,newfoundland,newfoundland,0.9239684,"newfoundland, leonberger, scottish_terrier, staffordshire_bull_terrier, keeshond",True,True
chihuahua_192,chihuahua,miniature_pinscher,0.5431019,"miniature_pinscher, chihuahua, american_pit_bull_terrier, Sphynx, Abyssinian",False,True
basset_hound_157,basset_hound,basset_hound,0.7414744,"basset_hound, beagle, staffordshire_bull_terrier, american_pit_bull_terrier, boxer",True,True
British_Shorthair_166,British_Shorthair,British_Shorthair,0.99438715,"British_Shorthair, Persian, Russian_Blue, Egyptian_Mau, Maine_Coon",True,True
Russian_Blue_161,Russian_Blue,Russian_Blue,0.41692784,"Russian_Blue, Siamese, Bombay, chihuahua, Egyptian_Mau",True,True
wheaten_terrier_21,wheaten_terrier,wheaten_terrier,0.9999883,"wheaten_terrier, havanese, scottish_terrier, leonberger, english_cocker_spaniel",True,True
samoyed_140,samoyed,samoyed,0.25335225,"samoyed, shiba_inu, japanese_chin, great_pyrenees, Ragdoll",True,True
japanese_chin_191,japanese_chin,japanese_chin,0.99765754,"japanese_chin, havanese, yorkshire_terrier, english_setter, Persian",True,True
havanese_197,havanese,havanese,0.97719747,"havanese, yorkshire_terrier, wheaten_terrier, japanese_chin, Persian",True,True
great_pyrenees_151,great_pyrenees,great_pyrenees,0.98307055,"great_pyrenees, samoyed, shiba_inu, wheaten_terrier, american_bulldog",True,True
shiba_inu_46,shiba_inu,shiba_inu,0.9989851,"shiba_inu, pomeranian, chihuahua, miniature_pinscher, samoyed",True,True
British_Shorthair_71,British_Shorthair,British_Shorthair,0.99669313,"British_Shorthair, Russian_Blue, Bombay, Persian, Abyssinian",True,True
Russian_Blue_196,Russian_Blue,Russian_Blue,0.9651391,"Russian_Blue, Abyssinian, Sphynx, British_Shorthair, Bombay",True,True
British_Shorthair_248,British_Shorthair,British_Shorthair,0.9618655,"British_Shorthair, Russian_Blue, Persian, Bombay, Egyptian_Mau",True,True
german_shorthaired_134,german_shorthaired,german_shorthaired,0.44370225,"german_shorthaired, english_setter, boxer, american_bulldog, chihuahua",True,True
havanese_103,havanese,havanese,0.9759867,"havanese, wheaten_terrier, yorkshire_terrier, japanese_chin, great_pyrenees",True,True
Bengal_170,Bengal,Bengal,0.88671446,"Bengal, Egyptian_Mau, Maine_Coon, Abyssinian, english_setter",True,True
leonberger_188,leonberger,leonberger,0.9737888,"leonberger, newfoundland, keeshond, great_pyrenees, saint_bernard",True,True
British_Shorthair_268,British_Shorthair,British_Shorthair,0.996636,"British_Shorthair, Persian, Russian_Blue, Egyptian_Mau, Maine_Coon",True,True
Maine_Coon_148,Maine_Coon,Maine_Coon,0.9100934,"Maine_Coon, Persian, Ragdoll, keeshond, samoyed",True,True
Russian_Blue_45,Russian_Blue,Russian_Blue,0.99744296,"Russian_Blue, British_Shorthair, Abyssinian, Sphynx, shiba_inu",True,True
boxer_175,boxer,boxer,0.5845981,"boxer, basset_hound, staffordshire_bull_terrier, german_shorthaired, beagle",True,True
Siamese_238,Siamese,Siamese,0.9421883,"Siamese, chihuahua, pug, Sphynx, Ragdoll",True,True
boxer_10,boxer,boxer,0.8085991,"boxer, staffordshire_bull_terrier, american_pit_bull_terrier, pug, american_bulldog",True,True
basset_hound_36,basset_hound,basset_hound,0.9794104,"basset_hound, beagle, english_cocker_spaniel, english_setter, american_pit_bull_terrier",True,True
newfoundland_177,newfoundland,newfoundland,0.9938261,"newfoundland, leonberger, english_cocker_spaniel, great_pyrenees, english_setter",True,True
keeshond_127,keeshond,keeshond,0.9997086,"keeshond, pomeranian, great_pyrenees, leonberger, samoyed",True,True
Sphynx_206,Sphynx,Sphynx,0.9999832,"Sphynx, Abyssinian, chihuahua, miniature_pinscher, american_bulldog",True,True
British_Shorthair_168,British_Shorthair,British_Shorthair,0.530847,"British_Shorthair, Russian_Blue, Egyptian_Mau, Bombay, Persian",True,True
wheaten_terrier_132,wheaten_terrier,wheaten_terrier,0.74053603,"wheaten_terrier, havanese, yorkshire_terrier, american_bulldog, english_cocker_spaniel",True,True
